{
  "bannedLabels": [
    "not_modeled",
    "joke"
  ],
  "allowedLabels": [],
  "passwords": [],
  "implementedTypes": [
    "normal",
    "fire",
    "water",
    "grass",
    "electric",
    "ice",
    "fighting",
    "poison",
    "ground",
    "flying",
    "psychic",
    "bug",
    "rock",
    "ghost",
    "dragon",
    "dark",
    "steel",
    "fairy",
    "cosmic",
    "crystal",
    "digital",
    "light",
    "nuclear",
    "plastic",
    "questionmark",
    "shadow",
    "slime",
    "sound",
    "wind",
    "eldritch"
  ],
  "enableFangameTypechart": false,
  "resortPokedexInEvolutionOrder": false,
  "addStartersToTheStarterScreen": true
}