{
	"format_version": "1.12.0",
	"minecraft:geometry": [
		{
			"description": {
				"identifier": "geometry.calyrex",
				"texture_width": 128,
				"texture_height": 128,
				"visible_bounds_width": 3,
				"visible_bounds_height": 3.5,
				"visible_bounds_offset": [0, 1.25, 0]
			},
			"bones": [
				{
					"name": "root",
					"pivot": [0, 0, 0]
				},
				{
					"name": "calyrex",
					"parent": "root",
					"pivot": [0, 12.60896, 0.14089],
					"cubes": [
						{"origin": [-2, 13, -2], "size": [4, 4, 4], "inflate": -0.8, "uv": [46, 9]},
						{"origin": [-2, 9, -2], "size": [4, 5, 4], "uv": [45, 0]},
						{"origin": [-0.09532, 2.65447, 1.83564], "size": [7, 11, 0], "pivot": [0, 14.097, -0.2427], "rotation": [17, 0, -19], "uv": [42, 43]},
						{"origin": [-6.90468, 2.65447, 1.83564], "size": [7, 11, 0], "pivot": [0, 14.097, -0.2427], "rotation": [17, 0, 19], "uv": [28, 43]},
						{"origin": [1.56645, 6.95315, -0.4], "size": [1, 5, 1], "pivot": [0, 14.097, -0.2427], "rotation": [0, 0, -26], "uv": [16, 58]},
						{"origin": [-2.59265, 8.83179, -0.4], "size": [1, 5, 1], "inflate": 0.3, "pivot": [0, 14.097, -0.2427], "rotation": [0, 0, 26], "uv": [4, 58]},
						{"origin": [-2.56645, 6.95315, -0.4], "size": [1, 5, 1], "pivot": [0, 14.097, -0.2427], "rotation": [0, 0, 26], "uv": [8, 58]},
						{"origin": [1.59265, 8.83179, -0.4], "size": [1, 5, 1], "inflate": 0.3, "pivot": [0, 14.097, -0.2427], "rotation": [0, 0, -26], "uv": [12, 58]},
						{"origin": [0.8, 5, 0], "size": [1, 4, 1], "uv": [28, 29]},
						{"origin": [0.8, 0, 0], "size": [1, 5, 1], "uv": [56, 46]},
						{"origin": [-1.8, 5, 0], "size": [1, 4, 1], "uv": [27, 0]},
						{"origin": [-1.8, 0, 0], "size": [1, 5, 1], "uv": [0, 58]},
						{"origin": [-1, 13.79638, -4.43103], "size": [2, 2, 2], "inflate": 0.1, "pivot": [0, 14.097, -0.2427], "rotation": [10, 0, 0], "uv": [40, 0]},
						{"origin": [1.95235, 13.19511, -1.23403], "size": [2, 2, 2], "inflate": 0.2, "pivot": [0, 14.097, -0.2427], "rotation": [5.45535, 35.44866, -11.80963], "uv": [19, 24]},
						{"origin": [2.22689, 13.52621, -0.77064], "size": [2, 2, 2], "inflate": 0.4, "pivot": [0, 14.097, -0.2427], "rotation": [12.16734, -8.90406, -9.65851], "uv": [0, 24]},
						{"origin": [2.98695, 13.32477, -1.18552], "size": [2, 2, 2], "inflate": 0.5, "pivot": [0, 14.097, -0.2427], "rotation": [33.98563, -57.75198, -40.27646], "uv": [19, 20]},
						{"origin": [-4.98695, 13.32477, -1.18552], "size": [2, 2, 2], "inflate": 0.5, "pivot": [0, 14.097, -0.2427], "rotation": [33.98563, 57.75198, 40.27646], "uv": [0, 0]},
						{"origin": [-3.95235, 13.19511, -1.23403], "size": [2, 2, 2], "inflate": 0.2, "pivot": [0, 14.097, -0.2427], "rotation": [5.45535, -35.44866, 11.80963], "uv": [0, 4]},
						{"origin": [-4.22689, 13.52621, -0.77064], "size": [2, 2, 2], "inflate": 0.4, "pivot": [0, 14.097, -0.2427], "rotation": [12.16734, 8.90406, 9.65851], "uv": [0, 20]},
						{"origin": [-2, 16, -3], "size": [4, 4, 5], "uv": [27, 0]},
						{"origin": [2.01, 17.9678, -1.74791], "size": [0, 1, 2], "pivot": [0, 14.097, -0.2427], "rotation": [5, 0, 0], "uv": [4, 6]},
						{"origin": [-2.01, 17.9678, -1.74791], "size": [0, 1, 2], "pivot": [0, 14.097, -0.2427], "rotation": [5, 0, 0], "uv": [0, 6]},
						{"origin": [-1, 16.37754, -4.39436], "size": [2, 2, 3], "inflate": 0.2, "pivot": [0, 14.097, -0.2427], "rotation": [9, 0, 0], "uv": [51, 29]}
					]
				},
				{
					"name": "bone3",
					"parent": "calyrex",
					"pivot": [0, 0, 0]
				},
				{
					"name": "bone4",
					"parent": "bone3",
					"pivot": [7.34667, 20.2, -1.6],
					"cubes": [
						{"origin": [-4.5, 20, -4.7], "size": [9, 11, 9], "uv": [0, 0]},
						{"origin": [-4.5, 21.27885, -1.8333], "size": [9, 9, 5], "inflate": -0.1, "pivot": [0, 14.097, -0.2427], "rotation": [-15, 0, 0], "uv": [28, 29]},
						{"origin": [-4.5, 21.25674, -3.56961], "size": [9, 9, 5], "inflate": -0.1, "pivot": [0, 14.097, -0.2427], "rotation": [15, 0, 0], "uv": [0, 38]},
						{"origin": [-1.58676, 21.27987, -4.7], "size": [5, 9, 9], "inflate": -0.1, "pivot": [0, 14.097, -0.2427], "rotation": [0, 0, 15], "uv": [27, 11]},
						{"origin": [-3.41324, 21.27987, -4.7], "size": [5, 9, 9], "inflate": -0.1, "pivot": [0, 14.097, -0.2427], "rotation": [0, 0, -15], "uv": [0, 20]}
					]
				},
				{
					"name": "bone2",
					"parent": "bone3",
					"pivot": [-6.64667, 25.2, -2.9],
					"cubes": [
						{"origin": [-1.73956, 20.89772, -4.15299], "size": [5, 4, 0], "pivot": [0, 14.097, -0.2427], "rotation": [22.29391, -26.47856, -2.10631], "uv": [56, 42]},
						{"origin": [-1.72121, 14.36253, 6.41943], "size": [5, 4, 0], "pivot": [0, 14.097, -0.2427], "rotation": [109.29391, -26.47856, -2.10631], "uv": [56, 38]},
						{"origin": [-1.72564, 23.71729, -6.49587], "size": [5, 6, 0], "pivot": [0, 14.097, -0.2427], "rotation": [9.29391, -26.47856, -2.10631], "uv": [30, 54]}
					]
				},
				{
					"name": "bone6",
					"parent": "bone3",
					"pivot": [-6.44667, 25.2, 2.4],
					"rotation": [-2, 0, 0],
					"cubes": [
						{"origin": [-1.37786, 20.78173, 3.77648], "size": [5, 4, 0], "pivot": [0, 14.01154, 0.1464], "rotation": [-22.29391, 26.47856, -2.10631], "uv": [55, 21]},
						{"origin": [-1.3595, 13.99566, -6.49993], "size": [5, 4, 0], "pivot": [0, 14.01154, 0.1464], "rotation": [-109.29391, 26.47856, -2.10631], "uv": [55, 17]},
						{"origin": [-1.36394, 23.66512, 6.11968], "size": [5, 6, 0], "pivot": [0, 14.01154, 0.1464], "rotation": [-9.29391, 26.47856, -2.10631], "uv": [10, 52]}
					]
				},
				{
					"name": "bone7",
					"parent": "bone3",
					"pivot": [6.44667, 25.2, 2.4],
					"rotation": [-2, 0, 0],
					"cubes": [
						{"origin": [-3.62214, 20.78173, 3.77648], "size": [5, 4, 0], "pivot": [0, 14.01154, 0.1464], "rotation": [-22.29391, -26.47856, 2.10631], "uv": [50, 54]},
						{"origin": [-3.6405, 13.99566, -6.49993], "size": [5, 4, 0], "pivot": [0, 14.01154, 0.1464], "rotation": [-109.29391, -26.47856, 2.10631], "uv": [40, 54]},
						{"origin": [-3.63606, 23.66512, 6.11968], "size": [5, 6, 0], "pivot": [0, 14.01154, 0.1464], "rotation": [-9.29391, -26.47856, 2.10631], "uv": [0, 52]}
					]
				},
				{
					"name": "bone5",
					"parent": "bone3",
					"pivot": [6.64667, 25.2, -2.9],
					"cubes": [
						{"origin": [-3.26044, 20.89772, -4.15299], "size": [5, 4, 0], "pivot": [0, 14.097, -0.2427], "rotation": [22.29391, 26.47856, 2.10631], "uv": [56, 34]},
						{"origin": [-3.27879, 14.36253, 6.41943], "size": [5, 4, 0], "pivot": [0, 14.097, -0.2427], "rotation": [109.29391, 26.47856, 2.10631], "uv": [55, 25]},
						{"origin": [-3.27436, 23.71729, -6.49587], "size": [5, 6, 0], "pivot": [0, 14.097, -0.2427], "rotation": [9.29391, 26.47856, 2.10631], "uv": [20, 54]}
					]
				}
			]
		}
	]
}