{
	"format_version": "1.12.0",
	"minecraft:geometry": [
		{
			"description": {
				"identifier": "geometry.meowstic_f",
				"texture_width": 128,
				"texture_height": 128,
				"visible_bounds_width": 4,
				"visible_bounds_height": 3.5,
				"visible_bounds_offset": [0, 1.25, 0]
			},
			"bones": [
				{
					"name": "body",
					"pivot": [0, 0, 0],
					"cubes": [
						{"origin": [-3.5, 6, -2], "size": [7, 9, 5], "uv": [0, 37]},
						{"origin": [-6, 7, 1], "size": [3, 2, 0], "pivot": [-3.5, 8, 1], "rotation": [0, 20, -20], "uv": [31, 2]},
						{"origin": [3, 7, 1], "size": [3, 2, 0], "pivot": [3.5, 8, 1], "rotation": [0, -20, 30], "uv": [31, 0]},
						{"origin": [2.75, 7, -0.5], "size": [3, 2, 0], "pivot": [3.5, 8, -0.5], "rotation": [0, 20, 30], "uv": [22, 24]},
						{"origin": [-6, 7, -0.5], "size": [3, 2, 0], "pivot": [-3.5, 8, -0.5], "rotation": [0, -20, -20], "uv": [28, 24]}
					]
				},
				{
					"name": "head",
					"parent": "body",
					"pivot": [0, 17, 1],
					"cubes": [
						{"origin": [-5.5, 17, -4], "size": [11, 9, 9], "uv": [0, 0]},
						{"origin": [-0.125, 18.5, -4.02], "size": [0.25, 0.25, 0], "uv": [127, 1]}
					]
				},
				{
					"name": "mouth",
					"parent": "head",
					"pivot": [0, 18, -4],
					"cubes": [
						{"origin": [-1, 17, -3.99], "size": [2, 1, 0], "uv": [22, 18]}
					]
				},
				{
					"name": "eye_l",
					"parent": "head",
					"pivot": [5.25, 20, -4],
					"rotation": [0, 0, -10],
					"cubes": [
						{"origin": [1.16318, 18.5076, -4.015], "size": [4, 3, 0], "uv": [8, 34]},
						{"origin": [2.75, 19.5, -4.02], "size": [1, 2, 0], "pivot": [3, 21.5, -4.02], "rotation": [0, 0, 10], "uv": [6, 0]},
						{"origin": [1.75, 20.5, -4.025], "size": [1, 1, 0], "uv": [6, 19]}
					]
				},
				{
					"name": "closed_l",
					"parent": "eye_l",
					"pivot": [5.25, 20, -3],
					"cubes": [
						{"origin": [1.16318, 19.7576, -3.99], "size": [4, 0.5, 0], "uv": [119, 1]}
					]
				},
				{
					"name": "open_l",
					"parent": "eye_l",
					"pivot": [5.25, 20, -3.75],
					"cubes": [
						{"origin": [1.16318, 18.5076, -3.765], "size": [4, 3, 0], "uv": [25, 76]},
						{"origin": [2.75, 19.5, -3.77], "size": [1, 2, 0], "pivot": [3, 21.5, -3.77], "rotation": [0, 0, 10], "uv": [25, 79]},
						{"origin": [1.75, 20.5, -3.775], "size": [1, 1, 0], "uv": [27, 79]}
					]
				},
				{
					"name": "eye_r",
					"parent": "head",
					"pivot": [-5.25, 20, -4],
					"rotation": [0, 0, 10],
					"cubes": [
						{"origin": [-5.16318, 18.5076, -4.01], "size": [4, 3, 0], "uv": [0, 34]},
						{"origin": [-3.75, 19.5, -4.02], "size": [1, 2, 0], "pivot": [-3, 21.5, -4.02], "rotation": [0, 0, -10], "uv": [0, 0]},
						{"origin": [-2.75, 20.5, -4.025], "size": [1, 1, 0], "uv": [0, 19]}
					]
				},
				{
					"name": "closed_r",
					"parent": "eye_r",
					"pivot": [-5.25, 20, -3],
					"cubes": [
						{"origin": [-5.16318, 19.7576, -3.99], "size": [4, 0.5, 0], "uv": [119, 1]}
					]
				},
				{
					"name": "open_r",
					"parent": "eye_r",
					"pivot": [-5.25, 20, -3.75],
					"cubes": [
						{"origin": [-5.16318, 18.5076, -3.76], "size": [4, 3, 0], "uv": [16, 76]},
						{"origin": [-3.75, 19.5, -3.77], "size": [1, 2, 0], "pivot": [-3, 21.5, -3.77], "rotation": [0, 0, -10], "uv": [16, 79]},
						{"origin": [-2.75, 20.5, -3.775], "size": [1, 1, 0], "uv": [18, 79]}
					]
				},
				{
					"name": "ear_r",
					"parent": "head",
					"pivot": [-4, 26, 0],
					"rotation": [20, 17.5, -35],
					"cubes": [
						{"origin": [-6.5, 24, -1.5], "size": [5, 8, 3], "uv": [34, 60]}
					]
				},
				{
					"name": "ear_ra",
					"parent": "ear_r",
					"pivot": [-4, 32, -1.5],
					"rotation": [-55, 0, 0],
					"cubes": [
						{"origin": [-6.51, 24, -1.5], "size": [5, 8, 3], "uv": [0, 60]},
						{"origin": [-4.5, 27, 1.515], "size": [1, 1, 0], "uv": [126, 17]},
						{"origin": [-5, 26, 1.51], "size": [2, 3, 0], "uv": [124, 9]}
					]
				},
				{
					"name": "ear_l",
					"parent": "head",
					"pivot": [4, 26, 0],
					"rotation": [20, -17.5, 35],
					"cubes": [
						{"origin": [1.5, 24, -1.5], "size": [5, 8, 3], "uv": [58, 9]}
					]
				},
				{
					"name": "ear_la",
					"parent": "ear_l",
					"pivot": [4, 32, -1.5],
					"rotation": [-55, 0, 0],
					"cubes": [
						{"origin": [1.51, 24, -1.5], "size": [5, 8, 3], "uv": [18, 54]},
						{"origin": [3.5, 27, 1.515], "size": [1, 1, 0], "uv": [126, 15]},
						{"origin": [3, 26, 1.51], "size": [2, 3, 0], "uv": [124, 12]}
					]
				},
				{
					"name": "hair",
					"parent": "head",
					"pivot": [-0.25, 24.75, -2.5],
					"rotation": [-55, 0, 0],
					"cubes": [
						{"origin": [-3, 20.75, -4.5], "size": [6, 6, 2], "uv": [86, 7]},
						{"origin": [-3, 20.75, -6.5], "size": [2, 2, 2], "uv": [0, 80]}
					]
				},
				{
					"name": "arm_r",
					"parent": "body",
					"pivot": [-3.5, 13.5, 0],
					"rotation": [0, 0, 50],
					"cubes": [
						{"origin": [-5, 8, -1], "size": [2, 7, 2], "uv": [66, 56]}
					]
				},
				{
					"name": "arm_l",
					"parent": "body",
					"pivot": [3.5, 13.5, 0],
					"rotation": [0, 0, -50],
					"cubes": [
						{"origin": [3, 8, -1], "size": [2, 7, 2], "uv": [0, 0]}
					]
				},
				{
					"name": "collar",
					"parent": "body",
					"pivot": [0, 16, 0],
					"cubes": [
						{"origin": [-4.5, 15, -3], "size": [9, 2, 7], "uv": [31, 0]},
						{"origin": [-5, 14.5, -5], "size": [4, 4, 3], "uv": [0, 87]}
					]
				},
				{
					"name": "tail",
					"parent": "body",
					"pivot": [0, 6, 3]
				},
				{
					"name": "tail1",
					"parent": "tail",
					"pivot": [0, 6, 3],
					"rotation": [55, 15, 0],
					"cubes": [
						{"origin": [-1, 6, 3], "size": [2, 2, 4], "uv": [56, 0]}
					]
				},
				{
					"name": "tail1_a",
					"parent": "tail1",
					"pivot": [0, 8, 6],
					"cubes": [
						{"origin": [-2, 5, 6], "size": [4, 4, 4], "uv": [50, 60]}
					]
				},
				{
					"name": "tail1_b",
					"parent": "tail1_a",
					"pivot": [0, 9, 10],
					"rotation": [-10, 0, 0],
					"cubes": [
						{"origin": [-2.5, 4.5, 10], "size": [5, 5, 4], "uv": [0, 51]}
					]
				},
				{
					"name": "tail1_c",
					"parent": "tail1_b",
					"pivot": [0, 9.5, 14],
					"rotation": [-20, 0, 0],
					"cubes": [
						{"origin": [-3, 4, 14], "size": [6, 6, 6], "uv": [42, 48]}
					]
				},
				{
					"name": "tail1_d",
					"parent": "tail1_c",
					"pivot": [0, 10, 20],
					"rotation": [-30, 0, 0],
					"cubes": [
						{"origin": [-2.99, 4, 20], "size": [6, 6, 6], "uv": [46, 36]}
					]
				},
				{
					"name": "tail1_e",
					"parent": "tail1_d",
					"pivot": [0, 10, 26],
					"rotation": [-55, 0, 0],
					"cubes": [
						{"origin": [-3.5, 2, 26], "size": [7, 8, 8], "uv": [22, 26]}
					]
				},
				{
					"name": "tail2",
					"parent": "tail",
					"pivot": [0, 6, 3],
					"rotation": [35, -15, 0],
					"cubes": [
						{"origin": [-1, 6, 3], "size": [2, 2, 4], "uv": [56, 0]}
					]
				},
				{
					"name": "tail1_a2",
					"parent": "tail2",
					"pivot": [0, 8, 6],
					"cubes": [
						{"origin": [-2, 5, 6], "size": [4, 4, 4], "uv": [50, 60]}
					]
				},
				{
					"name": "tail1_b2",
					"parent": "tail1_a2",
					"pivot": [0, 9, 10],
					"rotation": [-10, 0, 0],
					"cubes": [
						{"origin": [-2.5, 4.5, 10], "size": [5, 5, 4], "uv": [0, 51]}
					]
				},
				{
					"name": "tail1_c2",
					"parent": "tail1_b2",
					"pivot": [0, 9.5, 14],
					"rotation": [-20, 0, 0],
					"cubes": [
						{"origin": [-3, 4, 14], "size": [6, 6, 6], "uv": [42, 48]}
					]
				},
				{
					"name": "tail1_d2",
					"parent": "tail1_c2",
					"pivot": [0, 10, 20],
					"rotation": [-30, 0, 0],
					"cubes": [
						{"origin": [-3.01, 4, 20], "size": [6, 6, 6], "uv": [46, 36]}
					]
				},
				{
					"name": "tail1_e2",
					"parent": "tail1_d2",
					"pivot": [0, 10, 26],
					"rotation": [-55, 0, 0],
					"cubes": [
						{"origin": [-3.5, 2, 26], "size": [7, 8, 8], "uv": [22, 26]}
					]
				},
				{
					"name": "leg_r",
					"parent": "body",
					"pivot": [-2, 6, 0.5],
					"cubes": [
						{"origin": [-3.51, 0, -1], "size": [3, 7, 3], "uv": [16, 65]}
					]
				},
				{
					"name": "leg_l",
					"parent": "body",
					"pivot": [2, 6, 0.5],
					"cubes": [
						{"origin": [0.51, 0, -1], "size": [3, 7, 3], "uv": [64, 28]}
					]
				}
			]
		}
	]
}