{
	"format_version": "1.12.0",
	"minecraft:geometry": [
		{
			"description": {
				"identifier": "geometry.unknown",
				"texture_width": 256,
				"texture_height": 256,
				"visible_bounds_width": 9,
				"visible_bounds_height": 5.5,
				"visible_bounds_offset": [0, 2.25, 0]
			},
			"bones": [
				{
					"name": "root",
					"pivot": [0, 0, 0]
				},
				{
					"name": "zygarde",
					"parent": "root",
					"pivot": [0, 0, 0]
				},
				{
					"name": "body",
					"parent": "zygarde",
					"pivot": [0, 0, -8],
					"rotation": [-65, 0, 0],
					"cubes": [
						{"origin": [-8.5, 0, -18], "size": [17, 4, 10], "uv": [54, 93]}
					]
				},
				{
					"name": "body1",
					"parent": "body",
					"pivot": [-1, 0, -18],
					"rotation": [-17.5, 0, 0],
					"cubes": [
						{"origin": [-9, 0, -28], "size": [18, 4, 10], "uv": [86, 0]}
					]
				},
				{
					"name": "body2",
					"parent": "body1",
					"pivot": [0, 0, -28],
					"rotation": [-7.5, 0, 0],
					"cubes": [
						{"origin": [-10, 0, -38], "size": [20, 5, 10], "uv": [64, 78]},
						{"origin": [-11, 0, -48], "size": [22, 6, 10], "uv": [0, 78]},
						{"origin": [-3, 5, -72], "size": [6, 1, 25], "pivot": [5, 5, -49], "rotation": [-27.5, 0, 0], "uv": [37, 52]},
						{"origin": [-2, 5, -76], "size": [4, 1, 4], "pivot": [5, 5, -49], "rotation": [-27.5, 0, 0], "uv": [37, 44]},
						{"origin": [-9, 5.5, -72], "size": [6, 1, 25], "pivot": [-1, 5.5, -49], "rotation": [-28.9854, 17.66046, -9.54013], "uv": [0, 51]},
						{"origin": [-8, 5.5, -76], "size": [4, 1, 4], "pivot": [-1, 5.5, -49], "rotation": [-28.9854, 17.66046, -9.54013], "uv": [37, 52]},
						{"origin": [-13.75, 6, -72], "size": [6, 1, 25], "pivot": [-5.75, 6, -49], "rotation": [-37.61557, 40.84182, -26.744], "uv": [49, 0]},
						{"origin": [-12.75, 6, -76], "size": [4, 1, 4], "pivot": [-5.75, 6, -49], "rotation": [-37.61557, 40.84182, -26.744], "uv": [0, 45]},
						{"origin": [-25, 2, -48], "size": [15, 0, 17], "uv": [57, 52]},
						{"origin": [10, 2, -48], "size": [15, 0, 17], "uv": [57, 26]},
						{"origin": [4, 5.5, -76], "size": [4, 1, 4], "pivot": [1, 5.5, -49], "rotation": [-28.9854, -17.66046, 9.54013], "uv": [53, 5]},
						{"origin": [8.75, 6, -76], "size": [4, 1, 4], "pivot": [5.75, 6, -49], "rotation": [-37.61557, -40.84182, 26.744], "uv": [53, 0]},
						{"origin": [3, 5.5, -72], "size": [6, 1, 25], "pivot": [1, 5.5, -49], "rotation": [-28.9854, -17.66046, 9.54013], "uv": [37, 26]},
						{"origin": [7.75, 6, -72], "size": [6, 1, 25], "pivot": [5.75, 6, -49], "rotation": [-37.61557, -40.84182, 26.744], "uv": [0, 25]}
					]
				},
				{
					"name": "neck",
					"parent": "body2",
					"pivot": [0, 5, -48],
					"rotation": [20, 0, 0],
					"cubes": [
						{"origin": [-10, 0, -54], "size": [20, 5, 6], "uv": [86, 14]}
					]
				},
				{
					"name": "neck1",
					"parent": "neck",
					"pivot": [0, 5, -54],
					"rotation": [35, 0, 0],
					"cubes": [
						{"origin": [-9, 0, -60], "size": [18, 5, 6], "uv": [46, 107]}
					]
				},
				{
					"name": "neck2",
					"parent": "neck1",
					"pivot": [0, 5, -60],
					"rotation": [22.5, 0, 0],
					"cubes": [
						{"origin": [-8.5, 0, -66], "size": [17, 5, 6], "uv": [0, 108]}
					]
				},
				{
					"name": "head",
					"parent": "neck2",
					"pivot": [0, 5, -66],
					"rotation": [50, 0, 0],
					"cubes": [
						{"origin": [-9, 0, -72], "size": [18, 5, 6], "uv": [104, 47]},
						{"origin": [-3, 0.48151, -86.13471], "size": [6, 4, 8], "uv": [-2, 32]},
						{"origin": [-3, 1.48151, -80.93471], "size": [6, 4, 8], "pivot": [0, 3.5, -76.8], "rotation": [17.5, 0, 0], "uv": [-2, 32]},
						{"origin": [1.3, 5.72466, -83.13556], "size": [7, 0, 12], "pivot": [5.8, 5.72466, -75.63556], "rotation": [12.52965, 15.52796, 10.76446], "uv": [25, 57], "mirror": true},
						{"origin": [-9, 0, -78], "size": [18, 5, 6], "uv": [36, 118]},
						{"origin": [-2.5, 6.3, -77.9], "size": [5, 0, 9], "pivot": [-2.5, 6.3, -74.9], "rotation": [12.5, 0, 0], "uv": [0, 0]},
						{"origin": [-8.3, 5.72466, -83.13556], "size": [7, 0, 12], "pivot": [-5.8, 5.72466, -75.63556], "rotation": [12.52965, -15.52796, -10.76446], "uv": [25, 57]},
						{"origin": [-8.46813, 0.88151, -83.08201], "size": [10, 3, 6], "pivot": [-3.575, 2.9, -80], "rotation": [0, 52.5, 0], "uv": [114, 73]},
						{"origin": [-1.53187, 0.88151, -83.08201], "size": [10, 3, 6], "pivot": [3.575, 2.9, -80], "rotation": [0, -52.5, 0], "uv": [114, 73], "mirror": true}
					]
				},
				{
					"name": "tail",
					"parent": "zygarde",
					"pivot": [0, 0, 41],
					"cubes": [
						{"origin": [-8, 0, -8], "size": [16, 4, 21], "uv": [0, 0]}
					]
				},
				{
					"name": "tail_1",
					"parent": "tail",
					"pivot": [0, 0, 13],
					"cubes": [
						{"origin": [-8, 0, 13], "size": [16, 4, 10], "uv": [98, 97]}
					]
				},
				{
					"name": "tail_2",
					"parent": "tail_1",
					"pivot": [0, 4, 23],
					"cubes": [
						{"origin": [-8, 0, 23], "size": [16, 4, 10], "uv": [94, 59]}
					]
				},
				{
					"name": "tail_3",
					"parent": "tail_2",
					"pivot": [0, 4, 33],
					"cubes": [
						{"origin": [-8, 0, 33], "size": [16, 4, 10], "uv": [94, 33]}
					]
				},
				{
					"name": "tail_4",
					"parent": "tail_3",
					"pivot": [0, 0, 43],
					"cubes": [
						{"origin": [-8, 0, 43], "size": [16, 4, 10], "uv": [0, 94]},
						{"origin": [-8, 1, 53], "size": [3, 3, 5], "uv": [0, 51]},
						{"origin": [-4.75, 1, 53], "size": [3, 3, 3], "uv": [50, 26]},
						{"origin": [1.75, 1, 53], "size": [3, 3, 3], "uv": [0, 15]},
						{"origin": [5, 1, 53], "size": [3, 3, 5], "uv": [37, 36]},
						{"origin": [-1.5, 1, 53], "size": [3, 3, 7], "uv": [37, 26]}
					]
				}
			]
		}
	]
}