{
  "implemented": true,
  "name": "ashpikachu",
  "nationalPokedexNumber": 25,
  "primaryType": "electric",
  "abilities": [
    "static",
    "battlebond",
    "h:lightningrod"
  ],
  "baseStats": {
    "hp": 35,
    "attack": 95,
    "defence": 40,
    "special_attack": 95,
    "special_defence": 50,
    "speed": 110
  },
  "catchRate": 190,
  "maleRatio": 0.5,
  "shoulderMountable": true,
  "shoulderEffects": [
    "speed"
  ],
  "forms": [
    {
      "name": "Cosplay",
      "primaryType": "electric",
      "abilities": [
        "lightningrod"
      ],
      "baseStats": {
        "hp": 35,
        "attack": 55,
        "defence": 40,
        "special_attack": 50,
        "special_defence": 50,
        "speed": 90
      },
      "catchRate": 190,
      "maleRatio": 0,
      "baseExperienceYield": 112,
      "baseFriendship": 50,
      "evYield": {
        "hp": 0,
        "attack": 0,
        "defence": 0,
        "special_attack": 0,
        "special_defence": 0,
        "speed": 2
      },
      "experienceGroup": "medium_fast",
      "eggCycles": 10,
      "eggGroups": [
        "undiscovered"
      ],
      "moves": [
        "1:tailwhip",
        "1:thundershock",
        "5:growl",
        "7:playnice",
        "10:quickattack",
        "13:electroball",
        "18:thunderwave",
        "21:feint",
        "23:doubleteam",
        "26:spark",
        "29:nuzzle",
        "34:discharge",
        "37:slam",
        "42:thunderbolt",
        "45:agility",
        "50:wildcharge",
        "53:lightscreen",
        "58:thunder",
        "tm:attract",
        "tm:brickbreak",
        "tm:chargebeam",
        "tm:confide",
        "tm:dig",
        "tm:doubleteam",
        "tm:echoedvoice",
        "tm:facade",
        "tm:flash",
        "tm:fling",
        "tm:frustration",
        "tm:grassknot",
        "tm:hiddenpower",
        "tm:lightscreen",
        "tm:protect",
        "tm:raindance",
        "tm:rest",
        "tm:return",
        "tm:rocksmash",
        "tm:round",
        "tm:secretpower",
        "tm:sleeptalk",
        "tm:strength",
        "tm:substitute",
        "tm:swagger",
        "tm:thunder",
        "tm:thunderbolt",
        "tm:thunderwave",
        "tm:toxic",
        "tm:voltswitch",
        "tm:wildcharge",
        "tutor:covet",
        "tutor:electroball",
        "tutor:electroweb",
        "tutor:focuspunch",
        "tutor:helpinghand",
        "tutor:irontail",
        "tutor:knockoff",
        "tutor:magnetrise",
        "tutor:quickattack",
        "tutor:shockwave",
        "tutor:signalbeam",
        "tutor:snore",
        "tutor:thunderpunch",
        "tutor:thundershock",
        "tutor:thunderwave"
      ],
      "labels": [
        "gen6"
      ],
      "aspects": [
        "cosplay"
      ],
      "height": 4,
      "weight": 60,
      "evolutions": [],
      "cannotDynamax": false,
      "battleOnly": false
    },
    {
      "name": "Rock-Star",
      "primaryType": "electric",
      "abilities": [
        "lightningrod"
      ],
      "baseStats": {
        "hp": 35,
        "attack": 55,
        "defence": 40,
        "special_attack": 50,
        "special_defence": 50,
        "speed": 90
      },
      "catchRate": 190,
      "maleRatio": 0,
      "baseExperienceYield": 112,
      "baseFriendship": 50,
      "evYield": {
        "hp": 0,
        "attack": 0,
        "defence": 0,
        "special_attack": 0,
        "special_defence": 0,
        "speed": 2
      },
      "experienceGroup": "medium_fast",
      "eggCycles": 10,
      "eggGroups": [
        "undiscovered"
      ],
      "moves": [
        "form_change:meteormash"
      ],
      "labels": [
        "gen6"
      ],
      "aspects": [
        "rock-star"
      ],
      "height": 4,
      "weight": 60,
      "evolutions": [],
      "cannotDynamax": false,
      "battleOnly": false
    },
    {
      "name": "Belle",
      "primaryType": "electric",
      "abilities": [
        "lightningrod"
      ],
      "baseStats": {
        "hp": 35,
        "attack": 55,
        "defence": 40,
        "special_attack": 50,
        "special_defence": 50,
        "speed": 90
      },
      "catchRate": 190,
      "maleRatio": 0,
      "baseExperienceYield": 112,
      "baseFriendship": 50,
      "evYield": {
        "hp": 0,
        "attack": 0,
        "defence": 0,
        "special_attack": 0,
        "special_defence": 0,
        "speed": 2
      },
      "experienceGroup": "medium_fast",
      "eggCycles": 10,
      "eggGroups": [
        "undiscovered"
      ],
      "moves": [
        "form_change:iciclecrash"
      ],
      "labels": [
        "gen6"
      ],
      "aspects": [
        "belle"
      ],
      "height": 4,
      "weight": 60,
      "evolutions": [],
      "cannotDynamax": false,
      "battleOnly": false
    },
    {
      "name": "Pop-Star",
      "primaryType": "electric",
      "abilities": [
        "lightningrod"
      ],
      "baseStats": {
        "hp": 35,
        "attack": 55,
        "defence": 40,
        "special_attack": 50,
        "special_defence": 50,
        "speed": 90
      },
      "catchRate": 190,
      "maleRatio": 0,
      "baseExperienceYield": 112,
      "baseFriendship": 50,
      "evYield": {
        "hp": 0,
        "attack": 0,
        "defence": 0,
        "special_attack": 0,
        "special_defence": 0,
        "speed": 2
      },
      "experienceGroup": "medium_fast",
      "eggCycles": 10,
      "eggGroups": [
        "undiscovered"
      ],
      "moves": [
        "form_change:drainingkiss"
      ],
      "labels": [
        "gen6"
      ],
      "aspects": [
        "pop-star"
      ],
      "height": 4,
      "weight": 60,
      "evolutions": [],
      "cannotDynamax": false,
      "battleOnly": false
    },
    {
      "name": "PhD",
      "primaryType": "electric",
      "abilities": [
        "lightningrod"
      ],
      "baseStats": {
        "hp": 35,
        "attack": 55,
        "defence": 40,
        "special_attack": 50,
        "special_defence": 50,
        "speed": 90
      },
      "catchRate": 190,
      "maleRatio": 0,
      "baseExperienceYield": 112,
      "baseFriendship": 50,
      "evYield": {
        "hp": 0,
        "attack": 0,
        "defence": 0,
        "special_attack": 0,
        "special_defence": 0,
        "speed": 2
      },
      "experienceGroup": "medium_fast",
      "eggCycles": 10,
      "eggGroups": [
        "undiscovered"
      ],
      "moves": [
        "form_change:electricterrain"
      ],
      "labels": [
        "gen6"
      ],
      "aspects": [
        "phd"
      ],
      "height": 4,
      "weight": 60,
      "evolutions": [],
      "cannotDynamax": false,
      "battleOnly": false
    },
    {
      "name": "Libre",
      "primaryType": "electric",
      "abilities": [
        "lightningrod"
      ],
      "baseStats": {
        "hp": 35,
        "attack": 55,
        "defence": 40,
        "special_attack": 50,
        "special_defence": 50,
        "speed": 90
      },
      "catchRate": 190,
      "maleRatio": 0,
      "baseExperienceYield": 112,
      "baseFriendship": 50,
      "evYield": {
        "hp": 0,
        "attack": 0,
        "defence": 0,
        "special_attack": 0,
        "special_defence": 0,
        "speed": 2
      },
      "experienceGroup": "medium_fast",
      "eggCycles": 10,
      "eggGroups": [
        "undiscovered"
      ],
      "moves": [
        "form_change:flyingpress"
      ],
      "labels": [
        "gen6"
      ],
      "aspects": [
        "libre"
      ],
      "height": 4,
      "weight": 60,
      "evolutions": [],
      "cannotDynamax": false,
      "battleOnly": false
    },
    {
      "name": "Original",
      "primaryType": "electric",
      "abilities": [
        "static",
        "h:lightningrod"
      ],
      "baseStats": {
        "hp": 35,
        "attack": 55,
        "defence": 40,
        "special_attack": 50,
        "special_defence": 50,
        "speed": 90
      },
      "catchRate": 190,
      "maleRatio": 1,
      "baseExperienceYield": 112,
      "baseFriendship": 50,
      "evYield": {
        "hp": 0,
        "attack": 0,
        "defence": 0,
        "special_attack": 0,
        "special_defence": 0,
        "speed": 2
      },
      "experienceGroup": "medium_fast",
      "eggCycles": 10,
      "eggGroups": [
        "undiscovered"
      ],
      "moves": [
        "1:charm",
        "1:growl",
        "1:nastyplot",
        "1:nuzzle",
        "1:playnice",
        "1:quickattack",
        "1:sweetkiss",
        "1:tailwhip",
        "1:thundershock",
        "4:thunderwave",
        "8:doubleteam",
        "12:electroball",
        "16:feint",
        "20:spark",
        "24:agility",
        "28:irontail",
        "28:slam",
        "32:discharge",
        "36:thunderbolt",
        "40:lightscreen",
        "44:thunder",
        "50:wildcharge",
        "egg:charge",
        "egg:disarmingvoice",
        "egg:fakeout",
        "egg:flail",
        "egg:present",
        "egg:tickle",
        "egg:wish",
        "tm:agility",
        "tm:attract",
        "tm:bodyslam",
        "tm:brickbreak",
        "tm:chargebeam",
        "tm:charm",
        "tm:confide",
        "tm:dig",
        "tm:disarmingvoice",
        "tm:doubleteam",
        "tm:drainingkiss",
        "tm:echoedvoice",
        "tm:eerieimpulse",
        "tm:electricterrain",
        "tm:electroball",
        "tm:electroweb",
        "tm:encore",
        "tm:endure",
        "tm:facade",
        "tm:faketears",
        "tm:fling",
        "tm:frustration",
        "tm:grassknot",
        "tm:helpinghand",
        "tm:hiddenpower",
        "tm:irontail",
        "tm:lightscreen",
        "tm:megakick",
        "tm:megapunch",
        "tm:nastyplot",
        "tm:payday",
        "tm:playrough",
        "tm:protect",
        "tm:raindance",
        "tm:reflect",
        "tm:rest",
        "tm:return",
        "tm:reversal",
        "tm:round",
        "tm:sleeptalk",
        "tm:snore",
        "tm:substitute",
        "tm:surf",
        "tm:swagger",
        "tm:swift",
        "tm:takedown",
        "tm:terablast",
        "tm:thief",
        "tm:thunder",
        "tm:thunderbolt",
        "tm:thunderpunch",
        "tm:thunderwave",
        "tm:toxic",
        "tm:trailblaze",
        "tm:uproar",
        "tm:voltswitch",
        "tm:wildcharge",
        "tutor:agility",
        "tutor:covet",
        "tutor:electroweb",
        "tutor:focuspunch",
        "tutor:helpinghand",
        "tutor:irontail",
        "tutor:knockoff",
        "tutor:laserfocus",
        "tutor:magnetrise",
        "tutor:quickattack",
        "tutor:risingvoltage",
        "tutor:shockwave",
        "tutor:signalbeam",
        "tutor:snore",
        "tutor:thunder",
        "tutor:thunderbolt",
        "tutor:thunderpunch",
        "tutor:volttackle"
      ],
      "labels": [
        "gen7"
      ],
      "aspects": [
        "original"
      ],
      "height": 4,
      "weight": 60,
      "evolutions": [],
      "cannotDynamax": false,
      "battleOnly": false
    },
    {
      "name": "Hoenn",
      "primaryType": "electric",
      "abilities": [
        "static",
        "h:lightningrod"
      ],
      "baseStats": {
        "hp": 35,
        "attack": 55,
        "defence": 40,
        "special_attack": 50,
        "special_defence": 50,
        "speed": 90
      },
      "catchRate": 190,
      "maleRatio": 1,
      "baseExperienceYield": 112,
      "baseFriendship": 50,
      "evYield": {
        "hp": 0,
        "attack": 0,
        "defence": 0,
        "special_attack": 0,
        "special_defence": 0,
        "speed": 2
      },
      "experienceGroup": "medium_fast",
      "eggCycles": 10,
      "eggGroups": [
        "undiscovered"
      ],
      "moves": [
        "1:charm",
        "1:growl",
        "1:nastyplot",
        "1:nuzzle",
        "1:playnice",
        "1:quickattack",
        "1:sweetkiss",
        "1:tailwhip",
        "1:thundershock",
        "4:thunderwave",
        "8:doubleteam",
        "12:electroball",
        "16:feint",
        "20:spark",
        "24:agility",
        "28:irontail",
        "28:slam",
        "32:discharge",
        "36:thunderbolt",
        "40:lightscreen",
        "44:thunder",
        "50:wildcharge",
        "egg:charge",
        "egg:disarmingvoice",
        "egg:fakeout",
        "egg:flail",
        "egg:present",
        "egg:tickle",
        "egg:wish",
        "tm:agility",
        "tm:attract",
        "tm:bodyslam",
        "tm:brickbreak",
        "tm:chargebeam",
        "tm:charm",
        "tm:confide",
        "tm:dig",
        "tm:disarmingvoice",
        "tm:doubleteam",
        "tm:drainingkiss",
        "tm:echoedvoice",
        "tm:eerieimpulse",
        "tm:electricterrain",
        "tm:electroball",
        "tm:electroweb",
        "tm:encore",
        "tm:endure",
        "tm:facade",
        "tm:faketears",
        "tm:fling",
        "tm:frustration",
        "tm:grassknot",
        "tm:helpinghand",
        "tm:hiddenpower",
        "tm:irontail",
        "tm:lightscreen",
        "tm:megakick",
        "tm:megapunch",
        "tm:nastyplot",
        "tm:payday",
        "tm:playrough",
        "tm:protect",
        "tm:raindance",
        "tm:reflect",
        "tm:rest",
        "tm:return",
        "tm:reversal",
        "tm:round",
        "tm:sleeptalk",
        "tm:snore",
        "tm:substitute",
        "tm:surf",
        "tm:swagger",
        "tm:swift",
        "tm:takedown",
        "tm:terablast",
        "tm:thief",
        "tm:thunder",
        "tm:thunderbolt",
        "tm:thunderpunch",
        "tm:thunderwave",
        "tm:toxic",
        "tm:trailblaze",
        "tm:uproar",
        "tm:voltswitch",
        "tm:wildcharge",
        "tutor:covet",
        "tutor:electroweb",
        "tutor:focuspunch",
        "tutor:helpinghand",
        "tutor:irontail",
        "tutor:knockoff",
        "tutor:laserfocus",
        "tutor:magnetrise",
        "tutor:quickattack",
        "tutor:risingvoltage",
        "tutor:shockwave",
        "tutor:signalbeam",
        "tutor:snore",
        "tutor:thunder",
        "tutor:thunderbolt",
        "tutor:thunderpunch",
        "tutor:volttackle"
      ],
      "labels": [
        "gen7"
      ],
      "aspects": [
        "hoenn"
      ],
      "height": 4,
      "weight": 60,
      "evolutions": [],
      "cannotDynamax": false,
      "battleOnly": false
    },
    {
      "name": "Sinnoh",
      "primaryType": "electric",
      "abilities": [
        "static",
        "h:lightningrod"
      ],
      "baseStats": {
        "hp": 35,
        "attack": 55,
        "defence": 40,
        "special_attack": 50,
        "special_defence": 50,
        "speed": 90
      },
      "catchRate": 190,
      "maleRatio": 1,
      "baseExperienceYield": 112,
      "baseFriendship": 50,
      "evYield": {
        "hp": 0,
        "attack": 0,
        "defence": 0,
        "special_attack": 0,
        "special_defence": 0,
        "speed": 2
      },
      "experienceGroup": "medium_fast",
      "eggCycles": 10,
      "eggGroups": [
        "undiscovered"
      ],
      "moves": [
        "1:charm",
        "1:growl",
        "1:nastyplot",
        "1:nuzzle",
        "1:playnice",
        "1:quickattack",
        "1:sweetkiss",
        "1:tailwhip",
        "1:thundershock",
        "4:thunderwave",
        "8:doubleteam",
        "12:electroball",
        "16:feint",
        "20:spark",
        "24:agility",
        "28:irontail",
        "28:slam",
        "32:discharge",
        "36:thunderbolt",
        "40:lightscreen",
        "44:thunder",
        "50:wildcharge",
        "egg:charge",
        "egg:disarmingvoice",
        "egg:fakeout",
        "egg:flail",
        "egg:present",
        "egg:tickle",
        "egg:wish",
        "tm:agility",
        "tm:attract",
        "tm:bodyslam",
        "tm:brickbreak",
        "tm:chargebeam",
        "tm:charm",
        "tm:confide",
        "tm:dig",
        "tm:disarmingvoice",
        "tm:doubleteam",
        "tm:drainingkiss",
        "tm:echoedvoice",
        "tm:eerieimpulse",
        "tm:electricterrain",
        "tm:electroball",
        "tm:electroweb",
        "tm:encore",
        "tm:endure",
        "tm:facade",
        "tm:faketears",
        "tm:fling",
        "tm:frustration",
        "tm:grassknot",
        "tm:helpinghand",
        "tm:hiddenpower",
        "tm:irontail",
        "tm:lightscreen",
        "tm:megakick",
        "tm:megapunch",
        "tm:nastyplot",
        "tm:payday",
        "tm:playrough",
        "tm:protect",
        "tm:raindance",
        "tm:reflect",
        "tm:rest",
        "tm:return",
        "tm:reversal",
        "tm:round",
        "tm:sleeptalk",
        "tm:snore",
        "tm:substitute",
        "tm:surf",
        "tm:swagger",
        "tm:swift",
        "tm:takedown",
        "tm:terablast",
        "tm:thief",
        "tm:thunder",
        "tm:thunderbolt",
        "tm:thunderpunch",
        "tm:thunderwave",
        "tm:toxic",
        "tm:trailblaze",
        "tm:uproar",
        "tm:voltswitch",
        "tm:wildcharge",
        "tutor:covet",
        "tutor:electroweb",
        "tutor:focuspunch",
        "tutor:helpinghand",
        "tutor:irontail",
        "tutor:knockoff",
        "tutor:laserfocus",
        "tutor:magnetrise",
        "tutor:quickattack",
        "tutor:risingvoltage",
        "tutor:shockwave",
        "tutor:signalbeam",
        "tutor:snore",
        "tutor:thunderbolt",
        "tutor:thunderpunch",
        "tutor:volttackle"
      ],
      "labels": [
        "gen7"
      ],
      "aspects": [
        "sinnoh"
      ],
      "height": 4,
      "weight": 60,
      "evolutions": [],
      "cannotDynamax": false,
      "battleOnly": false
    },
    {
      "name": "Unova",
      "primaryType": "electric",
      "abilities": [
        "static",
        "h:lightningrod"
      ],
      "baseStats": {
        "hp": 35,
        "attack": 55,
        "defence": 40,
        "special_attack": 50,
        "special_defence": 50,
        "speed": 90
      },
      "catchRate": 190,
      "maleRatio": 1,
      "baseExperienceYield": 112,
      "baseFriendship": 50,
      "evYield": {
        "hp": 0,
        "attack": 0,
        "defence": 0,
        "special_attack": 0,
        "special_defence": 0,
        "speed": 2
      },
      "experienceGroup": "medium_fast",
      "eggCycles": 10,
      "eggGroups": [
        "undiscovered"
      ],
      "moves": [
        "1:charm",
        "1:growl",
        "1:nastyplot",
        "1:nuzzle",
        "1:playnice",
        "1:quickattack",
        "1:sweetkiss",
        "1:tailwhip",
        "1:thundershock",
        "4:thunderwave",
        "8:doubleteam",
        "12:electroball",
        "16:feint",
        "20:spark",
        "24:agility",
        "28:irontail",
        "28:slam",
        "32:discharge",
        "36:thunderbolt",
        "40:lightscreen",
        "44:thunder",
        "50:wildcharge",
        "egg:charge",
        "egg:disarmingvoice",
        "egg:fakeout",
        "egg:flail",
        "egg:present",
        "egg:tickle",
        "egg:wish",
        "tm:agility",
        "tm:attract",
        "tm:bodyslam",
        "tm:brickbreak",
        "tm:chargebeam",
        "tm:charm",
        "tm:confide",
        "tm:dig",
        "tm:disarmingvoice",
        "tm:doubleteam",
        "tm:drainingkiss",
        "tm:echoedvoice",
        "tm:eerieimpulse",
        "tm:electricterrain",
        "tm:electroball",
        "tm:electroweb",
        "tm:encore",
        "tm:endure",
        "tm:facade",
        "tm:faketears",
        "tm:fling",
        "tm:frustration",
        "tm:grassknot",
        "tm:helpinghand",
        "tm:hiddenpower",
        "tm:irontail",
        "tm:lightscreen",
        "tm:megakick",
        "tm:megapunch",
        "tm:nastyplot",
        "tm:payday",
        "tm:playrough",
        "tm:protect",
        "tm:raindance",
        "tm:reflect",
        "tm:rest",
        "tm:return",
        "tm:reversal",
        "tm:round",
        "tm:sleeptalk",
        "tm:snore",
        "tm:substitute",
        "tm:surf",
        "tm:swagger",
        "tm:swift",
        "tm:takedown",
        "tm:terablast",
        "tm:thief",
        "tm:thunder",
        "tm:thunderbolt",
        "tm:thunderpunch",
        "tm:thunderwave",
        "tm:toxic",
        "tm:trailblaze",
        "tm:uproar",
        "tm:voltswitch",
        "tm:wildcharge",
        "tutor:covet",
        "tutor:electroweb",
        "tutor:focuspunch",
        "tutor:helpinghand",
        "tutor:irontail",
        "tutor:knockoff",
        "tutor:laserfocus",
        "tutor:magnetrise",
        "tutor:quickattack",
        "tutor:risingvoltage",
        "tutor:shockwave",
        "tutor:signalbeam",
        "tutor:snore",
        "tutor:thunderbolt",
        "tutor:thunderpunch",
        "tutor:volttackle"
      ],
      "labels": [
        "gen7"
      ],
      "aspects": [
        "unova"
      ],
      "height": 4,
      "weight": 60,
      "evolutions": [],
      "cannotDynamax": false,
      "battleOnly": false
    },
    {
      "name": "Kalos",
      "primaryType": "electric",
      "abilities": [
        "static",
        "h:lightningrod"
      ],
      "baseStats": {
        "hp": 35,
        "attack": 55,
        "defence": 40,
        "special_attack": 50,
        "special_defence": 50,
        "speed": 90
      },
      "catchRate": 190,
      "maleRatio": 1,
      "baseExperienceYield": 112,
      "baseFriendship": 50,
      "evYield": {
        "hp": 0,
        "attack": 0,
        "defence": 0,
        "special_attack": 0,
        "special_defence": 0,
        "speed": 2
      },
      "experienceGroup": "medium_fast",
      "eggCycles": 10,
      "eggGroups": [
        "undiscovered"
      ],
      "moves": [
        "1:charm",
        "1:growl",
        "1:nastyplot",
        "1:nuzzle",
        "1:playnice",
        "1:quickattack",
        "1:sweetkiss",
        "1:tailwhip",
        "1:thundershock",
        "4:thunderwave",
        "8:doubleteam",
        "12:electroball",
        "16:feint",
        "20:spark",
        "24:agility",
        "28:irontail",
        "28:slam",
        "32:discharge",
        "36:thunderbolt",
        "40:lightscreen",
        "44:thunder",
        "50:wildcharge",
        "egg:charge",
        "egg:disarmingvoice",
        "egg:fakeout",
        "egg:flail",
        "egg:present",
        "egg:tickle",
        "egg:wish",
        "tm:agility",
        "tm:attract",
        "tm:bodyslam",
        "tm:brickbreak",
        "tm:chargebeam",
        "tm:charm",
        "tm:confide",
        "tm:dig",
        "tm:disarmingvoice",
        "tm:doubleteam",
        "tm:drainingkiss",
        "tm:echoedvoice",
        "tm:eerieimpulse",
        "tm:electricterrain",
        "tm:electroball",
        "tm:electroweb",
        "tm:encore",
        "tm:endure",
        "tm:facade",
        "tm:faketears",
        "tm:fling",
        "tm:frustration",
        "tm:grassknot",
        "tm:helpinghand",
        "tm:hiddenpower",
        "tm:irontail",
        "tm:lightscreen",
        "tm:megakick",
        "tm:megapunch",
        "tm:nastyplot",
        "tm:payday",
        "tm:playrough",
        "tm:protect",
        "tm:raindance",
        "tm:reflect",
        "tm:rest",
        "tm:return",
        "tm:reversal",
        "tm:round",
        "tm:sleeptalk",
        "tm:snore",
        "tm:substitute",
        "tm:surf",
        "tm:swagger",
        "tm:swift",
        "tm:takedown",
        "tm:terablast",
        "tm:thief",
        "tm:thunder",
        "tm:thunderbolt",
        "tm:thunderpunch",
        "tm:thunderwave",
        "tm:toxic",
        "tm:trailblaze",
        "tm:uproar",
        "tm:voltswitch",
        "tm:wildcharge",
        "tutor:covet",
        "tutor:electroball",
        "tutor:electroweb",
        "tutor:focuspunch",
        "tutor:helpinghand",
        "tutor:irontail",
        "tutor:knockoff",
        "tutor:laserfocus",
        "tutor:magnetrise",
        "tutor:quickattack",
        "tutor:risingvoltage",
        "tutor:shockwave",
        "tutor:signalbeam",
        "tutor:snore",
        "tutor:thunderbolt",
        "tutor:thunderpunch",
        "tutor:volttackle"
      ],
      "labels": [
        "gen7"
      ],
      "aspects": [
        "kalos"
      ],
      "height": 4,
      "weight": 60,
      "evolutions": [],
      "cannotDynamax": false,
      "battleOnly": false
    },
    {
      "name": "Alola",
      "primaryType": "electric",
      "abilities": [
        "static",
        "h:lightningrod"
      ],
      "baseStats": {
        "hp": 35,
        "attack": 55,
        "defence": 40,
        "special_attack": 50,
        "special_defence": 50,
        "speed": 90
      },
      "catchRate": 190,
      "maleRatio": 1,
      "baseExperienceYield": 112,
      "baseFriendship": 50,
      "evYield": {
        "hp": 0,
        "attack": 0,
        "defence": 0,
        "special_attack": 0,
        "special_defence": 0,
        "speed": 2
      },
      "experienceGroup": "medium_fast",
      "eggCycles": 10,
      "eggGroups": [
        "undiscovered"
      ],
      "moves": [
        "1:charm",
        "1:growl",
        "1:nastyplot",
        "1:nuzzle",
        "1:playnice",
        "1:quickattack",
        "1:sweetkiss",
        "1:tailwhip",
        "1:thundershock",
        "4:thunderwave",
        "8:doubleteam",
        "12:electroball",
        "16:feint",
        "20:spark",
        "24:agility",
        "28:irontail",
        "28:slam",
        "32:discharge",
        "36:thunderbolt",
        "40:lightscreen",
        "44:thunder",
        "50:wildcharge",
        "egg:charge",
        "egg:disarmingvoice",
        "egg:fakeout",
        "egg:flail",
        "egg:present",
        "egg:tickle",
        "egg:wish",
        "tm:agility",
        "tm:attract",
        "tm:bodyslam",
        "tm:brickbreak",
        "tm:chargebeam",
        "tm:charm",
        "tm:confide",
        "tm:dig",
        "tm:disarmingvoice",
        "tm:doubleteam",
        "tm:drainingkiss",
        "tm:echoedvoice",
        "tm:eerieimpulse",
        "tm:electricterrain",
        "tm:electroball",
        "tm:electroweb",
        "tm:encore",
        "tm:endure",
        "tm:facade",
        "tm:faketears",
        "tm:fling",
        "tm:frustration",
        "tm:grassknot",
        "tm:helpinghand",
        "tm:hiddenpower",
        "tm:irontail",
        "tm:lightscreen",
        "tm:megakick",
        "tm:megapunch",
        "tm:nastyplot",
        "tm:payday",
        "tm:playrough",
        "tm:protect",
        "tm:raindance",
        "tm:reflect",
        "tm:rest",
        "tm:return",
        "tm:reversal",
        "tm:round",
        "tm:sleeptalk",
        "tm:snore",
        "tm:substitute",
        "tm:surf",
        "tm:swagger",
        "tm:swift",
        "tm:takedown",
        "tm:terablast",
        "tm:thief",
        "tm:thunder",
        "tm:thunderbolt",
        "tm:thunderpunch",
        "tm:thunderwave",
        "tm:toxic",
        "tm:trailblaze",
        "tm:uproar",
        "tm:voltswitch",
        "tm:wildcharge",
        "tutor:covet",
        "tutor:electroball",
        "tutor:electroweb",
        "tutor:focuspunch",
        "tutor:helpinghand",
        "tutor:irontail",
        "tutor:knockoff",
        "tutor:laserfocus",
        "tutor:magnetrise",
        "tutor:quickattack",
        "tutor:risingvoltage",
        "tutor:shockwave",
        "tutor:signalbeam",
        "tutor:snore",
        "tutor:thunderbolt",
        "tutor:thunderpunch",
        "tutor:volttackle"
      ],
      "labels": [
        "gen7",
        "alola_regional"
      ],
      "aspects": [
        "alolan"
      ],
      "height": 4,
      "weight": 60,
      "evolutions": [],
      "cannotDynamax": false,
      "battleOnly": false
    },
    {
      "name": "Partner",
      "primaryType": "electric",
      "abilities": [
        "static",
        "h:lightningrod"
      ],
      "baseStats": {
        "hp": 35,
        "attack": 55,
        "defence": 40,
        "special_attack": 50,
        "special_defence": 50,
        "speed": 90
      },
      "catchRate": 190,
      "maleRatio": 1,
      "baseExperienceYield": 112,
      "baseFriendship": 50,
      "evYield": {
        "hp": 0,
        "attack": 0,
        "defence": 0,
        "special_attack": 0,
        "special_defence": 0,
        "speed": 2
      },
      "experienceGroup": "medium_fast",
      "eggCycles": 10,
      "eggGroups": [
        "undiscovered"
      ],
      "moves": [
        "1:charm",
        "1:growl",
        "1:nastyplot",
        "1:nuzzle",
        "1:playnice",
        "1:quickattack",
        "1:sweetkiss",
        "1:tailwhip",
        "1:thundershock",
        "4:thunderwave",
        "8:doubleteam",
        "12:electroball",
        "16:feint",
        "20:spark",
        "24:agility",
        "28:irontail",
        "28:slam",
        "32:discharge",
        "36:thunderbolt",
        "40:lightscreen",
        "44:thunder",
        "50:wildcharge",
        "egg:charge",
        "egg:disarmingvoice",
        "egg:fakeout",
        "egg:flail",
        "egg:present",
        "egg:tickle",
        "egg:wish",
        "tm:agility",
        "tm:attract",
        "tm:bodyslam",
        "tm:brickbreak",
        "tm:chargebeam",
        "tm:charm",
        "tm:confide",
        "tm:dig",
        "tm:disarmingvoice",
        "tm:doubleteam",
        "tm:drainingkiss",
        "tm:echoedvoice",
        "tm:eerieimpulse",
        "tm:electricterrain",
        "tm:electroball",
        "tm:electroweb",
        "tm:encore",
        "tm:endure",
        "tm:facade",
        "tm:faketears",
        "tm:fling",
        "tm:frustration",
        "tm:grassknot",
        "tm:helpinghand",
        "tm:hiddenpower",
        "tm:irontail",
        "tm:lightscreen",
        "tm:megakick",
        "tm:megapunch",
        "tm:nastyplot",
        "tm:payday",
        "tm:playrough",
        "tm:protect",
        "tm:raindance",
        "tm:reflect",
        "tm:rest",
        "tm:return",
        "tm:reversal",
        "tm:round",
        "tm:sleeptalk",
        "tm:snore",
        "tm:substitute",
        "tm:surf",
        "tm:swagger",
        "tm:swift",
        "tm:takedown",
        "tm:terablast",
        "tm:thief",
        "tm:thunder",
        "tm:thunderbolt",
        "tm:thunderpunch",
        "tm:thunderwave",
        "tm:toxic",
        "tm:trailblaze",
        "tm:uproar",
        "tm:voltswitch",
        "tm:wildcharge",
        "tutor:covet",
        "tutor:electroweb",
        "tutor:focuspunch",
        "tutor:helpinghand",
        "tutor:irontail",
        "tutor:knockoff",
        "tutor:laserfocus",
        "tutor:magnetrise",
        "tutor:quickattack",
        "tutor:risingvoltage",
        "tutor:shockwave",
        "tutor:signalbeam",
        "tutor:snore",
        "tutor:thunder",
        "tutor:thunderbolt",
        "tutor:thunderpunch",
        "tutor:volttackle"
      ],
      "labels": [
        "gen7"
      ],
      "aspects": [
        "partner"
      ],
      "height": 4,
      "weight": 60,
      "evolutions": [],
      "cannotDynamax": false,
      "battleOnly": false
    },
    {
      "name": "Starter",
      "primaryType": "electric",
      "abilities": [
        "static",
        "h:lightningrod"
      ],
      "baseStats": {
        "hp": 45,
        "attack": 80,
        "defence": 50,
        "special_attack": 75,
        "special_defence": 60,
        "speed": 120
      },
      "catchRate": 190,
      "maleRatio": 0.5,
      "baseExperienceYield": 112,
      "baseFriendship": 50,
      "evYield": {
        "hp": 0,
        "attack": 0,
        "defence": 0,
        "special_attack": 0,
        "special_defence": 0,
        "speed": 2
      },
      "experienceGroup": "medium_fast",
      "eggCycles": 10,
      "eggGroups": [
        "undiscovered"
      ],
      "moves": [
        "1:growl",
        "1:thundershock",
        "3:tailwhip",
        "6:quickattack",
        "9:doublekick",
        "12:doubleteam",
        "15:thunderwave",
        "18:lightscreen",
        "21:thunderbolt",
        "24:slam",
        "27:agility",
        "30:thunder",
        "tm:brickbreak",
        "tm:calmmind",
        "tm:dig",
        "tm:facade",
        "tm:headbutt",
        "tm:helpinghand",
        "tm:irontail",
        "tm:lightscreen",
        "tm:payday",
        "tm:protect",
        "tm:reflect",
        "tm:rest",
        "tm:seismictoss",
        "tm:substitute",
        "tm:thunder",
        "tm:thunderbolt",
        "tm:thunderpunch",
        "tm:thunderwave",
        "tm:toxic",
        "tutor:agility",
        "tutor:brickbreak",
        "tutor:calmmind",
        "tutor:dig",
        "tutor:doublekick",
        "tutor:doubleteam",
        "tutor:facade",
        "tutor:floatyfall",
        "tutor:growl",
        "tutor:headbutt",
        "tutor:helpinghand",
        "tutor:irontail",
        "tutor:lightscreen",
        "tutor:payday",
        "tutor:pikapapow",
        "tutor:protect",
        "tutor:quickattack",
        "tutor:reflect",
        "tutor:rest",
        "tutor:seismictoss",
        "tutor:slam",
        "tutor:splishysplash",
        "tutor:substitute",
        "tutor:tailwhip",
        "tutor:thunder",
        "tutor:thunderbolt",
        "tutor:thunderpunch",
        "tutor:thundershock",
        "tutor:thunderwave",
        "tutor:toxic",
        "tutor:zippyzap"
      ],
      "labels": [
        "gen7"
      ],
      "aspects": [
        "starter"
      ],
      "height": 4,
      "weight": 60,
      "evolutions": [],
      "cannotDynamax": false,
      "battleOnly": false
    },
    {
      "name": "Gmax",
      "primaryType": "electric",
      "abilities": [
        "static",
        "h:lightningrod"
      ],
      "baseStats": {
        "hp": 35,
        "attack": 55,
        "defence": 40,
        "special_attack": 50,
        "special_defence": 50,
        "speed": 90
      },
      "catchRate": 190,
      "maleRatio": 0.5,
      "baseExperienceYield": 112,
      "baseFriendship": 50,
      "evYield": {
        "hp": 0,
        "attack": 0,
        "defence": 0,
        "special_attack": 0,
        "special_defence": 0,
        "speed": 2
      },
      "experienceGroup": "medium_fast",
      "eggCycles": 10,
      "eggGroups": [
        "field",
        "fairy"
      ],
      "labels": [
        "gen8",
        "gmax"
      ],
      "aspects": [
        "gmax"
      ],
      "height": 210,
      "weight": 0,
      "evolutions": [],
      "cannotDynamax": false,
      "battleOnly": false
    },
    {
      "name": "World",
      "primaryType": "electric",
      "abilities": [
        "static",
        "h:lightningrod"
      ],
      "baseStats": {
        "hp": 35,
        "attack": 55,
        "defence": 40,
        "special_attack": 50,
        "special_defence": 50,
        "speed": 90
      },
      "catchRate": 190,
      "maleRatio": 1,
      "baseExperienceYield": 112,
      "baseFriendship": 50,
      "evYield": {
        "hp": 0,
        "attack": 0,
        "defence": 0,
        "special_attack": 0,
        "special_defence": 0,
        "speed": 2
      },
      "experienceGroup": "medium_fast",
      "eggCycles": 10,
      "eggGroups": [
        "undiscovered"
      ],
      "moves": [
        "1:charm",
        "1:growl",
        "1:nastyplot",
        "1:nuzzle",
        "1:playnice",
        "1:quickattack",
        "1:sweetkiss",
        "1:tailwhip",
        "1:thundershock",
        "4:thunderwave",
        "8:doubleteam",
        "12:electroball",
        "16:feint",
        "20:spark",
        "24:agility",
        "28:irontail",
        "28:slam",
        "32:discharge",
        "36:thunderbolt",
        "40:lightscreen",
        "44:thunder",
        "egg:charge",
        "egg:disarmingvoice",
        "egg:fakeout",
        "egg:flail",
        "egg:present",
        "egg:tickle",
        "egg:wish",
        "tm:agility",
        "tm:attract",
        "tm:bodyslam",
        "tm:brickbreak",
        "tm:chargebeam",
        "tm:charm",
        "tm:dig",
        "tm:disarmingvoice",
        "tm:drainingkiss",
        "tm:eerieimpulse",
        "tm:electricterrain",
        "tm:electroball",
        "tm:electroweb",
        "tm:encore",
        "tm:endure",
        "tm:facade",
        "tm:faketears",
        "tm:fling",
        "tm:grassknot",
        "tm:helpinghand",
        "tm:irontail",
        "tm:lightscreen",
        "tm:megakick",
        "tm:megapunch",
        "tm:nastyplot",
        "tm:payday",
        "tm:playrough",
        "tm:protect",
        "tm:raindance",
        "tm:reflect",
        "tm:rest",
        "tm:reversal",
        "tm:round",
        "tm:sleeptalk",
        "tm:snore",
        "tm:substitute",
        "tm:surf",
        "tm:swift",
        "tm:takedown",
        "tm:terablast",
        "tm:thief",
        "tm:thunder",
        "tm:thunderbolt",
        "tm:thunderpunch",
        "tm:thunderwave",
        "tm:trailblaze",
        "tm:uproar",
        "tm:voltswitch",
        "tm:wildcharge",
        "tutor:electroweb",
        "tutor:irontail",
        "tutor:quickattack",
        "tutor:risingvoltage",
        "tutor:thunderbolt",
        "tutor:volttackle"
      ],
      "labels": [
        "gen8"
      ],
      "aspects": [
        "world"
      ],
      "height": 4,
      "weight": 60,
      "evolutions": [],
      "cannotDynamax": false,
      "battleOnly": false
    }
  ],
  "baseExperienceYield": 112,
  "experienceGroup": "medium_fast",
  "eggCycles": 10,
  "eggGroups": [
    "field",
    "fairy"
  ],
  "moves": [
    "1:charm",
    "1:growl",
    "1:nastyplot",
    "1:nuzzle",
    "1:playnice",
    "1:quickattack",
    "1:sweetkiss",
    "1:tailwhip",
    "1:thundershock",
    "4:thunderwave",
    "8:doubleteam",
    "12:electroball",
    "16:feint",
    "20:spark",
    "24:agility",
    "28:irontail",
    "28:slam",
    "32:discharge",
    "36:thunderbolt",
    "40:lightscreen",
    "44:thunder",
    "50:wildcharge",
    "tm:agility",
    "tm:attract",
    "tm:bodyslam",
    "tm:brickbreak",
    "tm:captivate",
    "tm:chargebeam",
    "tm:charm",
    "tm:confide",
    "tm:dig",
    "tm:disarmingvoice",
    "tm:doubleteam",
    "tm:drainingkiss",
    "tm:echoedvoice",
    "tm:eerieimpulse",
    "tm:electricterrain",
    "tm:electroball",
    "tm:electroweb",
    "tm:encore",
    "tm:endure",
    "tm:facade",
    "tm:faketears",
    "tm:flash",
    "tm:fling",
    "tm:focuspunch",
    "tm:frustration",
    "tm:grassknot",
    "tm:helpinghand",
    "tm:hiddenpower",
    "tm:irontail",
    "tm:lightscreen",
    "tm:megakick",
    "tm:megapunch",
    "tm:nastyplot",
    "tm:naturalgift",
    "tm:payday",
    "tm:playrough",
    "tm:protect",
    "tm:raindance",
    "tm:reflect",
    "tm:rest",
    "tm:return",
    "tm:reversal",
    "tm:rocksmash",
    "tm:round",
    "tm:secretpower",
    "tm:shockwave",
    "tm:sleeptalk",
    "tm:snore",
    "tm:strength",
    "tm:substitute",
    "tm:surf",
    "tm:swagger",
    "tm:swift",
    "tm:takedown",
    "tm:terablast",
    "tm:thief",
    "tm:thunder",
    "tm:thunderbolt",
    "tm:thunderpunch",
    "tm:thunderwave",
    "tm:toxic",
    "tm:trailblaze",
    "tm:uproar",
    "tm:voltswitch",
    "tm:wildcharge",
    "tutor:agility",
    "tutor:attract",
    "tutor:bestow",
    "tutor:bide",
    "tutor:bodyslam",
    "tutor:brickbreak",
    "tutor:calmmind",
    "tutor:celebrate",
    "tutor:charm",
    "tutor:counter",
    "tutor:covet",
    "tutor:curse",
    "tutor:defensecurl",
    "tutor:detect",
    "tutor:dig",
    "tutor:discharge",
    "tutor:doubleedge",
    "tutor:doublekick",
    "tutor:doubleteam",
    "tutor:dynamicpunch",
    "tutor:electroball",
    "tutor:electroweb",
    "tutor:encore",
    "tutor:endeavor",
    "tutor:endure",
    "tutor:extremespeed",
    "tutor:facade",
    "tutor:fakeout",
    "tutor:feint",
    "tutor:flash",
    "tutor:fly",
    "tutor:focuspunch",
    "tutor:frustration",
    "tutor:grassknot",
    "tutor:growl",
    "tutor:happyhour",
    "tutor:headbutt",
    "tutor:heartstamp",
    "tutor:helpinghand",
    "tutor:hiddenpower",
    "tutor:holdhands",
    "tutor:irontail",
    "tutor:knockoff",
    "tutor:laserfocus",
    "tutor:lastresort",
    "tutor:lightscreen",
    "tutor:magnetrise",
    "tutor:megakick",
    "tutor:megapunch",
    "tutor:mimic",
    "tutor:mudslap",
    "tutor:nuzzle",
    "tutor:payday",
    "tutor:playnice",
    "tutor:present",
    "tutor:protect",
    "tutor:quickattack",
    "tutor:rage",
    "tutor:raindance",
    "tutor:reflect",
    "tutor:refresh",
    "tutor:rest",
    "tutor:return",
    "tutor:risingvoltage",
    "tutor:rollout",
    "tutor:seismictoss",
    "tutor:shockwave",
    "tutor:signalbeam",
    "tutor:sing",
    "tutor:skullbash",
    "tutor:slam",
    "tutor:sleeptalk",
    "tutor:snore",
    "tutor:strength",
    "tutor:submission",
    "tutor:substitute",
    "tutor:surf",
    "tutor:swagger",
    "tutor:sweetkiss",
    "tutor:sweetscent",
    "tutor:swift",
    "tutor:tailwhip",
    "tutor:takedown",
    "tutor:teeterdance",
    "tutor:thunder",
    "tutor:thunderbolt",
    "tutor:thunderpunch",
    "tutor:thundershock",
    "tutor:thunderwave",
    "tutor:toxic",
    "tutor:voltswitch",
    "tutor:volttackle",
    "tutor:wish",
    "tutor:yawn",
    "tutor:zapcannon"
  ],
  "labels": [
    "gen1",
    "kanto_regional"
  ],
  "pokedex": [
    "cobblemon.species.pikachu.desc"
  ],
  "preEvolution": "pichu",
  "evolutions": [
    {
      "id": "ashpikachu-pikachu",
      "variant": "level_up",
      "result": "pikachu",
      "consumeHeldItem": false,
      "requirements": [
        {
          "variant": "properties",
          "target": "ability=battlebond"
        },
        {
          "variant": "level",
          "minLevel": 1
        }
      ]
    }
  ],
  "baseScale": 0.5,
  "hitbox": {
    "width": 0.7,
    "height": 1.3,
    "fixed": false
  },
  "baseFriendship": 50,
  "evYield": {
    "hp": 0,
    "attack": 0,
    "defence": 0,
    "special_attack": 0,
    "special_defence": 0,
    "speed": 2
  },
  "height": 4,
  "weight": 60,
  "aspects": [],
  "cannotDynamax": false
}