{
  "replace": false,

  "_comment": " This biome tag can specify the biome directly. Or specify another biome tag by starting with # ",
  "values": [
    "minecraft:savanna",
    "biomeswevegone:araucaria_savanna",
    "biomeswevegone:baobab_savanna",
    "biomeswevegone:ironwood_gour",
    {
      "id": "byg:baobab_savanna",
      "required": false
    },
    {
      "id": "byg:mojave_desert",
      "required": false
    },
    {
      "id": "byg:atacama_desert",
      "required": false
    },
    {
      "id": "byg:red_rock_valley",
      "required": false
    },
    {
      "id": "byg:araucaria_savanna",
      "required": false
    }
  ]
}