{
  "replace": false,

  "_comment": " This biome tag can specify the biome directly. Or specify another biome tag by starting with # ",
  "values": [
    "minecraft:desert",
    "biomeswevegone:atacama_outback",
    "biomeswevegone:mojave_desert",
    "biomeswevegone:windswept_desert",
    {
      "id": "#forge:is_desert",
      "required": false
    },
    {
      "id": "byg:mojave_desert",
      "required": false
    },
    {
      "id": "byg:atacama_desert",
      "required": false
    },
    {
      "id": "byg:red_rock_valley",
      "required": false
    },
    {
      "id": "byg:windswept_desert",
      "required": false
    }
  ]
}