{
  "replace": false,

  "_comment": " This biome tag can specify the biome directly. Or specify another biome tag by starting with # ",
  "values": [
    "#minecraft:is_jungle",
    "#minecraft:is_taiga",
    "minecraft:plains",
    "minecraft:savanna",
    "minecraft:forest",
    "minecraft:birch_forest",
    "minecraft:flower_forest",
    "biomeswevegone:allium_shrubland",
    "biomeswevegone:amaranth_grassland",
    "biomeswevegone:araucaria_savanna",
    "biomeswevegone:aspen_boreal",
    "biomeswevegone:atacama_outback",
    "biomeswevegone:baobab_savanna",
    "biomeswevegone:basalt_barrera",
    "biomeswevegone:bayou",
    "biomeswevegone:black_forest",
    "biomeswevegone:canadian_shield",
    "biomeswevegone:cika_woods",
    "biomeswevegone:coconino_meadow",
    "biomeswevegone:coniferous_forest",
    "biomeswevegone:crag_gardens",
    "biomeswevegone:crimson_tundra",
    "biomeswevegone:cypress_swamplands",
    "biomeswevegone:dacite_ridges",
    "biomeswevegone:dacite_shore",
    "biomeswevegone:dead_sea",
    "biomeswevegone:ebony_woods",
    "biomeswevegone:enchanted_tangle",
    "biomeswevegone:eroded_borealis",
    "biomeswevegone:firecracker_chaparral",
    "biomeswevegone:forgotten_forest",
    "biomeswevegone:fragment_jungle",
    "biomeswevegone:frosted_coniferous_forest",
    "biomeswevegone:frosted_taiga",
    "biomeswevegone:howling_peaks",
    "biomeswevegone:ironwood_gour",
    "biomeswevegone:jacaranda_jungle",
    "biomeswevegone:lush_stacks",
    "biomeswevegone:maple_taiga",
    "biomeswevegone:mojave_desert",
    "biomeswevegone:orchard",
    "biomeswevegone:overgrowth_woodlands",
    "biomeswevegone:prairie",
    "biomeswevegone:pumpkin_valley",
    "biomeswevegone:rainbow_beach",
    "biomeswevegone:red_rock_valley",
    "biomeswevegone:redwood_thicket",
    "biomeswevegone:rose_fields",
    "biomeswevegone:rugged_badlands",
    "biomeswevegone:sakura_grove",
    "biomeswevegone:shattered_glacier",
    "biomeswevegone:sierra_badlands",
    "biomeswevegone:skyrise_vale",
    "biomeswevegone:temperate_grove",
    "biomeswevegone:tropical_rainforest",
    "biomeswevegone:weeping_witch_forest",
    "biomeswevegone:white_mangrove_marshes",
    "biomeswevegone:windswept_desert",
    "biomeswevegone:zelkova_forest",
    {
      "id": "byg:firecracker_shrubland",
      "required": false
    },
    {
      "id": "byg:autumnal_valley",
      "required": false
    },
    {
      "id": "byg:rose_fields",
      "required": false
    },
    {
      "id": "#biomesoplenty:is_savanna",
      "required": false
    },
    {
      "id": "biomesoplenty:lavender_forest",
      "required": false
    },
    {
      "id": "biomesoplenty:maple_woods",
      "required": false
    },
    {
      "id": "biomesoplenty:seasonal_forest",
      "required": false
    },    
	  {
      "id": "biomesoplenty:orchard",
      "required": false
    },
	  {
      "id": "biomesoplenty:seasonal_pumpkin_patch",
      "required": false
    },
	  {
      "id": "biomesoplenty:dead_forest",
      "required": false
    },
    {
      "id": "biomesoplenty:fir_clearing",
      "required": false
    },
    {
      "id": "biomesoplenty:cherry_blossom_grove",
      "required": false
    },
    {
      "id": "biomesoplenty:field",
      "required": false
    }
  ]
}
