{
  "replace": false,

  "_comment": " This biome tag can specify the biome directly. Or specify another biome tag by starting with # ",
  "values": [
    "minecraft:snowy_taiga",
    "biomeswevegone:eroded_borealis",
    "biomeswevegone:howling_peaks",
    {
      "id": "byg:frosted_taiga",
      "required": false
    },
    {
      "id": "byg:frosted_coniferous_forest",
      "required": false
    },
    {
      "id": "byg:alps",
      "required": false
    },
    {
      "id": "byg:snowy_deciduous_forest",
      "required": false
    },
    {
      "id": "byg:snowy_evergreen_taiga",
      "required": false
    }
  ]
}