{
  "type": "minecraft:chest",
  "pools": [
    {
      "bonus_rolls": 0.0,
      "entries": [
        {
          "type": "loot_table",
          "name": "minecraft:numismatic/bronze_tier2"
        }
      ],
      "rolls": {
          "type": "minecraft:uniform",
          "max": 1.0,
          "min": 1.0
        }
    },
    {
      "bonus_rolls": 0.0,
      "entries": [
        {
          "type": "loot_table",
          "weight": 1,
          "name": "minecraft:cobblemon/cobblefood_loot_tier2"
        },
        {
          "type": "minecraft:item",
          "weight": 8,
          "name": "minecraft:air"
        }
      ],
      "rolls": {
          "type": "minecraft:uniform",
          "max": 1.0,
          "min": 1.0
        }
    },
    {
      "bonus_rolls": 0.0,
      "entries": [
        {
          "type": "loot_table",
          "weight": 1,
          "name": "minecraft:cobblemon/mythsandlegends"
        },
        {
          "type": "minecraft:item",
          "weight": 1000,
          "name": "minecraft:air"
        }
      ],
      "rolls": {
          "type": "minecraft:uniform",
          "max": 1.0,
          "min": 1.0
        }
    },
    {
      "bonus_rolls": 0.0,
      "entries": [
        {
          "type": "loot_table",
          "weight": 1,
          "name": "minecraft:cobblemon/pokeblocks_tier2"
        },
        {
          "type": "minecraft:item",
          "weight": 20,
          "name": "minecraft:air"
        }
      ],
      "rolls": {
          "type": "minecraft:uniform",
          "max": 1.0,
          "min": 1.0
        }
    },
    {
      "bonus_rolls": 0.0,
      "entries": [
        {
          "type": "loot_table",
          "weight": 1,
          "name": "minecraft:cobblemon/iv_add_tier1"
        },
        {
          "type": "minecraft:item",
          "weight": 3,
          "name": "minecraft:air"
        }
      ],
      "rolls": {
          "type": "minecraft:uniform",
          "max": 1.0,
          "min": 1.0
        }
    },
    {
      "bonus_rolls": 0.0,
      "entries": [
        {
          "type": "loot_table",
          "weight": 1,
          "name": "minecraft:cobblemon/nature_changer"
        },
        {
          "type": "minecraft:item",
          "weight": 20,
          "name": "minecraft:air"
        }
      ],
      "rolls": 1.0
    },
    {
      "bonus_rolls": 0.0,
      "entries": [
        {
          "type": "loot_table",
          "name": "minecraft:cobblemon/special_ball_loot",
          "weight": 30
        },
        {
          "type": "loot_table",
          "name": "minecraft:cobblemon/status_healing_loot",
          "weight": 10
        },
        {
          "type": "minecraft:item",
          "functions": [
            {
              "count": {
                "type": "minecraft:uniform",
                "max": 8.0,
                "min": 3.0
              },
              "function": "minecraft:set_count"
            }
          ],
          "name": "cobblemon:exp_candy_s",
          "weight": 2
        },
        {
          "type": "minecraft:item",
          "functions": [
            {
              "count": {
                "type": "minecraft:uniform",
                "max": 3.0,
                "min": 1.0
              },
              "function": "minecraft:set_count"
            }
          ],
          "name": "cobblemon:exp_candy_m",
          "weight": 2
        }
      ],
      "rolls": {
          "type": "minecraft:uniform",
          "max": 3.0,
          "min": 1.0
        }
    },
    {
      "bonus_rolls": 0.0,
      "entries": [
        {
          "type": "loot_table",
          "name": "minecraft:cobblemon/feather_loot_tier2",
          "weight": 7
        },
        {
          "type": "loot_table",
          "name": "minecraft:cobblemon/x_item_loot"
        },
        {
          "type": "minecraft:item",
          "name": "cobblemon:super_potion",
          "functions": [
            {
              "add": false,
              "count": {
                "type": "minecraft:uniform",
                "max": 4.0,
                "min": 2.0
              },
              "function": "minecraft:set_count"
            }
          ]
        },
        {
          "type": "minecraft:item",
          "name": "cobblemon:revive",
          "functions": [
            {
              "add": false,
              "count": {
                "type": "minecraft:uniform",
                "max": 4.0,
                "min": 1.0
              },
              "function": "minecraft:set_count"
            }
          ]
        }
      ],
      "rolls": {
          "type": "minecraft:uniform",
          "max": 3.0,
          "min": 1.0
        }
    }
  ],
  "random_sequence": "minecraft:chests/pillager_outpost"
}