{
	"format_version": "1.12.0",
	"minecraft:geometry": [
		{
			"description": {
				"identifier": "geometry.unknown",
				"texture_width": 128,
				"texture_height": 128,
				"visible_bounds_width": 6,
				"visible_bounds_height": 3.5,
				"visible_bounds_offset": [0, 1.25, 0]
			},
			"bones": [
				{
					"name": "root",
					"pivot": [0, 0, 0]
				},
				{
					"name": "kyurem",
					"parent": "root",
					"pivot": [0, 0, 0]
				},
				{
					"name": "body",
					"parent": "kyurem",
					"pivot": [-0.5, 16, 6],
					"rotation": [-12.5, 0, 0],
					"cubes": [
						{"origin": [-3.5, 16.75, -8.5], "size": [7, 8, 10], "pivot": [0.5, 20.75, -3.5], "rotation": [27.5, 0, 0], "uv": [65, 52]},
						{"origin": [-4, 16.75, -4], "size": [8, 8, 10], "pivot": [0, 20.75, 1], "rotation": [-35, 0, 0], "uv": [30, 62]},
						{"origin": [-5, 18.75, -1.5], "size": [10, 4, 6], "pivot": [0, 18.75, -0.5], "rotation": [47.5, 0, 0], "uv": [68, 17]},
						{"origin": [-7, 10, 1], "size": [14, 14, 13], "uv": [0, 0]},
						{"origin": [-6, 11.5, -3.25], "size": [12, 8, 8], "pivot": [0, 15, 1.25], "rotation": [-47.5, 0, 0], "uv": [0, 54]},
						{"origin": [-5.5, 13, -13], "size": [11, 10, 14], "uv": [0, 27]},
						{"origin": [2.05, 12.26593, -7.95882], "size": [4, 1, 2], "pivot": [4.05, 12.76593, -6.95882], "rotation": [-7.05323, -44.78238, 4.98107], "uv": [108, 101], "mirror": true},
						{"origin": [4.25, 18.8, -8.9], "size": [2, 3, 2], "pivot": [5.25, 20.3, -7.9], "rotation": [50, 0, 0], "uv": [49, 111]},
						{"origin": [4.35, 17.075, -12.7], "size": [2, 3, 2], "uv": [110, 112]},
						{"origin": [4.35, 17.075, -8.1], "size": [2, 3, 2], "uv": [111, 80]},
						{"origin": [4.35, 20.075, -10.4], "size": [2, 2, 2], "uv": [81, 106]},
						{"origin": [2.85, 21.575, -10.4], "size": [4, 6, 2], "pivot": [4.85, 22.075, -9.4], "rotation": [0, 0, 37.5], "uv": [104, 104]},
						{"origin": [5.35, 25.325, -10.9], "size": [4, 4, 3], "pivot": [7.35, 25.825, -9.9], "rotation": [0, 0, 85], "uv": [103, 58]},
						{"origin": [8.1, 25.575, -10.65], "size": [4, 6, 3], "pivot": [10.1, 26.075, -9.65], "rotation": [0, 0, 47.5], "uv": [32, 101]},
						{"origin": [10.6, 28.975, -10.4], "size": [5, 6, 3], "pivot": [13.6, 29.475, -9.4], "rotation": [0, 0, 80], "uv": [97, 24]},
						{"origin": [10.71944, 29.1823, -9.15], "size": [3, 4, 0], "pivot": [12.21944, 31.1823, -9.15], "rotation": [0, 0, 60], "uv": [0, 70]},
						{"origin": [1.35, 23.975, -9.15], "size": [3, 3, 0], "pivot": [6.35, 24.475, -11.15], "rotation": [0, 0, 80], "uv": [41, 0]},
						{"origin": [16.85, 29.075, -9.4], "size": [1, 6, 1], "pivot": [16.85, 29.575, -9.4], "rotation": [0, 0, 80], "uv": [69, 108]},
						{"origin": [16.55, 31.975, -9.4], "size": [1, 6, 1], "pivot": [16.55, 32.475, -9.4], "rotation": [0, 0, 80], "uv": [46, 101]},
						{"origin": [-6.25, 12.8, -12.4], "size": [2, 5, 2], "pivot": [-5.25, 16.3, -11.4], "rotation": [12.5, 0, 0], "uv": [0, 85]},
						{"origin": [-6, 12.29905, -11.60638], "size": [4, 1, 2], "pivot": [-4, 12.79905, -10.60638], "rotation": [-2.5, 0, 0], "uv": [108, 101]},
						{"origin": [-6.25, 12.5, -7.7], "size": [2, 5, 2], "pivot": [-5.25, 16, -6.7], "rotation": [15, 0, 0], "uv": [0, 85]},
						{"origin": [-6.05, 12.26593, -7.95882], "size": [4, 1, 2], "pivot": [-4.05, 12.76593, -6.95882], "rotation": [-7.05323, 44.78238, -4.98107], "uv": [108, 101]},
						{"origin": [-6.35, 17.075, -12.7], "size": [2, 3, 2], "uv": [110, 112], "mirror": true},
						{"origin": [-6.25, 18.875, -11.9], "size": [2, 3, 2], "pivot": [-5.25, 20.375, -10.9], "rotation": [-47.5, 0, 0], "uv": [102, 112], "mirror": true},
						{"origin": [-6.6, 21.325, -10.4], "size": [4, 6, 2], "pivot": [-4.6, 21.825, -9.4], "rotation": [0, 0, -37.5], "uv": [0, 105]},
						{"origin": [-6.25, 18.8, -8.9], "size": [2, 3, 2], "pivot": [-5.25, 20.3, -7.9], "rotation": [50, 0, 0], "uv": [49, 111], "mirror": true},
						{"origin": [-6.35, 17.075, -8.1], "size": [2, 3, 2], "uv": [111, 80], "mirror": true},
						{"origin": [-6.35, 20.075, -10.4], "size": [2, 2, 2], "uv": [81, 106], "mirror": true},
						{"origin": [-9.1, 25.075, -10.9], "size": [5, 6, 3], "pivot": [-7.1, 25.575, -9.9], "rotation": [0, 0, -85], "uv": [50, 95]},
						{"origin": [-12.1, 26.075, -9.9], "size": [1, 3, 1], "pivot": [-13.1, 26.575, -9.9], "rotation": [0, 0, -85], "uv": [79, 27]},
						{"origin": [-12.1, 23.075, -9.9], "size": [1, 3, 1], "pivot": [-13.1, 23.575, -9.9], "rotation": [0, 0, -85], "uv": [64, 38]},
						{"origin": [4.25, 18.875, -11.9], "size": [2, 3, 2], "pivot": [5.25, 20.375, -10.9], "rotation": [-47.5, 0, 0], "uv": [102, 112]},
						{"origin": [-7.22704, 26.34548, -9.15], "size": [3, 4, 0], "pivot": [-5.72704, 27.84548, -9.15], "rotation": [0, 0, -57.5], "uv": [68, 17]},
						{"origin": [2, 12.29905, -11.60638], "size": [4, 1, 2], "pivot": [4, 12.79905, -10.60638], "rotation": [-2.5, 0, 0], "uv": [108, 101], "mirror": true},
						{"origin": [4.25, 12.5, -7.7], "size": [2, 5, 2], "pivot": [5.25, 16, -6.7], "rotation": [15, 0, 0], "uv": [0, 85], "mirror": true},
						{"origin": [4.25, 12.8, -12.4], "size": [2, 5, 2], "pivot": [5.25, 16.3, -11.4], "rotation": [12.5, 0, 0], "uv": [0, 85], "mirror": true}
					]
				},
				{
					"name": "left_arm",
					"parent": "body",
					"pivot": [6.35, 18.475, -9.4],
					"rotation": [0, 0, 45],
					"cubes": [
						{"origin": [4.85, 17.475, -10.4], "size": [2, 2, 2], "uv": [10, 99]},
						{"origin": [6.85, 17.975, -9.9], "size": [4, 1, 1], "uv": [28, 51]}
					]
				},
				{
					"name": "lower_left_arm",
					"parent": "left_arm",
					"pivot": [10.91667, 18.475, -9.56667],
					"rotation": [80.12692, 49.38542, 32.04249],
					"cubes": [
						{"origin": [10.85, 17.475, -9.9], "size": [4, 2, 1], "uv": [18, 51]},
						{"origin": [14.35, 18.725, -10.15], "size": [2, 1, 1], "pivot": [15.35, 19.225, -10.15], "rotation": [0, 0, -15], "uv": [32, 59]},
						{"origin": [14.35, 17.225, -10.15], "size": [2, 1, 1], "pivot": [15.35, 17.725, -10.15], "rotation": [0, 0, 15], "uv": [56, 38]}
					]
				},
				{
					"name": "neck",
					"parent": "body",
					"pivot": [0, 23.15, -12.8],
					"rotation": [7.5, 0, 0],
					"cubes": [
						{"origin": [-4.5, 13.75, -18.5], "size": [9, 9, 6], "uv": [0, 70]}
					]
				},
				{
					"name": "bone4",
					"parent": "neck",
					"pivot": [0, 22, -18.75],
					"rotation": [12.5, 0, 0],
					"cubes": [
						{"origin": [-4, 14.25, -27.5], "size": [8, 8, 9], "uv": [68, 0]},
						{"origin": [0, 22.25, -27.5], "size": [0, 7, 6], "uv": [0, 0]}
					]
				},
				{
					"name": "bone9",
					"parent": "bone4",
					"pivot": [-1.5, 16.75, -28.5],
					"rotation": [-5, 0, 0],
					"cubes": [
						{"origin": [0, 21.75, -33.5], "size": [0, 7, 6], "uv": [0, 21]},
						{"origin": [-3.5, 14.75, -33.5], "size": [7, 7, 6], "uv": [24, 80]}
					]
				},
				{
					"name": "head",
					"parent": "bone9",
					"pivot": [0.01904, 20.00192, -33.56322],
					"cubes": [
						{"origin": [-6, 13.75, -37.5], "size": [12, 9, 4], "uv": [64, 38]},
						{"origin": [-3, 16.85, -41.5], "size": [6, 1, 4], "uv": [94, 17]},
						{"origin": [-1.45, 16.85, -44.5], "size": [3, 1, 3], "uv": [12, 85]},
						{"origin": [-3.68198, 16.75, -44.64645], "size": [2, 4, 8], "pivot": [-2.68198, 19.75, -40.64645], "rotation": [0, -25, 0], "uv": [66, 88]},
						{"origin": [-2.04651, 16.25, -43.89591], "size": [0, 1, 1], "pivot": [-2.04651, 16.75, -43.39591], "rotation": [45, -25, 0], "uv": [11, 0]},
						{"origin": [-2.79651, 16.25, -42.14591], "size": [0, 1, 1], "pivot": [-2.79651, 16.75, -41.64591], "rotation": [45, -25, 0], "uv": [9, 1]},
						{"origin": [-3.79651, 16.25, -40.14591], "size": [0, 1, 1], "pivot": [-3.79651, 16.75, -39.64591], "rotation": [45, -25, 0], "uv": [0, 1]},
						{"origin": [-3.73198, 18.75, -42.64645], "size": [2, 3, 4], "pivot": [-2.73198, 20.75, -40.64645], "rotation": [0, -25, 0], "uv": [105, 94]},
						{"origin": [-3.43198, 19.15, -42.44645], "size": [2, 2, 3], "pivot": [-2.43198, 21.15, -41.44645], "rotation": [10, -25, 0], "uv": [56, 67]},
						{"origin": [-4.38198, 20.65, -44.64645], "size": [2, 2, 8], "pivot": [-3.38198, 25.65, -40.64645], "rotation": [0, -25, 0], "uv": [91, 62]},
						{"origin": [-4.5, 20.75, -40.5], "size": [9, 2, 3], "uv": [89, 53]},
						{"origin": [-2.4, 20.75, -43.5], "size": [5, 2, 3], "uv": [61, 0]},
						{"origin": [-1.4, 22.75, -43.5], "size": [3, 2, 3], "pivot": [0.1, 23.75, -42], "rotation": [32.5, 0, 0], "uv": [103, 65]},
						{"origin": [-0.9, 22.75, -40.5], "size": [2, 2, 3], "pivot": [0.6, 23.75, -42], "rotation": [32.5, 0, 0], "uv": [110, 22]},
						{"origin": [-0.4, 22.75, -37.5], "size": [1, 2, 2], "pivot": [0.1, 23.75, -42], "rotation": [32.5, 0, 0], "uv": [24, 70]},
						{"origin": [-1.99302, 16.725, -44.74645], "size": [4, 5, 1], "uv": [111, 6]},
						{"origin": [1.73198, 18.75, -42.64645], "size": [2, 3, 4], "pivot": [2.73198, 20.75, -40.64645], "rotation": [0, 25, 0], "uv": [73, 106]},
						{"origin": [1.43198, 19.15, -42.44645], "size": [2, 2, 3], "pivot": [2.43198, 21.15, -41.44645], "rotation": [10, 25, 0], "uv": [110, 16]},
						{"origin": [2.38198, 20.65, -44.64645], "size": [2, 2, 8], "pivot": [3.38198, 25.65, -40.64645], "rotation": [0, 25, 0], "uv": [89, 43]},
						{"origin": [3.79651, 16.25, -40.14591], "size": [0, 1, 1], "pivot": [3.79651, 16.75, -39.64591], "rotation": [45, 25, 0], "uv": [12, 29]},
						{"origin": [1.68198, 16.75, -44.64645], "size": [2, 4, 8], "pivot": [2.68198, 19.75, -40.64645], "rotation": [0, 25, 0], "uv": [0, 85]},
						{"origin": [2.04651, 16.25, -43.89591], "size": [0, 1, 1], "pivot": [2.04651, 16.75, -43.39591], "rotation": [45, 25, 0], "uv": [9, 0]},
						{"origin": [2.79651, 16.25, -42.14591], "size": [0, 1, 1], "pivot": [2.79651, 16.75, -41.64591], "rotation": [45, 25, 0], "uv": [0, 0]},
						{"origin": [0, 22.75, -39.5], "size": [0, 7, 6], "uv": [0, 28]}
					]
				},
				{
					"name": "bottom_jaw",
					"parent": "head",
					"pivot": [0.00325, 16.85917, -36.06343],
					"rotation": [-2.5, 0, 0],
					"cubes": [
						{"origin": [-3.68198, 15.75, -44.64645], "size": [2, 2, 8], "pivot": [-2.68198, 15.75, -40.64645], "rotation": [-25, 0, 90], "uv": [12, 89]},
						{"origin": [-1.46802, 12.775, -40.32145], "size": [2, 5, 4], "pivot": [-0.46802, 15.775, -34.32145], "rotation": [0, 0, -90], "uv": [92, 104]},
						{"origin": [0.00698, 15.725, -44.29645], "size": [2, 2, 8], "pivot": [1.00698, 15.725, -40.29645], "rotation": [0, 0, -90], "uv": [92, 72]},
						{"origin": [0.00698, 15.825, -43.69645], "size": [2, 2, 6], "pivot": [1.00698, 15.825, -39.69645], "rotation": [0, 0, -90], "uv": [97, 33]},
						{"origin": [1.68198, 15.75, -44.64645], "size": [2, 2, 8], "pivot": [2.68198, 15.75, -40.64645], "rotation": [-25, 0, -90], "uv": [86, 88]},
						{"origin": [-4.2891, 14.61147, -45.97373], "size": [2, 3, 5], "pivot": [-2.75, 16.45, -42.525], "rotation": [18.02272, -31.44052, -47.59336], "uv": [101, 41]},
						{"origin": [-6.24317, 14.15228, -41.77315], "size": [3, 3, 5], "pivot": [-4.74317, 15.65228, -39.27315], "rotation": [15, -20, -42.5], "uv": [16, 99]},
						{"origin": [2.2891, 14.61147, -45.97373], "size": [2, 3, 5], "pivot": [2.75, 16.45, -42.525], "rotation": [18.02272, 31.44052, 47.59336], "uv": [102, 8]},
						{"origin": [3.24317, 14.15228, -41.77315], "size": [3, 3, 5], "pivot": [4.74317, 15.65228, -39.27315], "rotation": [15, 20, 42.5], "uv": [61, 100]},
						{"origin": [4, 14.15, -37.575], "size": [3, 3, 3], "pivot": [5.5, 15.65, -36.075], "rotation": [0, 0, 42.5], "uv": [107, 33]},
						{"origin": [4, 15.15, -37.5], "size": [3, 3, 3], "pivot": [5.5, 16.65, -36], "rotation": [-32.5, 0, 0], "uv": [102, 82]},
						{"origin": [-7, 14.15, -37.575], "size": [3, 3, 3], "pivot": [-5.5, 15.65, -36.075], "rotation": [0, 0, -42.5], "uv": [0, 0]},
						{"origin": [-7, 15.15, -37.5], "size": [3, 3, 3], "pivot": [-5.5, 16.65, -36], "rotation": [-32.5, 0, 0], "uv": [44, 80]},
						{"origin": [-2.30912, 17.25, -44.44114], "size": [0, 1, 1], "pivot": [-2.30912, 17.75, -43.94114], "rotation": [-50.23215, -29.98012, 0.50246], "uv": [12, 30]},
						{"origin": [-3.30912, 16.95, -42.94114], "size": [0, 1, 1], "pivot": [-3.30912, 17.45, -42.44114], "rotation": [45, -33, 0], "uv": [12, 28]},
						{"origin": [-4.00912, 17.25, -40.94114], "size": [0, 1, 1], "pivot": [-4.00912, 17.75, -40.44114], "rotation": [40.39811, -23.78926, 9.62836], "uv": [12, 26]},
						{"origin": [4.00912, 17.25, -40.94114], "size": [0, 1, 1], "pivot": [4.00912, 17.75, -40.44114], "rotation": [40.39811, 23.78926, -9.62836], "uv": [12, 31]},
						{"origin": [2.30912, 17.25, -44.44114], "size": [0, 1, 1], "pivot": [2.30912, 17.75, -43.94114], "rotation": [-50.23215, 29.98012, -0.50246], "uv": [12, 27]},
						{"origin": [3.30912, 16.95, -42.94114], "size": [0, 1, 1], "pivot": [3.30912, 17.45, -42.44114], "rotation": [45, 33, 0], "uv": [11, 1]}
					]
				},
				{
					"name": "bone7",
					"parent": "head",
					"pivot": [1.08767, 23.08979, -47.21752],
					"rotation": [140, 0, 0],
					"cubes": [
						{"origin": [0.1885, 21.0615, -52.02821], "size": [4, 4, 3], "pivot": [0, 25.25, -46], "rotation": [0, 0, 45], "uv": [104, 72]},
						{"origin": [-0.6885, 17.9115, -52.02821], "size": [3, 4, 3], "pivot": [2.5, 22.1, -46], "rotation": [0, 0, -45], "uv": [12, 107]},
						{"origin": [2.68329, 11.43056, -51.02821], "size": [3, 5, 1], "pivot": [6.62724, 17.34314, -46.5], "rotation": [0, 0, -40], "uv": [92, 72]},
						{"origin": [1.6704, 14.89726, -51.52821], "size": [3, 4, 2], "pivot": [4.77724, 20.34314, -46], "rotation": [0, 0, -25], "uv": [111, 0]},
						{"origin": [-2.3115, 17.9115, -52.02821], "size": [3, 4, 3], "pivot": [-2.5, 22.1, -46], "rotation": [0, 0, 45], "uv": [57, 108]},
						{"origin": [-4.6704, 12.89726, -51.52821], "size": [3, 6, 2], "pivot": [-4.77724, 20.34314, -46], "rotation": [0, 0, 25], "uv": [74, 70]}
					]
				},
				{
					"name": "left_leg",
					"parent": "body",
					"pivot": [8.5, 16.5, 4.5],
					"rotation": [12.5, 0, 0],
					"cubes": [
						{"origin": [5, 11, -1], "size": [7, 11, 11], "pivot": [8.5, 16.5, 4.5], "rotation": [32.5, 0, 0], "uv": [43, 16]}
					]
				},
				{
					"name": "left_leg1",
					"parent": "left_leg",
					"pivot": [8.5, 14.29919, 9.00678],
					"cubes": [
						{"origin": [5.5, 11.77738, 6.00631], "size": [6, 5, 6], "pivot": [8.5, 14.27738, 9.50631], "rotation": [-2.5, 0, 0], "uv": [50, 84]}
					]
				},
				{
					"name": "left_leg2",
					"parent": "left_leg1",
					"pivot": [8.5, 11.79134, 9.13806],
					"cubes": [
						{"origin": [6.5, 5.1, 3.6], "size": [4, 4, 10], "pivot": [8.5, 7.6, 8.6], "rotation": [-112.5, 0, 0], "uv": [74, 74]}
					]
				},
				{
					"name": "left_leg3",
					"parent": "left_leg2",
					"pivot": [6.25, 3.1, 6.85],
					"cubes": [
						{"origin": [6, 0.6, 2.85], "size": [5, 4, 4], "pivot": [8.5, 2.1, 5.35], "rotation": [-47.5, 0, 0], "uv": [32, 93]},
						{"origin": [5.5, -0.15, 2.1], "size": [6, 3, 3], "pivot": [8, 1.35, 3.6], "rotation": [-90, 0, 0], "uv": [98, 88]},
						{"origin": [9.75, -0.4, -0.65], "size": [2, 3, 3], "pivot": [10.75, 1.1, 0.85], "rotation": [-90, -17.5, 0], "uv": [24, 107]},
						{"origin": [10.75, -3.4, -0.65], "size": [0, 3, 3], "pivot": [10.75, 1.1, 0.85], "rotation": [-90, -17.5, 0], "uv": [54, 10]},
						{"origin": [7.5, -0.15, -0.9], "size": [2, 3, 3], "pivot": [10, 1.35, 0.6], "rotation": [-90, 0, 0], "uv": [31, 110]},
						{"origin": [8.5, -0.15, -3.9], "size": [0, 3, 3], "pivot": [11, 1.35, -2.4], "rotation": [-90, 0, 0], "uv": [32, 50]},
						{"origin": [5.25, -0.4, -0.65], "size": [2, 3, 3], "pivot": [6.25, 1.1, 0.85], "rotation": [-90, 15, 0], "uv": [36, 35]},
						{"origin": [6.25, -3.4, -0.65], "size": [0, 3, 3], "pivot": [6.25, 1.1, 0.85], "rotation": [-90, 15, 0], "uv": [32, 53]}
					]
				},
				{
					"name": "right_leg",
					"parent": "body",
					"pivot": [-8.5, 16.5, 4.5],
					"rotation": [12.5, 0, 0],
					"cubes": [
						{"origin": [-12, 11, -1], "size": [7, 11, 11], "pivot": [-8.5, 16.5, 4.5], "rotation": [32.5, 0, 0], "uv": [43, 16], "mirror": true}
					]
				},
				{
					"name": "right_leg1",
					"parent": "right_leg",
					"pivot": [-8.5, 14.29919, 9.00678],
					"cubes": [
						{"origin": [-11.5, 11.77738, 6.00631], "size": [6, 5, 6], "pivot": [-8.5, 14.27738, 9.50631], "rotation": [-2.5, 0, 0], "uv": [50, 84], "mirror": true}
					]
				},
				{
					"name": "right_leg2",
					"parent": "right_leg1",
					"pivot": [-8.5, 11.79134, 9.13806],
					"cubes": [
						{"origin": [-10.5, 5.1, 3.6], "size": [4, 4, 10], "pivot": [-8.5, 7.6, 8.6], "rotation": [-112.5, 0, 0], "uv": [74, 74], "mirror": true}
					]
				},
				{
					"name": "right_leg3",
					"parent": "right_leg2",
					"pivot": [-6.25, 3.1, 6.85],
					"cubes": [
						{"origin": [-11, 0.6, 2.85], "size": [5, 4, 4], "pivot": [-8.5, 2.1, 5.35], "rotation": [-47.5, 0, 0], "uv": [32, 93], "mirror": true},
						{"origin": [-11.5, -0.15, 2.1], "size": [6, 3, 3], "pivot": [-8, 1.35, 3.6], "rotation": [-90, 0, 0], "uv": [98, 88], "mirror": true},
						{"origin": [-9.5, -0.15, -0.9], "size": [2, 3, 3], "pivot": [-10, 1.35, 0.6], "rotation": [-90, 0, 0], "uv": [31, 110], "mirror": true},
						{"origin": [-7.25, -0.4, -0.65], "size": [2, 3, 3], "pivot": [-6.25, 1.1, 0.85], "rotation": [-90, -15, 0], "uv": [36, 35], "mirror": true},
						{"origin": [-6.25, -3.4, -0.65], "size": [0, 3, 3], "pivot": [-6.25, 1.1, 0.85], "rotation": [-90, -15, 0], "uv": [32, 53], "mirror": true},
						{"origin": [-8.5, -0.15, -3.9], "size": [0, 3, 3], "pivot": [-11, 1.35, -2.4], "rotation": [-90, 0, 0], "uv": [32, 50], "mirror": true},
						{"origin": [-10.75, -3.4, -0.65], "size": [0, 3, 3], "pivot": [-10.75, 1.1, 0.85], "rotation": [-90, 17.5, 0], "uv": [54, 10], "mirror": true},
						{"origin": [-11.75, -0.4, -0.65], "size": [2, 3, 3], "pivot": [-10.75, 1.1, 0.85], "rotation": [-90, 17.5, 0], "uv": [24, 107], "mirror": true}
					]
				},
				{
					"name": "right_arm",
					"parent": "body",
					"pivot": [-6.35, 18.475, -9.4],
					"rotation": [0, 0, -45],
					"cubes": [
						{"origin": [-6.85, 17.475, -10.4], "size": [2, 2, 2], "uv": [10, 99], "mirror": true},
						{"origin": [-10.85, 17.975, -9.9], "size": [4, 1, 1], "uv": [28, 51], "mirror": true}
					]
				},
				{
					"name": "lower_right_arm",
					"parent": "right_arm",
					"pivot": [-10.91667, 18.475, -9.56667],
					"rotation": [80.12692, -49.38542, -32.04249],
					"cubes": [
						{"origin": [-14.85, 17.475, -9.9], "size": [4, 2, 1], "uv": [18, 51], "mirror": true},
						{"origin": [-16.35, 18.725, -10.15], "size": [2, 1, 1], "pivot": [-15.35, 19.225, -10.15], "rotation": [0, 0, 15], "uv": [32, 59], "mirror": true},
						{"origin": [-16.35, 17.225, -10.15], "size": [2, 1, 1], "pivot": [-15.35, 17.725, -10.15], "rotation": [0, 0, -15], "uv": [56, 38], "mirror": true}
					]
				},
				{
					"name": "tail",
					"parent": "body",
					"pivot": [0.04687, 22.75, 13.18363],
					"rotation": [17.5, 0, 0],
					"cubes": [
						{"origin": [-1.5, 21.25, 12.75], "size": [3, 3, 4], "uv": [46, 104]},
						{"origin": [-3.425, 19.25, 16.75], "size": [7, 7, 6], "uv": [41, 0]},
						{"origin": [-0.925, 24.73604, 20.25], "size": [2, 2, 6], "uv": [80, 98]},
						{"origin": [-0.425, 23.98604, 25.85], "size": [1, 1, 3], "pivot": [-0.925, 25.48604, 29.85], "rotation": [-20, 0, 0], "uv": [67, 5]},
						{"origin": [-3.175, 19.68604, 25.5], "size": [1, 1, 3], "pivot": [-2.675, 20.68604, 27.5], "rotation": [0, 20, -45], "uv": [12, 89]},
						{"origin": [-3.925, 18.73604, 20.25], "size": [2, 2, 6], "uv": [78, 88]},
						{"origin": [2.075, 18.73604, 20.25], "size": [2, 2, 6], "uv": [0, 97]},
						{"origin": [2.325, 19.68604, 25.5], "size": [1, 1, 3], "pivot": [2.825, 20.68604, 27.5], "rotation": [0, -20, 45], "uv": [84, 70]}
					]
				}
			]
		}
	]
}