{
	"format_version": "1.12.0",
	"minecraft:geometry": [
		{
			"description": {
				"identifier": "geometry.binacle",
				"texture_width": 64,
				"texture_height": 64,
				"visible_bounds_width": 3,
				"visible_bounds_height": 2.5,
				"visible_bounds_offset": [0, 0.75, 0]
			},
			"bones": [
				{
					"name": "binacle",
					"pivot": [0, 0, 0]
				},
				{
					"name": "body",
					"parent": "binacle",
					"pivot": [0, 0, 0]
				},
				{
					"name": "torso",
					"parent": "body",
					"pivot": [-1.5, 0, 0],
					"cubes": [
						{"origin": [-6, 2, -5], "size": [12, 4, 9], "uv": [0, 0]},
						{"origin": [-4, 6, -2], "size": [8, 2, 5], "uv": [0, 22]},
						{"origin": [-2, 6, -5], "size": [4, 1, 3], "uv": [34, 18]},
						{"origin": [-5, 0, -4], "size": [10, 2, 7], "uv": [0, 13]}
					]
				},
				{
					"name": "bone4",
					"parent": "torso",
					"pivot": [-3.25, 5.9, -1.5],
					"rotation": [0, 0, -17.5],
					"cubes": [
						{"origin": [-5.25, 4.9, -3], "size": [4, 3, 3], "uv": [22, 37]}
					]
				},
				{
					"name": "bone17",
					"parent": "bone4",
					"pivot": [-3, 7.8, -0.25],
					"cubes": [
						{"origin": [-5.25, 7.8, -3], "size": [4, 3, 3], "inflate": -0.1, "uv": [42, 6]}
					]
				},
				{
					"name": "bone18",
					"parent": "bone17",
					"pivot": [-3.25, 10.45, -1.5],
					"cubes": [
						{"origin": [-5.25, 10.4, -3], "size": [4, 3, 3], "uv": [0, 39]}
					]
				},
				{
					"name": "other_head",
					"parent": "bone18",
					"pivot": [-3.5, 13.15, -1.5],
					"cubes": [
						{"origin": [-6.75, 13.9, -3.5], "size": [7, 6, 4], "uv": [26, 22]},
						{"origin": [-5.75, 12.9, -3.5], "size": [5, 1, 4], "uv": [22, 32]},
						{"origin": [-6.75, 18.4, -3.5], "size": [7, 2, 0], "pivot": [-3.75, 18.4, -3.5], "rotation": [2.5, 0, 0], "uv": [40, 32]},
						{"origin": [-6.775, 18.4, -3.5], "size": [0, 2, 4], "pivot": [-6.525, 18.5, -1.4], "rotation": [0, 0, -2.5], "uv": [50, 36]},
						{"origin": [-6.75, 18.4, 0.5], "size": [7, 2, 0], "pivot": [-3.75, 18.4, 0.5], "rotation": [-2.5, 0, 0], "uv": [40, 34]},
						{"origin": [0.25, 18.4, -3.5], "size": [0, 2, 4], "pivot": [0.25, 18.4, -1.5], "rotation": [0, 0, 2.5], "uv": [32, 50]},
						{"origin": [-2.725, 13.35, -3.55], "size": [2, 3, 0], "pivot": [-1.725, 14.35, -2.55], "rotation": [0, 0, 7.5], "uv": [24, 56]},
						{"origin": [-5.775, 13.35, -3.55], "size": [2, 3, 0], "pivot": [-4.775, 14.35, -2.55], "rotation": [0, 0, -7.5], "uv": [28, 56]}
					]
				},
				{
					"name": "bone19",
					"parent": "other_head",
					"pivot": [-0.75, 12.9, -0.5],
					"cubes": [
						{"origin": [-4.75, 13.75, -2.525], "size": [3, 2, 0], "uv": [14, 41]}
					]
				},
				{
					"name": "bone20",
					"parent": "other_head",
					"pivot": [-3.25, 14.75, -3.525],
					"cubes": [
						{"origin": [-4.75, 14.25, -3.525], "size": [3, 1, 0], "uv": [48, 31]}
					]
				},
				{
					"name": "bone21",
					"parent": "other_head",
					"pivot": [-3.025, 20, 0],
					"cubes": [
						{"origin": [-4.775, 19.75, -3], "size": [3, 4, 3], "uv": [40, 43]}
					]
				},
				{
					"name": "bone22",
					"parent": "bone21",
					"pivot": [-3.225, 23.725, -0.125],
					"cubes": [
						{"origin": [-3.775, 23.4, -3], "size": [1, 2, 3], "inflate": -0.125, "uv": [56, 0]},
						{"origin": [-4.275, 23.4, -3], "size": [2, 2, 3], "inflate": -0.15, "uv": [48, 23]}
					]
				},
				{
					"name": "bone23",
					"parent": "bone22",
					"pivot": [-3.225, 25.25, -0.25],
					"cubes": [
						{"origin": [-3.775, 24.9, -3], "size": [1, 2, 3], "inflate": -0.225, "uv": [56, 5]}
					]
				},
				{
					"name": "bone24",
					"parent": "other_head",
					"pivot": [-0.8, 19.85, 0],
					"cubes": [
						{"origin": [-1.3, 19.85, -3], "size": [1, 3, 3], "uv": [52, 12]}
					]
				},
				{
					"name": "bone25",
					"parent": "bone24",
					"pivot": [-0.8, 22.85, -0.15],
					"cubes": [
						{"origin": [-1.3, 22.6, -3], "size": [1, 3, 3], "inflate": -0.125, "uv": [48, 50]}
					]
				},
				{
					"name": "bone26",
					"parent": "other_head",
					"pivot": [-5.8, 19.85, -0.025],
					"cubes": [
						{"origin": [-6.3, 19.85, -3], "size": [1, 3, 3], "uv": [52, 12]}
					]
				},
				{
					"name": "bone27",
					"parent": "bone26",
					"pivot": [-5.725, 22.85, -0.15],
					"cubes": [
						{"origin": [-6.3, 22.6, -3], "size": [1, 3, 3], "inflate": -0.125, "uv": [52, 42]}
					]
				},
				{
					"name": "bone28",
					"parent": "other_head",
					"pivot": [-3.25, 17.4, -3.5],
					"cubes": [
						{"origin": [-4.75, 17.25, -3.55], "size": [3, 1, 0], "uv": [52, 48]},
						{"origin": [-6.25, 17.75, -3.55], "size": [2, 1, 0], "pivot": [-5.25, 18.25, -3.55], "rotation": [0, 0, 17.5], "uv": [24, 49]},
						{"origin": [-2.25, 17.75, -3.55], "size": [2, 1, 0], "pivot": [-1.25, 18.25, -3.55], "rotation": [0, 0, -17.5], "uv": [52, 49]}
					]
				},
				{
					"name": "bone29",
					"parent": "other_head",
					"pivot": [-4.7, 17.125, -3.525],
					"cubes": [
						{"origin": [-5.2, 16.625, -3.525], "size": [1, 1, 0], "uv": [20, 41]}
					]
				},
				{
					"name": "bone30",
					"parent": "other_head",
					"pivot": [-1.8, 17.125, -3.525],
					"cubes": [
						{"origin": [-2.3, 16.625, -3.525], "size": [1, 1, 0], "uv": [20, 42]}
					]
				},
				{
					"name": "bone",
					"parent": "torso",
					"pivot": [3.25, 5.9, -1.5],
					"rotation": [0, 0, 17.5],
					"cubes": [
						{"origin": [1.25, 4.9, -3], "size": [4, 3, 3], "uv": [22, 37]}
					]
				},
				{
					"name": "bone2",
					"parent": "bone",
					"pivot": [3, 7.8, -0.25],
					"cubes": [
						{"origin": [1.25, 7.8, -3], "size": [4, 3, 3], "inflate": -0.1, "uv": [36, 37]}
					]
				},
				{
					"name": "bone3",
					"parent": "bone2",
					"pivot": [3.25, 10.45, -1.5],
					"cubes": [
						{"origin": [1.25, 10.4, -3], "size": [4, 3, 3], "uv": [0, 39]}
					]
				},
				{
					"name": "head",
					"parent": "bone3",
					"pivot": [3.5, 13.15, -1.5],
					"cubes": [
						{"origin": [-0.25, 13.9, -3.5], "size": [7, 6, 4], "uv": [26, 22]},
						{"origin": [0.75, 12.9, -3.5], "size": [5, 1, 4], "uv": [22, 32]},
						{"origin": [-0.25, 18.4, -3.5], "size": [7, 2, 0], "pivot": [3.75, 18.4, -3.5], "rotation": [2.5, 0, 0], "uv": [40, 32]},
						{"origin": [6.775, 18.4, -3.5], "size": [0, 2, 4], "pivot": [6.525, 18.5, -1.4], "rotation": [0, 0, 2.5], "uv": [32, 50]},
						{"origin": [-0.25, 18.4, 0.5], "size": [7, 2, 0], "pivot": [3.75, 18.4, 0.5], "rotation": [-2.5, 0, 0], "uv": [40, 34]},
						{"origin": [-0.25, 18.4, -3.5], "size": [0, 2, 4], "pivot": [-0.25, 18.4, -1.5], "rotation": [0, 0, -2.5], "uv": [50, 36]},
						{"origin": [0.725, 13.35, -3.55], "size": [2, 3, 0], "pivot": [1.725, 14.35, -2.55], "rotation": [0, 0, -7.5], "uv": [22, 29]},
						{"origin": [3.775, 13.35, -3.55], "size": [2, 3, 0], "pivot": [4.775, 14.35, -2.55], "rotation": [0, 0, 7.5], "uv": [48, 28]}
					]
				},
				{
					"name": "bone16",
					"parent": "head",
					"pivot": [0.75, 12.9, -0.5],
					"cubes": [
						{"origin": [1.75, 13.75, -2.525], "size": [3, 2, 0], "uv": [14, 41]}
					]
				},
				{
					"name": "bone13",
					"parent": "head",
					"pivot": [3.25, 14.75, -3.525],
					"cubes": [
						{"origin": [1.75, 14.25, -3.525], "size": [3, 1, 0], "uv": [42, 12]}
					]
				},
				{
					"name": "bone5",
					"parent": "head",
					"pivot": [3.025, 20, 0],
					"cubes": [
						{"origin": [1.775, 19.75, -3], "size": [3, 4, 3], "uv": [40, 43]}
					]
				},
				{
					"name": "bone6",
					"parent": "bone5",
					"pivot": [3.225, 23.725, -0.125],
					"cubes": [
						{"origin": [2.775, 23.4, -3], "size": [1, 2, 3], "inflate": -0.125, "uv": [16, 55]},
						{"origin": [2.275, 23.4, -3], "size": [2, 2, 3], "inflate": -0.15, "uv": [48, 18]}
					]
				},
				{
					"name": "bone7",
					"parent": "bone6",
					"pivot": [3.225, 25.25, -0.25],
					"cubes": [
						{"origin": [2.775, 24.9, -3], "size": [1, 2, 3], "inflate": -0.225, "uv": [8, 55]}
					]
				},
				{
					"name": "bone10",
					"parent": "head",
					"pivot": [0.8, 19.85, 0],
					"cubes": [
						{"origin": [0.3, 19.85, -3], "size": [1, 3, 3], "uv": [52, 12]}
					]
				},
				{
					"name": "bone11",
					"parent": "bone10",
					"pivot": [0.8, 22.85, -0.15],
					"cubes": [
						{"origin": [0.3, 22.6, -3], "size": [1, 3, 3], "inflate": -0.125, "uv": [24, 50]}
					]
				},
				{
					"name": "bone8",
					"parent": "head",
					"pivot": [5.8, 19.85, -0.025],
					"cubes": [
						{"origin": [5.3, 19.85, -3], "size": [1, 3, 3], "uv": [52, 12]}
					]
				},
				{
					"name": "bone9",
					"parent": "bone8",
					"pivot": [5.725, 22.85, -0.15],
					"cubes": [
						{"origin": [5.3, 22.6, -3], "size": [1, 3, 3], "inflate": -0.125, "uv": [8, 49]}
					]
				},
				{
					"name": "bone12",
					"parent": "head",
					"pivot": [3.25, 17.4, -3.5],
					"cubes": [
						{"origin": [1.75, 17.25, -3.55], "size": [3, 1, 0], "uv": [40, 36]},
						{"origin": [4.25, 17.75, -3.55], "size": [2, 1, 0], "pivot": [5.25, 18.25, -3.55], "rotation": [0, 0, -17.5], "uv": [46, 36]},
						{"origin": [0.25, 17.75, -3.55], "size": [2, 1, 0], "pivot": [1.25, 18.25, -3.55], "rotation": [0, 0, 17.5], "uv": [48, 12]}
					]
				},
				{
					"name": "bone15",
					"parent": "head",
					"pivot": [4.7, 17.125, -3.525],
					"cubes": [
						{"origin": [4.2, 16.625, -3.525], "size": [1, 1, 0], "uv": [20, 40]}
					]
				},
				{
					"name": "bone31",
					"parent": "bone15",
					"pivot": [4.7, 17.125, -3.525]
				},
				{
					"name": "bone14",
					"parent": "head",
					"pivot": [1.8, 17.125, -3.525],
					"cubes": [
						{"origin": [1.3, 16.625, -3.525], "size": [1, 1, 0], "uv": [20, 39]}
					]
				}
			]
		}
	]
}