{
	"format_version": "1.8.0",
	"animations": {
		"animation.stunky.ground_walk": {
			"loop": true,
			"animation_length": 2,
			"bones": {
				"leg_fr": {
					"rotation": {
						"0.0": [-30, 0, 0],
						"0.25": [0, 0, 0],
						"0.5": [30, 0, 0],
						"0.75": [0, 0, 0],
						"1.0": [-30, 0, 0],
						"1.25": [0, 0, 0],
						"1.5": [30, 0, 0],
						"1.75": [0, 0, 0],
						"2.0": [-30, 0, 0]
					}
				},
				"leg_br": {
					"rotation": {
						"0.0": [30, 0, 0],
						"0.25": [0, 0, 0],
						"0.5": [-30, 0, 0],
						"0.75": [0, 0, 0],
						"1.0": [30, 0, 0],
						"1.25": [0, 0, 0],
						"1.5": [-30, 0, 0],
						"1.75": [0, 0, 0],
						"2.0": [30, 0, 0]
					}
				},
				"leg_fl": {
					"rotation": {
						"0.0": [30, 0, 0],
						"0.25": [0, 0, 0],
						"0.5": [-30, 0, 0],
						"0.75": [0, 0, 0],
						"1.0": [30, 0, 0],
						"1.25": [0, 0, 0],
						"1.5": [-30, 0, 0],
						"1.75": [0, 0, 0],
						"2.0": [30, 0, 0]
					}
				},
				"leg_bl": {
					"rotation": {
						"0.0": [-30, 0, 0],
						"0.25": [0, 0, 0],
						"0.5": [30, 0, 0],
						"0.75": [0, 0, 0],
						"1.0": [-30, 0, 0],
						"1.25": [0, 0, 0],
						"1.5": [30, 0, 0],
						"1.75": [0, 0, 0],
						"2.0": [-30, 0, 0]
					}
				},
				"tail": {
					"rotation": ["math.sin((q.anim_time*90*4)+180)*4", 0, 0]
				}
			}
		},
		"animation.stunky.ground_idle": {
			"loop": true,
			"animation_length": 2,
			"bones": {
				"earR": {
					"rotation": [0, 0, 0]
				},
				"earL": {
					"rotation": [0, 0, 0]
				},
				"tail_bulb": {
					"rotation": {
						"0.0": [3.33, 0, 0],
						"0.25": [0, 0, 0],
						"0.5": [0, 0, 0],
						"1.25": [10, 0, 0],
						"1.5": [10, 0, 0],
						"2.0": [3.33, 0, 0]
					}
				},
				"head": {
					"rotation": {
						"0.0": [-2.5, 0, 0],
						"0.75": [1, 0, 0],
						"1.0": [1, 0, 0],
						"1.75": [-2.5, 0, 0],
						"2.0": [-2.5, 0, 0]
					}
				},
				"tail": {
					"rotation": {
						"0.0": [0, 0, 0],
						"0.75": [5, 0, 0],
						"1.0": [5, 0, 0],
						"1.75": [0, 0, 0],
						"2.0": [0, 0, 0]
					}
				},
				"tail_end": {
					"rotation": {
						"0.0": [0, 0, 0],
						"0.25": [0, 0, 0],
						"1.0": [10, 0, 0],
						"1.25": [10, 0, 0],
						"2.0": [0, 0, 0]
					}
				}
			}
		},
		"animation.stunky.sleep": {
			"loop": true,
			"bones": {
				"stunky": {
					"position": [0, -3, 0]
				},
				"head": {
					"rotation": [17.5, 0, 0]
				},
				"leg_fr": {
					"rotation": [-90, 25, 0],
					"position": [0, 1, 0]
				},
				"leg_br": {
					"rotation": [90, -25, 0],
					"position": [0, 1, 0]
				},
				"leg_fl": {
					"rotation": [-90, -25, 0],
					"position": [0, 1, 0]
				},
				"leg_bl": {
					"rotation": [90, 25, 0],
					"position": [0, 1, 0]
				},
				"tail": {
					"rotation": [-15, 0, 0]
				},
				"tail3": {
					"rotation": [-7.5, 0, 0]
				},
				"pupil_r": {
					"position": [0, -0.25, 0],
					"scale": [1, 0.5, 1]
				},
				"pupil_l": {
					"position": [0, -0.25, 0],
					"scale": [1, 0.5, 1]
				}
			}
		},
		"animation.stunky.faint": {
			"loop": true,
			"animation_length": 4,
			"bones": {
				"stunky": {
					"position": {
						"0.0": [0, 0, 0],
						"0.5": [0, -3, 0]
					}
				},
				"head": {
					"rotation": {
						"0.0": [0, 0, 0],
						"0.5": [17.5, 0, 0]
					}
				},
				"leg_fr": {
					"rotation": {
						"0.0": [0, 0, 0],
						"0.5": [-90, 25, 0]
					},
					"position": {
						"0.0": [0, 0, 0],
						"0.5": [0, 1, 0]
					}
				},
				"leg_br": {
					"rotation": {
						"0.0": [0, 0, 0],
						"0.5": [90, -25, 0]
					},
					"position": {
						"0.0": [0, 0, 0],
						"0.5": [0, 1, 0]
					}
				},
				"leg_fl": {
					"rotation": {
						"0.0": [0, 0, 0],
						"0.5": [-90, -25, 0]
					},
					"position": {
						"0.0": [0, 0, 0],
						"0.5": [0, 1, 0]
					}
				},
				"leg_bl": {
					"rotation": {
						"0.0": [0, 0, 0],
						"0.5": [90, 25, 0]
					},
					"position": {
						"0.0": [0, 0, 0],
						"0.5": [0, 1, 0]
					}
				},
				"tail": {
					"rotation": {
						"0.0": [0, 0, 0],
						"0.5": [-15, 0, 0]
					}
				},
				"tail3": {
					"rotation": {
						"0.0": [0, 0, 0],
						"0.5": [-7.5, 0, 0]
					}
				},
				"pupil_r": {
					"position": {
						"0.0": [0, 0, 0],
						"0.5": [0, -0.25, 0]
					},
					"scale": {
						"0.0": [1, 1, 1],
						"0.5": [1, 0.5, 1]
					}
				},
				"pupil_l": {
					"position": {
						"0.0": [0, 0, 0],
						"0.5": [0, -0.25, 0]
					},
					"scale": {
						"0.0": [1, 1, 1],
						"0.5": [1, 0.5, 1]
					}
				}
			}
		}
	}
}