{
	"format_version": "1.8.0",
	"animations": {
		"animation.zygarde.ground_idle": {
			"loop": true,
			"animation_length": 2,
			"bones": {
				"body": {
					"rotation": {
						"0.0": [0, 0, 0],
						"1.0": [-5, 0, 0],
						"2.0": [0, 0, 0]
					}
				},
				"neck1": {
					"rotation": {
						"0.0": [0, 0, 0],
						"1.0": [7.5, 0, 0],
						"2.0": [0, 0, 0]
					}
				},
				"head": {
					"rotation": {
						"0.0": [0, 0, 0],
						"1.0": [5, 0, 0],
						"2.0": [0, 0, 0]
					}
				}
			}
		},
		"animation.zygarde.ground_walk": {
			"loop": true,
			"animation_length": 1.6,
			"bones": {
				"body": {
					"rotation": {
						"0.0": [0, 0, 0],
						"0.8": [-5, 0, 0],
						"1.6": [0, 0, 0]
					}
				},
				"neck1": {
					"rotation": {
						"0.0": [0, 0, 0],
						"0.8": [7.5, 0, 0],
						"1.6": [0, 0, 0]
					}
				},
				"head": {
					"rotation": {
						"0.0": [0, 0, 0],
						"0.8": [5, 0, 0],
						"1.6": [0, 0, 0]
					}
				},
				"tail_1": {
					"rotation": {
						"0.0": [0, 0, 0],
						"0.8": [35, 0, 0],
						"1.6": [0, 0, 0]
					}
				},
				"tail_2": {
					"rotation": {
						"0.0": [0, 0, 0],
						"0.8": [-35, 0, 0],
						"1.6": [0, 0, 0]
					}
				},
				"tail_3": {
					"rotation": {
						"0.0": [0, 0, 0],
						"0.8": [-37.5, 0, 0],
						"1.6": [0, 0, 0]
					}
				},
				"tail_4": {
					"rotation": {
						"0.0": [0, 0, 0],
						"0.8": [37.5, 0, 0],
						"1.6": [0, 0, 0]
					}
				}
			}
		},
		"animation.zygarde.faint": {
			"loop": true,
			"animation_length": 1.5,
			"bones": {
				"body": {
					"rotation": {
						"0.0": [0, 0, 0],
						"0.8333": [65, 0, 0]
					}
				},
				"body1": {
					"rotation": {
						"0.0": [0, 0, 0],
						"0.8333": [17.5, 0, 0],
						"1.0417": [15, 0, 0],
						"1.25": [17.5, 0, 0]
					}
				},
				"body2": {
					"rotation": {
						"0.0": [0, 0, 0],
						"0.8333": [7.5, 0, 0]
					}
				},
				"neck": {
					"rotation": {
						"0.0": [0, 0, 0],
						"0.8333": [-20, 0, 0]
					}
				},
				"neck1": {
					"rotation": {
						"0.0": [0, 0, 0],
						"0.8333": [-35, 0, 0]
					}
				},
				"neck2": {
					"rotation": {
						"0.0": [0, 0, 0],
						"0.8333": [-20, 0, 0]
					}
				},
				"head": {
					"rotation": {
						"0.0": [0, 0, 0],
						"0.8333": [-50, 0, 0]
					}
				}
			}
		}
	}
}