{
    "name": "bca:custom_village",
    "fallback": "minecraft:empty",
    "elements": [
        {
            "element": {
                "element_type": "minecraft:single_pool_element",
                "location": "bca:centers/center_battlepad",
                "processors": "minecraft:empty",
                "projection": "rigid"
            },
            "weight": 8
        },
        {
            "element": {
                "element_type": "minecraft:single_pool_element",
                "location": "bca:centers/center_department_store",
                "processors": "minecraft:empty",
                "projection": "rigid"
            },
            "weight": 2
        },
        {
            "element": {
                "element_type": "minecraft:single_pool_element",
                "location": "bca:centers/center_department_store_1",
                "processors": "minecraft:empty",
                "projection": "rigid"
            },
            "weight": 2
        }
    ]
}
