{
  "name": "bca:paths",
  "fallback": "minecraft:empty",
  "elements": [
    {
      "weight": 1,
      "element": {
        "location": "bca:paths/path_well_cross_road",
        "projection": "rigid", 
        "element_type": "single_pool_element",
        "processors": "minecraft:empty"
      }
    },
    {
      "weight": 5,
      "element": {
        "location": "bca:paths/path_straight-curved",
        "element_type": "single_pool_element",
        "projection": "terrain_matching",
        "processors": "minecraft:empty"
      }
    },
    {
      "weight": 3,
      "element": {
        "location": "bca:paths/path_t-joint",
        "element_type":"single_pool_element",
        "projection": "terrain_matching",
        "processors": "minecraft:empty"
      }
    },
    {
      "weight": 3,
      "element": {
        "location": "bca:paths/path_90_degree",
        "element_type":"single_pool_element",
        "projection": "terrain_matching",
        "processors": "minecraft:empty"
      }
    },
    {
      "weight": 1,
      "element": {
        "location": "bca:paths/path_rare_road",
        "element_type":"single_pool_element",
        "projection": "terrain_matching",
        "processors": "minecraft:empty"
      }
    },
    {
      "weight": 3,
      "element": {
        "location": "bca:paths/path_cross_roads",
        "element_type":"single_pool_element",
        "projection": "terrain_matching",
        "processors": "minecraft:empty"
      }
    }
  ]
}
