{
	"format_version": "1.8.0",
	"animations": {
		"animation.dewpider.ground_idle": {
			"loop": true,
			"animation_length": 0.72,
			"bones": {
				"head": {
					"position": {
						"0.28": [0, 0, 0],
						"0.32": [0, -0.00967, 0],
						"0.36": [0, -0.04633, 0],
						"0.4": [0, -0.10367, 0],
						"0.44": [0, -0.14033, 0],
						"0.48": [0, -0.15, 0],
						"0.52": [0, -0.14149, 0],
						"0.56": [0, -0.11506, 0],
						"0.64": [0, -0.03494, 0],
						"0.68": [0, -0.00851, 0],
						"0.72": [0, 0, 0]
					}
				},
				"leg_front_left": {
					"rotation": {
						"0.0": [0, 45, 0],
						"0.04": [-0.42182, 44.963, -0.59956],
						"0.08": [-1.40912, 44.87642, -2.00287],
						"0.12": [-2.70864, 44.76244, -3.84996],
						"0.24": [-7.14243, 44.37359, -10.15198],
						"0.28": [-8.44196, 44.25961, -11.99907],
						"0.32": [-9.42925, 44.17302, -13.40238],
						"0.36": [-9.85108, 44.13603, -14.00194],
						"0.4": [-9.42925, 44.17302, -13.40238],
						"0.44": [-8.44196, 44.25961, -11.99907],
						"0.48": [-7.14243, 44.37359, -10.15198],
						"0.6": [-2.70864, 44.76244, -3.84996],
						"0.64": [-1.40912, 44.87642, -2.00287],
						"0.68": [-0.42182, 44.963, -0.59956],
						"0.72": [0, 45, 0]
					}
				},
				"leg_front_right": {
					"rotation": {
						"0.0": [0, -45, 0],
						"0.04": [-0.42182, -44.963, 0.59956],
						"0.08": [-1.40912, -44.87642, 2.00287],
						"0.12": [-2.70864, -44.76244, 3.84996],
						"0.24": [-7.14243, -44.37359, 10.15198],
						"0.28": [-8.44196, -44.25961, 11.99907],
						"0.32": [-9.42925, -44.17302, 13.40238],
						"0.36": [-9.85108, -44.13603, 14.00194],
						"0.4": [-9.42925, -44.17302, 13.40238],
						"0.44": [-8.44196, -44.25961, 11.99907],
						"0.48": [-7.14243, -44.37359, 10.15198],
						"0.6": [-2.70864, -44.76244, 3.84996],
						"0.64": [-1.40912, -44.87642, 2.00287],
						"0.68": [-0.42182, -44.963, 0.59956],
						"0.72": [0, -45, 0]
					}
				},
				"leg_back_left": {
					"rotation": {
						"0.0": [0, -45, 0],
						"0.04": [0.42182, -44.963, -0.59956],
						"0.08": [1.40912, -44.87642, -2.00287],
						"0.12": [2.70864, -44.76244, -3.84996],
						"0.24": [7.14243, -44.37359, -10.15198],
						"0.28": [8.44196, -44.25961, -11.99907],
						"0.32": [9.42925, -44.17302, -13.40238],
						"0.36": [9.85108, -44.13603, -14.00194],
						"0.4": [9.42925, -44.17302, -13.40238],
						"0.44": [8.44196, -44.25961, -11.99907],
						"0.48": [7.14243, -44.37359, -10.15198],
						"0.6": [2.70864, -44.76244, -3.84996],
						"0.64": [1.40912, -44.87642, -2.00287],
						"0.68": [0.42182, -44.963, -0.59956],
						"0.72": [0, -45, 0]
					}
				},
				"leg_back_right": {
					"rotation": {
						"0.0": [0, 45, 0],
						"0.04": [0.42182, 44.963, 0.59956],
						"0.08": [1.40912, 44.87642, 2.00287],
						"0.12": [2.70864, 44.76244, 3.84996],
						"0.24": [7.14243, 44.37359, 10.15198],
						"0.28": [8.44196, 44.25961, 11.99907],
						"0.32": [9.42925, 44.17302, 13.40238],
						"0.36": [9.85108, 44.13603, 14.00194],
						"0.4": [9.42925, 44.17302, 13.40238],
						"0.44": [8.44196, 44.25961, 11.99907],
						"0.48": [7.14243, 44.37359, 10.15198],
						"0.6": [2.70864, 44.76244, 3.84996],
						"0.64": [1.40912, 44.87642, 2.00287],
						"0.68": [0.42182, 44.963, 0.59956],
						"0.72": [0, 45, 0]
					}
				},
				"all": {
					"position": {
						"0.0": [0, 0, 0],
						"0.04": [0, -0.02141, 0],
						"0.08": [0, -0.07152, 0],
						"0.24": [0, -0.36252, 0],
						"0.28": [0, -0.42848, 0],
						"0.32": [0, -0.47859, 0],
						"0.36": [0, -0.5, 0],
						"0.4": [0, -0.47859, 0],
						"0.44": [0, -0.42848, 0],
						"0.6": [0, -0.13748, 0],
						"0.64": [0, -0.07152, 0],
						"0.68": [0, -0.02141, 0],
						"0.72": [0, 0, 0]
					}
				}
			}
		},
		"animation.dewpider.ground_walk": {
			"loop": true,
			"animation_length": 0.4,
			"bones": {
				"head": {
					"rotation": [-5, 0, 0]
				},
				"leg_front_left": {
					"rotation": {
						"0.0": {
							"post": [-24.78507, 38.84468, -36.36024],
							"lerp_mode": "catmullrom"
						},
						"0.08": {
							"post": [-24.78507, 38.84468, -36.36024],
							"lerp_mode": "catmullrom"
						},
						"0.2": {
							"post": [0, 45, 0],
							"lerp_mode": "catmullrom"
						},
						"0.28": {
							"post": [0, 45, 0],
							"lerp_mode": "catmullrom"
						},
						"0.4": {
							"post": [-24.78507, 38.84468, -36.36024],
							"lerp_mode": "catmullrom"
						}
					}
				},
				"leg_front_right": {
					"rotation": {
						"0.0": {
							"post": [0, -45, 0],
							"lerp_mode": "catmullrom"
						},
						"0.08": {
							"post": [0, -45, 0],
							"lerp_mode": "catmullrom"
						},
						"0.2": {
							"post": [-24.78507, -38.84468, 36.36024],
							"lerp_mode": "catmullrom"
						},
						"0.28": {
							"post": [-24.78507, -38.84468, 36.36024],
							"lerp_mode": "catmullrom"
						},
						"0.4": {
							"post": [0, -45, 0],
							"lerp_mode": "catmullrom"
						}
					}
				},
				"leg_back_left": {
					"rotation": {
						"0.0": {
							"post": [0, -45, 0],
							"lerp_mode": "catmullrom"
						},
						"0.08": {
							"post": [0, -45, 0],
							"lerp_mode": "catmullrom"
						},
						"0.2": {
							"post": [24.78507, -38.84468, -36.36024],
							"lerp_mode": "catmullrom"
						},
						"0.28": {
							"post": [24.78507, -38.84468, -36.36024],
							"lerp_mode": "catmullrom"
						},
						"0.4": {
							"post": [0, -45, 0],
							"lerp_mode": "catmullrom"
						}
					}
				},
				"leg_back_right": {
					"rotation": {
						"0.0": {
							"post": [24.78507, 38.84468, 36.36024],
							"lerp_mode": "catmullrom"
						},
						"0.08": {
							"post": [24.78507, 38.84468, 36.36024],
							"lerp_mode": "catmullrom"
						},
						"0.2": {
							"post": [0, 45, 0],
							"lerp_mode": "catmullrom"
						},
						"0.28": {
							"post": [0, 45, 0],
							"lerp_mode": "catmullrom"
						},
						"0.4": {
							"post": [24.78507, 38.84468, 36.36024],
							"lerp_mode": "catmullrom"
						}
					}
				},
				"all": {
					"rotation": [5, 0, 0],
					"position": {
						"0.0": {
							"post": [0, -0.55, 0],
							"lerp_mode": "catmullrom"
						},
						"0.08": {
							"post": [0, -0.3, 0],
							"lerp_mode": "catmullrom"
						},
						"0.2": {
							"post": [0, -0.55, 0],
							"lerp_mode": "catmullrom"
						},
						"0.28": {
							"post": [0, -0.3, 0],
							"lerp_mode": "catmullrom"
						},
						"0.4": {
							"post": [0, -0.55, 0],
							"lerp_mode": "catmullrom"
						}
					}
				}
			}
		},
		"animation.dewpider.water_idle": {
			"loop": true,
			"animation_length": 0.56,
			"bones": {
				"leg_front_left": {
					"rotation": {
						"0.0": {
							"post": [-14.51082, 43.07952, -20.75357],
							"lerp_mode": "catmullrom"
						},
						"0.28": {
							"post": [-9.85108, 44.13603, -14.00194],
							"lerp_mode": "catmullrom"
						},
						"0.56": {
							"post": [-14.51082, 43.07952, -20.75357],
							"lerp_mode": "catmullrom"
						}
					}
				},
				"leg_front_right": {
					"rotation": {
						"0.0": {
							"post": [-14.51082, -43.07952, 20.75357],
							"lerp_mode": "catmullrom"
						},
						"0.28": {
							"post": [-9.85108, -44.13603, 14.00194],
							"lerp_mode": "catmullrom"
						},
						"0.56": {
							"post": [-14.51082, -43.07952, 20.75357],
							"lerp_mode": "catmullrom"
						}
					}
				},
				"leg_back_left": {
					"rotation": {
						"0.0": {
							"post": [14.51082, -43.07952, -20.75357],
							"lerp_mode": "catmullrom"
						},
						"0.28": {
							"post": [9.85108, -44.13603, -14.00194],
							"lerp_mode": "catmullrom"
						},
						"0.56": {
							"post": [14.51082, -43.07952, -20.75357],
							"lerp_mode": "catmullrom"
						}
					}
				},
				"leg_back_right": {
					"rotation": {
						"0.0": {
							"post": [14.51082, 43.07952, 20.75357],
							"lerp_mode": "catmullrom"
						},
						"0.28": {
							"post": [9.85108, 44.13603, 14.00194],
							"lerp_mode": "catmullrom"
						},
						"0.56": {
							"post": [14.51082, 43.07952, 20.75357],
							"lerp_mode": "catmullrom"
						}
					}
				},
				"all": {
					"rotation": [5, 0, 0],
					"position": {
						"0.0": [0, 0, 0],
						"0.04": [0, 0.01275, 0],
						"0.08": [0, 0.04763, 0],
						"0.2": [0, 0.20237, 0],
						"0.24": [0, 0.23725, 0],
						"0.28": [0, 0.25, 0],
						"0.32": [0, 0.23725, 0],
						"0.36": [0, 0.20237, 0],
						"0.48": [0, 0.04763, 0],
						"0.52": [0, 0.01275, 0],
						"0.56": [0, 0, 0]
					}
				}
			}
		},
		"animation.dewpider.water_swim": {
			"loop": true,
			"animation_length": 0.6,
			"bones": {
				"head": {
					"rotation": [-25, 0, 0]
				},
				"leg_front_left": {
					"rotation": {
						"0.0": {
							"post": [-14.51082, 43.07952, -20.75357],
							"lerp_mode": "catmullrom"
						},
						"0.2": {
							"post": [32.73241, 32.79775, 49.87926],
							"lerp_mode": "catmullrom"
						},
						"0.6": {
							"post": [-14.51082, 43.07952, -20.75357],
							"lerp_mode": "catmullrom"
						}
					}
				},
				"leg_front_right": {
					"rotation": {
						"0.0": {
							"post": [-14.51082, -43.07952, 20.75357],
							"lerp_mode": "catmullrom"
						},
						"0.2": {
							"post": [32.73241, -32.79775, -49.87926],
							"lerp_mode": "catmullrom"
						},
						"0.6": {
							"post": [-14.51082, -43.07952, 20.75357],
							"lerp_mode": "catmullrom"
						}
					}
				},
				"leg_back_left": {
					"rotation": {
						"0.0": {
							"post": [14.51082, -43.07952, -20.75357],
							"lerp_mode": "catmullrom"
						},
						"0.2": {
							"post": [-32.73241, -32.79775, 49.87926],
							"lerp_mode": "catmullrom"
						},
						"0.6": {
							"post": [14.51082, -43.07952, -20.75357],
							"lerp_mode": "catmullrom"
						}
					}
				},
				"leg_back_right": {
					"rotation": {
						"0.0": {
							"post": [14.51082, 43.07952, 20.75357],
							"lerp_mode": "catmullrom"
						},
						"0.2": {
							"post": [-32.73241, 32.79775, -49.87926],
							"lerp_mode": "catmullrom"
						},
						"0.6": {
							"post": [14.51082, 43.07952, 20.75357],
							"lerp_mode": "catmullrom"
						}
					}
				},
				"all": {
					"rotation": {
						"0.0": [57.5, 0, 0],
						"0.6": [57.5, 0, 0]
					},
					"position": {
						"0.0": [0, 2, 5],
						"0.04": [0, 2.02257, 4.97743],
						"0.08": [0, 2.1081, 4.8919],
						"0.12": [0, 2.2419, 4.7581],
						"0.16": [0, 2.32743, 4.67257],
						"0.2": [0, 2.35, 4.65],
						"0.24": [0, 2.33607, 4.66393],
						"0.48": [0, 2.08441, 4.91559],
						"0.56": [0, 2.01393, 4.98607],
						"0.6": [0, 2, 5]
					}
				}
			}
		},
		"animation.dewpider.faint": {
			"loop": true,
			"animation_length": 2.885,
			"bones": {
				"head": {
					"rotation": {
						"0.0": {
							"post": [17.5, 0, 0],
							"lerp_mode": "catmullrom"
						},
						"0.36": {
							"post": [-10, 0, 0],
							"lerp_mode": "catmullrom"
						},
						"1.08": {
							"post": [-10, 0, 0],
							"lerp_mode": "catmullrom"
						},
						"1.28": {
							"post": [-11.25, 0, 0],
							"lerp_mode": "catmullrom"
						},
						"1.36": {
							"post": [20, 0, 0],
							"lerp_mode": "catmullrom"
						},
						"1.44": {
							"post": [25, 0, 0],
							"lerp_mode": "catmullrom"
						},
						"1.52": {
							"post": [20, 0, 0],
							"lerp_mode": "catmullrom"
						}
					}
				},
				"leg_front_left": {
					"rotation": {
						"0.0": {
							"post": [0, 45, 0],
							"lerp_mode": "catmullrom"
						},
						"0.36": {
							"post": [-39.32269, 23.92746, -63.659],
							"lerp_mode": "catmullrom"
						},
						"0.6": {
							"post": [-42.73421, 15.69986, -73.67505],
							"lerp_mode": "catmullrom"
						},
						"0.72": {
							"post": [-24.78507, 38.84468, -36.36024],
							"lerp_mode": "catmullrom"
						},
						"0.84": {
							"post": [-42.73421, 15.69986, -73.67505],
							"lerp_mode": "catmullrom"
						},
						"0.96": {
							"post": [-24.78507, 38.84468, -36.36024],
							"lerp_mode": "catmullrom"
						},
						"1.08": {
							"post": [-42.73421, 15.69986, -73.67505],
							"lerp_mode": "catmullrom"
						},
						"1.2": {
							"post": [-24.78507, 38.84468, -36.36024],
							"lerp_mode": "catmullrom"
						},
						"1.4": {
							"post": [31.33144, 34.12398, 47.33883],
							"lerp_mode": "catmullrom"
						}
					}
				},
				"leg_front_right": {
					"rotation": {
						"0.0": {
							"post": [0, -45, 0],
							"lerp_mode": "catmullrom"
						},
						"0.36": {
							"post": [-39.32269, -23.92746, 63.659],
							"lerp_mode": "catmullrom"
						},
						"0.6": {
							"post": [-24.78507, -38.84468, 36.36024],
							"lerp_mode": "catmullrom"
						},
						"0.72": {
							"post": [-42.73421, -15.69986, 73.67505],
							"lerp_mode": "catmullrom"
						},
						"0.84": {
							"post": [-24.78507, -38.84468, 36.36024],
							"lerp_mode": "catmullrom"
						},
						"0.96": {
							"post": [-42.73421, -15.69986, 73.67505],
							"lerp_mode": "catmullrom"
						},
						"1.08": {
							"post": [-24.78507, -38.84468, 36.36024],
							"lerp_mode": "catmullrom"
						},
						"1.2": {
							"post": [-42.73421, -15.69986, 73.67505],
							"lerp_mode": "catmullrom"
						},
						"1.4": {
							"post": [65.92684, -25.49671, -61.51653],
							"lerp_mode": "catmullrom"
						}
					}
				},
				"leg_back_left": {
					"rotation": {
						"0.0": {
							"post": [0, -45, 0],
							"lerp_mode": "catmullrom"
						},
						"0.72": {
							"post": [12.2127, -43.65747, -17.40744],
							"lerp_mode": "catmullrom"
						},
						"1.08": {
							"post": [9.85108, -44.13603, -14.00194],
							"lerp_mode": "catmullrom"
						},
						"1.4": {
							"post": [-7.91541, 5.39727, -6.43731],
							"lerp_mode": "catmullrom"
						}
					}
				},
				"leg_back_right": {
					"rotation": {
						"0.0": {
							"post": [0, 45, 0],
							"lerp_mode": "catmullrom"
						},
						"0.72": {
							"post": [12.2127, 43.65747, 17.40744],
							"lerp_mode": "catmullrom"
						},
						"1.08": {
							"post": [9.85108, 44.13603, 14.00194],
							"lerp_mode": "catmullrom"
						},
						"1.4": {
							"post": [-2.93406, -0.41957, 6.61785],
							"lerp_mode": "catmullrom"
						}
					}
				},
				"all": {
					"rotation": {
						"0.0": {
							"post": [0, 0, 0],
							"lerp_mode": "catmullrom"
						},
						"0.36": {
							"post": [-15, 0, 0],
							"lerp_mode": "catmullrom"
						},
						"0.72": {
							"post": [-20, 0, 0],
							"lerp_mode": "catmullrom"
						},
						"1.08": {
							"post": [-17.5, 0, 0],
							"lerp_mode": "catmullrom"
						},
						"1.4": {
							"post": [-85, 0, 0],
							"lerp_mode": "catmullrom"
						}
					},
					"position": {
						"0.0": {
							"post": [0, 0, 0],
							"lerp_mode": "catmullrom"
						},
						"0.36": {
							"post": [0, 0.75, 0],
							"lerp_mode": "catmullrom"
						},
						"1.08": {
							"post": [0, 0.75, 0],
							"lerp_mode": "catmullrom"
						},
						"1.36": {
							"post": [0, 1.25, 0],
							"lerp_mode": "catmullrom"
						},
						"1.44": {
							"post": [0, 0.75, 0],
							"lerp_mode": "catmullrom"
						},
						"1.52": {
							"post": [0, 1.25, 0],
							"lerp_mode": "catmullrom"
						},
						"2.88": {
							"post": [0, 1.25, 0],
							"lerp_mode": "catmullrom"
						}
					}
				}
			}
		},
		"animation.dewpider.sleep": {
			"loop": true,
			"animation_length": 1.36,
			"bones": {
				"head": {
					"rotation": {
						"0.0": {
							"post": [25, 0, 0],
							"lerp_mode": "catmullrom"
						},
						"0.84": {
							"post": [20, 0, 0],
							"lerp_mode": "catmullrom"
						},
						"1.36": {
							"post": [25, 0, 0],
							"lerp_mode": "catmullrom"
						}
					}
				},
				"body": {
					"rotation": [-20, 0, 0]
				},
				"leg_front_left": {
					"rotation": [-20, 0, 0]
				},
				"leg_front_right": {
					"rotation": [-20, 0, 0]
				},
				"leg_back_left": {
					"rotation": [75, 0, 0]
				},
				"leg_back_right": {
					"rotation": [75, 0, 0]
				},
				"all": {
					"position": [0, -2, 0]
				}
			}
		}
	},
	"geckolib_format_version": 2
}