{
	"format_version": "1.12.0",
	"minecraft:geometry": [
		{
			"description": {
				"identifier": "geometry.unknown",
				"texture_width": 64,
				"texture_height": 64,
				"visible_bounds_width": 4,
				"visible_bounds_height": 2.5,
				"visible_bounds_offset": [0, 0.75, 0]
			},
			"bones": [
				{
					"name": "bone10",
					"pivot": [0, 0, 0],
					"cubes": [
						{"origin": [-3.25, 4, -3.25], "size": [5, 6, 5], "inflate": -0.01, "pivot": [0, 0, 0], "rotation": [0, -45, 0], "uv": [0, 25]},
						{"origin": [-2.75, 10, -2.75], "size": [1, 0, 1], "pivot": [0, 0, 0], "rotation": [0, -45, 0], "uv": [15, 28]},
						{"origin": [-2.5, 5, -0.5], "size": [5, 6, 7], "uv": [2, 1]}
					]
				},
				{
					"name": "bone2",
					"parent": "bone10",
					"pivot": [0, 0, 0],
					"cubes": [
						{"origin": [-3.5, 4, -1], "size": [7, 6, 8], "uv": [0, 0]}
					]
				},
				{
					"name": "bone14",
					"parent": "bone10",
					"pivot": [-3, 4, 2],
					"cubes": [
						{"origin": [-3.5, 5, 0], "size": [7, 0, 4], "pivot": [0, 0, 0], "rotation": [0, 0, -45], "uv": [18, 4]}
					]
				},
				{
					"name": "bone13",
					"parent": "bone10",
					"pivot": [4, 4, 0],
					"cubes": [
						{"origin": [-3.5, 5, 0], "size": [7, 0, 4], "pivot": [0, 0, 0], "rotation": [0, 0, 45], "uv": [18, 4], "mirror": true}
					]
				},
				{
					"name": "bone12",
					"parent": "bone10",
					"pivot": [0, 0, 0],
					"cubes": [
						{"origin": [0, 9, 2], "size": [0, 7, 9], "uv": [0, 5]}
					]
				},
				{
					"name": "bone11",
					"parent": "bone10",
					"pivot": [0, 7, 7],
					"cubes": [
						{"origin": [-2, 4.5, 4], "size": [4, 4, 7], "uv": [11, 14]}
					]
				},
				{
					"name": "bone3",
					"parent": "bone11",
					"pivot": [2, 8, 10],
					"cubes": [
						{"origin": [-4, 3.5, 11], "size": [0, 6, 8], "pivot": [0, 0, 0], "rotation": [15, 30, 0], "uv": [0, 28]},
						{"origin": [-4, 6, 18], "size": [0, 2, 8], "pivot": [0, 0, 0], "rotation": [15, 30, 0], "uv": [0, 34]}
					]
				},
				{
					"name": "bone5",
					"parent": "bone11",
					"pivot": [2, 5, 11],
					"cubes": [
						{"origin": [-4, 6, 14], "size": [0, 2, 8], "pivot": [0, 0, 0], "rotation": [-15, 30, 0], "uv": [0, 42]},
						{"origin": [-4, 3.5, 7], "size": [0, 6, 8], "pivot": [0, 0, 0], "rotation": [-15, 30, 0], "uv": [0, 36]}
					]
				},
				{
					"name": "bone15",
					"parent": "bone11",
					"pivot": [-2, 8, 11],
					"cubes": [
						{"origin": [4, 6, 18], "size": [0, 2, 8], "pivot": [0, 0, 0], "rotation": [15, -30, 0], "uv": [0, 34], "mirror": true},
						{"origin": [4, 3.5, 11], "size": [0, 6, 8], "pivot": [0, 0, 0], "rotation": [15, -30, 0], "uv": [0, 28], "mirror": true}
					]
				},
				{
					"name": "bone6",
					"parent": "bone11",
					"pivot": [-2, 5, 11],
					"cubes": [
						{"origin": [4, 6, 14], "size": [0, 2, 8], "pivot": [0, 0, 0], "rotation": [-15, -30, 0], "uv": [0, 42], "mirror": true},
						{"origin": [4, 3.5, 7], "size": [0, 6, 8], "pivot": [0, 0, 0], "rotation": [-15, -30, 0], "uv": [0, 36], "mirror": true}
					]
				},
				{
					"name": "bone",
					"parent": "bone10",
					"pivot": [0, 0, 0],
					"rotation": [0, -45, 0],
					"cubes": [
						{"origin": [3.75, 4, -3.75], "size": [2, 2, 1], "pivot": [0, 0, 0], "rotation": [0, 0, -45], "uv": [0, 3]},
						{"origin": [-7.2, 5.9, -3.75], "size": [4, 1, 1], "pivot": [0, 0, 0], "rotation": [0, 0, 45], "uv": [47, 0]},
						{"origin": [-6.8, 2.6, -3.75], "size": [4, 1, 1], "pivot": [0, 0, 0], "rotation": [0, 0, 45], "uv": [47, 0], "mirror": true},
						{"origin": [-7.2, 3.9, -3.75], "size": [1, 2, 1], "pivot": [0, 0, 0], "rotation": [0, 0, 45], "uv": [46, 12]},
						{"origin": [-3.8, 3.6, -3.75], "size": [1, 2, 1], "pivot": [0, 0, 0], "rotation": [0, 0, 45], "uv": [46, 12]}
					]
				},
				{
					"name": "bone7",
					"parent": "bone10",
					"pivot": [0, 0, 0],
					"cubes": [
						{"origin": [3.5, 4.5, 1.5], "size": [0, 3, 2], "inflate": 0.01, "pivot": [0, 0, 0], "rotation": [-5, 0, 0], "uv": [31, 7]},
						{"origin": [3.5, 6, 3], "size": [0, 3, 2], "inflate": 0.01, "pivot": [0, 0, 0], "rotation": [-15, 0, 0], "uv": [31, 7]},
						{"origin": [3.5, 5.5, 5.1], "size": [0, 3, 2], "inflate": 0.01, "pivot": [0, 0, 0], "rotation": [15, 0, 0], "uv": [31, 7]}
					]
				},
				{
					"name": "bone8",
					"parent": "bone10",
					"pivot": [0, 0, 0],
					"cubes": [
						{"origin": [-3.5, 4.5, 1.5], "size": [0, 3, 2], "inflate": 0.01, "pivot": [0, 0, 0], "rotation": [-5, 0, 0], "uv": [31, 7], "mirror": true},
						{"origin": [-3.5, 6, 3], "size": [0, 3, 2], "inflate": 0.01, "pivot": [0, 0, 0], "rotation": [-15, 0, 0], "uv": [31, 7], "mirror": true},
						{"origin": [-3.5, 5.5, 5.1], "size": [0, 3, 2], "inflate": 0.01, "pivot": [0, 0, 0], "rotation": [15, 0, 0], "uv": [31, 7], "mirror": true}
					]
				},
				{
					"name": "bone9",
					"parent": "bone10",
					"pivot": [0, 0, 0],
					"rotation": [0, 45, 0],
					"cubes": [
						{"origin": [-5.75, 4, -3.75], "size": [2, 2, 1], "pivot": [0, 0, 0], "rotation": [0, 0, 45], "uv": [0, 3], "mirror": true},
						{"origin": [3.2, 5.9, -3.75], "size": [4, 1, 1], "pivot": [0, 0, 0], "rotation": [0, 0, -45], "uv": [47, 0], "mirror": true},
						{"origin": [2.8, 2.6, -3.75], "size": [4, 1, 1], "pivot": [0, 0, 0], "rotation": [0, 0, -45], "uv": [47, 0]},
						{"origin": [6.2, 3.9, -3.75], "size": [1, 2, 1], "pivot": [0, 0, 0], "rotation": [0, 0, -45], "uv": [46, 12], "mirror": true},
						{"origin": [2.8, 3.6, -3.75], "size": [1, 2, 1], "pivot": [0, 0, 0], "rotation": [0, 0, -45], "uv": [46, 12], "mirror": true}
					]
				}
			]
		}
	]
}