{
	"format_version": "1.12.0",
	"minecraft:geometry": [
		{
			"description": {
				"identifier": "geometry.Darkrai",
				"texture_width": 128,
				"texture_height": 128,
				"visible_bounds_width": 5,
				"visible_bounds_height": 3.5,
				"visible_bounds_offset": [0, 1.25, 0]
			},
			"bones": [
				{
					"name": "darkrai",
					"pivot": [0, 1, 0]
				},
				{
					"name": "body",
					"parent": "darkrai",
					"pivot": [0, 1, 0]
				},
				{
					"name": "torso_lower",
					"parent": "body",
					"pivot": [0, 1, 0],
					"cubes": [
						{"origin": [-5, 3, -3.5], "size": [10, 3, 10], "uv": [0, 0]},
						{"origin": [-1.5, -3, -4.75], "size": [3, 6, 0], "pivot": [0, 1, 0], "rotation": [-30, 0, 0], "uv": [60, 52]}
					]
				},
				{
					"name": "bone49",
					"parent": "torso_lower",
					"pivot": [0, 0, -3],
					"rotation": [0, -72.5, 0],
					"cubes": [
						{"origin": [1.5, -2, -8.5], "size": [3, 5, 0], "pivot": [0, 0, -3], "rotation": [-30, 0, 0], "uv": [28, 33], "mirror": true}
					]
				},
				{
					"name": "bone48",
					"parent": "torso_lower",
					"pivot": [0, 0, -3],
					"rotation": [0, 72.5, 0],
					"cubes": [
						{"origin": [-4.5, -2, -8.5], "size": [3, 5, 0], "pivot": [0, 0, -3], "rotation": [-30, 0, 0], "uv": [28, 33]}
					]
				},
				{
					"name": "torso_middle",
					"parent": "torso_lower",
					"pivot": [0, 0, 0],
					"cubes": [
						{"origin": [-2, 6, -2], "size": [6, 5, 6], "pivot": [0, 0, 0], "rotation": [0, -45, 0], "uv": [28, 32]}
					]
				},
				{
					"name": "torso_upper",
					"parent": "torso_middle",
					"pivot": [0, 2, 3],
					"rotation": [15, 0, 0],
					"cubes": [
						{"origin": [1.25, 15.5, 8.5], "size": [2, 2, 0], "inflate": -0.01, "pivot": [0, 2, 3], "rotation": [0, -45, 0], "uv": [48, 21]}
					]
				},
				{
					"name": "chest",
					"parent": "torso_upper",
					"pivot": [0, 2, 1],
					"cubes": [
						{"origin": [-5, 10, 2.5], "size": [10, 6, 7], "inflate": -0.01, "uv": [0, 13]},
						{"origin": [2.5, 10, 3.5], "size": [7, 6, 7], "pivot": [0, 2, 1], "rotation": [0, -45, 0], "uv": [0, 26]}
					]
				},
				{
					"name": "bone32",
					"parent": "chest",
					"pivot": [0, 2, 3],
					"cubes": [
						{"origin": [-3.85, 10, -0.9], "size": [7, 6, 7], "pivot": [0, 2, 3], "rotation": [0, -45, 0], "uv": [27, 19]},
						{"origin": [8.6, 5.9, 10.8], "size": [2, 0, 2], "pivot": [0, 2, 3], "rotation": [54.73561, 30, -54.73561], "uv": [25, 13]},
						{"origin": [-5.25, 15.5, -0.3], "size": [2, 2, 2], "inflate": -0.01, "pivot": [0, 2, 5], "rotation": [0, -45, 0], "uv": [12, 39]},
						{"origin": [-13.5, 11.5, 5], "size": [2, 4, 0], "inflate": -0.01, "pivot": [0, 2, 5], "rotation": [-90, -62.5, 90], "uv": [30, 0]}
					]
				},
				{
					"name": "bone18",
					"parent": "bone32",
					"pivot": [0, 2, 3],
					"cubes": [
						{"origin": [-9.55, 4.8, 13.2], "size": [2, 1, 2], "pivot": [0, 2, 3], "rotation": [54.73561, -30, 54.73561], "uv": [58, 60]},
						{"origin": [-11.25, 4.9, 11.6], "size": [2, 1, 2], "inflate": 0.01, "pivot": [0, 2, 3], "rotation": [54.73561, -30, 54.73561], "uv": [59, 0]},
						{"origin": [-10.6, 5.9, 10.8], "size": [2, 0, 2], "pivot": [0, 2, 3], "rotation": [54.73561, -30, 54.73561], "uv": [25, 15]}
					]
				},
				{
					"name": "bone17",
					"parent": "bone32",
					"pivot": [0, 2, 3],
					"cubes": [
						{"origin": [7.55, 4.8, 13.2], "size": [2, 1, 2], "pivot": [0, 2, 3], "rotation": [54.73561, 30, -54.73561], "uv": [25, 61]},
						{"origin": [9.25, 4.9, 11.6], "size": [2, 1, 2], "inflate": 0.01, "pivot": [0, 2, 3], "rotation": [54.73561, 30, -54.73561], "uv": [62, 30]}
					]
				},
				{
					"name": "bone34",
					"parent": "bone32",
					"pivot": [-2, 3, 6],
					"rotation": [-30, 0, 0]
				},
				{
					"name": "bone41",
					"parent": "bone34",
					"pivot": [-2, 3, 5],
					"rotation": [0, -45, 0],
					"cubes": [
						{"origin": [6, 5, 10.2], "size": [5, 1, 5], "pivot": [-2, 3, 5], "rotation": [54.73561, 30, -54.73561], "uv": [27, 13]}
					]
				},
				{
					"name": "bone33",
					"parent": "bone32",
					"pivot": [0, 2, 1],
					"cubes": [
						{"origin": [-8, 6, 12.5], "size": [2, 1, 2], "inflate": -0.02, "pivot": [0, 2, 1], "rotation": [0, -45, 90], "uv": [62, 23]},
						{"origin": [-5.75, 6, 14.75], "size": [2, 1, 2], "inflate": -0.02, "pivot": [0, 2, 1], "rotation": [0, -45, 90], "uv": [62, 20]},
						{"origin": [3.75, 6, 14.75], "size": [2, 1, 2], "inflate": -0.02, "pivot": [0, 2, 1], "rotation": [0, 45, -90], "uv": [46, 0]},
						{"origin": [6, 6, 12.5], "size": [2, 1, 2], "pivot": [0, 2, 1], "rotation": [0, 45, -90], "uv": [33, 51]}
					]
				},
				{
					"name": "head",
					"parent": "torso_upper",
					"pivot": [0, 2, 3],
					"cubes": [
						{"origin": [-3, 15, 5.1], "size": [6, 5, 4], "inflate": 0.01, "uv": [30, 0]},
						{"origin": [-0.5, 15, 2.5], "size": [4, 5, 4], "inflate": 0.1, "pivot": [0, 2, 3], "rotation": [0, -45, 0], "uv": [0, 39]},
						{"origin": [0, 15.5, -20.75], "size": [0, 14, 5], "pivot": [0, 2, 3], "rotation": [-80, 0, 0], "uv": [0, 68]},
						{"origin": [-0.5, 15, 2.5], "size": [4, 5, 4], "pivot": [0, 2, 3], "rotation": [0, -45, 0], "uv": [16, 39]}
					]
				},
				{
					"name": "bone20",
					"parent": "head",
					"pivot": [0, 2, 3],
					"cubes": [
						{"origin": [1, 17.5, 2.5], "size": [2, 2, 0], "inflate": 0.015, "pivot": [0, 2, 3], "rotation": [0, -45, 0], "uv": [0, 41]},
						{"origin": [1.5, 17.75, 2.48], "size": [1, 2, 0], "pivot": [0, 2, 3], "rotation": [0, -45, 0], "uv": [0, 0]}
					]
				},
				{
					"name": "bone21",
					"parent": "head",
					"pivot": [0, 2, 3],
					"cubes": [
						{"origin": [-3, 17.5, 2.5], "size": [2, 2, 0], "inflate": 0.015, "pivot": [0, 2, 3], "rotation": [0, 45, 0], "uv": [0, 41], "mirror": true},
						{"origin": [-2.5, 17.75, 2.48], "size": [1, 2, 0], "pivot": [0, 2, 3], "rotation": [0, 45, 0], "uv": [0, 0], "mirror": true}
					]
				},
				{
					"name": "hair",
					"parent": "head",
					"pivot": [0, 2, 3],
					"cubes": [
						{"origin": [-2, 15.5, -8.75], "size": [4, 5, 4], "pivot": [0, 2, 3], "rotation": [-45, 0, 0], "uv": [42, 9]}
					]
				},
				{
					"name": "hair2",
					"parent": "hair",
					"pivot": [0, 2, 3],
					"cubes": [
						{"origin": [-1.5, 16.5, -12.75], "size": [3, 5, 3], "pivot": [0, 2, 3], "rotation": [-60, 0, 0], "uv": [48, 54]}
					]
				},
				{
					"name": "hair3",
					"parent": "hair2",
					"pivot": [0, 2, 3],
					"cubes": [
						{"origin": [-1, 23.5, -7.5], "size": [2, 5, 3], "pivot": [0, 2, 3], "rotation": [-45, 0, 0], "uv": [7, 56]}
					]
				},
				{
					"name": "bone5",
					"parent": "torso_middle",
					"pivot": [5, 14, 2],
					"rotation": [0, 0, -75],
					"cubes": [
						{"origin": [7.25, 9.5, 2.9], "size": [4, 4, 4], "pivot": [0, 2, 3], "rotation": [15, 0, -15], "uv": [32, 43]}
					]
				},
				{
					"name": "bone6",
					"parent": "bone5",
					"pivot": [7, 16, 2],
					"cubes": [
						{"origin": [6.75, 4.5, 12.9], "size": [3, 3, 5], "pivot": [0, 2, 3], "rotation": [45, 30, -15], "uv": [43, 46]}
					]
				},
				{
					"name": "bone2",
					"parent": "bone6",
					"pivot": [6, 18, 4],
					"cubes": [
						{"origin": [7.25, 1, 16.9], "size": [2, 3, 5], "pivot": [0, 2, 3], "rotation": [60, 30, -15], "uv": [48, 18]}
					]
				},
				{
					"name": "bone3",
					"parent": "bone2",
					"pivot": [6, 21, 6],
					"cubes": [
						{"origin": [7.75, 10.25, 18.25], "size": [1, 3, 5], "pivot": [0, 2, 3], "rotation": [30, 30, -15], "uv": [50, 27]}
					]
				},
				{
					"name": "bone4",
					"parent": "bone3",
					"pivot": [8, 24, 10],
					"cubes": [
						{"origin": [8.25, 4.85, 24.25], "size": [0, 3, 5], "pivot": [0, 2, 3], "rotation": [45, 30, -15], "uv": [46, 30]}
					]
				},
				{
					"name": "bone27",
					"parent": "bone5",
					"pivot": [7, 12, 3],
					"cubes": [
						{"origin": [9.25, 5.25, 5.9], "size": [0, 1, 2], "pivot": [0, 2, 3], "rotation": [15, 0, -15], "uv": [27, 17]},
						{"origin": [8.25, 4.5, 3.9], "size": [2, 6, 2], "pivot": [0, 2, 3], "rotation": [15, 0, -15], "uv": [17, 57]}
					]
				},
				{
					"name": "bone28",
					"parent": "bone27",
					"pivot": [9, 7, 4],
					"cubes": [
						{"origin": [8.25, -2.5, 3.4], "size": [2, 7, 3], "pivot": [0, 2, 3], "rotation": [15, 0, -15], "uv": [0, 0]},
						{"origin": [9.25, 4.5, 5.25], "size": [0, 1, 2], "pivot": [0, 2, 3], "rotation": [5, 0, -15], "uv": [27, 15]},
						{"origin": [9.25, 3.5, 4.9], "size": [0, 1, 2], "pivot": [0, 2, 3], "rotation": [0, 0, -15], "uv": [0, 17]}
					]
				},
				{
					"name": "bone29",
					"parent": "bone28",
					"pivot": [11, 0, 5],
					"cubes": [
						{"origin": [9.25, -4.5, 3.4], "size": [1, 2, 1], "pivot": [0, 2, 3], "rotation": [15, 0, -15], "uv": [46, 32]},
						{"origin": [11, 1, 3.9], "size": [1, 1, 0], "pivot": [0, 2, 3], "rotation": [12.73415, -7.99365, 16.60659], "uv": [7, 1]}
					]
				},
				{
					"name": "bone30",
					"parent": "bone28",
					"pivot": [11, 1, 6],
					"cubes": [
						{"origin": [9.25, -4.5, 4.4], "size": [1, 2, 1], "pivot": [0, 2, 3], "rotation": [15, 0, -15], "uv": [32, 43]},
						{"origin": [11, 1, 4.9], "size": [1, 1, 0], "pivot": [0, 2, 3], "rotation": [12.73415, -7.99365, 16.60659], "uv": [7, 0]}
					]
				},
				{
					"name": "bone31",
					"parent": "bone28",
					"pivot": [11, 1, 7],
					"cubes": [
						{"origin": [9.25, -4.5, 5.4], "size": [1, 2, 1], "pivot": [0, 2, 3], "rotation": [15, 0, -15], "uv": [40, 9]},
						{"origin": [11, 1, 5.9], "size": [1, 1, 0], "pivot": [0, 2, 3], "rotation": [12.73415, -7.99365, 16.60659], "uv": [0, 2]}
					]
				},
				{
					"name": "bone7",
					"parent": "torso_middle",
					"pivot": [-5, 14, 2],
					"rotation": [0, 0, 75],
					"cubes": [
						{"origin": [-11.25, 9.5, 2.9], "size": [4, 4, 4], "pivot": [0, 2, 3], "rotation": [15, 0, 15], "uv": [32, 43], "mirror": true}
					]
				},
				{
					"name": "bone8",
					"parent": "bone7",
					"pivot": [-7, 16, 2],
					"cubes": [
						{"origin": [-9.75, 4.5, 12.9], "size": [3, 3, 5], "pivot": [0, 2, 3], "rotation": [45, -30, 15], "uv": [43, 46], "mirror": true}
					]
				},
				{
					"name": "bone9",
					"parent": "bone8",
					"pivot": [-6, 18, 4],
					"cubes": [
						{"origin": [-9.25, 1, 16.9], "size": [2, 3, 5], "pivot": [0, 2, 3], "rotation": [60, -30, 15], "uv": [48, 18], "mirror": true}
					]
				},
				{
					"name": "bone10",
					"parent": "bone9",
					"pivot": [-6, 21, 6],
					"cubes": [
						{"origin": [-8.75, 10.25, 18.25], "size": [1, 3, 5], "pivot": [0, 2, 3], "rotation": [30, -30, 15], "uv": [50, 27], "mirror": true}
					]
				},
				{
					"name": "bone11",
					"parent": "bone10",
					"pivot": [-8, 24, 10],
					"cubes": [
						{"origin": [-8.25, 4.85, 24.25], "size": [0, 3, 5], "pivot": [0, 2, 3], "rotation": [45, -30, 15], "uv": [46, 30], "mirror": true}
					]
				},
				{
					"name": "bone12",
					"parent": "bone7",
					"pivot": [-7, 12, 3],
					"cubes": [
						{"origin": [-9.25, 5.25, 5.9], "size": [0, 1, 2], "pivot": [0, 2, 3], "rotation": [15, 0, 15], "uv": [27, 17], "mirror": true},
						{"origin": [-10.25, 4.5, 3.9], "size": [2, 6, 2], "pivot": [0, 2, 3], "rotation": [15, 0, 15], "uv": [17, 57], "mirror": true}
					]
				},
				{
					"name": "bone13",
					"parent": "bone12",
					"pivot": [-9, 7, 4],
					"cubes": [
						{"origin": [-10.25, -2.5, 3.4], "size": [2, 7, 3], "pivot": [0, 2, 3], "rotation": [15, 0, 15], "uv": [0, 0], "mirror": true},
						{"origin": [-9.25, 4.5, 5.25], "size": [0, 1, 2], "pivot": [0, 2, 3], "rotation": [5, 0, 15], "uv": [27, 15], "mirror": true},
						{"origin": [-9.25, 3.5, 4.9], "size": [0, 1, 2], "pivot": [0, 2, 3], "rotation": [0, 0, 15], "uv": [0, 17], "mirror": true}
					]
				},
				{
					"name": "bone14",
					"parent": "bone13",
					"pivot": [-11, 0, 5],
					"cubes": [
						{"origin": [-10.25, -4.5, 3.4], "size": [1, 2, 1], "pivot": [0, 2, 3], "rotation": [15, 0, 15], "uv": [46, 32], "mirror": true},
						{"origin": [-12, 1, 3.9], "size": [1, 1, 0], "pivot": [0, 2, 3], "rotation": [12.73415, 7.99365, -16.60659], "uv": [7, 1], "mirror": true}
					]
				},
				{
					"name": "bone15",
					"parent": "bone13",
					"pivot": [-11, 1, 6],
					"cubes": [
						{"origin": [-10.25, -4.5, 4.4], "size": [1, 2, 1], "pivot": [0, 2, 3], "rotation": [15, 0, 15], "uv": [32, 43], "mirror": true},
						{"origin": [-12, 1, 4.9], "size": [1, 1, 0], "pivot": [0, 2, 3], "rotation": [12.73415, 7.99365, -16.60659], "uv": [7, 0], "mirror": true}
					]
				},
				{
					"name": "bone19",
					"parent": "bone13",
					"pivot": [-11, 1, 7],
					"cubes": [
						{"origin": [-10.25, -4.5, 5.4], "size": [1, 2, 1], "pivot": [0, 2, 3], "rotation": [15, 0, 15], "uv": [40, 9], "mirror": true},
						{"origin": [-12, 1, 5.9], "size": [1, 1, 0], "pivot": [0, 2, 3], "rotation": [12.73415, 7.99365, -16.60659], "uv": [0, 2], "mirror": true}
					]
				},
				{
					"name": "bone35",
					"parent": "torso_lower",
					"pivot": [0, 0, -3],
					"rotation": [0, 45, 0],
					"cubes": [
						{"origin": [-4.75, -3, -7.5], "size": [3, 6, 0], "pivot": [0, 0, -3], "rotation": [-30, 0, 0], "uv": [42, 59], "mirror": true}
					]
				},
				{
					"name": "bone43",
					"parent": "torso_lower",
					"pivot": [1, 0, -1],
					"rotation": [0, 15, 0],
					"cubes": [
						{"origin": [-3.5, -2, -5.5], "size": [3, 6, 0], "pivot": [1, 0, -1], "rotation": [-30, 0, 0], "uv": [28, 32]}
					]
				},
				{
					"name": "tail",
					"parent": "torso_lower",
					"pivot": [0, 1, -2],
					"cubes": [
						{"origin": [-3, 4, 4.5], "size": [4, 0, 10], "pivot": [0, 1, -2], "rotation": [0, 0, 45], "uv": [57, 0]},
						{"origin": [-1, 4, 4.5], "size": [4, 0, 10], "pivot": [0, 1, -2], "rotation": [0, 0, -45], "uv": [57, 0], "mirror": true}
					]
				},
				{
					"name": "bone16",
					"parent": "tail",
					"pivot": [0, 5, 14],
					"cubes": [
						{"origin": [-3, 4, 14.5], "size": [4, 0, 6], "pivot": [0, 1, 8], "rotation": [0, 0, 45], "uv": [66, 21]},
						{"origin": [-1, 4, 14.5], "size": [4, 0, 6], "pivot": [0, 1, 8], "rotation": [0, 0, -45], "uv": [66, 21], "mirror": true}
					]
				},
				{
					"name": "bone22",
					"parent": "bone16",
					"pivot": [0, 5, 21],
					"cubes": [
						{"origin": [-3, 4, 20.5], "size": [4, 0, 8], "pivot": [0, 1, 14], "rotation": [0, 0, 45], "uv": [77, 9]},
						{"origin": [-1, 4, 20.5], "size": [4, 0, 8], "pivot": [0, 1, 14], "rotation": [0, 0, -45], "uv": [77, 9], "mirror": true}
					]
				},
				{
					"name": "bone50",
					"parent": "torso_lower",
					"pivot": [0, 0, 6],
					"rotation": [0, 72.5, 0],
					"cubes": [
						{"origin": [1.5, -2, 11.5], "size": [3, 6, 0], "pivot": [0, 0, 6], "rotation": [30, 0, 0], "uv": [28, 32], "mirror": true}
					]
				},
				{
					"name": "bone51",
					"parent": "torso_lower",
					"pivot": [0, 0, 6],
					"rotation": [0, -72.5, 0],
					"cubes": [
						{"origin": [-4.5, -2, 11.5], "size": [3, 5, 0], "pivot": [0, 0, 6], "rotation": [30, 0, 0], "uv": [28, 33]}
					]
				},
				{
					"name": "bone46",
					"parent": "torso_lower",
					"pivot": [1, 0, 4],
					"rotation": [0, -15, 0],
					"cubes": [
						{"origin": [-3.5, -2, 8.5], "size": [3, 6, 0], "pivot": [1, 0, 4], "rotation": [30, 0, 0], "uv": [0, 13]}
					]
				},
				{
					"name": "bone44",
					"parent": "torso_lower",
					"pivot": [-1, 0, -1],
					"rotation": [0, -15, 0],
					"cubes": [
						{"origin": [0.5, -2, -5.5], "size": [3, 6, 0], "pivot": [-1, 0, -1], "rotation": [-30, 0, 0], "uv": [21, 26]}
					]
				},
				{
					"name": "bone45",
					"parent": "torso_lower",
					"pivot": [-1, 0, 4],
					"rotation": [0, 15, 0],
					"cubes": [
						{"origin": [0.5, -2, 8.5], "size": [3, 6, 0], "pivot": [-1, 0, 4], "rotation": [30, 0, 0], "uv": [0, 26]}
					]
				},
				{
					"name": "bone38",
					"parent": "torso_lower",
					"pivot": [0, 0, 6],
					"rotation": [0, -45, 0],
					"cubes": [
						{"origin": [-4.75, -3, 10.5], "size": [3, 6, 0], "pivot": [0, 0, 6], "rotation": [30, 0, 0], "uv": [0, 59]}
					]
				},
				{
					"name": "bone40",
					"parent": "torso_lower",
					"pivot": [0, 0, 6],
					"rotation": [0, 45, 0],
					"cubes": [
						{"origin": [1.75, -3, 10.5], "size": [3, 6, 0], "pivot": [0, 0, 6], "rotation": [30, 0, 0], "uv": [58, 16]}
					]
				},
				{
					"name": "bone37",
					"parent": "torso_lower",
					"pivot": [-2, 0, -2],
					"rotation": [0, 90, 0],
					"cubes": [
						{"origin": [-7, -3, -6.75], "size": [3, 6, 0], "pivot": [-2, 0, -2], "rotation": [-30, 0, 0], "uv": [36, 59]}
					]
				},
				{
					"name": "bone42",
					"parent": "torso_lower",
					"pivot": [2, 0, -2],
					"rotation": [0, -90, 0],
					"cubes": [
						{"origin": [4, -3, -6.75], "size": [3, 6, 0], "pivot": [2, 0, -2], "rotation": [-30, 0, 0], "uv": [57, 26]}
					]
				},
				{
					"name": "bone36",
					"parent": "torso_lower",
					"pivot": [0, 0, -3],
					"rotation": [0, -45, 0],
					"cubes": [
						{"origin": [1.75, -3, -7.5], "size": [3, 6, 0], "pivot": [0, 0, -3], "rotation": [-30, 0, 0], "uv": [42, 59]}
					]
				},
				{
					"name": "bone",
					"parent": "body",
					"pivot": [0, 1, 0]
				}
			]
		}
	]
}