{
	"format_version": "1.12.0",
	"minecraft:geometry": [
		{
			"description": {
				"identifier": "geometry.volcarona",
				"texture_width": 128,
				"texture_height": 128,
				"visible_bounds_width": 7,
				"visible_bounds_height": 7,
				"visible_bounds_offset": [0, 1.5, 0]
			},
			"bones": [
				{
					"name": "volcarona",
					"pivot": [0, 0, 0]
				},
				{
					"name": "body",
					"parent": "volcarona",
					"pivot": [0, 21.5, 2],
					"rotation": [-7.5, 0, 0],
					"cubes": [
						{"origin": [-8.5, 14, -6.5], "size": [17, 14, 13], "pivot": [0, 22, 2], "rotation": [0, 0, 0], "uv": [0, 21]}
					]
				},
				{
					"name": "bone4",
					"parent": "body",
					"pivot": [0, 22.65263, 6.95722]
				},
				{
					"name": "bone",
					"parent": "bone4",
					"pivot": [0, 22.65263, 6.95722],
					"cubes": [
						{"origin": [20.8, 10.26105, 6.5], "size": [26, 21, 0], "uv": [0, 106]},
						{"origin": [6.34924, -0.84924, 6.5], "size": [15, 15, 0], "inflate": 0.01, "pivot": [0, 22, 2], "rotation": [0, 0, -45], "uv": [98, 113]}
					]
				},
				{
					"name": "bone2",
					"parent": "bone4",
					"pivot": [0, 22.65263, 6.95722],
					"rotation": [0, 0, -55],
					"cubes": [
						{"origin": [20.8, 10.26105, 6.5], "size": [26, 21, 0], "uv": [0, 106]},
						{"origin": [6.34924, -0.84924, 6.5], "size": [15, 15, 0], "inflate": 0.01, "pivot": [0, 22, 2], "rotation": [0, 0, -45], "uv": [98, 113]}
					]
				},
				{
					"name": "bone3",
					"parent": "bone4",
					"pivot": [2, 20.66974, 7.21828],
					"rotation": [0, 0, 55],
					"cubes": [
						{"origin": [22.8, 8.27816, 6.76105], "size": [26, 21, 0], "uv": [0, 106]},
						{"origin": [8.34924, -2.83213, 6.76105], "size": [15, 15, 0], "inflate": 0.01, "pivot": [2, 20.01711, 2.26105], "rotation": [0, 0, -45], "uv": [98, 113]}
					]
				},
				{
					"name": "bone5",
					"parent": "body",
					"pivot": [0, 22.65263, 6.95722]
				},
				{
					"name": "bone6",
					"parent": "bone5",
					"pivot": [0, 22.65263, 6.95722],
					"cubes": [
						{"origin": [-46.8, 10.26105, 6.5], "size": [26, 21, 0], "uv": [0, 106], "mirror": true},
						{"origin": [-21.34924, -0.84924, 6.5], "size": [15, 15, 0], "inflate": 0.01, "pivot": [0, 22, 2], "rotation": [0, 0, 45], "uv": [98, 113], "mirror": true}
					]
				},
				{
					"name": "bone7",
					"parent": "bone5",
					"pivot": [0, 22.65263, 6.95722],
					"rotation": [0, 0, 55],
					"cubes": [
						{"origin": [-46.8, 10.26105, 6.5], "size": [26, 21, 0], "uv": [0, 106], "mirror": true},
						{"origin": [-21.34924, -0.84924, 6.5], "size": [15, 15, 0], "inflate": 0.01, "pivot": [0, 22, 2], "rotation": [0, 0, 45], "uv": [98, 113], "mirror": true}
					]
				},
				{
					"name": "bone8",
					"parent": "bone5",
					"pivot": [-2, 20.66974, 7.21828],
					"rotation": [0, 0, -55],
					"cubes": [
						{"origin": [-48.8, 8.27816, 6.76105], "size": [26, 21, 0], "uv": [0, 106], "mirror": true},
						{"origin": [-23.34924, -2.83213, 6.76105], "size": [15, 15, 0], "inflate": 0.01, "pivot": [-2, 20.01711, 2.26105], "rotation": [0, 0, 45], "uv": [98, 113], "mirror": true}
					]
				},
				{
					"name": "arms",
					"parent": "body",
					"pivot": [0, 24.5, -6.25]
				},
				{
					"name": "arm_bottom_left",
					"parent": "arms",
					"pivot": [6.25, 21.5, -6.25],
					"rotation": [3.96713, 14.47751, 15.50409],
					"cubes": [
						{"origin": [4.25, 20.5, -7.25], "size": [4, 2, 1], "uv": [0, 20]}
					]
				},
				{
					"name": "arm_top_right",
					"parent": "arms",
					"pivot": [-6.25, 25.75, -6.25],
					"rotation": [-6.24605, -19.03771, 21.04835],
					"cubes": [
						{"origin": [-8.25, 24.75, -7.25], "size": [4, 2, 1], "uv": [0, 23], "mirror": true}
					]
				},
				{
					"name": "arm_top_left",
					"parent": "arms",
					"pivot": [6.25, 25.75, -6.25],
					"rotation": [-6.24605, 19.03771, -21.04835],
					"cubes": [
						{"origin": [4.25, 24.75, -7.25], "size": [4, 2, 1], "uv": [0, 23]}
					]
				},
				{
					"name": "arm_bottom_right",
					"parent": "arms",
					"pivot": [-6.25, 21.5, -6.25],
					"rotation": [5.38152, -19.291, -15.91527],
					"cubes": [
						{"origin": [-8.25, 20.5, -7.25], "size": [4, 2, 1], "uv": [0, 26], "mirror": true}
					]
				},
				{
					"name": "neck",
					"parent": "body",
					"pivot": [0, 28, 6],
					"rotation": [7.5, 0, 0],
					"cubes": [
						{"origin": [-5.5, 28, -6], "size": [11, 9, 10], "uv": [32, 2]}
					]
				},
				{
					"name": "head",
					"parent": "neck",
					"pivot": [0, 33.5, -4.5],
					"rotation": [-2.5, 0, 0],
					"cubes": [
						{"origin": [-3.5, 30, -8.25], "size": [7, 7, 4], "uv": [0, 0]}
					]
				},
				{
					"name": "eyes",
					"parent": "head",
					"pivot": [0, 33.5, -8.26]
				},
				{
					"name": "eye_left",
					"parent": "eyes",
					"pivot": [2.5, 32.5, -8.26],
					"cubes": [
						{"origin": [1.51, 31, -8.26], "size": [2, 3, 1], "uv": [47, 29]},
						{"origin": [2.25, 31, -8.27], "size": [0.5, 3, 0], "uv": [1, 29]},
						{"origin": [1.51, 32.25, -8.27], "size": [2, 0.5, 1], "inflate": 0.01, "uv": [3, 29]}
					]
				},
				{
					"name": "eye_right",
					"parent": "eyes",
					"pivot": [-2.5, 32.5, -8.26],
					"cubes": [
						{"origin": [-3.51, 31, -8.26], "size": [2, 3, 1], "uv": [53, 29], "mirror": true},
						{"origin": [-2.75, 31, -8.27], "size": [0.5, 3, 0], "uv": [3, 29], "mirror": true},
						{"origin": [-3.51, 32.25, -8.27], "size": [2, 0.5, 1], "inflate": 0.01, "uv": [3, 30], "mirror": true}
					]
				},
				{
					"name": "muzzle",
					"parent": "head",
					"pivot": [0, 30, -5.5],
					"rotation": [0, 0, 45],
					"cubes": [
						{"origin": [-1.5, 28.5, -8], "size": [3, 3, 2], "uv": [0, 12]}
					]
				},
				{
					"name": "horn_left",
					"parent": "head",
					"pivot": [3.15, 34, -5.5],
					"cubes": [
						{"origin": [3.15, 31.5, -7], "size": [3, 5, 2], "inflate": 0.01, "uv": [10, 11]}
					]
				},
				{
					"name": "horn_top_left",
					"parent": "horn_left",
					"pivot": [6.15, 36.5, -6],
					"rotation": [0, 0, -17.5],
					"cubes": [
						{"origin": [3.15, 36.5, -6.5], "size": [3, 4, 1], "uv": [24, 7]}
					]
				},
				{
					"name": "horn_top_left2",
					"parent": "horn_top_left",
					"pivot": [3.15, 40.5, -6],
					"rotation": [0, 0, 30],
					"cubes": [
						{"origin": [3.15, 40.5, -6], "size": [3, 4, 0], "uv": [20, 12]}
					]
				},
				{
					"name": "horn_bottom_left",
					"parent": "horn_left",
					"pivot": [5.75, 31.5, -6],
					"rotation": [0, 0, 30],
					"cubes": [
						{"origin": [3.75, 28.5, -6.5], "size": [2, 3, 1], "uv": [18, 0]}
					]
				},
				{
					"name": "horn_bottom_left2",
					"parent": "horn_bottom_left",
					"pivot": [3.75, 28.5, -6],
					"rotation": [0, 0, -22.5],
					"cubes": [
						{"origin": [3.75, 26.5, -6], "size": [2, 2, 0], "uv": [10, 18]}
					]
				},
				{
					"name": "horn_right",
					"parent": "head",
					"pivot": [-3.15, 34, -5.5],
					"cubes": [
						{"origin": [-6.15, 31.5, -7], "size": [3, 5, 2], "inflate": 0.01, "uv": [30, 0], "mirror": true}
					]
				},
				{
					"name": "horn_top_right",
					"parent": "horn_right",
					"pivot": [-6.15, 36.5, -6],
					"rotation": [0, 0, 17.5],
					"cubes": [
						{"origin": [-6.15, 36.5, -6.5], "size": [3, 4, 1], "uv": [32, 7], "mirror": true}
					]
				},
				{
					"name": "horn_top_right2",
					"parent": "horn_top_right",
					"pivot": [-3.15, 40.5, -6],
					"rotation": [0, 0, -30],
					"cubes": [
						{"origin": [-6.15, 40.5, -6], "size": [3, 4, 0], "uv": [20, 16], "mirror": true}
					]
				},
				{
					"name": "horn_bottom_right",
					"parent": "horn_right",
					"pivot": [-5.75, 31.5, -6],
					"rotation": [0, 0, -30],
					"cubes": [
						{"origin": [-5.75, 28.5, -6.5], "size": [2, 3, 1], "uv": [24, 0], "mirror": true}
					]
				},
				{
					"name": "horn_bottom_right2",
					"parent": "horn_bottom_right",
					"pivot": [-3.75, 28.5, -6],
					"rotation": [0, 0, 22.5],
					"cubes": [
						{"origin": [-5.75, 26.5, -6], "size": [2, 2, 0], "uv": [14, 18], "mirror": true}
					]
				},
				{
					"name": "tail",
					"parent": "body",
					"pivot": [0, 12, 4.5],
					"rotation": [-37.5, 0, 0],
					"cubes": [
						{"origin": [-10.5, -1, -3.5], "size": [21, 13, 8], "inflate": 0.02, "uv": [52, 43]}
					]
				},
				{
					"name": "tail_detail",
					"parent": "tail",
					"pivot": [0, 11.9, -2.2],
					"cubes": [
						{"origin": [-6, -3, -5.5], "size": [12, 15, 5], "inflate": 0.03, "uv": [80, 78]},
						{"origin": [-0.5, -3, -5.51], "size": [1, 15, 0], "inflate": 0.03, "uv": [122, 83]}
					]
				},
				{
					"name": "tail_detail2",
					"parent": "tail_detail",
					"pivot": [0, -2, 0],
					"rotation": [7.5, 0, 0],
					"cubes": [
						{"origin": [-5, -7, -5.5], "size": [10, 5, 5], "inflate": 0.02, "uv": [60, 98]}
					]
				},
				{
					"name": "tail_detail3",
					"parent": "tail_detail2",
					"pivot": [0, -6.5, -2],
					"rotation": [7.5, 0, 0],
					"cubes": [
						{"origin": [-4, -9.5, -5.5], "size": [8, 3, 3], "inflate": 0.01, "uv": [90, 98]}
					]
				},
				{
					"name": "tail_detail4",
					"parent": "tail_detail3",
					"pivot": [0, -11, -0.5],
					"cubes": [
						{"origin": [-2.5, -12, -5.5], "size": [5, 5, 3], "pivot": [0, -9.5, -4], "rotation": [0, 0, 45], "uv": [90, 104]}
					]
				},
				{
					"name": "tail2",
					"parent": "tail",
					"pivot": [0, 2, 4],
					"rotation": [-11, 0, 0],
					"cubes": [
						{"origin": [-8.5, -6, -2], "size": [17, 8, 6], "inflate": 0.01, "uv": [60, 64]}
					]
				},
				{
					"name": "tail3",
					"parent": "tail2",
					"pivot": [0, -6, 3],
					"rotation": [-5, 0, 0],
					"cubes": [
						{"origin": [-5.5, -11.5, 0], "size": [11, 11, 3], "pivot": [0, -6, 1], "rotation": [0, 0, 45], "uv": [50, 82]}
					]
				}
			]
		}
	]
}