{
	"format_version": "1.12.0",
	"minecraft:geometry": [
		{
			"description": {
				"identifier": "geometry.mandibuzz",
				"texture_width": 128,
				"texture_height": 128,
				"visible_bounds_width": 6,
				"visible_bounds_height": 4.5,
				"visible_bounds_offset": [0, 1.75, 0]
			},
			"bones": [
				{
					"name": "mandibuzz",
					"pivot": [-2.97111, 0.5, 0.87741]
				},
				{
					"name": "body",
					"parent": "mandibuzz",
					"pivot": [-2.46976, 20.86111, -6.95462]
				},
				{
					"name": "torso",
					"parent": "body",
					"pivot": [16.73414, 13.58483, 0.15236],
					"cubes": [
						{"origin": [-5, 8, -3.5], "size": [10, 13, 8], "pivot": [0, 13.5, 0], "rotation": [12.5, 0, 0], "uv": [0, 15]},
						{"origin": [-4, 11, 1.75], "size": [8, 12, 2], "uv": [0, 59]}
					]
				},
				{
					"name": "neck_1",
					"parent": "torso",
					"pivot": [-0.36586, 23.58483, -0.64764],
					"cubes": [
						{"origin": [-1.5, 24.75, -2.25], "size": [3, 4, 6], "pivot": [0, 13.5, 1], "rotation": [12.5, 0, 0], "uv": [48, 66]}
					]
				},
				{
					"name": "neck_2",
					"parent": "neck_1",
					"pivot": [-0.4, 26.18923, -3.56959],
					"cubes": [
						{"origin": [-1.5, 24.12479, -5.57896], "size": [3, 9, 3], "inflate": 0.001, "pivot": [0.25, 29.22479, -4.72896], "rotation": [-20, 0, 0], "uv": [8, 73]}
					]
				},
				{
					"name": "head",
					"parent": "neck_2",
					"pivot": [0, 30.78923, -3.46959],
					"cubes": [
						{"origin": [-2.5, 29.87479, -8.82896], "size": [5, 4, 6], "inflate": 0.001, "uv": [54, 19]},
						{"origin": [-0.5, 30.12479, -11.07896], "size": [2, 2, 3], "inflate": 0.001, "pivot": [0.75, 31.87479, -8.32896], "rotation": [7.5, -7.5, 45], "uv": [35, 5]},
						{"origin": [-0.5, 29.12479, -13.07896], "size": [3, 3, 2], "inflate": 0.001, "pivot": [0.75, 31.87479, -8.32896], "rotation": [7.5, -7.5, 45], "uv": [40, 42]}
					]
				},
				{
					"name": "tuff_head",
					"parent": "head",
					"pivot": [-0.1, 33.58923, -3.31959],
					"cubes": [
						{"origin": [-1, 33.38923, 8.63041], "size": [2, 2, 7], "inflate": 0.001, "pivot": [-25, 15.38923, 3.38041], "rotation": [34.79536, 0, 0], "uv": [64, 30]},
						{"origin": [-1, 35.38923, 15.63041], "size": [2, 0, 3], "inflate": 0.001, "pivot": [-25, 15.38923, 3.38041], "rotation": [34.79536, 0, 0], "uv": [68, 34]},
						{"origin": [-4, 34.38923, -2.36959], "size": [8, 1, 1], "inflate": 0.001, "uv": [35, 3]},
						{"origin": [-5.25, 34.63923, -2.86959], "size": [2, 2, 2], "inflate": 0.001, "pivot": [-4, 35.38923, -1.86959], "rotation": [0, 0, -42.5], "uv": [28, 62]},
						{"origin": [-6.25, 33.88923, -2.86959], "size": [2, 1, 2], "inflate": 0.001, "pivot": [-4, 35.38923, -1.86959], "rotation": [0, 0, -50], "uv": [27, 42]},
						{"origin": [4.25, 33.88923, -2.86959], "size": [2, 1, 2], "inflate": 0.001, "pivot": [4, 35.38923, -1.86959], "rotation": [0, 0, 50], "uv": [63, 29]},
						{"origin": [3.25, 34.63923, -2.86959], "size": [2, 2, 2], "inflate": 0.001, "pivot": [4, 35.38923, -1.86959], "rotation": [0, 0, 42.5], "uv": [42, 62]}
					]
				},
				{
					"name": "tuff_head_2",
					"parent": "tuff_head",
					"pivot": [-1.1, 32.88923, -2.91959],
					"cubes": [
						{"origin": [0.1, 31.88923, 8.13041], "size": [0, 5, 6], "inflate": 0.001, "pivot": [-25, 15.38923, 3.38041], "rotation": [34.79536, 0, 0], "uv": [70, 6]}
					]
				},
				{
					"name": "beak",
					"parent": "head",
					"pivot": [0.75, 30.17479, -8.32896],
					"cubes": [
						{"origin": [-1, 29.62479, -10.67896], "size": [2, 1, 3], "inflate": 0.001, "pivot": [0.75, 31.87479, -8.32896], "rotation": [7.5, 0, 0], "uv": [60, 15]}
					]
				},
				{
					"name": "eyes",
					"parent": "head",
					"pivot": [-2.69848, 31.87479, -7.34632]
				},
				{
					"name": "eye_right",
					"parent": "eyes",
					"pivot": [2.69848, 31.87479, -7.34632],
					"cubes": [
						{"origin": [-2.57348, 31.37479, -8.82132], "size": [0, 1, 3], "inflate": 0.001, "pivot": [-2.69848, 31.87479, -7.34632], "rotation": [5, -5, 0], "uv": [0, 6]}
					]
				},
				{
					"name": "eyelash_right",
					"parent": "eye_right",
					"pivot": [-2.69848, 31.87479, -7.34632],
					"cubes": [
						{"origin": [-1.94848, 31.67479, -6.57132], "size": [0, 2, 2], "inflate": 0.001, "pivot": [-2.69848, 31.87479, -7.34632], "rotation": [5, -20, -15], "uv": [6, 7]}
					]
				},
				{
					"name": "eyelid_right",
					"parent": "eye_right",
					"pivot": [-2.69848, 31.87479, -7.34632],
					"cubes": [
						{"origin": [-2.525, 31.87479, -8.82896], "size": [0, 1, 3], "inflate": 0.001, "uv": [46, 22]}
					]
				},
				{
					"name": "eye_left",
					"parent": "eyes",
					"pivot": [2.69848, 31.87479, -7.34632],
					"cubes": [
						{"origin": [2.57348, 31.37479, -8.82132], "size": [0, 1, 3], "inflate": 0.001, "pivot": [2.69848, 31.87479, -7.34632], "rotation": [5, 5, 0], "uv": [0, 7]}
					]
				},
				{
					"name": "eyelash_left",
					"parent": "eye_left",
					"pivot": [2.69848, 31.87479, -7.34632],
					"cubes": [
						{"origin": [1.94848, 31.67479, -6.57132], "size": [0, 2, 2], "inflate": 0.001, "pivot": [2.69848, 31.87479, -7.34632], "rotation": [5, 20, 15], "uv": [36, 23]}
					]
				},
				{
					"name": "eyelid_left",
					"parent": "eye_left",
					"pivot": [0.25, 29.22479, -4.72896],
					"cubes": [
						{"origin": [2.525, 31.87479, -8.82896], "size": [0, 1, 3], "inflate": 0.001, "uv": [40, 22]}
					]
				},
				{
					"name": "tuff",
					"parent": "torso",
					"pivot": [0, 20.08497, -5.00581]
				},
				{
					"name": "tuff_front",
					"parent": "tuff",
					"pivot": [-0.36406, 21.77045, -3.42969],
					"cubes": [
						{"origin": [-7, 16.58497, -7.00581], "size": [9, 6, 9], "pivot": [0, 20.08497, -5.00581], "rotation": [5, 0, 32.5], "uv": [0, 36]},
						{"origin": [-2, 16.58497, -6.90581], "size": [9, 6, 9], "pivot": [0, 20.08497, -5.00581], "rotation": [-0.981, 4.98093, -32.06312], "uv": [27, 27]}
					]
				},
				{
					"name": "tuff_right",
					"parent": "tuff_front",
					"pivot": [-2.46976, 21.86111, -6.95462],
					"cubes": [
						{"origin": [-6.96976, 19.11111, -7.20462], "size": [9, 3, 0], "pivot": [-2.46976, 20.86111, -6.95462], "rotation": [-10, 0, 32.5], "uv": [50, 12]}
					]
				},
				{
					"name": "tuff_left",
					"parent": "tuff_front",
					"pivot": [2, 22.08497, -5.50581],
					"cubes": [
						{"origin": [-2.3, 17.43497, -7.20581], "size": [9, 3, 0], "pivot": [0, 20.08497, -5.50581], "rotation": [-10.00597, 1.9696, -32.84743], "uv": [35, 0]}
					]
				},
				{
					"name": "tuff_back",
					"parent": "tuff",
					"pivot": [-2.64158, 23.14941, -0.67874],
					"rotation": [19, 0, 0],
					"cubes": [
						{"origin": [-6.14158, 19.99827, -1.7877], "size": [7, 6, 6], "pivot": [-2.64158, 22.49827, 1.2123], "rotation": [5, 0, 17.5], "uv": [50, 0]},
						{"origin": [-0.86406, 20.01932, -1.68865], "size": [7, 6, 6], "pivot": [2.63594, 22.51932, 1.46135], "rotation": [5.00303, -1.99239, -17.67438], "uv": [50, 42]}
					]
				},
				{
					"name": "jaw",
					"parent": "torso",
					"pivot": [0, 12.38923, -0.86959],
					"cubes": [
						{"origin": [-6, 10.72271, -5.44908], "size": [12, 4, 11], "pivot": [0, 11.47271, 0.05092], "rotation": [-2.5, 0, 0], "uv": [0, 0]},
						{"origin": [-4.75, 7.67701, 5.49724], "size": [4, 6, 1], "pivot": [-2.5, 10.67701, 5.24724], "rotation": [17.5, 0, -5], "uv": [74, 80]},
						{"origin": [0.75, 7.67701, 5.49724], "size": [4, 6, 1], "pivot": [2.5, 10.67701, 5.24724], "rotation": [17.5, 0, 7.5], "uv": [73, 59]},
						{"origin": [-1, 13.72271, 3.55092], "size": [0, 1, 2], "pivot": [0, 11.47271, 0.05092], "rotation": [-2.5, 0, 0], "uv": [0, 55]},
						{"origin": [1, 13.72271, 3.55092], "size": [0, 1, 2], "pivot": [0, 11.47271, 0.05092], "rotation": [-2.5, 0, 0], "uv": [0, 55]},
						{"origin": [-3.19102, 8.09469, -6.51993], "size": [3, 4, 3], "pivot": [-1.69102, 9.59469, -5.51993], "rotation": [-35, -25, 27.5], "uv": [45, 76]},
						{"origin": [-2.69102, 6.09469, -6.01993], "size": [2, 2, 2], "pivot": [-1.69102, 9.59469, -5.51993], "rotation": [-35, -25, 27.5], "uv": [20, 79]},
						{"origin": [-2.19102, 4.09469, -5.51993], "size": [1, 2, 1], "pivot": [-1.69102, 9.59469, -5.51993], "rotation": [-35, -25, 27.5], "uv": [52, 42]},
						{"origin": [-7.79002, 9.30459, -7.35047], "size": [3, 4, 3], "pivot": [-6.54002, 8.55459, -6.35047], "rotation": [-22.77442, -7.43625, 24.2164], "uv": [54, 29]},
						{"origin": [-7.29002, 7.30459, -6.85047], "size": [2, 2, 2], "pivot": [-6.54002, 8.55459, -6.35047], "rotation": [-22.77442, -7.43625, 24.2164], "uv": [70, 0]},
						{"origin": [-6.79002, 5.30459, -6.35047], "size": [1, 2, 1], "pivot": [-6.54002, 8.55459, -6.35047], "rotation": [-22.77442, -7.43625, 24.2164], "uv": [46, 48]},
						{"origin": [-8.34798, 8.79477, -3.63832], "size": [3, 4, 3], "pivot": [-6.84798, 8.54477, -2.63832], "rotation": [-10.87631, -6.51803, 29.16811], "uv": [74, 66]},
						{"origin": [-7.84798, 6.79477, -3.13832], "size": [2, 2, 2], "pivot": [-6.84798, 8.54477, -2.63832], "rotation": [-10.87631, -6.51803, 29.16811], "uv": [75, 33]},
						{"origin": [-7.34798, 4.79477, -2.63832], "size": [1, 2, 1], "pivot": [-6.84798, 8.54477, -2.63832], "rotation": [-10.87631, -6.51803, 29.16811], "uv": [22, 51]},
						{"origin": [0.19102, 8.09469, -6.51993], "size": [3, 4, 3], "pivot": [1.69102, 9.59469, -5.51993], "rotation": [-35, 25, -27.5], "uv": [78, 0]},
						{"origin": [0.69102, 6.09469, -6.01993], "size": [2, 2, 2], "pivot": [1.69102, 9.59469, -5.51993], "rotation": [-35, 25, -27.5], "uv": [28, 79]},
						{"origin": [1.19102, 4.09469, -5.51993], "size": [1, 2, 1], "pivot": [1.69102, 9.59469, -5.51993], "rotation": [-35, 25, -27.5], "uv": [60, 66]},
						{"origin": [4.79002, 9.30459, -7.35047], "size": [3, 4, 3], "pivot": [6.54002, 8.55459, -6.35047], "rotation": [-22.77442, 7.43625, -24.2164], "uv": [75, 26]},
						{"origin": [5.29002, 7.30459, -6.85047], "size": [2, 2, 2], "pivot": [6.54002, 8.55459, -6.35047], "rotation": [-22.77442, 7.43625, -24.2164], "uv": [78, 7]},
						{"origin": [5.79002, 5.30459, -6.35047], "size": [1, 2, 1], "pivot": [6.54002, 8.55459, -6.35047], "rotation": [-22.77442, 7.43625, -24.2164], "uv": [48, 66]},
						{"origin": [5.34798, 8.79477, -3.63832], "size": [3, 4, 3], "pivot": [6.84798, 8.54477, -2.63832], "rotation": [-10.87631, 6.51803, -29.16811], "uv": [74, 73]},
						{"origin": [5.84798, 6.79477, -3.13832], "size": [2, 2, 2], "pivot": [6.84798, 8.54477, -2.63832], "rotation": [-10.87631, 6.51803, -29.16811], "uv": [57, 76]},
						{"origin": [6.34798, 4.79477, -2.63832], "size": [1, 2, 1], "pivot": [6.84798, 8.54477, -2.63832], "rotation": [-10.87631, 6.51803, -29.16811], "uv": [22, 54]}
					]
				},
				{
					"name": "tail",
					"parent": "torso",
					"pivot": [0, 9.56733, 5.43405],
					"cubes": [
						{"origin": [-5.5, -0.68267, 7.23405], "size": [11, 12, 0], "pivot": [0, 5.56733, 6.33405], "rotation": [25, 0, 0], "uv": [50, 54]}
					]
				},
				{
					"name": "wing_left_closed",
					"parent": "torso",
					"pivot": [5.83414, 24.58483, 0.15236],
					"rotation": [0, 0, -7],
					"cubes": [
						{"origin": [4.78128, 18.62657, -2.36604], "size": [2, 10, 10], "pivot": [6.3382, 17.94439, 2.92003], "rotation": [24.4783, -9.1229, 2.5695], "uv": [26, 42]},
						{"origin": [7.02215, 15.25065, -0.66668], "size": [0, 4, 11], "pivot": [6.3382, 17.94439, 2.92003], "rotation": [37.0724, 1.0974, -12.238], "uv": [70, 6]},
						{"origin": [5.14851, 8.77627, 1.12215], "size": [1, 11, 6], "pivot": [6.3382, 17.94439, 2.92003], "rotation": [24.0737, -9.3094, 5.0952], "uv": [34, 62]},
						{"origin": [5.28877, 6.47068, -1.25049], "size": [1, 14, 3], "pivot": [6.3382, 17.94439, 2.92003], "rotation": [44.874, -8.9191, 0.0466], "uv": [0, 73]}
					]
				},
				{
					"name": "wing_right_closed",
					"parent": "torso",
					"pivot": [-5.83414, 24.58483, 0.15236],
					"rotation": [0, 0, 7],
					"cubes": [
						{"origin": [-6.78128, 18.62657, -2.36604], "size": [2, 10, 10], "pivot": [-6.3382, 17.94439, 2.92003], "rotation": [24.4783, 9.1229, -2.5695], "uv": [26, 42], "mirror": true},
						{"origin": [-7.02215, 15.25065, -0.66668], "size": [0, 4, 11], "pivot": [-6.3382, 17.94439, 2.92003], "rotation": [37.0724, -1.0974, 12.238], "uv": [70, 6], "mirror": true},
						{"origin": [-6.14851, 8.77627, 1.12215], "size": [1, 11, 6], "pivot": [-6.3382, 17.94439, 2.92003], "rotation": [24.0737, 9.3094, -5.0952], "uv": [34, 62], "mirror": true},
						{"origin": [-6.28877, 6.47068, -1.25049], "size": [1, 14, 3], "pivot": [-6.3382, 17.94439, 2.92003], "rotation": [44.874, 8.9191, -0.0466], "uv": [0, 73], "mirror": true}
					]
				},
				{
					"name": "wing_left_open",
					"parent": "torso",
					"pivot": [6.26586, 22.58483, -1.84764],
					"cubes": [
						{"origin": [4.8897, 20.53116, -1.77625], "size": [8, 5, 1], "pivot": [8.8897, 23.43116, -1.67625], "rotation": [12.5, -7.5, -17.5], "uv": [84, 11], "mirror": true},
						{"origin": [4.8897, 16.03116, -1.47625], "size": [8, 7, 0], "pivot": [8.8897, 23.43116, -1.67625], "rotation": [12.5, -7.5, -17.5], "uv": [84, 21], "mirror": true}
					]
				},
				{
					"name": "wing_left_middle",
					"parent": "wing_left_open",
					"pivot": [12.2382, 23.94439, -1.07997],
					"cubes": [
						{"origin": [12.13414, 22.33483, 0.10236], "size": [11, 7, 1], "pivot": [16.73414, 24.58483, 0.15236], "rotation": [15, -7.5, -40], "uv": [50, 83], "mirror": true},
						{"origin": [10.13414, 18.33483, 0.60236], "size": [13, 7, 0], "pivot": [16.73414, 24.58483, 0.15236], "rotation": [15, -7.5, -40], "uv": [83, 58], "mirror": true}
					]
				},
				{
					"name": "wing_left_outer",
					"parent": "wing_left_middle",
					"pivot": [19.73414, 30.58483, 0.35236],
					"cubes": [
						{"origin": [20.48414, 23.38483, 1.10236], "size": [10, 8, 1], "pivot": [16.73414, 24.58483, 0.15236], "rotation": [15, -7.5, -15], "uv": [84, 80], "mirror": true},
						{"origin": [20.38414, 20.08483, 1.60236], "size": [15, 11, 0], "pivot": [16.73414, 24.58483, 0.15236], "rotation": [15, -7.5, -15], "uv": [20, 83], "mirror": true}
					]
				},
				{
					"name": "wing_left_outer_tuff",
					"parent": "wing_left_outer",
					"pivot": [20.19487, 27.38722, 1.86449],
					"cubes": [
						{"origin": [16.49487, 24.38722, 3.66449], "size": [14, 6, 0], "pivot": [24.49487, 27.38722, 3.66449], "rotation": [27.5, -10, -12.5], "uv": [83, 33], "mirror": true}
					]
				},
				{
					"name": "wing_right_open",
					"parent": "torso",
					"pivot": [-6.26586, 22.58483, -1.84764],
					"cubes": [
						{"origin": [-12.8897, 20.53116, -1.77625], "size": [8, 5, 1], "pivot": [-8.8897, 23.43116, -1.67625], "rotation": [12.5, 7.5, 17.5], "uv": [84, 11]},
						{"origin": [-12.8897, 16.03116, -1.47625], "size": [8, 7, 0], "pivot": [-8.8897, 23.43116, -1.67625], "rotation": [12.5, 7.5, 17.5], "uv": [84, 21]}
					]
				},
				{
					"name": "wing_right_middle",
					"parent": "wing_right_open",
					"pivot": [-12.2382, 23.94439, -1.07997],
					"cubes": [
						{"origin": [-23.13414, 22.33483, 0.10236], "size": [11, 7, 1], "pivot": [-16.73414, 24.58483, 0.15236], "rotation": [15, 7.5, 40], "uv": [50, 83]},
						{"origin": [-23.13414, 18.33483, 0.60236], "size": [13, 7, 0], "pivot": [-16.73414, 24.58483, 0.15236], "rotation": [15, 7.5, 40], "uv": [83, 58]}
					]
				},
				{
					"name": "wing_right_outer",
					"parent": "wing_right_middle",
					"pivot": [-19.73414, 30.58483, 0.35236],
					"cubes": [
						{"origin": [-30.48414, 23.38483, 1.10236], "size": [10, 8, 1], "pivot": [-16.73414, 24.58483, 0.15236], "rotation": [15, 7.5, 15], "uv": [84, 80]},
						{"origin": [-35.38414, 20.08483, 1.60236], "size": [15, 11, 0], "pivot": [-16.73414, 24.58483, 0.15236], "rotation": [15, 7.5, 15], "uv": [20, 83]}
					]
				},
				{
					"name": "wing_right_outer_tuff",
					"parent": "wing_right_outer",
					"pivot": [-20.19487, 27.38722, 1.86449],
					"cubes": [
						{"origin": [-30.49487, 24.38722, 3.66449], "size": [14, 6, 0], "pivot": [-24.49487, 27.38722, 3.66449], "rotation": [27.5, 10, 12.5], "uv": [83, 33]}
					]
				},
				{
					"name": "leg_right",
					"parent": "body",
					"pivot": [-2.1103, 8.43116, 1.32375],
					"cubes": [
						{"origin": [-3.5, 6.40399, -1.73563], "size": [3, 4, 5], "pivot": [-2, 7.90399, 0.76437], "rotation": [-52.5, 7.5, 0], "uv": [70, 39]}
					]
				},
				{
					"name": "leg_lower_right",
					"parent": "leg_right",
					"pivot": [-2.02757, 6.69447, 2.58124],
					"cubes": [
						{"origin": [-2.52757, 0.19447, 3.58124], "size": [1, 2, 1], "pivot": [-2.02757, 3.69447, 2.58124], "rotation": [5, 10, 0], "uv": [42, 5]},
						{"origin": [-3.02757, 0.19447, 1.58124], "size": [2, 7, 2], "pivot": [-2.02757, 3.69447, 2.58124], "rotation": [5, 10, 0], "uv": [0, 0]}
					]
				},
				{
					"name": "toes_right",
					"parent": "leg_lower_right",
					"pivot": [-3.35126, 0.5, 2.20274]
				},
				{
					"name": "toe_right_inner",
					"parent": "toes_right",
					"pivot": [-1.60567, 0.5, 1.00227],
					"cubes": [
						{"origin": [-2.10567, 0.25, -0.49773], "size": [1, 1, 3], "pivot": [-1.60567, 0.5, 1.00227], "rotation": [-10, -12.5, 0], "uv": [28, 19]}
					]
				},
				{
					"name": "talon_right_inner",
					"parent": "toe_right_inner",
					"pivot": [-1.2269, 0.84558, -0.70624],
					"cubes": [
						{"origin": [-1.7269, 0.59558, -1.95624], "size": [1, 1, 2], "inflate": 0.001, "pivot": [-1.2269, 0.84558, -0.70624], "rotation": [40, -12.5, 0], "uv": [34, 64]}
					]
				},
				{
					"name": "toe_right_middle",
					"parent": "toes_right",
					"pivot": [-3.50551, 0.99679, -1.06602],
					"cubes": [
						{"origin": [-3.47111, 0.25, -0.62259], "size": [1, 1, 3], "pivot": [-2.97111, 0.5, 0.87741], "rotation": [-10, 22.5, 0], "uv": [28, 15]}
					]
				},
				{
					"name": "talon_right_middle",
					"parent": "toe_right_middle",
					"pivot": [-3.50551, 0.99679, -1.06602],
					"cubes": [
						{"origin": [-4.25551, 0.49679, -2.06602], "size": [1, 1, 2], "inflate": 0.001, "pivot": [-3.50551, 0.99679, -1.06602], "rotation": [40, 22.5, 0], "uv": [20, 60]}
					]
				},
				{
					"name": "toe_right_outer",
					"parent": "toes_right",
					"pivot": [-5.29981, 0.84558, 1.07774],
					"cubes": [
						{"origin": [-3.85126, 0.25, 0.20274], "size": [1, 1, 4], "pivot": [-3.35126, 0.5, 2.20274], "rotation": [-10, 60, 0], "uv": [40, 47]}
					]
				},
				{
					"name": "talon_right_outer",
					"parent": "toe_right_outer",
					"pivot": [-5.29981, 0.84558, 1.07774],
					"cubes": [
						{"origin": [-5.79981, 0.59558, -0.17226], "size": [1, 1, 2], "inflate": 0.001, "pivot": [-5.29981, 0.84558, 1.07774], "rotation": [40, 60, 0], "uv": [64, 34]}
					]
				},
				{
					"name": "leg_left",
					"parent": "body",
					"pivot": [1.8897, 8.43116, 0.32375],
					"cubes": [
						{"origin": [0.5, 6.40399, -1.73563], "size": [3, 4, 5], "pivot": [2, 7.90399, 0.76437], "rotation": [-52.5, -7.5, 0], "uv": [72, 49]}
					]
				},
				{
					"name": "leg_lower_left",
					"parent": "leg_left",
					"pivot": [2.02757, 7.69447, 1.58124],
					"cubes": [
						{"origin": [1.02757, 0.19447, 1.58124], "size": [2, 7, 2], "pivot": [2.02757, 3.69447, 2.58124], "rotation": [5, -10, 0], "uv": [0, 36]},
						{"origin": [1.52757, 0.19447, 3.58124], "size": [1, 2, 1], "pivot": [2.02757, 3.69447, 2.58124], "rotation": [5, -10, 0], "uv": [40, 47]}
					]
				},
				{
					"name": "toes_left",
					"parent": "leg_lower_left",
					"pivot": [5.29981, 0.84558, 1.07774]
				},
				{
					"name": "toe_left_inner",
					"parent": "toes_left",
					"pivot": [1.2269, 0.84558, -0.70624],
					"cubes": [
						{"origin": [1.10567, 0.25, -0.49773], "size": [1, 1, 3], "pivot": [1.60567, 0.5, 1.00227], "rotation": [-10, 12.5, 0], "uv": [0, 19]}
					]
				},
				{
					"name": "talon_left_inner",
					"parent": "toe_left_inner",
					"pivot": [1.2269, 0.84558, -0.70624],
					"cubes": [
						{"origin": [0.7269, 0.59558, -1.95624], "size": [1, 1, 2], "inflate": 0.001, "pivot": [1.2269, 0.84558, -0.70624], "rotation": [40, 12.5, 0], "uv": [20, 63]}
					]
				},
				{
					"name": "toe_left_middle",
					"parent": "toes_left",
					"pivot": [3.50551, 0.99679, -1.06602],
					"cubes": [
						{"origin": [2.47111, 0.25, -0.62259], "size": [1, 1, 3], "pivot": [2.97111, 0.5, 0.87741], "rotation": [-10, -22.5, 0], "uv": [0, 15]}
					]
				},
				{
					"name": "talon_left_middle",
					"parent": "toe_left_middle",
					"pivot": [3.50551, 0.99679, -1.06602],
					"cubes": [
						{"origin": [3.25551, 0.49679, -2.06602], "size": [1, 1, 2], "inflate": 0.001, "pivot": [3.50551, 0.99679, -1.06602], "rotation": [40, -22.5, 0], "uv": [20, 57]}
					]
				},
				{
					"name": "toe_left_outer",
					"parent": "toes_left",
					"pivot": [5.29981, 0.84558, 1.07774],
					"cubes": [
						{"origin": [2.85126, 0.25, 0.20274], "size": [1, 1, 4], "pivot": [3.35126, 0.5, 2.20274], "rotation": [-10, -60, 0], "uv": [46, 43]}
					]
				},
				{
					"name": "talon_left_outer",
					"parent": "toe_left_outer",
					"pivot": [5.29981, 0.84558, 1.07774],
					"cubes": [
						{"origin": [4.79981, 0.59558, -0.17226], "size": [1, 1, 2], "inflate": 0.001, "pivot": [5.29981, 0.84558, 1.07774], "rotation": [40, -60, 0], "uv": [63, 39]}
					]
				}
			]
		}
	]
}