{
	"format_version": "1.12.0",
	"minecraft:geometry": [
		{
			"description": {
				"identifier": "geometry.unknown",
				"texture_width": 64,
				"texture_height": 64,
				"visible_bounds_width": 3,
				"visible_bounds_height": 2.5,
				"visible_bounds_offset": [0, 0.75, 0]
			},
			"bones": [
				{
					"name": "pawmi",
					"pivot": [0, 0, 0]
				},
				{
					"name": "body",
					"parent": "pawmi",
					"pivot": [0, 6.6, 0]
				},
				{
					"name": "rightleg",
					"parent": "body",
					"pivot": [1.9, 2.97676, 1.0394],
					"cubes": [
						{"origin": [0.4, 1.3, -0.5], "size": [3, 3, 3], "uv": [29, 14]}
					]
				},
				{
					"name": "righfoot",
					"parent": "rightleg",
					"pivot": [1.9, 1.56514, 1.2591],
					"cubes": [
						{"origin": [0.9, 0, -0.6], "size": [2, 1, 3], "uv": [37, 12]},
						{"origin": [1.2, 0.7, 0.8], "size": [1.4, 2, 1.4], "pivot": [1.9, 1, 1.9], "rotation": [28, 0, 0], "uv": [35, 11]}
					]
				},
				{
					"name": "leftleg",
					"parent": "body",
					"pivot": [-1.9, 2.97676, 1.0394],
					"cubes": [
						{"origin": [-3.4, 1.3, -0.5], "size": [3, 3, 3], "uv": [29, 14], "mirror": true}
					]
				},
				{
					"name": "righfoot2",
					"parent": "leftleg",
					"pivot": [-1.9, 1.56514, 1.2591],
					"cubes": [
						{"origin": [-2.9, 0, -0.6], "size": [2, 1, 3], "uv": [35, 12], "mirror": true},
						{"origin": [-2.6, 0.7, 0.8], "size": [1.4, 2, 1.4], "pivot": [-1.9, 1, 1.9], "rotation": [28, 0, 0], "uv": [35, 11], "mirror": true}
					]
				},
				{
					"name": "torso",
					"parent": "body",
					"pivot": [0, 0.6, 2],
					"cubes": [
						{"origin": [-3, 1.6, -2], "size": [6, 7, 6], "uv": [17, 12]},
						{"origin": [-2.5, 1.9, -2.6], "size": [5, 3, 2], "uv": [21, 16]},
						{"origin": [-1.5, 4.9, -2.6], "size": [3, 1, 2], "uv": [21, 16]}
					]
				},
				{
					"name": "tail",
					"parent": "torso",
					"pivot": [-0.1, 2.69676, 3.75408],
					"cubes": [
						{"origin": [-0.6, 2.4, 3.2], "size": [1, 1, 4], "pivot": [-0.1, 2.4, 4.9], "rotation": [12, 0, 0], "uv": [10, 39]},
						{"origin": [-1.1, 4.63945, 4.82362], "size": [2, 2, 4], "pivot": [-0.1, 4.68945, 6.62362], "rotation": [25, 0, 0], "uv": [7, 37]},
						{"origin": [-1.1, 3.63945, 4.82362], "size": [2, 1, 3], "pivot": [-0.1, 4.68945, 6.62362], "rotation": [16, 0, 0], "uv": [8, 38]},
						{"origin": [-0.8, 3.1, 6.1], "size": [1.4, 1, 1], "pivot": [-0.1, 2.7, 5.8], "rotation": [19, 0, 0], "uv": [10, 39]}
					]
				},
				{
					"name": "rightarm2",
					"parent": "torso",
					"pivot": [2.8, 7.6, 1],
					"cubes": [
						{"origin": [2.1, 6.6, 0], "size": [3, 2, 2], "uv": [25, 12]}
					]
				},
				{
					"name": "righthand",
					"parent": "rightarm2",
					"pivot": [4.1, 7.63, 1.08],
					"cubes": [
						{"origin": [4.1, 6.1, -0.5], "size": [4, 3, 3], "uv": [24, 11]},
						{"origin": [7, 6.7, 0], "size": [2, 2, 2], "uv": [5, 37]},
						{"origin": [8.01, 7.4, 0.7], "size": [1, 0.6, 0.6], "uv": [20, 60]},
						{"origin": [7.3, 7.3, 1.5], "size": [2, 0.3, 0.2], "uv": [42, 56]},
						{"origin": [7.3, 8.3, 1.4], "size": [2, 0.3, 0.2], "pivot": [8.3, 8.25, 1.7], "rotation": [16, 0, 0], "uv": [42, 56]},
						{"origin": [7.3, 7.8, 1.5], "size": [2, 0.3, 0.2], "uv": [42, 56]},
						{"origin": [7.3, 8.3, 0.8], "size": [2, 0.3, 0.2], "pivot": [8.3, 8.35, 0.7], "rotation": [137, 0, 0], "uv": [42, 56]},
						{"origin": [7.3, 7.1, 1.4], "size": [2, 0.3, 0.2], "pivot": [8.3, 7.15, 1.3], "rotation": [-50, 0, 0], "uv": [42, 56]},
						{"origin": [7, 6.7, 0], "size": [2, 2, 2], "uv": [5, 37]},
						{"origin": [4.1, 6.1, -0.5], "size": [4, 3, 3], "uv": [24, 11]}
					]
				},
				{
					"name": "leftarm2",
					"parent": "torso",
					"pivot": [-2.9, 7.6, 1],
					"cubes": [
						{"origin": [-5.1, 6.6, 0], "size": [3, 2, 2], "uv": [25, 12], "mirror": true}
					]
				},
				{
					"name": "lefthand",
					"parent": "leftarm2",
					"pivot": [-4.1, 7.63, 1.08],
					"cubes": [
						{"origin": [-9, 6.7, 0], "size": [2, 2, 2], "uv": [5, 37], "mirror": true},
						{"origin": [-9.3, 7.3, 1.5], "size": [2, 0.3, 0.2], "uv": [42, 56], "mirror": true},
						{"origin": [-9.3, 8.3, 1.4], "size": [2, 0.3, 0.2], "pivot": [-8.3, 8.25, 1.7], "rotation": [16, 0, 0], "uv": [42, 56], "mirror": true},
						{"origin": [-9.3, 7.1, 1.4], "size": [2, 0.3, 0.2], "pivot": [-8.3, 7.15, 1.3], "rotation": [-50, 0, 0], "uv": [42, 56], "mirror": true},
						{"origin": [-9, 6.7, 0], "size": [2, 2, 2], "uv": [5, 37], "mirror": true},
						{"origin": [-9.3, 8.3, 0.8], "size": [2, 0.3, 0.2], "pivot": [-8.3, 8.35, 0.7], "rotation": [137, 0, 0], "uv": [42, 56], "mirror": true},
						{"origin": [-9.3, 7.8, 1.5], "size": [2, 0.3, 0.2], "uv": [42, 56], "mirror": true},
						{"origin": [-9.01, 7.4, 0.7], "size": [1, 0.6, 0.6], "uv": [20, 60], "mirror": true},
						{"origin": [-8.1, 6.1, -0.5], "size": [4, 3, 3], "uv": [24, 11], "mirror": true},
						{"origin": [-8.1, 6.1, -0.5], "size": [4, 3, 3], "uv": [24, 11], "mirror": true}
					]
				},
				{
					"name": "neck",
					"parent": "torso",
					"pivot": [0, 7.8, 1],
					"cubes": [
						{"origin": [-2.5, 5.6, -1.5], "size": [5, 4, 5], "uv": [23, 8]}
					]
				},
				{
					"name": "head",
					"parent": "neck",
					"pivot": [0, 9, 1],
					"cubes": [
						{"origin": [-3, 9, -2], "size": [6, 5, 6], "uv": [21, 13]}
					]
				},
				{
					"name": "hair",
					"parent": "head",
					"pivot": [0.02472, 14.07604, -1.5],
					"cubes": [
						{"origin": [-1.1, 13.1, -2.5], "size": [2, 3, 2], "pivot": [0.05, 14.15, -1.5], "rotation": [0, 0, 7], "uv": [54, 2]},
						{"origin": [-2.00242, 13.42625, -2.5], "size": [2, 1, 2], "pivot": [-0.40242, 16.02625, -1.5], "rotation": [0, 0, -55], "uv": [53, 4]}
					]
				},
				{
					"name": "rightear",
					"parent": "head",
					"pivot": [1.81192, 13.78462, 0.432],
					"cubes": [
						{"origin": [1.48362, 13.21907, -0.3], "size": [1, 3, 1], "pivot": [2.18362, 14.96907, 0.2], "rotation": [0, 0, 15], "uv": [56, 4]},
						{"origin": [2.28362, 12.71907, -0.3], "size": [1, 3, 0.4], "pivot": [2.18362, 14.96907, 0.2], "rotation": [0, 0, 39], "uv": [57, 4]},
						{"origin": [2.1, 13.9, -0.02], "size": [1.2, 2, 1], "pivot": [2.1, 16.65, 0.4], "rotation": [0, 0, 19], "uv": [3, 55]},
						{"origin": [1.84, 15.6, -0.02], "size": [1.2, 1.9, 1], "pivot": [2.1, 16.65, 0.4], "rotation": [0, 0, 3], "uv": [2, 56]},
						{"origin": [1.44, 15.3, 0], "size": [2, 3, 1], "pivot": [2.6, 16.35, 0.5], "rotation": [0, 0, 3], "uv": [18, 16]},
						{"origin": [1.7, 13.6, 0], "size": [2, 2, 1], "pivot": [2.6, 16.35, 0.5], "rotation": [0, 0, 19], "uv": [36, 16]}
					]
				},
				{
					"name": "leftear",
					"parent": "head",
					"pivot": [-1.81192, 13.78462, 0.432],
					"cubes": [
						{"origin": [-2.38362, 13.21907, -0.3], "size": [1, 3, 1], "pivot": [-2.08362, 14.96907, 0.2], "rotation": [0, 0, -15], "uv": [56, 4], "mirror": true},
						{"origin": [-3.18362, 12.71907, -0.3], "size": [1, 3, 0.4], "pivot": [-2.08362, 14.96907, 0.2], "rotation": [0, 0, -39], "uv": [57, 4], "mirror": true},
						{"origin": [-3.3, 13.9, -0.02], "size": [1.2, 2, 1], "pivot": [-2.1, 16.65, 0.4], "rotation": [0, 0, -19], "uv": [3, 55], "mirror": true},
						{"origin": [-3.04, 15.6, -0.02], "size": [1.2, 1.9, 1], "pivot": [-2.1, 16.65, 0.4], "rotation": [0, 0, -3], "uv": [2, 56], "mirror": true},
						{"origin": [-3.44, 15.3, 0], "size": [2, 3, 1], "pivot": [-2.6, 16.35, 0.5], "rotation": [0, 0, -3], "uv": [18, 16], "mirror": true},
						{"origin": [-3.7, 13.6, 0], "size": [2, 2, 1], "pivot": [-2.6, 16.35, 0.5], "rotation": [0, 0, -19], "uv": [36, 16], "mirror": true}
					]
				},
				{
					"name": "face",
					"parent": "head",
					"pivot": [0, 1.6, 2],
					"cubes": [
						{"origin": [1.817, 9.4, -2.017], "size": [1.2, 2.2, 1], "uv": [57, 55]},
						{"origin": [-3.017, 9.4, -2.017], "size": [1.2, 2.2, 1], "uv": [53, 55]},
						{"origin": [-1, 9.5, -2.017], "size": [2, 1.8, 1], "uv": [39, 55]},
						{"origin": [-0.31416, 9.8, -2.34], "size": [1.2, 0.8, 1], "inflate": -0.3, "pivot": [0.23584, 11.1, -2.08995], "rotation": [0, 0, 32.5], "uv": [40, 41]},
						{"origin": [-0.81416, 10.05, -2.34], "size": [1.2, 0.8, 1], "inflate": -0.3, "pivot": [0.23584, 11.1, -2.08995], "rotation": [0, 0, -32.5], "uv": [40, 42]},
						{"origin": [-0.35, 10.65, -2.36], "size": [0.7, 0.7, 1], "inflate": -0.3, "uv": [41, 40]},
						{"origin": [-1.6, 10.9, -2.021], "size": [1, 1, 1], "uv": [57, 40]},
						{"origin": [-1.1, 11.4, -2.0231], "size": [0.4, 0.4, 1], "uv": [48, 44]},
						{"origin": [-1.5, 11, -2.0231], "size": [0.4, 0.4, 1], "uv": [47, 37]},
						{"origin": [1.1, 11, -2.0231], "size": [0.4, 0.4, 1], "uv": [47, 37]},
						{"origin": [0.6, 10.9, -2.021], "size": [1, 1, 1], "uv": [58, 40]},
						{"origin": [0.7, 11.4, -2.0231], "size": [0.4, 0.4, 1], "uv": [48, 44]}
					]
				},
				{
					"name": "mouth",
					"parent": "face",
					"pivot": [0.23584, 10.1, -1.78995]
				}
			]
		}
	]
}