{
	"format_version": "1.12.0",
	"minecraft:geometry": [
		{
			"description": {
				"identifier": "geometry.slowking",
				"texture_width": 128,
				"texture_height": 128,
				"visible_bounds_width": 3,
				"visible_bounds_height": 3.5,
				"visible_bounds_offset": [0, 1.25, 0]
			},
			"bones": [
				{
					"name": "slowking",
					"pivot": [0, 0, 0]
				},
				{
					"name": "body",
					"parent": "slowking",
					"pivot": [0, 11, 1]
				},
				{
					"name": "torso",
					"parent": "body",
					"pivot": [-0.5, 5.5, 0.5],
					"cubes": [
						{"origin": [-4, 3.5, -3.5], "size": [8, 10, 8], "uv": [28, 21]},
						{"origin": [-3, 13.5, -2.5], "size": [6, 1, 6], "inflate": 0.01, "uv": [27, 14]}
					]
				},
				{
					"name": "frills",
					"parent": "torso",
					"pivot": [0, 14.5, 0.5]
				},
				{
					"name": "right_frill",
					"parent": "frills",
					"pivot": [-2, 14.5, 0.25],
					"cubes": [
						{"origin": [-3.1, 9, -3.5], "size": [4, 6, 8], "inflate": 0.05, "pivot": [-2, 14.5, 0.5], "rotation": [0, 0, 35], "uv": [20, 39]}
					]
				},
				{
					"name": "left_frill",
					"parent": "frills",
					"pivot": [2, 14.5, 0.25],
					"cubes": [
						{"origin": [-0.9, 9, -3.5], "size": [4, 6, 8], "inflate": 0.05, "pivot": [2, 14.5, 0.5], "rotation": [0, 0, -35], "uv": [20, 39], "mirror": true}
					]
				},
				{
					"name": "neck",
					"parent": "torso",
					"pivot": [0, 13.5, 0.5],
					"cubes": [
						{"origin": [-2.5, 13.5, -2], "size": [5, 4, 5], "uv": [44, 39]}
					]
				},
				{
					"name": "head",
					"parent": "neck",
					"pivot": [0, 14.5, 0.75],
					"cubes": [
						{"origin": [-3, 15.75, -5.75], "size": [6, 2, 3], "uv": [54, 0]},
						{"origin": [-1.5, 16.75, -5.76], "size": [1, 1, 0], "uv": [0, 1]},
						{"origin": [0.5, 16.75, -5.76], "size": [1, 1, 0], "uv": [0, 1], "mirror": true},
						{"origin": [1.5, 15.5, -5.5], "size": [1, 1, 0], "pivot": [2, 16, -5.5], "rotation": [0, 0, 45], "uv": [0, 7]},
						{"origin": [-2.5, 15.5, -5.5], "size": [1, 1, 0], "pivot": [-2, 16, -5.5], "rotation": [0, 0, -45], "uv": [0, 7], "mirror": true},
						{"origin": [-3.5, 14.5, -3.25], "size": [7, 7, 7], "uv": [0, 29]}
					]
				},
				{
					"name": "crown",
					"parent": "head",
					"pivot": [0, 21.55, -0.7],
					"rotation": [-5, 0, 0],
					"cubes": [
						{"origin": [-5.5, 16.05, -5.95], "size": [11, 3, 11], "inflate": 0.5, "uv": [0, 0]},
						{"origin": [2.5, 14.65, -6.35], "size": [2, 2, 1], "inflate": -0.2, "uv": [2, 86]},
						{"origin": [-2.5, 14.65, -5.35], "size": [2, 2, 1], "inflate": -0.2, "pivot": [0.5, 19.05, 0.05], "rotation": [0, -90, 0], "uv": [2, 86]},
						{"origin": [4.5, 17.05, -1.95], "size": [4, 2, 2], "inflate": 0.5, "pivot": [0.5, 19.05, 0.05], "rotation": [0, 0, -37.5], "uv": [36, 39]},
						{"origin": [7.1, 13.45, -1.95], "size": [2, 2, 2], "inflate": 0.4, "pivot": [0.5, 19.05, 0.05], "rotation": [0, 0, -65], "uv": [0, 14]},
						{"origin": [-3.5, 23.05, -3.95], "size": [7, 4, 7], "uv": [33, 0]},
						{"origin": [-2, 27.05, -2.45], "size": [4, 3, 4], "uv": [18, 53]},
						{"origin": [-3, 18.65, -6.55], "size": [6, 1, 4], "inflate": -0.04, "uv": [11, 65]},
						{"origin": [-2, 27.55, -2.45], "size": [3, 3, 4], "inflate": -0.5, "pivot": [1, 24.05, 0.55], "rotation": [0, 0, -30], "uv": [18, 53]},
						{"origin": [-3.3, 26.15, -2.45], "size": [3, 3, 4], "inflate": -0.5, "pivot": [1, 24.05, 0.55], "rotation": [0, 0, -42], "uv": [18, 53]},
						{"origin": [-1, 20.05, -6.25], "size": [2, 2, 2], "uv": [0, 18]},
						{"origin": [-9.1, 13.45, -1.95], "size": [2, 2, 2], "inflate": 0.4, "pivot": [-0.5, 19.05, 0.05], "rotation": [0, 0, 65], "uv": [0, 14], "mirror": true},
						{"origin": [-8.5, 17.05, -1.95], "size": [4, 2, 2], "inflate": 0.5, "pivot": [-0.5, 19.05, 0.05], "rotation": [0, 0, 37.5], "uv": [36, 39], "mirror": true},
						{"origin": [0.5, 14.65, -5.35], "size": [2, 2, 1], "inflate": -0.2, "pivot": [-0.5, 19.05, 0.05], "rotation": [0, 90, 0], "uv": [2, 86], "mirror": true},
						{"origin": [-4.5, 17.05, -4.95], "size": [9, 6, 9], "inflate": 0.5, "uv": [0, 14], "mirror": true},
						{"origin": [-4.5, 14.65, -6.35], "size": [2, 2, 1], "inflate": -0.2, "uv": [2, 86], "mirror": true},
						{"origin": [0.3, 26.15, -2.45], "size": [3, 3, 4], "inflate": -0.5, "pivot": [-1, 24.05, 0.55], "rotation": [0, 0, 42], "uv": [18, 53], "mirror": true},
						{"origin": [-1, 27.55, -2.45], "size": [3, 3, 4], "inflate": -0.5, "pivot": [-1, 24.05, 0.55], "rotation": [0, 0, 30], "uv": [18, 53], "mirror": true}
					]
				},
				{
					"name": "eye_left",
					"parent": "head",
					"pivot": [1.88, 19, -2.7625],
					"cubes": [
						{"origin": [1.26, 18.3, -6.465], "size": [1, 1, 1], "uv": [27, 18]},
						{"origin": [1, 17, -6.46], "size": [2, 3, 1], "uv": [33, 0]},
						{"origin": [-1, 17, -6.46], "size": [2, 3, 1], "uv": [33, 0]},
						{"origin": [3, 17, -6.46], "size": [2, 3, 1], "uv": [33, 0]},
						{"origin": [1.2, 18.3, -6.66], "size": [1, 1, 1], "inflate": -0.15, "uv": [33, 0], "mirror": true}
					]
				},
				{
					"name": "eye_right",
					"parent": "head",
					"pivot": [-1.88, 19, -2.7625],
					"cubes": [
						{"origin": [-2.26, 18.3, -6.465], "size": [1, 1, 1], "uv": [27, 18], "mirror": true},
						{"origin": [-3, 17, -6.46], "size": [2, 3, 1], "uv": [33, 0], "mirror": true},
						{"origin": [-2.2, 18.3, -6.66], "size": [1, 1, 1], "inflate": -0.15, "uv": [33, 0], "mirror": true},
						{"origin": [-5, 17, -6.46], "size": [2, 3, 1], "uv": [33, 0], "mirror": true}
					]
				},
				{
					"name": "jaw",
					"parent": "head",
					"pivot": [0, 15.75, -3.25],
					"cubes": [
						{"origin": [-3, 14.75, -5.25], "size": [6, 1, 2], "uv": [52, 48]}
					]
				},
				{
					"name": "arm_left",
					"parent": "torso",
					"pivot": [4, 11.5, -0.75],
					"cubes": [
						{"origin": [3.5, 10.5, -2.25], "size": [4, 2, 3], "inflate": 0.001, "uv": [14, 60]}
					]
				},
				{
					"name": "arm_left2",
					"parent": "arm_left",
					"pivot": [7.5, 12.5, 0.75],
					"cubes": [
						{"origin": [7.5, 10.5, -2.25], "size": [4, 2, 3], "uv": [0, 60]}
					]
				},
				{
					"name": "finger_left",
					"parent": "arm_left2",
					"pivot": [11.5, 12.5, -0.75],
					"cubes": [
						{"origin": [11.5, 11.5, -1.75], "size": [1, 1, 2], "uv": [0, 43]}
					]
				},
				{
					"name": "thumb_left",
					"parent": "arm_left2",
					"pivot": [10.75, 11.5, -1.75],
					"cubes": [
						{"origin": [10.25, 11, -3.25], "size": [1, 1, 2], "uv": [21, 33]}
					]
				},
				{
					"name": "arm_right",
					"parent": "torso",
					"pivot": [-4, 11.5, -0.75],
					"cubes": [
						{"origin": [-7.5, 10.5, -2.25], "size": [4, 2, 3], "inflate": 0.001, "uv": [14, 60], "mirror": true}
					]
				},
				{
					"name": "arm_right2",
					"parent": "arm_right",
					"pivot": [-7.5, 12.5, 0.75],
					"cubes": [
						{"origin": [-11.5, 10.5, -2.25], "size": [4, 2, 3], "uv": [0, 60], "mirror": true}
					]
				},
				{
					"name": "finger_right",
					"parent": "arm_right2",
					"pivot": [-11.5, 12.5, -0.75],
					"cubes": [
						{"origin": [-12.5, 11.5, -1.75], "size": [1, 1, 2], "uv": [0, 43], "mirror": true}
					]
				},
				{
					"name": "thumb_right",
					"parent": "arm_right2",
					"pivot": [-10.75, 11.5, -1.75],
					"cubes": [
						{"origin": [-11.25, 11, -3.25], "size": [1, 1, 2], "uv": [21, 33], "mirror": true}
					]
				},
				{
					"name": "tail",
					"parent": "torso",
					"pivot": [0, 6.5, 3.5],
					"cubes": [
						{"origin": [-2, 4.5, 2.5], "size": [4, 4, 6], "uv": [0, 43]}
					]
				},
				{
					"name": "tail2",
					"parent": "tail",
					"pivot": [0, 6.5, 7.5],
					"cubes": [
						{"origin": [-1.5, 5, 6.5], "size": [3, 3, 6], "uv": [51, 52]}
					]
				},
				{
					"name": "tail3",
					"parent": "tail2",
					"pivot": [0, 6.5, 11.5],
					"cubes": [
						{"origin": [0, 5.5, 10.5], "size": [0, 2, 5], "uv": [0, 0]}
					]
				},
				{
					"name": "leg_left",
					"parent": "body",
					"pivot": [3.5, 5, 0.5],
					"cubes": [
						{"origin": [2, 2.5, -2], "size": [4, 5, 5], "uv": [51, 11]}
					]
				},
				{
					"name": "leg_left2",
					"parent": "leg_left",
					"pivot": [4, 2.5, -0.5],
					"cubes": [
						{"origin": [2.5, 0.5, -0.5], "size": [3, 3, 3], "uv": [42, 60]}
					]
				},
				{
					"name": "foot_left",
					"parent": "leg_left2",
					"pivot": [4, 1.5, 2],
					"cubes": [
						{"origin": [2, 0, -2], "size": [4, 2, 5], "inflate": 0.001, "uv": [0, 53]},
						{"origin": [2.5, 0, -3.5], "size": [3, 1, 2], "uv": [0, 7]}
					]
				},
				{
					"name": "leg_right",
					"parent": "body",
					"pivot": [-3.5, 5, 0.5],
					"cubes": [
						{"origin": [-6, 2.5, -2], "size": [4, 5, 5], "uv": [51, 11], "mirror": true}
					]
				},
				{
					"name": "leg_right2",
					"parent": "leg_right",
					"pivot": [-4, 2.5, -0.5],
					"cubes": [
						{"origin": [-5.5, 0.5, -0.5], "size": [3, 3, 3], "uv": [42, 60], "mirror": true}
					]
				},
				{
					"name": "foot_right",
					"parent": "leg_right2",
					"pivot": [-4, 1.5, 2],
					"cubes": [
						{"origin": [-6, 0, -2], "size": [4, 2, 5], "inflate": 0.001, "uv": [0, 53], "mirror": true},
						{"origin": [-5.5, 0, -3.5], "size": [3, 1, 2], "uv": [0, 7], "mirror": true}
					]
				}
			]
		}
	]
}