{
  "name": "mvs:haystack",

  "fallback": "minecraft:empty",

  "elements": [
    {

      "weight": 1,
      "element": {

        "location": "mvs:other_decoration/haystack",

        "processors": "minecraft:empty",

        "projection": "rigid",

        "element_type": "minecraft:single_pool_element"
      }
    },
    {

      "weight": 1,
      "element": {

        "location": "mvs:other_decoration/small_haystack",

        "processors": "minecraft:empty",

        "projection": "rigid",

        "element_type": "minecraft:single_pool_element"
      }
    }
  ]
}