{
	"format_version": "1.12.0",
	"minecraft:geometry": [
		{
			"description": {
				"identifier": "geometry.unknown",
				"texture_width": 128,
				"texture_height": 128,
				"visible_bounds_width": 7,
				"visible_bounds_height": 4.5,
				"visible_bounds_offset": [0, 1.75, 0]
			},
			"bones": [
				{
					"name": "root_main",
					"pivot": [0, 0, 0]
				},
				{
					"name": "root",
					"parent": "root_main",
					"pivot": [0, 22, -11],
					"rotation": [-85, 0, 0]
				},
				{
					"name": "koraidon",
					"parent": "root",
					"pivot": [0, 21.5, -73.7],
					"rotation": [0, 180, 0]
				},
				{
					"name": "body",
					"parent": "koraidon",
					"pivot": [0, 39.39222, -133.16072],
					"cubes": [
						{"origin": [1, 33.7, -124.7], "size": [6, 3, 8], "pivot": [2, 33.7, -124.7], "rotation": [170, 0, 180], "uv": [42, 15]},
						{"origin": [1, 36.75, -124.7], "size": [6, 3, 8], "pivot": [2, 36.7, -124.7], "rotation": [170, 0, 180], "uv": [21, 0]},
						{"origin": [3.5, 38.85, -123.7], "size": [0, 3, 12], "pivot": [0.5, 38.85, -123.7], "rotation": [177.5, 0, 180], "uv": [22, 30]},
						{"origin": [1.5, 32.3, -132.6], "size": [3, 3, 12], "pivot": [1.5, 32.3, -132.6], "rotation": [180, 0, 180], "uv": [42, 0]},
						{"origin": [0, 35.3, -132.6], "size": [4, 3.3, 12], "pivot": [1, 35.3, -132.6], "rotation": [180, 0, 180], "uv": [34, 39]},
						{"origin": [-2.5, 34, -147], "size": [5, 5, 7], "pivot": [0, 36, -143.5], "rotation": [-162.5, 0, 180], "uv": [40, 54]},
						{"origin": [-4, 42, -147.3], "size": [2, 1, 7], "pivot": [-1.5, 44, -142.5], "rotation": [-65, 0, 180], "uv": [66, 71]},
						{"origin": [-6, 41.3, -148], "size": [2, 1, 7], "pivot": [-3.5, 43.3, -143.2], "rotation": [-65, 0, 180], "uv": [55, 70]},
						{"origin": [2.5, 32.3, -144.6], "size": [5, 3, 8], "pivot": [2.5, 32.3, -144.6], "rotation": [-120, 0, 180], "uv": [54, 31]},
						{"origin": [-2.5, 39, -148.3], "size": [5, 1, 7], "pivot": [0, 41, -143.5], "rotation": [-162.5, 0, -180], "uv": [60, 0]},
						{"origin": [4, 41.3, -148], "size": [2, 1, 7], "pivot": [3.5, 43.3, -143.2], "rotation": [-65, 0, -180], "uv": [44, 66]},
						{"origin": [-3.5, 38.85, -123.7], "size": [0, 3, 12], "pivot": [-0.5, 38.85, -123.7], "rotation": [177.5, 0, -180], "uv": [22, 27]}
					]
				},
				{
					"name": "handles",
					"parent": "body",
					"pivot": [-3, 35.9421, -127.57929],
					"rotation": [-70, 0, 0],
					"cubes": [
						{"origin": [2.5, 34.4421, -130.07929], "size": [1, 3, 5], "pivot": [3, 35.9421, -127.57929], "rotation": [-110, 0, 180], "uv": [74, 51]},
						{"origin": [2.8, 37.1421, -132.07929], "size": [1, 2, 8], "pivot": [3.3, 38.6421, -129.57929], "rotation": [-172.5, 0, 180], "uv": [72, 23]},
						{"origin": [3, 39.0421, -138.67929], "size": [1, 2, 5], "pivot": [3.5, 40.5421, -136.17929], "rotation": [-140, 0, 180], "uv": [74, 8]},
						{"origin": [-3.8, 37.1421, -132.07929], "size": [1, 2, 8], "pivot": [-3.3, 38.6421, -129.57929], "rotation": [-172.5, 0, 180], "uv": [82, 32]},
						{"origin": [-4, 39.0421, -138.67929], "size": [1, 2, 5], "pivot": [-3.5, 40.5421, -136.17929], "rotation": [-140, 0, 180], "uv": [22, 11]},
						{"origin": [-3.5, 34.4421, -130.07929], "size": [1, 3, 5], "pivot": [-3, 35.9421, -127.57929], "rotation": [-110, 0, 180], "uv": [41, 0]}
					]
				},
				{
					"name": "tail",
					"parent": "body",
					"pivot": [0, 39.5141, -148.90096],
					"cubes": [
						{"origin": [2, 39.31731, -148.53345], "size": [4, 3, 8], "pivot": [2, 39.31731, -148.53345], "rotation": [-120, 0, 180], "uv": [0, 79]}
					]
				},
				{
					"name": "tail2",
					"parent": "tail",
					"pivot": [0, 47.03142, -151.23441],
					"cubes": [
						{"origin": [1.5, 46.21731, -152.53345], "size": [3, 3, 8], "pivot": [1.5, 46.21731, -152.53345], "rotation": [-120, 0, 180], "uv": [82, 7]}
					]
				},
				{
					"name": "tail3",
					"parent": "tail2",
					"pivot": [0, 53.9141, -155.30096],
					"cubes": [
						{"origin": [-1, 59.27115, -167.28875], "size": [2, 3, 8], "pivot": [0, 60.7641, -159.30096], "rotation": [-120, 0, 180], "uv": [22, 82]}
					]
				},
				{
					"name": "tail4",
					"parent": "tail3",
					"pivot": [0.5, 60.86731, -159.13345],
					"cubes": [
						{"origin": [-0.5, 59.25705, -159.31317], "size": [1, 3, 8], "pivot": [0, 60.7641, -159.30096], "rotation": [-120, 0, 180], "uv": [83, 78]}
					]
				},
				{
					"name": "neck",
					"parent": "body",
					"pivot": [0, 34.47664, -121.8051],
					"rotation": [-75, 0, 0],
					"cubes": [
						{"origin": [-1.5, 37.6, -114.7], "size": [5, 3, 9], "pivot": [0.5, 37.6, -117.7], "rotation": [140, 0, 180], "uv": [3, 42]},
						{"origin": [0, 36.1, -113], "size": [4, 2, 5], "pivot": [1, 35.1, -116], "rotation": [140, 0, 180], "uv": [61, 54]},
						{"origin": [-3.5, 40.85, -118.7], "size": [0, 3, 12], "pivot": [-0.5, 40.85, -118.7], "rotation": [137.5, 0, -180], "uv": [22, 27]},
						{"origin": [-4.2, 40.85, -118.7], "size": [0, 4, 12], "pivot": [-1.2, 40.85, -118.7], "rotation": [137.5, 0, -180], "uv": [34, 72]},
						{"origin": [3.5, 40.85, -118.7], "size": [0, 3, 12], "pivot": [0.5, 40.85, -118.7], "rotation": [137.5, 0, 180], "uv": [22, 30]},
						{"origin": [4.1, 40.85, -118.7], "size": [0, 4, 12], "pivot": [1.1, 40.85, -118.7], "rotation": [137.5, 0, 180], "uv": [58, 72]}
					]
				},
				{
					"name": "head",
					"parent": "neck",
					"pivot": [-0.1, 40, -120.8],
					"rotation": [-30, 0, 0],
					"cubes": [
						{"origin": [2.2, 40.3, -115.5], "size": [1, 2, 3], "pivot": [0.3, 39.3, -115.5], "rotation": [20, 0, 180], "uv": [9, 74]},
						{"origin": [2.25, 40.4, -114.2], "size": [1, 2, 2], "pivot": [0.3, 39.4, -115.2], "rotation": [20, 0, 180], "uv": [72, 17]},
						{"origin": [-2.47, 37.6177, -116.14551], "size": [1, 1, 3], "pivot": [-1.95, 38.13774, -114.64551], "rotation": [14.43276, 13.99545, 136.78082], "uv": [71, 27]},
						{"origin": [-1.5, 40.1, -119.2], "size": [5, 3, 8], "pivot": [0.5, 40.1, -119.2], "rotation": [20, 0, 180], "uv": [14, 54]},
						{"origin": [-0.5, 40.16207, -118.61224], "size": [1, 1, 8], "pivot": [0, 40.66207, -114.61224], "rotation": [57.5, 0, 180], "uv": [64, 8]},
						{"origin": [0.25, 39.76207, -115.61224], "size": [2, 0, 5], "pivot": [1.75, 40.26207, -114.61224], "rotation": [58.11966, 6.6782, -169.40939], "uv": [20, 0]},
						{"origin": [-1.5, 37.3, -120.3], "size": [5, 1, 8], "pivot": [0.5, 37.3, -120.3], "rotation": [20, 0, 180], "uv": [54, 42]},
						{"origin": [7, 39.3, -120.5], "size": [1, 3, 3], "pivot": [5, 39.3, -120.5], "rotation": [20, 0, 180], "uv": [54, 42]},
						{"origin": [7.2, 41, -119.8], "size": [1, 3, 2], "pivot": [5.15, 40, -120.8], "rotation": [20, 0, 180], "uv": [55, 31]},
						{"origin": [6.8, 40.3, -115.5], "size": [1, 2, 3], "pivot": [4.7, 39.3, -115.5], "rotation": [20, 0, 180], "uv": [62, 17]},
						{"origin": [6.55, 40.4, -114.2], "size": [1, 2, 2], "pivot": [4.6, 39.4, -115.2], "rotation": [20, 0, 180], "uv": [66, 70]},
						{"origin": [6.65, 40.4, -114.8], "size": [1, 2, 3], "pivot": [4.6, 39.4, -114.8], "rotation": [20, 0, 180], "uv": [57, 54]},
						{"origin": [1.43, 37.66274, -116.14551], "size": [1, 1, 3], "pivot": [1.95, 38.16274, -114.64551], "rotation": [14.43276, 13.99545, 136.78082], "uv": [26, 65]},
						{"origin": [2.35, 42.85, -119.4], "size": [0, 5, 11], "pivot": [2.35, 43.9, -116.4], "rotation": [68.63209, 23.82015, -175.72777], "uv": [68, 50]},
						{"origin": [2, 39.3, -120.5], "size": [1, 3, 3], "pivot": [0, 39.3, -120.5], "rotation": [20, 0, 180], "uv": [42, 15]},
						{"origin": [1.9, 41, -119.8], "size": [1, 3, 2], "pivot": [-0.1, 40, -120.8], "rotation": [20, 0, 180], "uv": [48, 0]},
						{"origin": [2.35, 40.4, -114.8], "size": [1, 2, 3], "pivot": [0.4, 39.4, -114.8], "rotation": [20, 0, 180], "uv": [55, 26]},
						{"origin": [-2.25, 39.76207, -115.61224], "size": [2, 0, 5], "pivot": [-1.75, 40.26207, -114.61224], "rotation": [58.11966, -6.6782, 169.40939], "uv": [16, 0]},
						{"origin": [-2.35, 42.85, -119.4], "size": [0, 5, 11], "pivot": [-2.35, 43.9, -116.4], "rotation": [68.63209, -23.82015, 175.72777], "uv": [72, 31]},
						{"origin": [2.35, 41.85, -121.4], "size": [0, 5, 11], "pivot": [2.35, 42.9, -118.4], "rotation": [44.03566, 23.52845, 174.2668], "uv": [68, 50]},
						{"origin": [-2.35, 41.85, -121.4], "size": [0, 5, 11], "pivot": [-2.35, 42.9, -118.4], "rotation": [44.03566, -23.52845, -174.2668], "uv": [72, 31]},
						{"origin": [-2.35, 40.85, -122.4], "size": [0, 5, 11], "pivot": [-2.35, 41.9, -119.4], "rotation": [60.43023, -24.16133, 179.06733], "uv": [72, 31]},
						{"origin": [2.35, 40.85, -122.4], "size": [0, 5, 11], "pivot": [2.35, 41.9, -119.4], "rotation": [60.43023, 24.16133, -179.06733], "uv": [68, 50]},
						{"origin": [-2.35, 39.85, -125.4], "size": [0, 5, 11], "pivot": [-2.35, 40.9, -122.4], "rotation": [44.03566, -23.52845, -174.2668], "uv": [72, 31]},
						{"origin": [2.35, 39.85, -125.4], "size": [0, 5, 11], "pivot": [2.35, 40.9, -122.4], "rotation": [44.03566, 23.52845, 174.2668], "uv": [68, 50]},
						{"origin": [-2.35, 41.85, -117.4], "size": [0, 5, 11], "pivot": [-2.35, 42.9, -114.4], "rotation": [90.04037, -20.86715, 167.50456], "uv": [22, 34]},
						{"origin": [2.35, 41.85, -117.4], "size": [0, 5, 11], "pivot": [2.35, 42.9, -114.4], "rotation": [90.04037, 20.86715, -167.50456], "uv": [0, 43]}
					]
				},
				{
					"name": "head_tail_l",
					"parent": "head",
					"pivot": [-3, 39.5, -118.5],
					"cubes": [
						{"origin": [-4, 38.5, -125.5], "size": [2, 2, 7], "uv": [5, 4]}
					]
				},
				{
					"name": "h_tail_l1",
					"parent": "head_tail_l",
					"pivot": [-3, 39.5, -125.5],
					"cubes": [
						{"origin": [-4, 38.5, -132.5], "size": [2, 2, 7], "uv": [0, 13]}
					]
				},
				{
					"name": "h_tail_l2",
					"parent": "h_tail_l1",
					"pivot": [-3, 39.5, -132.5],
					"cubes": [
						{"origin": [-4, 38.5, -139.5], "size": [2, 2, 7], "uv": [11, 15]}
					]
				},
				{
					"name": "head_tail_r",
					"parent": "head",
					"pivot": [3, 39.5, -118.5],
					"cubes": [
						{"origin": [2, 38.5, -125.5], "size": [2, 2, 7], "uv": [82, 19]}
					]
				},
				{
					"name": "h_tail_r1",
					"parent": "head_tail_r",
					"pivot": [3, 39.5, -125.5],
					"cubes": [
						{"origin": [2, 38.5, -132.5], "size": [2, 2, 7], "uv": [79, 52]}
					]
				},
				{
					"name": "h_tail_r2",
					"parent": "h_tail_r1",
					"pivot": [3, 39.5, -132.5],
					"cubes": [
						{"origin": [2, 38.5, -139.5], "size": [2, 2, 7], "uv": [57, 61]}
					]
				},
				{
					"name": "l_back_leg",
					"parent": "body",
					"pivot": [-2.5, 36.8, -144.75],
					"rotation": [-85, 0, 0],
					"cubes": [
						{"origin": [-15.5, 28.8, -153], "size": [4, 9, 4], "pivot": [-9, 33.8, -147.5], "rotation": [180, 0, 180], "uv": [0, 61]},
						{"origin": [-6.45, 36.3, -148.75], "size": [0, 5, 6], "pivot": [-6.45, 38.8, -145.75], "rotation": [155, 0, 180], "uv": [32, 48]},
						{"origin": [-6.35, 41.85, -147.9], "size": [0, 5, 11], "pivot": [-6.35, 42.9, -144.9], "rotation": [68.63209, -23.82015, 175.72777], "uv": [72, 31]},
						{"origin": [-6.35, 41.85, -148.9], "size": [0, 5, 11], "pivot": [-6.35, 42.9, -145.9], "rotation": [60.43023, -24.16133, 179.06733], "uv": [72, 31]},
						{"origin": [-6.35, 41.85, -150.7], "size": [0, 5, 11], "pivot": [-6.35, 42.9, -147.7], "rotation": [60.43023, -24.16133, 179.06733], "uv": [72, 31]},
						{"origin": [-6.35, 40.85, -152.7], "size": [0, 5, 11], "pivot": [-6.35, 41.9, -149.7], "rotation": [30.6326, -21.71054, -169.0911], "uv": [72, 31]}
					]
				},
				{
					"name": "l_low_back_leg",
					"parent": "l_back_leg",
					"pivot": [-4.375, 28.8, -144.5],
					"cubes": [
						{"origin": [-6.375, 21.8, -146], "size": [4, 7, 3], "pivot": [-4.375, 28.8, -144.5], "rotation": [-180, 0, 180], "uv": [16, 77]}
					]
				},
				{
					"name": "l_back_foot",
					"parent": "l_low_back_leg",
					"pivot": [-4.375, 22.05, -143.05],
					"rotation": [90, 0, 0],
					"cubes": [
						{"origin": [-16.375, 18.05, -147.25], "size": [2, 4, 1], "pivot": [-9.875, 18.05, -144.75], "rotation": [-180, 0, 180], "uv": [60, 0]},
						{"origin": [-15.375, 19.05, -147.25], "size": [1, 3, 1], "pivot": [-8.875, 18.05, -144.75], "rotation": [-180, 0, 180], "uv": [16, 30]},
						{"origin": [-18.375, 19.05, -147.25], "size": [1, 3, 1], "pivot": [-11.875, 18.05, -144.75], "rotation": [-180, 0, 180], "uv": [0, 26]}
					]
				},
				{
					"name": "r_back_leg",
					"parent": "body",
					"pivot": [2.5, 36.8, -144.75],
					"rotation": [-85, 0, 0],
					"cubes": [
						{"origin": [11.5, 28.8, -153], "size": [4, 9, 4], "pivot": [9, 33.8, -147.5], "rotation": [-180, 0, -180], "uv": [0, 26]},
						{"origin": [6.45, 36.3, -148.75], "size": [0, 5, 6], "pivot": [6.45, 38.8, -145.75], "rotation": [155, 0, -180], "uv": [55, 73]},
						{"origin": [6.35, 41.85, -147.9], "size": [0, 5, 11], "pivot": [6.35, 42.9, -144.9], "rotation": [68.63209, 23.82015, -175.72777], "uv": [68, 50]},
						{"origin": [6.35, 41.85, -148.9], "size": [0, 5, 11], "pivot": [6.35, 42.9, -145.9], "rotation": [60.43023, 24.16133, -179.06733], "uv": [68, 50]},
						{"origin": [6.35, 41.85, -150.7], "size": [0, 5, 11], "pivot": [6.35, 42.9, -147.7], "rotation": [60.43023, 24.16133, -179.06733], "uv": [68, 50]},
						{"origin": [6.35, 40.85, -152.7], "size": [0, 5, 11], "pivot": [6.35, 41.9, -149.7], "rotation": [30.6326, 21.71054, 169.0911], "uv": [68, 50]}
					]
				},
				{
					"name": "r_low_back_leg",
					"parent": "r_back_leg",
					"pivot": [4.375, 28.8, -144.5],
					"cubes": [
						{"origin": [11.375, 21.8, -152], "size": [4, 7, 3], "pivot": [8.875, 24.8, -147.5], "rotation": [-180, 0, -180], "uv": [41, 74]}
					]
				},
				{
					"name": "r_back_foot",
					"parent": "r_low_back_leg",
					"pivot": [4.375, 22.05, -143.05],
					"rotation": [90, 0, 0],
					"cubes": [
						{"origin": [-7.625, 18.05, -147.25], "size": [2, 4, 1], "pivot": [-1.125, 18.05, -144.75], "rotation": [-180, 0, 180], "uv": [44, 66]},
						{"origin": [-6.625, 19.05, -147.25], "size": [1, 3, 1], "pivot": [-0.125, 18.05, -144.75], "rotation": [-180, 0, 180], "uv": [41, 0]},
						{"origin": [-9.625, 19.05, -147.25], "size": [1, 3, 1], "pivot": [-3.125, 18.05, -144.75], "rotation": [-180, 0, 180], "uv": [16, 34]}
					]
				},
				{
					"name": "f_right_leg",
					"parent": "body",
					"pivot": [4.46, 36.45, -129.61],
					"rotation": [180, 0, 90],
					"cubes": [
						{"origin": [2.9, 30, -131.25], "size": [3, 8, 3], "uv": [0, 39]}
					]
				},
				{
					"name": "f_right_lower_leg",
					"parent": "f_right_leg",
					"pivot": [4.475, 30, -129.825],
					"cubes": [
						{"origin": [2.975, 22, -131.325], "size": [3, 8, 4], "uv": [30, 65]}
					]
				},
				{
					"name": "f_right_foot",
					"parent": "f_right_lower_leg",
					"pivot": [4.475, 22.1, -129.34167],
					"rotation": [0, 90, -90],
					"cubes": [
						{"origin": [4.475, 21.6, -133.425], "size": [1, 1, 4], "uv": [80, 79]},
						{"origin": [3.475, 21.6, -133.425], "size": [1, 1, 4], "uv": [79, 79]},
						{"origin": [2.475, 21.6, -132.425], "size": [1, 1, 3], "uv": [63, 27]},
						{"origin": [5.475, 21.6, -132.425], "size": [1, 1, 3], "uv": [60, 8]}
					]
				},
				{
					"name": "f_left_leg",
					"parent": "body",
					"pivot": [-4.46, 36.45, -129.61],
					"rotation": [180, 0, -90],
					"cubes": [
						{"origin": [-5.9, 30, -131.25], "size": [3, 8, 3], "uv": [0, 0]}
					]
				},
				{
					"name": "f_left_lower_leg",
					"parent": "f_left_leg",
					"pivot": [-3.975, 30, -129.825],
					"cubes": [
						{"origin": [-5.975, 22, -131.325], "size": [3, 8, 4], "uv": [16, 65]}
					]
				},
				{
					"name": "f_left_foot",
					"parent": "f_left_lower_leg",
					"pivot": [-4.475, 22.1, -129.34167],
					"rotation": [0, -90, 90],
					"cubes": [
						{"origin": [-6.475, 21.6, -132.425], "size": [1, 1, 3], "uv": [46, 8]},
						{"origin": [-5.475, 21.6, -133.425], "size": [1, 1, 4], "uv": [67, 79]},
						{"origin": [-4.475, 21.6, -133.425], "size": [1, 1, 4], "uv": [68, 79]},
						{"origin": [-3.475, 21.6, -132.425], "size": [1, 1, 3], "uv": [12, 26]}
					]
				},
				{
					"name": "f_wheel",
					"parent": "body",
					"pivot": [0, 33.1, -115.9],
					"cubes": [
						{"origin": [2, 37.6, -138.4], "size": [4, 13, 13], "pivot": [2, 37.6, -135.4], "rotation": [0, 0, 180], "uv": [21, 13]}
					]
				}
			]
		}
	]
}