{
	"format_version": "1.12.0",
	"minecraft:geometry": [
		{
			"description": {
				"identifier": "geometry.unknown",
				"texture_width": 128,
				"texture_height": 128,
				"visible_bounds_width": 4,
				"visible_bounds_height": 4.5,
				"visible_bounds_offset": [0, 1.75, 0]
			},
			"bones": [
				{
					"name": "root",
					"pivot": [0, 0, 0]
				},
				{
					"name": "hoopa",
					"parent": "root",
					"pivot": [0, 13, 0]
				},
				{
					"name": "body",
					"parent": "hoopa",
					"pivot": [0, 24.57319, 1.35768],
					"cubes": [
						{"origin": [-3, 36, -2.5], "size": [6, 2, 6], "uv": [78, 48]},
						{"origin": [-5, 31, -4.5], "size": [10, 6, 10], "uv": [48, 48]},
						{"origin": [-7, 27, -6.5], "size": [14, 4, 14], "uv": [0, 26]},
						{"origin": [-11, 23, -10.5], "size": [22, 4, 22], "uv": [0, 0]},
						{"origin": [-7, 19, -6.5], "size": [14, 4, 14], "uv": [42, 30]},
						{"origin": [-4, 15, -3.5], "size": [8, 4, 8], "uv": [66, 64]},
						{"origin": [-3, 11, -1], "size": [6, 6, 6], "pivot": [1, 12, 1], "rotation": [32.5, 0, 0], "uv": [18, 78]},
						{"origin": [-2, 10.2, 3.15], "size": [4, 6, 4], "pivot": [1, 11.2, 5.15], "rotation": [80, 0, 0], "uv": [64, 88]},
						{"origin": [-1, 13.1, 6], "size": [2, 4, 2], "pivot": [0, 13.1, 8], "rotation": [125, 0, 0], "uv": [0, 0]},
						{"origin": [4.975, 34.2, -0.475], "size": [2, 2, 2], "uv": [0, 44]},
						{"origin": [-6.975, 34.2, -0.475], "size": [2, 2, 2], "uv": [12, 5]}
					]
				},
				{
					"name": "arm_r",
					"parent": "body",
					"pivot": [5.39286, 35.2, -0.12143],
					"cubes": [
						{"origin": [19.975, 37, 2.35], "size": [6, 4, 2], "pivot": [21.475, 38.5, 1.55], "rotation": [0, 90, 90], "uv": [92, 82]},
						{"origin": [21.475, 33.2, -1.475], "size": [6, 4, 2], "pivot": [22.475, 31.5, 2.025], "rotation": [0, 90, 0], "uv": [32, 95]},
						{"origin": [19.475, 31.2, -0.475], "size": [8, 8, 2], "pivot": [20.475, 29.5, 3.025], "rotation": [0, 90, 0], "uv": [44, 84]},
						{"origin": [18.475, 32.2, 0.025], "size": [6, 6, 2], "pivot": [18.475, 30.5, 3.525], "rotation": [0, 90, 0], "uv": [0, 91]},
						{"origin": [16.475, 33.2, 0.025], "size": [4, 4, 4], "pivot": [15.475, 31.5, 3.525], "rotation": [0, 90, 0], "uv": [16, 91]},
						{"origin": [15.475, 34.2, 0.025], "size": [2, 2, 2], "pivot": [13.475, 32.5, 3.525], "rotation": [0, 90, 0], "uv": [42, 34]},
						{"origin": [24.4, 32.7, -4.025], "size": [2, 2, 2], "pivot": [23.4, 31, -0.525], "rotation": [0, 90, 0], "uv": [0, 16]}
					]
				},
				{
					"name": "arm_l",
					"parent": "body",
					"pivot": [-5.14286, 35.2, -0.12143],
					"cubes": [
						{"origin": [-26.4, 32.7, -4.025], "size": [2, 2, 2], "pivot": [-23.4, 31, -0.525], "rotation": [0, -90, 0], "uv": [12, 15]},
						{"origin": [-17.475, 34.2, 0.025], "size": [2, 2, 2], "pivot": [-13.475, 32.5, 3.525], "rotation": [0, -90, 0], "uv": [12, 11]},
						{"origin": [-20.475, 33.2, 0.025], "size": [4, 4, 4], "pivot": [-15.475, 31.5, 3.525], "rotation": [0, -90, 0], "uv": [90, 64]},
						{"origin": [-24.475, 32.2, 0.025], "size": [6, 6, 2], "pivot": [-18.475, 30.5, 3.525], "rotation": [0, -90, 0], "uv": [80, 89]},
						{"origin": [-27.475, 31.2, -0.475], "size": [8, 8, 2], "pivot": [-20.475, 29.5, 3.025], "rotation": [0, -90, 0], "uv": [84, 0]},
						{"origin": [-27.475, 33.2, -1.475], "size": [6, 4, 2], "pivot": [-22.475, 31.5, 2.025], "rotation": [0, -90, 0], "uv": [92, 76]},
						{"origin": [-25.975, 37, 2.35], "size": [6, 4, 2], "pivot": [-21.475, 38.5, 1.55], "rotation": [0, -90, -90], "uv": [18, 68]}
					]
				},
				{
					"name": "head",
					"parent": "hoopa",
					"pivot": [0, 38.49674, -0.63776],
					"cubes": [
						{"origin": [-16, 40.95, -2.45], "size": [6, 6, 6], "uv": [66, 76]},
						{"origin": [-21, 41.75, -1.5], "size": [6, 4, 4], "pivot": [-16.5, 42.75, -0.5], "rotation": [0, 0, 40], "uv": [88, 56]},
						{"origin": [-23.28837, 45.54558, 0], "size": [4, 2, 2], "pivot": [-20.28837, 46.04558, 0.5], "rotation": [0, 0, 80], "uv": [42, 30]},
						{"origin": [-10, 39, -4.5], "size": [4, 10, 10], "uv": [66, 0]},
						{"origin": [-6, 38, -5.5], "size": [12, 12, 12], "uv": [0, 44]},
						{"origin": [6, 39, -4.5], "size": [4, 10, 10], "uv": [38, 64]},
						{"origin": [10, 40.95, -2.45], "size": [6, 6, 6], "uv": [0, 68]},
						{"origin": [15, 41.75, -1.5], "size": [6, 4, 4], "pivot": [16.5, 42.75, -0.5], "rotation": [0, 0, -40], "uv": [36, 48]},
						{"origin": [19.28837, 45.54558, 0], "size": [4, 2, 2], "pivot": [20.28837, 46.04558, 0.5], "rotation": [0, 0, -80], "uv": [42, 26]},
						{"origin": [2.72244, 44.22836, -5.575], "size": [1, 2, 1], "pivot": [3.22244, 45.22836, -5.075], "rotation": [0, 0, -10], "uv": [0, 33]},
						{"origin": [2.34965, 43.40186, -5.55], "size": [2, 3, 1], "pivot": [3.34965, 44.90186, -5.05], "rotation": [0, 0, -10], "uv": [8, 33]},
						{"origin": [2, 42.4, -5.525], "size": [3, 4, 1], "pivot": [3, 44.4, -5.025], "rotation": [0, 0, -17.5], "uv": [0, 11]},
						{"origin": [0.5, 46.85, -5.85], "size": [1, 2, 1], "pivot": [1, 48.35, -5.35], "rotation": [0, 45, 0], "uv": [6, 49]},
						{"origin": [-1, 48.35, -5.85], "size": [1, 1, 2], "pivot": [-0.5, 48.85, -5.35], "rotation": [-90, 45, -90], "uv": [0, 48]},
						{"origin": [-1.5, 46.85, -5.85], "size": [1, 2, 1], "pivot": [-1, 48.35, -5.35], "rotation": [0, -45, 0], "uv": [49, 37]},
						{"origin": [0, 46.35, -6.85], "size": [1, 1, 2], "pivot": [0.5, 46.85, -5.35], "rotation": [-90, 45, -90], "uv": [6, 46]},
						{"origin": [-2, 49.95, 2], "size": [4, 4, 4], "uv": [56, 64]},
						{"origin": [-1.5, 50.3, 6.325], "size": [3, 3, 4], "pivot": [-1, 50.8, 7.325], "rotation": [-25, 0, 0], "uv": [0, 26]},
						{"origin": [-1, 50.95, 5.95], "size": [2, 2, 2], "uv": [0, 6]},
						{"origin": [-1, 49.3, 9.875], "size": [2, 2, 4], "pivot": [-0.5, 49.8, 10.875], "rotation": [5, 0, 0], "uv": [0, 33]},
						{"origin": [-3.72244, 44.22836, -5.575], "size": [1, 2, 1], "pivot": [-3.22244, 45.22836, -5.075], "rotation": [0, 0, 10], "uv": [36, 48]},
						{"origin": [-4.34965, 43.40186, -5.55], "size": [2, 3, 1], "pivot": [-3.34965, 44.90186, -5.05], "rotation": [0, 0, 10], "uv": [36, 44]},
						{"origin": [-5, 42.4, -5.525], "size": [3, 4, 1], "pivot": [-3, 44.4, -5.025], "rotation": [0, 0, 17.5], "uv": [12, 0]}
					]
				},
				{
					"name": "ring_r",
					"parent": "head",
					"pivot": [-12.5, 47.45, 1.05],
					"cubes": [
						{"origin": [-13, 41.45, -8.95], "size": [1, 1, 10], "pivot": [-12.5, 41.95, -3.95], "rotation": [90, 0, 0], "uv": [80, 78]},
						{"origin": [-13, 46.95, -4.45], "size": [1, 1, 10], "uv": [0, 80]},
						{"origin": [-13, 50.95, 4.55], "size": [1, 1, 10], "pivot": [-10, 48.95, 3.55], "rotation": [-90, 0, 0], "uv": [0, 11]},
						{"origin": [-13, 36.95, -3.45], "size": [1, 1, 10], "pivot": [-12.5, 37.45, 1.55], "rotation": [0, 0, 0], "uv": [0, 0]}
					]
				},
				{
					"name": "ring_l",
					"parent": "head",
					"pivot": [12.5, 47.45, 1.05],
					"cubes": [
						{"origin": [12, 41.45, -8.95], "size": [1, 1, 10], "pivot": [12.5, 41.95, -3.95], "rotation": [90, 0, 0], "uv": [32, 84]},
						{"origin": [12, 46.95, -4.45], "size": [1, 1, 10], "uv": [84, 32]},
						{"origin": [12, 50.95, 4.55], "size": [1, 1, 10], "pivot": [15, 48.95, 3.55], "rotation": [-90, 0, 0], "uv": [84, 21]},
						{"origin": [12, 36.95, -3.45], "size": [1, 1, 10], "pivot": [12.5, 37.45, 1.55], "rotation": [0, 0, 0], "uv": [84, 10]}
					]
				}
			]
		}
	]
}