{
	"format_version": "1.8.0",
	"animations": {
		"animation.cafe_sprigatito.blink": {
			"animation_length": 0.1667,
			"bones": {
				"eyelid_right": {
					"position": {
						"0.0": [0, 0, -0.1],
						"0.12": {"pre": [0, 0, -0.1], "post": [0, 0, -0.1]},
						"0.16": {"pre": [0, 0, -0.1], "post": [0, 0, 0]}
					}
				},
				"eyelid_left": {
					"position": {
						"0.0": [0, 0, -0.1],
						"0.12": {"pre": [0, 0, -0.1], "post": [0, 0, -0.1]},
						"0.16": {"pre": [0, 0, -0.1], "post": [0, 0, 0]}
					}
				}
			}
		},
		"animation.cafe_sprigatito.ground_walk": {
			"loop": true,
			"animation_length": 0.6667,
			"bones": {
				"neck": {
					"rotation": ["12.5 - (math.sin((q.anim_time - 0.15) * 360 / (1/3)) * 1)", 0, 0]
				},
				"neck_fur_front": {
					"rotation": ["-13 - (math.sin((q.anim_time - 0.2) * 360 / (1/3)) * 3)", 0, "(math.sin((q.anim_time - 0.1) * 360 / (2/3)) * 1)"]
				},
				"tail": {
					"rotation": [
						"5 - (math.sin((q.anim_time - 0.15) * 360 / (1/3)) * 1.5)",
						"-(math.sin((q.anim_time - 0.2) * 360 / (2/3)) * 3)",
						"-(math.sin((q.anim_time - 0.1) * 360 / (2/3)) * 3)"
					]
				},
				"leg_front_right": {
					"rotation": {
						"0.0": [-24.6526, 4.03079, -0.80763],
						"0.0833": [-6.25, 3.59375, -0.96875],
						"0.1667": [6.5, 0.71875, -0.65625],
						"0.25": [12.04845, -3.01855, -0.16989],
						"0.3333": [19.0969, -4.41209, 0.31647],
						"0.4167": [17.725, -3.61375, 0.57875],
						"0.5": [7.59574, 0.64727, 1.96983],
						"0.5833": [-27.51035, 3.49096, 1.43202],
						"0.6667": [-24.6526, 4.03079, -0.80763]
					},
					"position": {
						"0.0": [0, -0.57812, -0.21875],
						"0.1667": [0, -0.20312, 0.34375],
						"0.25": [0, -0.05375, 0.6225],
						"0.3333": [0, -0.0625, 0.625],
						"0.4167": [0, 0.0325, 0.33],
						"0.5": [0, 0.12375, 0.03625],
						"0.5833": [0, -0.1725, -0.24625],
						"0.6667": [0, -0.57812, -0.21875]
					}
				},
				"leg_front_right2": {
					"rotation": {
						"0.0": [-5, 0, 0],
						"0.0833": [-10, 0, 0],
						"0.1667": [-7.5, 0, 0],
						"0.25": [-0.5, 0, 0],
						"0.3333": [5, 0, 0],
						"0.4167": [6.6875, 0, 0],
						"0.5": [-18.96875, 0, 0],
						"0.5833": [-8.4375, 0, 0],
						"0.6667": [-5, 0, 0]
					}
				},
				"leg_front_right3": {
					"rotation": {
						"0.0": [32.5, 0, 0],
						"0.0833": [16.25, 0, 0],
						"0.1667": [1.5, 0, 0],
						"0.25": [-10.5, 0, 0],
						"0.3333": [-17, 0, 0],
						"0.4167": [-8.75, 0, 0],
						"0.5": [53.9375, 0, 0],
						"0.5833": [59.96875, 0, 0],
						"0.6667": [32.5, 0, 0]
					},
					"position": {
						"0.0": [0, 0, 0],
						"0.3333": [0, 0, 0],
						"0.5": [0, 0, -0.125],
						"0.5833": [0, 0, -0.34125],
						"0.6667": [0, 0, 0]
					}
				},
				"leg_front_left": {
					"rotation": {
						"0.0": [19.0969, 4.41209, -0.31647],
						"0.0833": [17.725, 3.61375, -0.57875],
						"0.1667": [7.59574, -0.64727, -1.96983],
						"0.25": [-27.51035, -3.49096, -1.43202],
						"0.3333": [-24.65261, -4.03079, 0.80763],
						"0.4167": [-6.25, -3.59375, 0.96875],
						"0.5": [6.5, -0.71875, 0.65625],
						"0.5833": [12.04845, 3.01855, 0.16989],
						"0.6667": [19.0969, 4.41209, -0.31647]
					},
					"position": {
						"0.0": [0, -0.0625, 0.625],
						"0.0833": [0, 0.0325, 0.33],
						"0.1667": [0, 0.12375, 0.03625],
						"0.25": [0, -0.1725, -0.24625],
						"0.3333": [0, -0.57812, -0.21875],
						"0.5": [0, -0.20312, 0.34375],
						"0.5833": [0, -0.05375, 0.6225],
						"0.6667": [0, -0.0625, 0.625]
					}
				},
				"leg_front_left2": {
					"rotation": {
						"0.0": [5, 0, 0],
						"0.0833": [6.6875, 0, 0],
						"0.1667": [-18.96875, 0, 0],
						"0.25": [-8.4375, 0, 0],
						"0.3333": [-5, 0, 0],
						"0.4167": [-10, 0, 0],
						"0.5": [-7.5, 0, 0],
						"0.5833": [-0.5, 0, 0],
						"0.6667": [5, 0, 0]
					}
				},
				"leg_front_left3": {
					"rotation": {
						"0.0": [-17, 0, 0],
						"0.0833": [-8.75, 0, 0],
						"0.1667": [53.9375, 0, 0],
						"0.25": [59.96875, 0, 0],
						"0.3333": [32.5, 0, 0],
						"0.4167": [16.25, 0, 0],
						"0.5": [1.5, 0, 0],
						"0.5833": [-10.5, 0, 0],
						"0.6667": [-17, 0, 0]
					},
					"position": {
						"0.0": [0, 0, 0],
						"0.1667": [0, 0, -0.125],
						"0.25": [0, 0, -0.34125],
						"0.3333": [0, 0, 0],
						"0.6667": [0, 0, 0]
					}
				},
				"leg_back_right": {
					"rotation": {
						"0.0": [-13.67125, 0, 0],
						"0.0833": [3.7975, 0, 0],
						"0.1667": [14.2975, 0, 0],
						"0.25": [15.39125, 0, 0],
						"0.3333": [12.64205, 2.28885, 2.63116],
						"0.4167": [1.61198, 6.40429, 3.71583],
						"0.5": [-13.12081, 8.41583, 0.31183],
						"0.5833": [-23.30114, 0, 0],
						"0.6667": [-13.67125, 0, 0]
					},
					"position": {
						"0.0": [0, -0.22375, 0],
						"0.0833": [0, -0.31375, -0.02875],
						"0.1667": [0, -0.40625, 0.50125],
						"0.25": [0, -0.315, 1.125],
						"0.4167": [0, 0.06125, 0],
						"0.5": [0, 0.12125, 0],
						"0.5833": [0, 0.0275, 0],
						"0.6667": [0, -0.22375, 0]
					}
				},
				"leg_back_right2": {
					"rotation": {
						"0.0": [-15.1875, 0, 0],
						"0.0833": [-22, 0, 0],
						"0.1667": [-21.40625, 0, 0],
						"0.25": [-3.34375, 0, 0],
						"0.3333": [-7.90625, 0, 0],
						"0.4167": [-27.5, 0, 0],
						"0.5": [-30, 0, 0],
						"0.5833": [-7.75, 0, 0],
						"0.6667": [-15.1875, 0, 0]
					}
				},
				"leg_back_right3": {
					"rotation": {
						"0.0": [25.6875, 0, 0],
						"0.0833": [17.15625, 0, 0],
						"0.1667": [9.21875, 0, 0],
						"0.25": [-5.59375, 0, 0],
						"0.3333": [5, 0, 0],
						"0.4167": [47.46875, 0, 0],
						"0.5": [37.5, 0, 0],
						"0.5833": [20, 0, 0],
						"0.6667": [25.6875, 0, 0]
					},
					"position": {
						"0.3333": [0, 0, 0],
						"0.4167": [0, 0, -0.34375],
						"0.5": [0, 0, 0],
						"0.5833": [0, 0, 0]
					}
				},
				"leg_back_left": {
					"rotation": {
						"0.0": [12.64205, -2.28885, -2.63116],
						"0.0833": [1.61198, -6.40429, -3.71583],
						"0.1667": [-13.12081, -8.41583, -0.31183],
						"0.25": [-23.30114, 0, 0],
						"0.3333": [-13.67125, 0, 0],
						"0.4167": [3.7975, 0, 0],
						"0.5": [14.2975, 0, 0],
						"0.5833": [15.39125, 0, 0],
						"0.6667": [12.64205, -2.28885, -2.63116]
					},
					"position": {
						"0.0": [0, -0.125, 0.53125],
						"0.0833": [0, 0.06125, 0],
						"0.1667": [0, 0.12125, 0],
						"0.25": [0, 0.0275, 0],
						"0.3333": [0, -0.22375, 0],
						"0.4167": [0, -0.31375, -0.02875],
						"0.5": [0, -0.40625, 0.50125],
						"0.5833": [0, -0.315, 1.125],
						"0.6667": [0, -0.125, 0.53125]
					}
				},
				"leg_back_left2": {
					"rotation": {
						"0.0": [-7.90625, 0, 0],
						"0.0833": [-27.5, 0, 0],
						"0.1667": [-30, 0, 0],
						"0.25": [-7.75, 0, 0],
						"0.3333": [-15.1875, 0, 0],
						"0.4167": [-22, 0, 0],
						"0.5": [-21.40625, 0, 0],
						"0.5833": [-3.34375, 0, 0],
						"0.6667": [-7.90625, 0, 0]
					}
				},
				"leg_back_left3": {
					"rotation": {
						"0.0": [5, 0, 0],
						"0.0833": [47.46875, 0, 0],
						"0.1667": [37.5, 0, 0],
						"0.25": [20, 0, 0],
						"0.3333": [25.6875, 0, 0],
						"0.4167": [17.15625, 0, 0],
						"0.5": [9.21875, 0, 0],
						"0.5833": [-5.59375, 0, 0],
						"0.6667": [5, 0, 0]
					},
					"position": {
						"0.0": [0, 0, 0],
						"0.0833": [0, 0, -0.34375],
						"0.1667": [0, 0, 0],
						"0.25": [0, 0, 0],
						"0.6667": [0, 0, 0]
					}
				},
				"torso": {
					"rotation": [
						"-(math.sin((q.anim_time-0.05)*360/(1/3))*2)",
						"-(math.sin((q.anim_time - 0) * 360 / (2/3)) * 0.4)",
						"(math.sin((q.anim_time - 0) * 360 / (2/3)) * 1)"
					],
					"position": ["-(math.sin((q.anim_time - 0) * 360 / (2/3)) * 0.1)", "-(math.sin((q.anim_time - 0) * 360 / (1/3)) * 0.1)", 0]
				},
				"head": {
					"rotation": ["-7.5 + (math.sin((q.anim_time - 0.05) * 360 / (1/3)) * 2)", 0, "-(math.sin((q.anim_time - 0.1) * 360 / (2/3)) * 2)"]
				},
				"ear_right": {
					"rotation": ["(math.sin((q.anim_time - 0.15) * 360 / (1/3)) * 3)", 0, "-(math.sin((q.anim_time - 0.2) * 360 / (2/3)) * 1)"]
				},
				"ear_left": {
					"rotation": ["(math.sin((q.anim_time - 0.2) * 360 / (1/3)) * 3)", 0, "-(math.sin((q.anim_time - 0.25) * 360 / (2/3)) * 1)"]
				},
				"head_fur_right_main": {
					"rotation": [0, 0, "-(math.sin((q.anim_time - 0.2) * 360 / (2/3)) * 1.5)"]
				},
				"head_fur_left_main": {
					"rotation": [0, 0, "-(math.sin((q.anim_time - 0.2) * 360 / (2/3)) * 1.4)"]
				},
				"tail_fur": {
					"rotation": ["- (math.sin((q.anim_time - 0.25) * 360 / (1/3)) * 1)", 0, 0]
				},
				"tail_fur2": {
					"rotation": ["- (math.sin((q.anim_time - 0.2) * 360 / (1/3)) * 2)", 0, 0]
				}
			}
		},
		"animation.cafe_sprigatito.ground_run": {
			"loop": true,
			"animation_length": 0.5,
			"bones": {
				"torso": {
					"rotation": ["(math.sin((q.anim_time - 0.96 + (math.sin((q.anim_time - 0.8) * 360 * 2) * 0.01)) * 360 * 2) * 10)", 0, 0],
					"position": [0, "-(math.sin((q.anim_time - 0.08) * 360 * 2) * 0.31) - 0.31", 0]
				},
				"neck": {
					"rotation": ["(math.sin((q.anim_time - 0.12 + (math.sin((q.anim_time - 0.12) * 360 * 2) * 0.03)) * 360 * 2) * 10) + 33", 0, 0],
					"position": [0, "-(math.sin((q.anim_time - 0.08) * 360 * 2) * 0.15) - 0.15", "-(math.sin((q.anim_time - 0.08) * 360 * 2) * 0.45) - 0.45"]
				},
				"head": {
					"rotation": ["-(math.sin((q.anim_time - 0) * 360 * 2) * 7) - 27", 0, 0],
					"scale": 1
				},
				"neck_fur_front": {
					"rotation": ["-27.5 + (math.sin((q.anim_time - 1.05 + (math.sin((q.anim_time - 0.9) * 360 * 2) * 0.01)) * 360 * 2) * 20) - 20", 0, 0]
				},
				"tail": {
					"rotation": ["-27 + (math.sin((q.anim_time - 1.06 + (math.sin((q.anim_time - 0.9) * 360 * 2) * 0.01)) * 360 * 2) * 8) + 8", 0, 0]
				},
				"leg_front_right": {
					"rotation": {
						"0.0": [-7, 0, 0],
						"0.0833": {
							"pre": [25.89625, 0.96, -0.8],
							"post": [25.89625, 0.96, -0.8],
							"lerp_mode": "catmullrom"
						},
						"0.1667": {
							"post": [44.97313, 1.91486, -1.60757],
							"lerp_mode": "catmullrom"
						},
						"0.25": {
							"post": [33.55018, 6.413, -3.23135],
							"lerp_mode": "catmullrom"
						},
						"0.3333": {
							"post": [-19.06607, 4.01549, -0.04399],
							"lerp_mode": "catmullrom"
						},
						"0.4167": {
							"post": [-40.22607, 1.61798, 3.14337],
							"lerp_mode": "catmullrom"
						},
						"0.5": [-7, 0, 0]
					},
					"position": {
						"0.0": [0, -0.91875, -0.25],
						"0.1667": [0, -1.00125, -0.25],
						"0.25": [-0.0625, 0.03125, 0.15625],
						"0.3333": [-0.06, -0.13875, -0.03125],
						"0.4167": [-0.06, 0.62375, -0.6525],
						"0.5": [0, -0.91875, -0.25]
					}
				},
				"leg_front_right2": {
					"rotation": {
						"0.0": [-8.8, 0, 0],
						"0.0833": {
							"pre": [-14.025, 0, 0],
							"post": [-14.025, 0, 0],
							"lerp_mode": "catmullrom"
						},
						"0.1667": {
							"post": [-9.275, 0, 0],
							"lerp_mode": "catmullrom"
						},
						"0.25": {
							"post": [-3.55625, 0, 0],
							"lerp_mode": "catmullrom"
						},
						"0.3333": {
							"post": [-26.67062, -0.11178, 0.19416],
							"lerp_mode": "catmullrom"
						},
						"0.4583": {
							"post": [-15.99123, -0.22355, 0.38832],
							"lerp_mode": "catmullrom"
						},
						"0.5": [-8.8, 0, 0]
					}
				},
				"leg_front_right3": {
					"rotation": {
						"0.0": [15, 0, 0],
						"0.1667": [-27.5, 0, 0],
						"0.25": [27.5, 0, 0],
						"0.3333": [107.5, 0, 0],
						"0.4167": [77.5, 0, 0],
						"0.5": [15, 0, 0]
					},
					"position": {
						"0.0": [0, 0, 0],
						"0.1667": [0, 0, 0],
						"0.25": [0, 0, 0],
						"0.3333": [0, 0, -0.17125],
						"0.4167": [0, 0, -0.28125],
						"0.5": [0, 0, 0]
					}
				},
				"leg_front_left": {
					"rotation": {
						"0.0": [-52.09375, 0, 0],
						"0.1667": [14.98247, -0.85481, 2.34941],
						"0.25": [47.53333, -2.76983, 2.74144],
						"0.3333": [26.31, -1.31, -3.36],
						"0.4167": [-35.76072, 0.15783, -4.96895],
						"0.5": [-52.09375, 0, 0]
					},
					"position": {
						"0.0": [0, 0.11875, -0.5],
						"0.0833": [0, -0.98125, 0],
						"0.1667": [0, -0.255, 0.55625],
						"0.25": [0, 0.54, 0.82875],
						"0.3333": [0, 1.5375, 0.8875],
						"0.4167": [0, 1.35875, 0.265],
						"0.5": [0, 0.11875, -0.5]
					}
				},
				"leg_front_left2": {
					"rotation": {
						"0.0": [-7.53125, 0, 0],
						"0.1667": [-7.5, 0, 0],
						"0.25": [-5, 0, 0],
						"0.2917": {
							"pre": [-31.45, 0, 0],
							"post": [-31.45, 0, 0],
							"lerp_mode": "catmullrom"
						},
						"0.375": {
							"post": [-27.8, 0, 0],
							"lerp_mode": "catmullrom"
						},
						"0.4167": {
							"post": [-12.62, 0, 0],
							"lerp_mode": "catmullrom"
						},
						"0.5": [-7.53125, 0, 0]
					}
				},
				"leg_front_left3": {
					"rotation": {
						"0.0": [47.71875, 0, 0],
						"0.1667": [-7.5, 0, 0],
						"0.25": [17.5, 0, 0],
						"0.3333": [36.25, 0, 0],
						"0.4167": [40, 0, 0],
						"0.5": [47.71875, 0, 0]
					}
				},
				"leg_back_right": {
					"rotation": {
						"0.0": [28.3861, -4.25605, -1.0625],
						"0.0417": [37.16625, -1.96, 0.64],
						"0.0833": [39.39375, 0.34375, 2.34375],
						"0.125": [35.23875, 2.01, 4.05],
						"0.1667": [11.35, 3.6675, 5.75125],
						"0.25": [-14.80539, 4.65573, 6.44465],
						"0.3333": [-22.74884, 4.97671, 5.96755],
						"0.375": [-12.5775, 4.36625, 4.97375],
						"0.4167": [2.8325, 2.46875, 3.295],
						"0.5": [28.3861, -4.25605, -1.0625]
					},
					"position": {
						"0.0": [0.15625, -0.68, 0.5],
						"0.0833": [-0.1875, -0.3125, 0],
						"0.1667": [-0.57625, -0.31, 0],
						"0.25": [-0.75, -0.31, 0],
						"0.3333": [-0.44, -0.685, 0],
						"0.375": [-0.0175, -0.68, -0.15625],
						"0.4583": [0.1, -0.555, 0.28],
						"0.5": [0.15625, -0.68, 0.5]
					}
				},
				"leg_back_right2": {
					"rotation": {
						"0.0": [13.125, 0, 0],
						"0.0417": [10.80125, 0, 0],
						"0.0833": [12.8125, 0, 0],
						"0.125": [3.595, 0, 0],
						"0.1667": [-37.37, 0, 0],
						"0.25": [-40, 0, 0],
						"0.3333": [5.375, 0, 0],
						"0.4167": [14.21875, 0, 0],
						"0.5": [13.125, 0, 0]
					}
				},
				"leg_back_right3": {
					"rotation": {
						"0.0": [-3.71875, 0, 0],
						"0.0833": [3.71875, 0, 0],
						"0.25": [32.5, 0, 0],
						"0.3333": [19.65625, 0, 0],
						"0.4167": [-6.3125, 0, 0],
						"0.5": [-3.71875, 0, 0]
					}
				},
				"leg_back_left": {
					"rotation": {
						"0.0": [36.9125, -0.34375, -2.34375],
						"0.0833": [11.35, -3.6675, -5.75125],
						"0.1667": [-14.80539, -4.65573, -6.44465],
						"0.25": [-25.94884, -4.97671, -5.65505],
						"0.2917": [-12.89, -3.42875, -0.88],
						"0.3333": [6.20125, 2.15625, 0.205],
						"0.4167": [32.61735, 4.25605, 1.0625],
						"0.5": [36.9125, -0.34375, -2.34375]
					},
					"position": {
						"0.0": [0.1875, -0.3125, 0],
						"0.0833": [0.57625, -0.31, 0],
						"0.1667": [0.75, -0.31, 0],
						"0.25": [0.44, -0.685, 0],
						"0.2917": [0.0175, -0.68, -0.09375],
						"0.3333": [-0.07, -1.18, 0.19],
						"0.4167": [-0.15625, -0.68, 0.5],
						"0.5": [0.1875, -0.3125, 0]
					}
				},
				"leg_back_left2": {
					"rotation": {
						"0.0": [2, 0, 0],
						"0.0833": [-35.49625, 0, 0],
						"0.1667": [-40, 0, 0],
						"0.25": [-12.5, 0, 0],
						"0.3333": [-1.34375, 0, 0],
						"0.4167": [0.84375, 0, 0],
						"0.5": [2, 0, 0]
					}
				},
				"leg_back_left3": {
					"rotation": {
						"0.0": [19.28125, 0, 0],
						"0.0833": [38.265, 0, 0],
						"0.1667": [32.5, 0, 0],
						"0.25": [32.5, 0, 0],
						"0.3333": [-0.625, 0, 0],
						"0.4167": [4.1875, 0, 0],
						"0.5": [19.28125, 0, 0]
					}
				},
				"ear_right": {
					"rotation": ["-17.5-(math.sin((q.anim_time - 0) * 360 * 2) * 10)", 0, 0]
				},
				"ear_left": {
					"rotation": ["-17.5-(math.sin((q.anim_time - 0.03) * 360 * 2) * 10)", 0, 0]
				},
				"body": {
					"rotation": ["-(math.cos((q.anim_time - 0) * 360 * 2) * 2)", 0, 0],
					"position": {
						"0.0": [0, 0.46875, 0],
						"0.0833": [0, 0.41, 0],
						"0.1667": [0, -0.15625, 0],
						"0.25": [0, 0, 0],
						"0.3333": [0, 0.5625, 0],
						"0.4167": [0, 0.7475, 0],
						"0.5": [0, 0.46875, 0]
					}
				},
				"head_fur_right_main": {
					"rotation": [0, "25+(math.sin((q.anim_time - 1.37 + (math.sin((q.anim_time - 0.25) * 360 * 2) * 0.02)) * 360 * 2) * 7)", 0]
				},
				"head_fur_right": {
					"rotation": [0, "(math.sin((q.anim_time - 1.4 + (math.sin((q.anim_time - 0.23) * 360 * 2) * 0.02)) * 360 * 2) * 1)", 0]
				},
				"head_fur_right2": {
					"rotation": [0, "(math.sin((q.anim_time - 1.37 + (math.sin((q.anim_time - 0.22) * 360 * 2) * 0.02)) * 360 * 2) * 1.5)", 0]
				},
				"head_fur_right3": {
					"rotation": [0, "(math.sin((q.anim_time - 1.36 + (math.sin((q.anim_time - 0.26) * 360 * 2) * 0.02)) * 360 * 2) * 1)", 0]
				},
				"head_fur_left_main": {
					"rotation": [0, "-45+(math.sin((q.anim_time - 1.4 + (math.sin((q.anim_time - 0.28) * 360 * 2) * 0.02)) * 360 * 2) * 7)", 0]
				},
				"head_fur_left": {
					"rotation": [0, "-((math.sin((q.anim_time - 1.4 + (math.sin((q.anim_time - 0.23) * 360 * 2) * 0.02)) * 360 * 2) * 1))", 0]
				},
				"head_fur_left2": {
					"rotation": [0, "-((math.sin((q.anim_time - 1.37 + (math.sin((q.anim_time - 0.22) * 360 * 2) * 0.02)) * 360 * 2) * 1.5))", 0]
				},
				"head_fur_left3": {
					"rotation": [0, "-((math.sin((q.anim_time - 1.36 + (math.sin((q.anim_time - 0.26) * 360 * 2) * 0.02)) * 360 * 2) * 1))", 0]
				},
				"neck_fur_back": {
					"rotation": ["-21.3127 + (math.sin((q.anim_time - 0.17 + (math.sin((q.anim_time - 0.17) * 360 * 2) * 0.03)) * 360 * 2) * 5)", 0, 0]
				},
				"tail_fur2": {
					"rotation": ["(math.sin((q.anim_time - 1.11 + (math.sin((q.anim_time - 0.95) * 360 * 2) * 0.01)) * 360 * 2) * 5)", 0, 0]
				},
				"tail_fur": {
					"rotation": ["(math.sin((q.anim_time - 1.13 + (math.sin((q.anim_time - 0.95) * 360 * 2) * 0.01)) * 360 * 2) * 3)", 0, 0]
				}
			}
		},
		"animation.cafe_sprigatito.cry": {
			"animation_length": 1.5,
			"bones": {
				"torso": {
					"rotation": {
						"0.0": [0, 0, 0],
						"0.1667": {
							"pre": [5, 0, 0],
							"post": [5, 0, 0],
							"lerp_mode": "catmullrom"
						},
						"0.5": {
							"post": [-2.5, 0, 0],
							"lerp_mode": "catmullrom"
						},
						"0.5833": {
							"post": [-1.19, 0, 0],
							"lerp_mode": "catmullrom"
						},
						"0.75": [-1.85, 0, 0],
						"0.875": [-0.6725, 0, 0],
						"0.9583": [-1.04375, 0, 0],
						"1.125": [0, 0, 0]
					},
					"position": {
						"0.0": [0, 0, 0],
						"0.1667": {
							"pre": [0, -0.27, 0.21875],
							"post": [0, -0.27, 0.21875],
							"lerp_mode": "catmullrom"
						},
						"0.3333": {
							"post": [0, -0.40625, 0],
							"lerp_mode": "catmullrom"
						},
						"0.5": {
							"post": [0, 0.1, -0.2675],
							"lerp_mode": "catmullrom"
						},
						"0.7917": {
							"post": [0, 0.05875, -0.125],
							"lerp_mode": "catmullrom"
						},
						"1.3333": [0, 0, 0]
					}
				},
				"neck": {
					"rotation": {
						"0.0": [0, 0, 0],
						"0.1667": [0, 0, 0],
						"0.3333": [15, 0, 0],
						"0.5": [2.5, 0, 0],
						"0.9167": [0, 0, 0]
					}
				},
				"head": {
					"rotation": {
						"0.0": [0, 0, 0],
						"0.125": {
							"pre": [1.58125, 0, 0],
							"post": [1.58125, 0, 0],
							"lerp_mode": "catmullrom"
						},
						"0.3333": {
							"post": [-0.8125, 0, 0],
							"lerp_mode": "catmullrom"
						},
						"0.5": {
							"post": [-11.1875, 0, 0],
							"lerp_mode": "catmullrom"
						},
						"0.875": {
							"post": [-8.245, 0, 0],
							"lerp_mode": "catmullrom"
						},
						"1.2083": {
							"post": [-1.29, 0, 0],
							"lerp_mode": "catmullrom"
						},
						"1.5": [0, 0, 0]
					}
				},
				"mouth_open": {
					"position": {
						"0.0833": [0, 0, 0],
						"0.125": [0, 0, -0.1],
						"0.75": [0, 0, -0.1],
						"0.7917": [0, 0, 0]
					}
				},
				"neck_fur_front": {
					"rotation": {
						"0.0833": [0, 0, 0],
						"0.3333": [-15.09375, 0, 0],
						"0.5": [-2.59375, 0, 0],
						"0.7917": [-12.59375, 0, 0],
						"1.1667": [0, 0, 0]
					}
				},
				"ear_right": {
					"rotation": {
						"0.0833": [0, 0, 0],
						"0.25": [11.4375, 0, 0],
						"0.4167": [13.53125, 0, 0],
						"0.5417": [-14.34375, 0, 0],
						"0.75": [-11.345, 0, 0],
						"1.0": [0, 0, 0]
					}
				},
				"ear_left": {
					"rotation": {
						"0.0417": [0, 0, 0],
						"0.2083": [8.25, 0, 0],
						"0.4167": [10.0625, 0, 0],
						"0.5417": [-13.6875, 0, 0],
						"0.75": [-11.345, 0, 0],
						"1.0": [0, 0, 0]
					}
				},
				"eyelid_right": {
					"position": {
						"0.0833": [0, 0, 0],
						"0.125": [0, 0, -0.1],
						"0.2917": [0, 0, -0.1],
						"0.3333": [0, 0, 0]
					}
				},
				"eyelid_left": {
					"position": {
						"0.0833": [0, 0, 0],
						"0.125": [0, 0, -0.1],
						"0.2917": [0, 0, -0.1],
						"0.3333": [0, 0, 0]
					}
				},
				"head_fur_right_main": {
					"rotation": {
						"0.0": [0, 0, 0],
						"0.1667": [0, 7.5, 0],
						"0.375": [0, -2.5, 0],
						"0.5417": [0, 20, 0],
						"0.625": [0, 12.5, 0],
						"0.7083": [0, 17.5, 0],
						"0.8333": [0, 15, 0],
						"1.0417": [0, -7.5, 0],
						"1.1667": [0, 0, 0]
					}
				},
				"head_fur_left_main": {
					"rotation": {
						"0.0": [0, 0, 0],
						"0.1667": [0, -7.5, 0],
						"0.375": [0, 2.5, 0],
						"0.5417": [0, -20, 0],
						"0.625": [0, -12.5, 0],
						"0.7083": [0, -17.5, 0],
						"0.8333": [0, -15, 0],
						"1.0417": [0, 7.5, 0],
						"1.1667": [0, 0, 0]
					}
				},
				"tail": {
					"rotation": {
						"0.0": [0, 0, 0],
						"0.125": [-13.6575, 0, 0],
						"0.2917": [-20.875, 0, 0],
						"0.4583": [14.98875, 0, 0],
						"0.5833": [18.75, 0, 0],
						"0.625": [12.60125, 0, 0],
						"0.6667": [18.62375, 0, 0],
						"0.7083": [12.72625, 0, 0],
						"0.7917": [16.03125, 0, 0],
						"1.0417": [0, 0, 0]
					}
				},
				"tail_fur": {
					"rotation": {
						"0.0": [0, 0, 0],
						"0.2917": [-6.47, 0, 0],
						"0.4583": [-9.0625, 0, 0],
						"0.75": [8.53125, 0, 0],
						"1.2083": [0, 0, 0]
					}
				},
				"tail_fur2": {
					"rotation": {
						"0.0": [0, 0, 0],
						"0.2083": [-6.47, 0, 0],
						"0.375": [-9.0625, 0, 0],
						"0.6667": [8.53125, 0, 0],
						"0.7083": [6.07, 0, 0],
						"0.75": [8.405, 0, 0],
						"0.7917": [6.195, 0, 0],
						"0.875": [7.125, 0, 0],
						"1.125": [0, 0, 0]
					}
				}
			},
			"sound_effects": {
				"0.25": {
					"effect": "pokemon.sprigatito.cry"
				}
			}
		},
		"animation.cafe_sprigatito.ground_idle": {
			"loop": true,
			"bones": {
				"torso": {
					"rotation": ["(math.cos((q.anim_time - 0 + (math.cos((q.anim_time - 0) * 360 * 1) * 0.05)) * 360 * 1) * 1) + 1", 0, 0],
					"position": ["(math.cos((q.anim_time - 0) * 360 / 2) * 0.05)", "(math.sin((q.anim_time - 0) * 360 * 1) * 0.1)", -0.03125]
				},
				"neck": {
					"rotation": ["20 - (math.cos((q.anim_time - 0.1) * 360 * 1) * 1) - 1", 0, "(math.cos((q.anim_time - 0) * 360 / 2) * 1)"],
					"position": [0, 0, 0]
				},
				"head": {
					"rotation": ["-20 + (math.cos((q.anim_time - 0.2) * 360 * 1) * 2) + 2", 0, "(math.cos((q.anim_time - 0.1) * 360 / 2) * 2)"]
				},
				"head_fur_right_main": {
					"rotation": [0, 0, "(math.cos((q.anim_time - 0.25) * 360 / 2) * 1)"]
				},
				"head_fur_right": {
					"rotation": [0, 0, "(math.cos((q.anim_time - 0.15) * 360 / 2) * 2) + 1"]
				},
				"head_fur_right2": {
					"rotation": [0, 0, "(math.cos((q.anim_time - 0.24) * 360 / 2) * 1)"]
				},
				"head_fur_right3": {
					"rotation": [0, 0, "(math.cos((q.anim_time - 0.3) * 360 / 2) * 2) - 1"]
				},
				"head_fur_left_main": {
					"rotation": [0, 0, "(math.cos((q.anim_time - 0.2) * 360 / 2) * 1)"]
				},
				"head_fur_left": {
					"rotation": [0, 0, "(math.cos((q.anim_time - 0.15) * 360 / 2) * 2) + 1"]
				},
				"head_fur_left2": {
					"rotation": [0, 0, "(math.cos((q.anim_time - 0.24) * 360 / 2) * 1)"]
				},
				"head_fur_left3": {
					"rotation": [0, 0, "(math.cos((q.anim_time - 0.3) * 360 / 2) * 2) - 1"]
				},
				"ear_right": {
					"rotation": ["(math.cos((q.anim_time - 0.34) * 360 * 1) * 2)", 0, "(math.cos((q.anim_time - 0.24) * 360 / 2) * 1)"]
				},
				"ear_left": {
					"rotation": ["(math.cos((q.anim_time - 0.3) * 360 * 1) * 2)", 0, "(math.cos((q.anim_time - 0.2) * 360 / 2) * 1)"]
				},
				"neck_fur_front": {
					"rotation": ["-15 + (math.cos((q.anim_time - 0.1) * 360 * 1) * 3)", 0, 0],
					"position": [0, 0.46875, 0]
				},
				"neck_fur_back": {
					"rotation": [-22.5, 0, 0]
				},
				"tail": {
					"rotation": [
						"15 + (math.sin((q.anim_time - 0.2) * 360 * 1) * 7) - 7",
						"(math.cos((q.anim_time - 0.1) * 360 / 2) * 6)",
						"(math.cos((q.anim_time - 0.1) * 360 / 2) * 3)"
					],
					"position": [0, -0.09375, -0.46875]
				},
				"tail_fur": {
					"rotation": [
						"-2.5 + (math.sin((q.anim_time - 0.24) * 360 * 1) * 2)",
						"(math.cos((q.anim_time - 0.14) * 360 / 2) * 2)",
						"(math.cos((q.anim_time - 0.14) * 360 / 2) * 1)"
					]
				},
				"tail_fur2": {
					"rotation": [
						"-2.5 + (math.sin((q.anim_time - 0.3) * 360 * 1) * 3) + 3 ",
						"(math.cos((q.anim_time - 0.2) * 360 / 2) * 4)",
						"(math.cos((q.anim_time - 0.2) * 360 / 2) * 2)"
					]
				},
				"leg_front_right": {
					"rotation": ["(math.sin((q.anim_time - 0.6 + (math.sin((q.anim_time - 0.6) * 360 * 1) * 0.05)) * 360 * 1) * 3) + 3", 0, 0],
					"position": [
						0,
						"-(math.sin((q.anim_time - 0.6 + (math.sin((q.anim_time - 0.6) * 360 * 1) * 0.05)) * 360 * 1) * 0.065) - 0.065",
						"-(math.sin((q.anim_time - 0.6 + (math.sin((q.anim_time - 0.6) * 360 * 1) * 0.05)) * 360 * 1) * 0.095) - 0.095"
					]
				},
				"leg_front_right2": {
					"rotation": ["-(math.sin((q.anim_time - 0.6 + (math.sin((q.anim_time - 0.6) * 360 * 1) * 0.05)) * 360 * 1) * 3) - 3", 0, 0]
				},
				"leg_front_left": {
					"rotation": ["(math.sin((q.anim_time - 0.6 + (math.sin((q.anim_time - 0.6) * 360 * 1) * 0.05)) * 360 * 1) * 3) + 3", 0, 0],
					"position": [
						0,
						"-(math.sin((q.anim_time - 0.6 + (math.sin((q.anim_time - 0.6) * 360 * 1) * 0.05)) * 360 * 1) * 0.065) - 0.065",
						"-(math.sin((q.anim_time - 0.6 + (math.sin((q.anim_time - 0.6) * 360 * 1) * 0.05)) * 360 * 1) * 0.095) - 0.095"
					]
				},
				"leg_front_left2": {
					"rotation": ["-(math.sin((q.anim_time - 0.6 + (math.sin((q.anim_time - 0.6) * 360 * 1) * 0.05)) * 360 * 1) * 3) - 3", 0, 0]
				},
				"leg_back_right": {
					"rotation": ["-(math.sin((q.anim_time - 0) * 360 * 1) * 4) + 4", 0, 0],
					"position": [0, "(math.sin((q.anim_time - 0) * 360 * 1) * 0.1) - 0.07", "(math.sin((q.anim_time - 0) * 360 * 1) * 0.195) - 0.2"]
				},
				"leg_back_right2": {
					"rotation": ["(math.sin((q.anim_time - 0) * 360 * 1) * 4) - 4", 0, 0]
				},
				"leg_back_left": {
					"rotation": ["-(math.sin((q.anim_time - 0) * 360 * 1) * 4) + 4", 0, 0],
					"position": [0, "(math.sin((q.anim_time - 0) * 360 * 1) * 0.1) - 0.07", "(math.sin((q.anim_time - 0) * 360 * 1) * 0.195) - 0.2"]
				},
				"leg_back_left2": {
					"rotation": ["(math.sin((q.anim_time - 0) * 360 * 1) * 4) - 4", 0, 0]
				}
			}
		},
		"animation.cafe_sprigatito.ground_idle2": {
			"loop": true,
			"bones": {
				"torso": {
					"rotation": [
						"-22.5 - (math.sin((q.anim_time - 0.5) * 360 / 1) * 1)",
						"- (math.sin((q.anim_time - 0) * 360 / 2) * 1)",
						"- (math.sin((q.anim_time - 0) * 360 / 2) * 0.7)"
					],
					"position": ["-(math.sin((q.anim_time - 0) * 360 / 2) * 0.06)", -2.71875, -0.21875]
				},
				"neck": {
					"rotation": ["25 - (math.sin((q.anim_time - 0.7) * 360 / 1) * 1)", 0, "- (math.sin((q.anim_time - 0.2) * 360 / 2) * 1)"],
					"position": [0, -0.5, -0.6875]
				},
				"head": {
					"rotation": ["-10.0136 - (math.sin((q.anim_time - 0.8) * 360 / 1) * 1) + 3", 0, "- (math.sin((q.anim_time - 0.4) * 360 / 2) * 1)"]
				},
				"neck_fur_front": {
					"rotation": ["-7.5 - (math.sin((q.anim_time - 0.8) * 360 / 1) * 1)", 0, 0],
					"position": [0, 0.3125, 0]
				},
				"tail": {
					"rotation": [
						"5 - (math.sin((q.anim_time - 0.8) * 360 / 1) * 3)",
						"- (math.sin((q.anim_time - 0.1) * 360 / 2) * 1)",
						"- (math.sin((q.anim_time - 0.1) * 360 / 2) * 3)"
					]
				},
				"leg_front_right_rot": {
					"rotation": [0, -12.5, 0],
					"position": [-0.03125, 0, 0.15625]
				},
				"leg_front_right": {
					"rotation": ["12.5 - (math.sin((q.anim_time - 0.5) * 360 / 1) * 3) - 3", 0, 0],
					"position": [0, "-0.5625 + (math.sin((q.anim_time - 0.5) * 360 / 1) * 0.08) + 0.08", "0.1875 + (math.sin((q.anim_time - 0.5) * 360 / 1) * 0.09) + 0.09"]
				},
				"leg_front_right2": {
					"rotation": ["-22.5 + (math.sin((q.anim_time - 0.5) * 360 / 1) * 3) + 3", 0, 0]
				},
				"leg_front_right3": {
					"rotation": [10, 0, 0]
				},
				"leg_front_left_rot": {
					"rotation": [0, 12.5, 0],
					"position": [0.03125, 0, 0.15625]
				},
				"leg_front_left": {
					"rotation": ["12.5 - (math.sin((q.anim_time - 0.5) * 360 / 1) * 3) - 3", 0, 0],
					"position": [0, "-0.5625 + (math.sin((q.anim_time - 0.5) * 360 / 1) * 0.08) + 0.08", "0.1875 + (math.sin((q.anim_time - 0.5) * 360 / 1) * 0.09) + 0.09"]
				},
				"leg_front_left2": {
					"rotation": ["-22.5 + (math.sin((q.anim_time - 0.5) * 360 / 1) * 3) + 3", 0, 0]
				},
				"leg_front_left3": {
					"rotation": [10, 0, 0]
				},
				"leg_back_right": {
					"rotation": [-14.93371, 10.2809, 0.73687],
					"position": [-0.09375, -2.46875, 0.375]
				},
				"leg_back_right2": {
					"rotation": [-65, 0, 0]
				},
				"leg_back_right3": {
					"rotation": [80, 0, 0],
					"position": [0, 0, -0.46875]
				},
				"leg_back_left": {
					"rotation": [-14.93371, -10.2809, -0.73687],
					"position": [0.09375, -2.46875, 0.375]
				},
				"leg_back_left2": {
					"rotation": [-65, 0, 0]
				},
				"leg_back_left3": {
					"rotation": [80, 0, 0],
					"position": [0, 0, -0.46875]
				},
				"head_fur_right_main": {
					"rotation": [0, 0, "- (math.sin((q.anim_time - 0.5) * 360 / 2) * 1)"]
				},
				"head_fur_left_main": {
					"rotation": [0, 0, "- (math.sin((q.anim_time - 0.5) * 360 / 2) * 1)"]
				},
				"ear_right": {
					"rotation": ["- (math.sin((q.anim_time - 0.8) * 360 / 1) * 2)", 0, "- (math.sin((q.anim_time - 0.5) * 360 / 2) * 2) - 2"]
				},
				"ear_left": {
					"rotation": ["- (math.sin((q.anim_time - 0.84) * 360 / 1) * 2)", 0, "- (math.sin((q.anim_time - 0.5) * 360 / 2) * 2) + 2"]
				}
			}
		},
		"animation.cafe_sprigatito.battle_idle": {
			"loop": true,
			"bones": {
				"torso": {
					"rotation": ["17 + (math.cos((q.anim_time - 0.1) * 360 ) * 3) - 2", 0, 0],
					"position": [0, "0.8 - (math.cos((q.anim_time - 0) * 360 ) * 0.1)", -1.1687]
				},
				"neck": {
					"rotation": ["28 + (math.sin((q.anim_time - 0.1) * 360 ) * 3) + 2", 0, 0],
					"position": [0, 0, -0.46875]
				},
				"head": {
					"rotation": ["-45.5 + (math.sin((q.anim_time - 0.6) * 360 * 1) * 5)", 0, 0]
				},
				"eye_right": {
					"rotation": [0, 0, 0]
				},
				"head_fur_right_main": {
					"rotation": [0, "30 - (math.cos((q.anim_time - 0.5) * 360 ) * 4)", "- (math.cos((q.anim_time - 0.3) * 360 ) * 2)"]
				},
				"head_fur_left_main": {
					"rotation": [0, "- 30 + (math.cos((q.anim_time - 0.5) * 360 ) * 4)", "(math.cos((q.anim_time - 0.3) * 360 ) * 2)"]
				},
				"ear_right": {
					"rotation": ["15 + (math.sin((q.anim_time - 0) * 360 ) * 3) + 1", 0, "-7.5 - (math.sin((q.anim_time - 0) * 360 ) * 2)"]
				},
				"ear_left": {
					"rotation": ["15 + (math.sin((q.anim_time - 0.1) * 360 ) * 3) + 1", 0, "7.5 + (math.sin((q.anim_time - 0.1) * 360 ) * 2)"]
				},
				"neck_fur_front": {
					"rotation": ["-40.7501 - (math.sin((q.anim_time - 0.3) * 360 ) * 2)", 0, 0],
					"position": [0, 0.875, 0.03125]
				},
				"neck_fur_back": {
					"rotation": ["-32.5 + (math.sin((q.anim_time - 0.2) * 360 ) * 0.5) - 6.5", 0, 0]
				},
				"tail": {
					"rotation": [
						"7.5-(math.sin((q.anim_time - 0.5) * 360 * 1) * 3)",
						"-(math.sin((q.anim_time - 0.5) * 360 / 2) * 5)",
						"-(math.sin((q.anim_time - 0.5) * 360 / 2) * 3)"
					],
					"position": [0, -0.0625, -0.46875]
				},
				"tail_fur2": {
					"rotation": ["2.7188-(math.sin((q.anim_time - 0.6) * 360 * 1) * 3)", "-(math.sin((q.anim_time - 0.55) * 360 / 2) * 6)", 0]
				},
				"leg_front_right_rot": {
					"rotation": ["-(math.sin((q.anim_time - 0.8) * 360 * 1) * 3) + 3", 0, 0],
					"position": [0.09375, "-(math.sin((q.anim_time - 0.8) * 360 * 1) * 0.17)", 0.21875]
				},
				"leg_front_right": {
					"rotation": ["-15 + (math.sin((q.anim_time - 0.8) * 360 * 1) * 6) - 6", 0, 0],
					"position": [0, "-1.27 - (math.sin((q.anim_time - 0.8) * 360 * 1) * 0.04) - 0.1", "-0.55 - (math.sin((q.anim_time - 0.8) * 360 * 1) * 0.12)"]
				},
				"leg_front_right2": {
					"rotation": ["-27.5 - (math.sin((q.anim_time - 0.8) * 360 * 1) * 6) + 6", 0, 0]
				},
				"leg_front_right3": {
					"rotation": ["42.5 +(math.sin((q.anim_time - 0.8) * 360 * 1) * 3) - 3", 0, 0],
					"position": [0, 0, -0.15625]
				},
				"leg_front_left": {
					"rotation": ["10 - (math.sin((q.anim_time - 0.3) * 360 * 1) * 4) + 4", 0, 0],
					"position": [-0.1875, "-0.54 + (math.sin((q.anim_time - 0.3) * 360 * 1) * 0.11)", "0.3125 + (math.sin((q.anim_time - 0.3) * 360 * 1) * 0.106) - 0.106"]
				},
				"leg_front_left2": {
					"rotation": ["-17.5 + (math.sin((q.anim_time - 0.3) * 360 * 1) * 4) - 4", 0, 0]
				},
				"leg_front_left3": {
					"rotation": [7.5, 0, 0]
				},
				"leg_back_right": {
					"rotation": ["-17.2548 - (math.sin((q.anim_time - 0.25) * 360 * 1) * 3) + 3", 10.30055, 0.29332],
					"position": [
						"-0.32 + (math.sin((q.anim_time - 0.25) * 360 * 1) * 0.03)",
						"-0.1875 + (math.sin((q.anim_time - 0.25) * 360 * 1) * 0.027)",
						"-1.1 + (math.sin((q.anim_time - 0.25) * 360 * 1) * 0.15)"
					]
				},
				"leg_back_right2": {
					"rotation": ["-7.5 + (math.sin((q.anim_time - 0.25) * 360 * 1) * 3) - 3", 0, 0]
				},
				"leg_back_right3": {
					"rotation": [25, 0, 0]
				},
				"leg_back_left": {
					"rotation": ["5.2377 - (math.sin((q.anim_time - 0.25) * 360 * 1) * 3) + 3", -12.3071, -2.20462],
					"position": [
						"0.0625 - (math.sin((q.anim_time - 0.25) * 360 * 1) * 0.03) + 0.03",
						"-0.28 + (math.sin((q.anim_time - 0.25) * 360 * 1) * 0.075)",
						"-0.0313+(math.sin((q.anim_time - 0.25) * 360 * 1) * 0.13)"
					]
				},
				"leg_back_left2": {
					"rotation": ["17.5 + (math.sin((q.anim_time - 0.25) * 360 * 1) * 3) - 3", 0, 0]
				},
				"leg_back_left3": {
					"rotation": [-20, 0, 0]
				},
				"head_fur_right": {
					"rotation": [0, 0, "- (math.cos((q.anim_time - 0.2) * 360 ) * 3)"]
				},
				"head_fur_right2": {
					"rotation": [0, "(math.sin((q.anim_time - 0.4) * 360 ) * 3) - 3", 0]
				},
				"head_fur_right3": {
					"rotation": [0, 0, "- (math.cos((q.anim_time - 0.4) * 360 ) * 2)"]
				},
				"head_fur_left": {
					"rotation": [0, 0, "(math.cos((q.anim_time - 0.2) * 360 ) * 3)"]
				},
				"head_fur_left2": {
					"rotation": [0, "-(math.sin((q.anim_time - 0.4) * 360 ) * 3) + 3", 0]
				},
				"head_fur_left3": {
					"rotation": [0, 0, "(math.cos((q.anim_time - 0.4) * 360 ) * 2)"]
				},
				"tail_fur": {
					"rotation": ["22.1877-(math.sin((q.anim_time - 0.6) * 360 * 1) * 2)", 0, "(math.sin((q.anim_time - 0.6) * 360 / 2) * 3)"]
				}
			}
		},
		"animation.cafe_sprigatito.battle_idle2": {
			"loop": true,
			"bones": {
				"torso": {
					"rotation": ["7 + (math.cos((q.anim_time - 0.2) * 360 ) * 3) - 2", 0, 0],
					"position": [0, "- (math.cos((q.anim_time - 0) * 360 ) * 0.2) - 0.4", "-0.7 - (math.sin((q.anim_time - 0) * 360 ) * 0.15)"]
				},
				"neck": {
					"rotation": ["35.5 - (math.sin((q.anim_time - 0.2) * 360 ) * 3) + 2", 0, 0],
					"position": [0, 0, -0.46875]
				},
				"head": {
					"rotation": ["-38 - (math.sin((q.anim_time - 0.8) * 360 ) * 1)", 0, 0]
				},
				"eye_right": {
					"rotation": [0, 0, 0]
				},
				"head_fur_right_main": {
					"rotation": [0, "30 - (math.cos((q.anim_time - 0.5) * 360 ) * 4)", "- (math.cos((q.anim_time - 0.3) * 360 ) * 2)"]
				},
				"head_fur_left_main": {
					"rotation": [0, "- 30 + (math.cos((q.anim_time - 0.5) * 360 ) * 4)", "(math.cos((q.anim_time - 0.3) * 360 ) * 2)"]
				},
				"ear_right": {
					"rotation": ["15 + (math.sin((q.anim_time - 0) * 360 ) * 3) + 1", 0, "-7.5 - (math.sin((q.anim_time - 0) * 360 ) * 2)"]
				},
				"ear_left": {
					"rotation": ["15 + (math.sin((q.anim_time - 0.1) * 360 ) * 3) + 1", 0, "7.5 + (math.sin((q.anim_time - 0.1) * 360 ) * 2)"]
				},
				"neck_fur_front": {
					"rotation": ["-35 - (math.sin((q.anim_time - 0.4) * 360 ) * 3) - 2", 0, 0],
					"position": [0, 0.875, 0.03125]
				},
				"neck_fur_back": {
					"rotation": ["-32.5 + (math.sin((q.anim_time - 0.2) * 360 ) * 0.5) - 6.5", 0, 0]
				},
				"tail": {
					"rotation": ["-82.5 + (math.sin((q.anim_time - 0.3) * 360 ) * 6) + 6", 0, 0],
					"position": [0, -0.59375, -0.0625]
				},
				"tail_fur2": {
					"rotation": ["-10 + (math.sin((q.anim_time - 0.4) * 360 ) * 4) + 4", 0, 0]
				},
				"leg_front_right_rot": {
					"rotation": ["-(math.sin((q.anim_time - 0.8) * 360 * 1) * 3) + 3", 0, 0],
					"position": [0.09375, "-(math.sin((q.anim_time - 0.8) * 360 * 1) * 0.17)", 0.21875]
				},
				"leg_front_right": {
					"rotation": ["-15 + (math.sin((q.anim_time - 0.8) * 360 * 1) * 6) - 6", 0, 0],
					"position": [0, "-1.27 - (math.sin((q.anim_time - 0.8) * 360 * 1) * 0.04) - 0.1", "-0.55 - (math.sin((q.anim_time - 0.8) * 360 * 1) * 0.12)"]
				},
				"leg_front_right2": {
					"rotation": ["-27.5 - (math.sin((q.anim_time - 0.8) * 360 * 1) * 6) + 6", 0, 0]
				},
				"leg_front_right3": {
					"rotation": ["42.5 +(math.sin((q.anim_time - 0.8) * 360 * 1) * 3) - 3", 0, 0],
					"position": [0, 0, -0.15625]
				},
				"leg_front_left": {
					"rotation": ["10 - (math.sin((q.anim_time - 0.3) * 360 * 1) * 4) + 4", 0, 0],
					"position": [-0.1875, "-0.54 + (math.sin((q.anim_time - 0.3) * 360 * 1) * 0.11)", "0.3125 + (math.sin((q.anim_time - 0.3) * 360 * 1) * 0.106) - 0.106"]
				},
				"leg_front_left2": {
					"rotation": ["-17.5 + (math.sin((q.anim_time - 0.3) * 360 * 1) * 4) - 4", 0, 0]
				},
				"leg_front_left3": {
					"rotation": [7.5, 0, 0]
				},
				"leg_back_right": {
					"rotation": ["-17.2548 - (math.sin((q.anim_time - 0.25) * 360 * 1) * 5) + 5", 10.30055, 0.29332],
					"position": [
						"-0.2813 + (math.sin((q.anim_time - 0.25) * 360 * 1) * 0.05) - 0.05",
						"-0.1875 + (math.sin((q.anim_time - 0.25) * 360 * 1) * 0.055)",
						"-1.125 + (math.sin((q.anim_time - 0.25) * 360 * 1) * 0.26) - 0.26"
					]
				},
				"leg_back_right2": {
					"rotation": ["-7.5 + (math.sin((q.anim_time - 0.25) * 360 * 1) * 5) - 5", 0, 0]
				},
				"leg_back_right3": {
					"rotation": [25, 0, 0]
				},
				"leg_back_left": {
					"rotation": ["5.2377 - (math.sin((q.anim_time - 0.25) * 360 * 1) * 3) + 3", -12.3071, -2.20462],
					"position": [
						"0.2813 - (math.sin((q.anim_time - 0.25) * 360 * 1) * 0.03) + 0.03",
						"-0.28 + (math.sin((q.anim_time - 0.25) * 360 * 1) * 0.075)",
						"(math.sin((q.anim_time - 0.25) * 360 * 1) * 0.13)"
					]
				},
				"leg_back_left2": {
					"rotation": ["17.5 + (math.sin((q.anim_time - 0.25) * 360 * 1) * 3) - 3", 0, 0]
				},
				"leg_back_left3": {
					"rotation": [-20, 0, 0]
				},
				"head_fur_right": {
					"rotation": [0, 0, "- (math.cos((q.anim_time - 0.2) * 360 ) * 3)"]
				},
				"head_fur_right2": {
					"rotation": [0, "(math.sin((q.anim_time - 0.4) * 360 ) * 3) - 3", 0]
				},
				"head_fur_right3": {
					"rotation": [0, 0, "- (math.cos((q.anim_time - 0.4) * 360 ) * 2)"]
				},
				"head_fur_left": {
					"rotation": [0, 0, "(math.cos((q.anim_time - 0.2) * 360 ) * 3)"]
				},
				"head_fur_left2": {
					"rotation": [0, "-(math.sin((q.anim_time - 0.4) * 360 ) * 3) + 3", 0]
				},
				"head_fur_left3": {
					"rotation": [0, 0, "(math.cos((q.anim_time - 0.4) * 360 ) * 2)"]
				},
				"tail_fur": {
					"rotation": ["22.1877+(math.sin((q.anim_time - 0.4) * 360 ) * 1) +NaN", 0, 0]
				}
			}
		},
		"animation.cafe_sprigatito.sleep": {
			"loop": true,
			"bones": {
				"torso": {
					"rotation": ["5 + (math.sin((q.anim_time - 0.2 + (math.sin((q.anim_time - 0.2) * 360 / 4) * 0.1)) * 360 / 4) * 1) - 1", 0, 0],
					"position": [0, "-3.2 - (math.sin((q.anim_time - 0 + (math.sin((q.anim_time - 0) * 360 / 4) * 0.1)) * 360 / 4) * 0.05)", 0]
				},
				"neck": {
					"rotation": ["27.5 + (math.sin((q.anim_time - 0.4 + (math.sin((q.anim_time - 0.4) * 360 / 4) * 0.1)) * 360 / 4) * 1) - 1", 0, 0]
				},
				"head": {
					"rotation": ["23.0524 + (math.sin((q.anim_time - 0.5 + (math.sin((q.anim_time - 0.5) * 360 / 4) * 0.1)) * 360 / 4) * 1) - 1", 22.26162, 1.62278],
					"position": [0, -0.46875, 0.09375]
				},
				"eyelid_right": {
					"position": [0, 0, -0.1]
				},
				"eyelid_left": {
					"position": [0, 0, -0.1]
				},
				"head_fur_right_main": {
					"rotation": [-11.55171, "-34.7947 - (math.sin((q.anim_time - 0.7 + (math.sin((q.anim_time - 0.7) * 360 / 4) * 0.1)) * 360 / 4) * 3)", 18.91128],
					"position": [0, 0.21875, 0]
				},
				"head_fur_right": {
					"rotation": [0, -15, 0]
				},
				"head_fur_right3": {
					"rotation": [0, -12.5, 0]
				},
				"head_fur_left_main": {
					"rotation": [-11.55171, "34.7947 + (math.sin((q.anim_time - 0.8 + (math.sin((q.anim_time - 0.8) * 360 / 4) * 0.1)) * 360 / 4) * 3)", -18.91128],
					"position": [0, 0.21875, 0]
				},
				"head_fur_left": {
					"rotation": [0, 15, 0]
				},
				"head_fur_left3": {
					"rotation": [0, 12.5, 0]
				},
				"ear_right": {
					"rotation": ["24.6041 + (math.sin((q.anim_time - 0.7 + (math.sin((q.anim_time - 0.7) * 360 / 4) * 0.1)) * 360 / 4) * 3)", -9.10615, -4.15582]
				},
				"ear_left": {
					"rotation": ["20 + (math.sin((q.anim_time - 0.8 + (math.sin((q.anim_time - 0.8) * 360 / 4) * 0.1)) * 360 / 4) * 3)", 0, 0]
				},
				"neck_fur_front": {
					"rotation": ["-32.5 + (math.sin((q.anim_time - 1.3 + (math.sin((q.anim_time - 0.1) * 360 / 4) * 0.2)) * 360 / 4) * 2) + 5", 0, 0],
					"position": [0, 0, 0.125]
				},
				"tail": {
					"rotation": ["-22.498 - (math.sin((q.anim_time - 0.7 + (math.sin((q.anim_time - 0.7) * 360 / 4) * 0.1)) * 360 / 4) * 2) + 2", 0.01232, 0.09926],
					"position": [0, 0, 0]
				},
				"tail_fur2": {
					"rotation": ["-5 - (math.sin((q.anim_time - 0.8 + (math.sin((q.anim_time - 0.8) * 360 / 4) * 0.1)) * 360 / 4) * 2) + 2", 0, 0]
				},
				"leg_front_right": {
					"rotation": [40, 0, 0],
					"position": [0, -2.65625, 0.65625]
				},
				"leg_front_right2": {
					"rotation": [-77.5, 0, 0]
				},
				"leg_front_right3": {
					"rotation": [40, 0, 0]
				},
				"leg_front_left": {
					"rotation": [40, 0, 0],
					"position": [0, -2.65625, 0.65625]
				},
				"leg_front_left2": {
					"rotation": [-77.5, 0, 0]
				},
				"leg_front_left3": {
					"rotation": [40, 0, 0]
				},
				"leg_back_right": {
					"rotation": [-17.5, 0, 0],
					"position": [-0.5, -2.28125, 0.65625]
				},
				"leg_back_right2": {
					"rotation": [-60, 0, 0]
				},
				"leg_back_right3": {
					"rotation": [77.43276, -0.41311, -0.41022],
					"position": [0, 0, -0.40625]
				},
				"leg_back_left": {
					"rotation": [-17.5, 0, 0],
					"position": [0.5, -2.28125, 0.65625]
				},
				"leg_back_left2": {
					"rotation": [-60, 0, 0]
				},
				"leg_back_left3": {
					"rotation": [77.43276, 0.41311, 0.41022],
					"position": [0, 0, -0.40625]
				},
				"neck_fur_back": {
					"rotation": ["-30.0008 - (math.sin((q.anim_time - 1.2 + (math.sin((q.anim_time - 0) * 360 / 4) * 0.2)) * 360 / 4) * 2)", -0.02951, 0.02661],
					"position": [0, 0.125, 0.25]
				},
				"tail_fur": {
					"rotation": ["- (math.sin((q.anim_time - 0.8 + (math.sin((q.anim_time - 0.8) * 360 / 4) * 0.1)) * 360 / 4) * 2) + 2", 0, 0]
				}
			}
		},
		"animation.cafe_sprigatito.sleep2": {
			"loop": true,
			"bones": {
				"torso": {
					"rotation": [0, 0, -2.5],
					"position": [-0.40625, 0, 0]
				},
				"neck": {
					"rotation": ["31.6915 + (math.sin((q.anim_time - 0) * 360 / 4) * 0.5)", -16.2701, -11.792],
					"position": [0.125, -2.49875, -0.28375]
				},
				"head": {
					"rotation": ["91.7761 + (math.sin((q.anim_time - 0.3) * 360 / 4) * 1)", 0.2352, 9.129],
					"position": [0, 0, -1.03125]
				},
				"eyelid_right": {
					"position": [0, 0, -0.1]
				},
				"eyelid_left": {
					"position": [0, 0, -0.1]
				},
				"head_fur_right_main": {
					"rotation": [0, -75, 0]
				},
				"head_fur_left_main": {
					"rotation": [-5.72355, "27.7768 + (math.sin((q.anim_time - 0.7) * 360 / 4) * 1) - 1", -9.34923],
					"position": [0, 0.1875, 0]
				},
				"head_fur_left": {
					"rotation": [0, "15 + (math.sin((q.anim_time - 0.6) * 360 / 4) * 2) - 2", 0]
				},
				"head_fur_left3": {
					"rotation": [0, "17.5 + (math.sin((q.anim_time - 0.65) * 360 / 4) * 2) - 2", 0]
				},
				"ear_right": {
					"rotation": ["41.7829 + (math.sin((q.anim_time - 0.45) * 360 / 4) * 2) - 2", -0.31665, -0.14328]
				},
				"ear_left": {
					"rotation": ["33.1434 + (math.sin((q.anim_time - 0.5) * 360 / 4) * 2) - 2", -5.96883, 8.23849]
				},
				"neck_fur_front": {
					"rotation": ["7.6217 + (math.sin((q.anim_time - 0.65) * 360 / 4) * 0.5) - 0.5", -2.469, -1.57175],
					"position": [0, 0, -0.0625]
				},
				"tail": {
					"rotation": [-80.24258, "-5.7385 - (math.sin((q.anim_time - 0.2) * 360 / 4) * 1)", 4.83711]
				},
				"tail_fur2": {
					"rotation": [-19.60617, "-27.4998 + (math.sin((q.anim_time - 0.5) * 360 / 4) * 2) - 2", 18.08545]
				},
				"leg_front_right": {
					"rotation": [5, 0, 0],
					"position": [0, 0, 0.4375]
				},
				"leg_front_left": {
					"rotation": [50.02472, 1.34295, "2.1089 - (math.sin((q.anim_time - 0.3) * 360 / 4) * 1) + 1"],
					"position": ["0.28 - (math.sin((q.anim_time - 0.3) * 360 / 4) * 0.1) + 0.1", -0.06625, 0.65625]
				},
				"leg_front_left2": {
					"rotation": [-50, 0, 0]
				},
				"leg_back_right": {
					"rotation": [-7.5, 0, 0]
				},
				"leg_back_left": {
					"rotation": [2.5547, 4.82922, "16.2972 - (math.sin((q.anim_time - 0.4) * 360 / 4) * 1) + 1"],
					"position": ["-0.0938 - (math.sin((q.anim_time - 0.4) * 360 / 4) * 0.1) +  0.1", -0.75, -0.09375]
				},
				"leg_back_left2": {
					"rotation": [-15, 0, 0]
				},
				"body": {
					"rotation": [0, 0, -87.5],
					"position": [0, 2.59375, 0]
				},
				"neck_fur_back": {
					"rotation": [40.02442, 7.29985, 5.88548],
					"position": [0, 1.53125, -1.53125]
				},
				"leg_front_left_rot": {
					"rotation": [0, 0, 22.5],
					"position": [-1.12, -0.40625, 0.40875]
				},
				"head_fur_left2": {
					"rotation": [0, "(math.sin((q.anim_time - 0.7) * 360 / 4) * 1) - 1", 0]
				},
				"leg_front_right2": {
					"rotation": [10, 0, 0]
				},
				"leg_front_right3": {
					"rotation": [17.5, 0, 0]
				},
				"leg_front_left3": {
					"rotation": [25, 0, 0]
				}
			}
		},
		"animation.cafe_sprigatito.quirk_ear-twitch-left": {
			"animation_length": 0.125,
			"bones": {
				"ear_left": {
					"rotation": {
						"0.0": [0, "(math.sin((q.anim_time - 0) * 360 * 10) * 2)", "-0.1251+(math.sin((q.anim_time - 0) * 360 * 10) * 5)"],
						"0.125": {"pre": [0, "(math.sin((q.anim_time - 0) * 360 * 10) * 2)", "-0.1251+(math.sin((q.anim_time - 0) * 360 * 10) * 5)"], "post": [0, 0, 0]}
					}
				}
			}
		},
		"animation.cafe_sprigatito.quirk_ear-twitch-right": {
			"animation_length": 0.125,
			"bones": {
				"ear_right": {
					"rotation": {
						"0.0": [0, "-((math.sin((q.anim_time - 0) * 360 * 10) * 2))", "0.1251+(math.sin((q.anim_time - 0) * 360 * 10) * 5)"],
						"0.125": {"pre": [0, "-((math.sin((q.anim_time - 0) * 360 * 10) * 2))", "0.1251+(math.sin((q.anim_time - 0) * 360 * 10) * 5)"], "post": [0, 0, 0]}
					}
				}
			}
		},
		"animation.cafe_sprigatito.faint(wip)": {
			"loop": "hold_on_last_frame",
			"animation_length": 2.9167,
			"bones": {
				"body": {
					"rotation": {
						"1.9167": [0, 0, 0],
						"2.0833": [55, 0, 0]
					},
					"position": {
						"0.0": [0, 0, 0],
						"0.2917": [0, 0, -0.0375],
						"0.6667": [-1.1875, 0, -0.59375],
						"0.7917": [-1.78125, 0, -0.59375],
						"0.9583": [-2.15625, 0, -0.9],
						"1.125": [-1.61125, 0, -1.21],
						"1.25": [0, 0, -1.5125],
						"1.3333": [2.875, 0, -1.6875],
						"1.5833": [4.21, 0, -1.7],
						"1.75": [4.75, 0, -1.71875],
						"1.875": [5.03625, -0.69, -2.30875],
						"2.0": [5.09375, -1.375, -8.0625],
						"2.125": [4.33, 1.2625, -9.77],
						"2.2083": [3.8125, 0, -12.34375],
						"2.2917": [3.81, 0, -13.05875],
						"2.375": [3.81, 0.90625, -12.34],
						"2.4583": [3.81, 0, -12.34]
					}
				},
				"torso": {
					"rotation": {
						"0.0": [17.42705, 0, 0],
						"0.0833": [20.18053, 1.65625, 0],
						"0.2917": [3.47625, 10.18375, -8.71],
						"0.6667": [11.79706, 13.18691, -17.42104],
						"0.7917": [11.95331, 9.53066, -19.04604],
						"0.9583": [9.7325, -2.35875, -13.64],
						"1.1667": [-5.49, -10.5125, 16.785],
						"1.2917": [-8.26431, -12.65161, 25.47308],
						"1.5833": [-4.52875, -7.515, 24.78],
						"1.75": [0.5, 7.65625, 18.40625],
						"1.9167": [5.37125, 9.625, -9.22625],
						"2.0": [-21.06437, 6.8125, -4.61313],
						"2.2083": [22.5, 4, 0],
						"2.2917": [32.21875, 4, 0],
						"2.3333": [22.5, 4, 0],
						"2.4583": [-51.28125, 0, 0],
						"2.5417": [-59.125, 0, 0],
						"2.6667": [-50, 0, 0]
					},
					"position": {
						"0.0": [0, 0.7, -1.1687],
						"0.125": [0, 0.3125, -1.5125],
						"0.2917": [-1.14, 0.43875, -1.85],
						"0.4167": [-2, 0.625, -2.10625],
						"0.7083": {
							"pre": [-2.495, 0.375, -2.10875],
							"post": [-2.495, 0.375, -2.10875],
							"lerp_mode": "catmullrom"
						},
						"0.9583": {
							"post": [-2.46875, -0.3125, -1.8875],
							"lerp_mode": "catmullrom"
						},
						"1.1667": {
							"post": [-0.55, -0.15375, -1.63],
							"lerp_mode": "catmullrom"
						},
						"1.2917": {
							"post": [1.40625, -0.25, -2.2625],
							"lerp_mode": "catmullrom"
						},
						"1.5833": [1.65625, -0.03125, -2.84875],
						"1.75": [1.5, 0.15625, -2.78125],
						"1.9167": [0.375, 1.54, -0.0125],
						"2.0": [0.19, -0.6875, 0.4],
						"2.2083": [0, 3.96875, 0.8125],
						"2.3333": [0, 3.96875, 0.8125],
						"2.4583": [0, -4.15125, -0.315],
						"2.5417": [0, -4.58375, -0.53125],
						"2.7083": [0, -4.52625, -0.53375]
					}
				},
				"neck": {
					"rotation": {
						"0.0": [28.23664, 0, 0],
						"0.4583": {
							"pre": [20.85548, 1.77203, -24.61578],
							"post": [20.85548, 1.77203, -24.61578],
							"lerp_mode": "catmullrom"
						},
						"0.9583": {
							"post": [8.04625, 1.08, 13.55375],
							"lerp_mode": "catmullrom"
						},
						"1.2917": [4.88442, 0, 17.59375],
						"1.5417": [6.87875, 0, 6.44875],
						"1.75": [10.09375, 0, -11.53125],
						"1.875": [47.7575, 0, -4.0625],
						"2.0": [41.96875, 0, 0],
						"2.0833": [23.92, 0, 0],
						"2.2083": [12.03125, 0, 0],
						"2.3333": [16.9375, 0, 0],
						"2.4583": [65.5, 0, 0],
						"2.5417": [70, 0, 0]
					},
					"position": {
						"0.0": [0, 0, -0.46875],
						"0.4583": [0, -0.375, 0.155],
						"1.3333": [0, 0.21875, -0.1875],
						"1.75": [0, -0.375, 0],
						"1.9583": [0, -0.825, -0.25],
						"2.0833": [0, 0, 0],
						"2.3333": [0, -0.15625, -0.46875],
						"2.375": [0, -0.62875, -0.69125],
						"2.5417": [0, -0.63, -1.07],
						"2.5833": [0, -0.6925, -1.07]
					}
				},
				"head": {
					"rotation": {
						"0.0": [-35.06107, 0, 0],
						"0.0833": [-22.73231, 0, -1.03125],
						"0.2917": [6.1075, 8.45125, -5.585],
						"0.4167": [10.175, 12.28875, -7.71875],
						"0.7083": [6.98977, 20.309, -6.90681],
						"0.9167": [-7.37, 2.60375, 4.88],
						"1.1667": [-10.9, -2.5, 14.5975],
						"1.2917": [-12.41981, -16.40625, 14.5625],
						"1.5417": [-15.28125, -4.5625, -2.84375],
						"1.6667": [-15.955, -1.355, -6.25],
						"1.9167": [2.49605, 6.49251, 2.40204],
						"2.0833": [-7.53051, 0.06064, 0.00511],
						"2.2083": [0.37574, 0.06064, 0.00511],
						"2.3333": [-5.62426, 0.06064, 0.00511],
						"2.4583": [23.70875, 0.06, 0.01],
						"2.5417": [10.2125, 0.06, 0.01],
						"2.625": [15.40456, 1.16584, 0.2228]
					},
					"position": {
						"0.0": [0, 0, 0],
						"0.7083": [0, 0.65625, 0],
						"1.75": [0, 0.66, 0]
					}
				},
				"eye_right": {
					"rotation": {
						"0.0": [0, 0, 0],
						"1.2917": [0, 0, 0],
						"1.75": [0, 0, 0]
					}
				},
				"head_fur_right_main": {
					"rotation": {
						"0.0": [0, 34, 0.61803],
						"1.2917": [0, 34, 0.61803],
						"1.75": [0, 0, 0],
						"2.0833": [0, -40, 0]
					}
				},
				"head_fur_right": {
					"rotation": {
						"0.0": [0, 0, -0.92705],
						"1.2917": [0, 0, -0.92705],
						"1.75": [0, 0, -0.93]
					}
				},
				"head_fur_right2": {
					"rotation": {
						"0.0": [0, -4.76336, 0],
						"1.2917": [0, -4.76336, 0],
						"1.75": [0, -4.76, 0]
					}
				},
				"head_fur_right3": {
					"rotation": {
						"0.0": [0, 0, 1.61803],
						"1.2917": [0, 0, 1.61803],
						"1.75": [0, 0, 1.62]
					}
				},
				"head_fur_left_main": {
					"rotation": {
						"0.0": [0, -34, -0.61803],
						"1.2917": [0, -34, -0.61803],
						"1.75": [0, 0, 0],
						"2.0833": [0, 40, 0]
					}
				},
				"head_fur_left": {
					"rotation": {
						"0.0": [0, 0, 0.92705],
						"1.2917": [0, 0, 0.92705],
						"1.75": [0, 0, 0.93]
					}
				},
				"head_fur_left2": {
					"rotation": {
						"0.0": [0, 4.76336, 0],
						"1.2917": [0, 4.76336, 0],
						"1.75": [0, 4.76, 0]
					}
				},
				"head_fur_left3": {
					"rotation": {
						"0.0": [0, 0, -1.61803],
						"1.2917": [0, 0, -1.61803],
						"1.75": [0, 0, -1.62]
					}
				},
				"ear_right": {
					"rotation": {
						"0.0": [16, 0, -7.5],
						"0.375": [-21.5, 0, 0.46875],
						"0.75": [18.53963, 1.83264, -12.23804],
						"1.0833": [-3.10942, -12.66871, -13.79303],
						"1.2917": [-17.35152, -4.15152, 4.4073],
						"1.5833": [-28.67576, 9.23674, 9.9849],
						"1.7083": [-10.5, 14.84375, 2.78125],
						"1.8333": [33.19875, 11.41, 1.39],
						"2.0833": [20.92007, -15.44198, -3.06451],
						"2.2917": [17.92007, -14.78573, -3.06451],
						"2.5833": [15.23257, -16.12948, -3.06451],
						"2.8333": [31.33336, -13.36897, -6.7719]
					}
				},
				"ear_left": {
					"rotation": {
						"0.0": [14.23664, 0, 6.32443],
						"0.375": [-10.85955, 7.4491, 7.20262],
						"0.7083": [24.8495, 11.70367, 4.77675],
						"1.0833": [-15.31901, -9.42154, 1.87264],
						"1.2917": [4.23664, 0, 6.32443],
						"1.5833": [-22.88168, 0, 8.69346],
						"1.7083": [5.78125, 0, 7.75],
						"1.8333": [28.70875, 0.5, 1.92],
						"1.9583": [5.56724, 1.41236, 0.74124],
						"2.125": [15.89982, 9.47292, 3.07814],
						"2.25": [18.18107, 15.47292, 3.07814],
						"2.4583": [24.8075, 9.47, 3.08],
						"2.5417": [8.39982, 9.47292, 3.07814],
						"2.5833": [15.905, 10.96, 3.84],
						"2.6667": [29.37383, 13.92, 5.36522]
					}
				},
				"neck_fur_front": {
					"rotation": {
						"0.0": [-38.84799, 0, 0],
						"0.4583": [-44.96625, 0, 0],
						"0.8333": [-56.25, 0, 0],
						"1.2917": [-7.08433, 0, 0],
						"1.75": [-35, 0, 0],
						"1.9167": [-54.09, 0, 0],
						"2.0": [-11.14, 0, 0],
						"2.0833": [-15, 0, 0],
						"2.2083": [-17.5, 0, 0],
						"2.375": [12.5, 0, 0],
						"2.9167": [-17.5, 0, 0]
					},
					"position": {
						"0.0": [0, 0.875, 0.03125],
						"1.2917": [0, 0.875, 0.03125],
						"1.75": [0, 0.88, 0.03]
					}
				},
				"neck_fur_back": {
					"rotation": {
						"0.0": [-39.47553, 0, 0],
						"1.2917": [-39.47553, 0, 0],
						"1.75": [5.52, 0, 0]
					}
				},
				"tail": {
					"rotation": {
						"0.0": [7.5, 5, 3],
						"0.7083": [-32.98627, 14.96179, -9.04524],
						"1.2083": [-19.88314, -26.92287, 2.82491],
						"1.875": [-61.56412, 12.71421, -6.16076],
						"1.9583": [-15.9025, 4.77, -2.31],
						"2.0833": [-1.625, 0, 0],
						"2.2083": [-5, 0, 0],
						"2.2917": [-35, 0, 0],
						"2.5417": [-30, 0, 0],
						"2.5833": [-60, 0, 0]
					},
					"position": {
						"0.0": [0, -0.0625, -0.46875],
						"1.2917": [0, -0.59375, -0.0625],
						"1.75": [0, -0.59, -0.06],
						"1.875": [0, -0.59, -0.06]
					}
				},
				"tail_fur": {
					"rotation": {
						"0.0": [21.01213, 0, -2.85317],
						"1.2917": [21.59991, 0, 0],
						"1.75": [0, 0, 0],
						"2.0833": [45, 0, 0],
						"2.2083": [55, 0, 0],
						"2.2917": [0, 0, 0],
						"2.4583": [-10, 0, 0],
						"2.5417": [2.5, 0, 0],
						"2.5833": [-12.5, 0, 0]
					}
				},
				"tail_fur2": {
					"rotation": {
						"0.0": [0.95544, 5.92613, 0],
						"1.2917": [-8.35114, 0, 0],
						"1.75": [0, 0, 0],
						"2.0833": [7.53087, 0.72177, -0.38076],
						"2.2083": [7.53, 0.72, -0.38],
						"2.2917": [7.53, 0.72, -0.38],
						"2.4583": [-4.97, 0.72, -0.38],
						"2.5833": [12.53, 0.72, -0.38],
						"2.625": [2.53, 0.72, -0.38]
					}
				},
				"leg_front_right_rot": {
					"rotation": {
						"0.0": [0.14683, 0, 0],
						"0.125": [0.14669, 0.0064, -2.49999],
						"0.2083": [0.04443, 7.5, 0.0058],
						"0.3333": [0, 17.5, 0],
						"0.4167": [-2.35666, 17.34551, -7.85952],
						"0.6667": [0, 17.5, 0],
						"0.75": [0, 7.78, 0],
						"0.875": [0, 17.78, 0],
						"1.0417": [0, 0, 0],
						"1.2083": [0, -20, 7.8125],
						"1.2917": [0, 0, 17.5],
						"1.5833": [0, 0, 18.75],
						"1.75": [0, 0, 19.38],
						"2.0833": [0, 0, 0],
						"2.25": [0, 0, 0],
						"2.4583": [0, 14.58, 0],
						"2.625": [0, 17.5, 0]
					},
					"position": {
						"0.0": [0.09375, -0.16168, 0.21875],
						"0.125": [0.09375, -0.16168, 0.21875],
						"0.4167": [0.09, 0.265, 0.22],
						"1.2083": [0.55875, 0.04, 0.22],
						"1.2917": [0.09375, 0, 0.21875],
						"1.75": [0, 0, 0],
						"2.0833": [0, 0, 0],
						"2.25": [0, 0, 0],
						"2.4583": [-1.15, 0, 0],
						"2.625": [-1.375, 0, 0]
					}
				},
				"leg_front_right": {
					"rotation": {
						"0.0": [-15.29366, 0, 0],
						"0.125": [-15.29366, 0, 0],
						"0.25": [-10.79, 0, 0],
						"0.3333": [4.21, 0, 0],
						"0.4167": [4.21, 0, 0],
						"0.6667": [11.71, 0, 0],
						"0.75": [-4.09864, 12.4985, 0.19508],
						"0.875": [-4.12, 0, 0],
						"1.0417": [9.2592, 0.75448, 7.46217],
						"1.125": [2.89228, 1.70468, 3.27056],
						"1.1667": [-3.82851, 4.01353, -10.83469],
						"1.2917": [-0.84554, -1.22561, 13.72283],
						"1.375": [3.65647, -24.21198, 13.44705],
						"1.5833": [7.55075, -0.49177, -29.18891],
						"1.75": [9.83582, 13.70062, -12.92155],
						"1.9167": [8.23047, 2.90464, -12.16307],
						"2.0417": [35.36523, 1.45232, -6.08153],
						"2.1667": [27.5, 0, 0],
						"2.25": [37.5, 0, 0],
						"2.2917": [0, 0, 0],
						"2.4583": [15.88, 6.64, 8.92],
						"2.625": [0.07673, 9.96156, 13.38045]
					},
					"position": {
						"0.0": [0, -1.40804, -0.66413],
						"0.125": [-0.15625, -1.40804, -0.66413],
						"0.25": [-1.425, -0.9675, -1.03],
						"0.3333": [-1.85, -1.08875, -1.03],
						"0.4167": [-1.85, -1.08875, -1.03],
						"0.6667": [-2.88125, -0.62, -1.24875],
						"0.75": [-3.3825, -0.785, -1.03],
						"0.7917": [-3.09625, -0.76, -1.2425],
						"0.875": [-2.78875, -0.7225, -1.405],
						"1.0417": [-2.43625, -0.4625, -1.03],
						"1.125": [-1.38875, -0.18, -1.27],
						"1.1667": [-0.9025, 0.10875, -1.5],
						"1.2083": [-0.82875, -0.07375, -1.62],
						"1.25": [-0.2025, 0.21625, -1.65],
						"1.2917": [0.5, 0.31435, -1.72222],
						"1.5833": [0.71625, 0.2775, -2.185],
						"1.75": [-0.22125, 0.09, -2.185],
						"1.9167": [-0.5625, 0.29375, 0.325],
						"2.0417": [-0.68625, 2.07375, 0.71],
						"2.1667": [0, 2.15875, 1.09125],
						"2.25": [0, 1.905, 0.905],
						"2.2917": [0, 0.5925, 2.12375],
						"2.4583": [0, 0.40875, 1.7525],
						"2.625": [0, 0.025, 2.00625]
					}
				},
				"leg_front_right2": {
					"rotation": {
						"0.0": [-27.20634, 0, 0],
						"0.125": [-27.20634, 0, 0],
						"0.25": [-31.71, 0, 0],
						"0.3333": [-29.21, 0, 0],
						"0.4167": [-29.21, 0, 0],
						"0.6667": [-36.71, 0, 0],
						"0.75": [-13.93, 0, 0],
						"0.9167": [-13.93, 0, 0],
						"1.0417": [-39.21, 0, 0],
						"1.125": [-30.46, 0, 0],
						"1.1667": [3.29, 0, 0],
						"1.2917": [5.79366, 0, 0],
						"1.375": [-33.57, 0, 0],
						"1.5833": [-2.94, 0, 0],
						"1.75": [-2.94, 0, 0],
						"1.9167": [-13.18, 0, 0],
						"2.0417": [-16.59, 0, 0],
						"2.1667": [-70, 0, 0],
						"2.25": [-77.5, 0, 0],
						"2.2917": [-77.5, 0, 0],
						"2.4583": [-77.5, 0, 0],
						"2.625": [-77.5, 0, 0]
					}
				},
				"leg_front_right3": {
					"rotation": {
						"0.0": [42.35317, 0, 0],
						"0.125": [42.35317, 0, 0],
						"0.3333": [24.12, 0, 0],
						"0.4167": [24.12, 0, 0],
						"0.6667": [24.12, 0, 0],
						"0.75": [17.66, 0, 0],
						"0.875": [17.66, 0, 0],
						"1.0417": [52.5, 0, 0],
						"1.1667": [6.25, 0, 0],
						"1.2083": [-2.81, 0, 0],
						"1.2917": [-5, 0, 0],
						"1.375": [22.5, 0, 0],
						"1.5833": [-5, 0, 0],
						"1.75": [-5, 0, 0],
						"1.9167": [1.85913, 0.20171, -0.0744],
						"2.1667": [-12.5, 0, 0],
						"2.25": [-15, 0, 0],
						"2.2917": [22.5, 0, 0],
						"2.4583": [0, 0, 0],
						"2.625": [12.5, 0, 0]
					},
					"position": {
						"0.0": [0, 0, -0.15625],
						"0.125": [0, 0, -0.15625],
						"1.2917": [0, 0, -0.15625],
						"1.75": [0, 0, -0.16]
					}
				},
				"leg_front_left_rot": {
					"rotation": {
						"0.0": [0, 0, 0],
						"0.0833": [0, 12.5, 0],
						"0.1667": [1.55368, 6.97269, 9.38038],
						"0.4167": [0, -15, -7.5],
						"0.7917": [0, -10, -11.11],
						"1.0": [0, 10, 1.07],
						"1.0833": [1.6981, 8.13155, 13.90963],
						"1.25": [-2.15445, -28.82712, -14.06917],
						"1.2917": [-0.99209, -31.94779, 18.73981],
						"1.75": [0, 0, 0],
						"2.0833": [0, 0, 0],
						"2.2083": [0, 0, 0],
						"2.4583": [0, -14.58, 0],
						"2.5833": [0, -17.5, 0]
					},
					"position": {
						"0.0": [0, 0, 0],
						"1.2917": [0.5625, -0.40625, -1.25],
						"1.75": [0, 0, 0],
						"2.0833": [0, 0, 0],
						"2.2083": [0, 0, 0],
						"2.4583": [1.15, 0, 0],
						"2.5833": [1.375, 0, 0]
					}
				},
				"leg_front_left": {
					"rotation": {
						"0.0": [17.80423, 0, 0],
						"0.0833": [20.3, 0, 0],
						"0.1667": [-5.06, 0, 0],
						"0.4167": [7.8, 0, 0],
						"0.7917": [7.35553, -0.17403, -4.96267],
						"0.875": [1.3482, -0.14916, -4.25372],
						"0.9583": [4.04615, -0.91287, 1.3929],
						"1.0833": [3.17357, -0.63901, 0.97503],
						"1.1667": [4.47287, -3.10021, 12.92067],
						"1.2083": [17.63914, -2.48017, 10.33653],
						"1.25": [8.42628, 5.19573, -8.33966],
						"1.2917": [-10.71588, 9.83551, -18.03289],
						"1.5833": [1.81315, 3.52918, 3.44046],
						"1.75": [6.13089, -8.0002, 6.72693],
						"1.875": [2.67495, -4.3495, -0.76974],
						"2.0": [42.16998, -1.7398, -0.3079],
						"2.0833": [-54, 0, 0],
						"2.2083": [47.26198, 5.94383, -4.58217],
						"2.2917": [47.26198, 5.94383, -4.58217],
						"2.4583": [15.88, -6.64, -8.92]
					},
					"position": {
						"0.0": [-0.1875, -0.6446, 0.10569],
						"0.0833": [-0.03125, -0.51962, 0.10569],
						"0.1667": [-0.81375, -0.5175, -0.24],
						"0.2917": [-1.73875, -0.08125, -0.47],
						"0.4167": [-1.8775, 0.36, -0.48375],
						"0.7917": [-1.55875, 0.42625, -0.64625],
						"0.875": [-2.23, 0.225, -0.4],
						"0.9583": [-2.1225, -0.38, -0.4575],
						"1.0833": [-1.66625, -1.0525, -0.07],
						"1.1667": [-0.2925, -0.55375, 0.19],
						"1.2083": [-0.045, -0.92125, 0.32],
						"1.25": [1.895, -0.98625, -0.805],
						"1.2917": [1.03125, 0.76163, -0.14431],
						"1.5833": [1.59375, -0.1325, -0.63],
						"1.75": [1.59375, -0.1325, -1.47375],
						"2.0": [0.4, 1.42, 1.64375],
						"2.0833": [0, 2.34375, 2.09375],
						"2.125": [0.0625, 2.545, 0.655],
						"2.2083": [0.21875, 1.9675, 0.53],
						"2.2917": [0, 2.03, 0.43625],
						"2.4583": [0, 0.94, 1.065]
					}
				},
				"leg_front_left2": {
					"rotation": {
						"0.0": [-25.30423, 0, 0],
						"0.0833": [-45.30423, 0, 0],
						"0.1667": [-13.52, 0, 0],
						"0.4167": [-0.3, 0, 0],
						"0.7917": [3.12, 0, 0],
						"0.875": [-25.94, 0, 0],
						"0.9583": [-23.33, 0, 0],
						"1.0833": [-23.92, 0, 0],
						"1.1667": [-44.32, 0, 0],
						"1.2083": [-58.02, 0, 0],
						"1.25": [-16.66, 0, 0],
						"1.2917": [-0.30423, 0, 0],
						"1.5833": [-15.15, 0, 0],
						"1.75": [-7.65, 0, 0],
						"1.9167": [3.1075, 0, 0],
						"2.0833": [-34.71875, 0, 0],
						"2.2083": [-77.5, 0, 0],
						"2.2917": [-77.5, 0, 0],
						"2.4583": [-77.5, 0, 0]
					}
				},
				"leg_front_left3": {
					"rotation": {
						"0.0": [7.5, 0, 0],
						"0.0833": [40, 0, 0],
						"0.1667": [18.75, 0, 0],
						"0.2917": [4.37, 0, 0],
						"0.4167": [-5, 0, 0],
						"0.7917": [-6.71, 0, 0],
						"0.875": [22.82, 0, 0],
						"1.0833": [18.94, 0, 0],
						"1.1667": [35.67, 0, 0],
						"1.25": [1.27, 0, 0],
						"1.2917": [0, 0, 0],
						"1.5833": [10, 0, 0],
						"1.75": [0, 0, 0],
						"2.0833": [32.5, 0, 0],
						"2.2083": [-25, 0, 0],
						"2.2917": [-25, 0, 0],
						"2.4583": [0, 0, 0]
					}
				},
				"leg_back_right": {
					"rotation": {
						"0.0": [-11.2548, 10.30055, 0.29332],
						"0.125": [-7.2548, 10.30055, 0.29332],
						"0.3333": [-4.02465, 9.75138, -9.84688],
						"0.4167": [6.80974, 11.36446, -4.68095],
						"0.6667": [8.28642, 8.64541, 5.57745],
						"0.875": [10.04713, 6.30576, -2.28983],
						"1.0417": [7.21364, 5.21568, 5.25112],
						"1.1667": [0.21657, 3.74642, 17.77119],
						"1.2083": [13.25568, 0.3479, 36.26759],
						"1.2917": [-0.1147, 6.00784, 28.07587],
						"1.5833": [0.97458, 5.3642, -5.87735],
						"1.75": [1.62145, 4.54027, 1.60529],
						"1.875": [-0.76345, -1.83539, -0.92212],
						"1.9167": [-1.55276, 2.68785, -1.27198],
						"2.0833": [30, 0, 0],
						"2.125": [18.75, 0, 0],
						"2.2083": [-17.5, 0, 0],
						"2.2917": [-27.5625, 0, 0],
						"2.4583": [-30, 0, 0]
					},
					"position": {
						"0.0": [-0.35, -0.2145, -1.25],
						"0.125": [-0.3813, -0.2425, -1.645],
						"0.3333": [-1.59, -0.24, -1.75],
						"0.4167": [-2.0675, -0.0525, -1.79625],
						"0.6667": [-2.79625, -0.77125, -1.78],
						"0.875": [-2.875, -0.61, -1.74],
						"0.9583": [-2.35125, -0.55, -1.72],
						"1.0417": [-2.17625, -0.49, -1.71],
						"1.2917": [1.21245, 0.22625, -2.3325],
						"1.375": [1.11, 0.00875, -2.62],
						"1.5833": [0.885, -0.07625, -2.9],
						"1.75": [0.885, -0.17, -2.4625],
						"1.875": [0.22, 0.58, -1.395],
						"1.9167": [0, 0.80125, 0.13125],
						"2.0": [0, -0.92375, 0.16625],
						"2.0833": [0, 2.96875, 0.84375],
						"2.2083": [0, -1.905, 0.84],
						"2.2917": [0, -3.16375, 0.64],
						"2.4583": [0, -3.74375, 0.43375]
					}
				},
				"leg_back_right2": {
					"rotation": {
						"0.0": [-13.5, 0, 0],
						"0.3333": [-16.7, 0, 0],
						"0.4167": [-39.79749, -2.27932, 2.49748],
						"0.6667": [-37.5, 0, 0],
						"0.875": [-35.15, 0, 0],
						"1.1667": [8.06, 0, 0],
						"1.2083": [-40.16, 0, 0],
						"1.2917": [-37.5, 0, 0],
						"1.5833": [-11.25, 0, 0],
						"1.75": [-13.75, 0, 0],
						"1.9167": [-10.76285, 0.00879, 1.10251],
						"2.0": [9.61858, 0.00439, 0.55126],
						"2.0833": [-40, 0, 0],
						"2.125": [-12.5, 0, 0],
						"2.2083": [-57.5, 0, 0],
						"2.4583": [-82.5, 0, 0]
					}
				},
				"leg_back_right3": {
					"rotation": {
						"0.0": [25, 0, 0],
						"0.3333": [25, 0, 0],
						"0.4167": [40, 0, 0],
						"0.6667": [30, 0, 0],
						"0.875": [23.53, 0, 0],
						"1.1667": [-5.61, 0, 0],
						"1.2083": [39.13, 0, 0],
						"1.2917": [35, 0, 0],
						"1.5833": [16.25, 0, 0],
						"1.75": [16.25, 0, 0],
						"1.9167": [14.92, 0, 0],
						"2.0": [-28.27, 0, 0],
						"2.0833": [40, 0, 0],
						"2.375": [57.5, 0, 0]
					},
					"position": {
						"1.75": [0, 0, 0],
						"2.0833": [0, 0, 0],
						"2.375": [-0.03125, 0, -0.71875]
					}
				},
				"leg_back_left": {
					"rotation": {
						"0.0": [11.2377, -12.3071, -2.20462],
						"0.125": [18.7377, -12.3071, -2.20462],
						"0.2083": [16.74461, 4.69734, 1.98191],
						"0.2917": [-7.02775, 9.2103, 7.90538],
						"0.4167": [-3.62197, 8.06162, -4.63548],
						"0.6667": [2.10788, 7.17319, -11.99563],
						"0.8333": [16.42666, 0.45008, -10.01203],
						"0.9167": [13.06933, -6.14463, 0.99503],
						"1.0": [10.47299, -4.15562, 2.45492],
						"1.0833": [3.92767, -14.31328, 10.3364],
						"1.1667": [-2.0327, -11.00668, -6.88049],
						"1.2083": [-0.0761, -5.81848, -25.46275],
						"1.2917": [25.18014, -15.78011, 1.89194],
						"1.375": [22.54183, -10.53033, 10.84213],
						"1.625": [16.87165, -1.99025, -4.04779],
						"1.75": [7.55985, 15.85294, -4.26201],
						"1.875": [-16.54347, 17.74465, -5.43768],
						"2.0": [13.47787, 6.59721, -1.23661],
						"2.0833": [72.42322, 0.42672, 0.78032],
						"2.125": [59.92322, 0.42672, 0.78032],
						"2.2083": [12.42322, 0.42672, 0.78032],
						"2.2917": [-32.57678, 0.42672, 0.78032],
						"2.4583": [-40.07678, 0.42672, 0.78032]
					},
					"position": {
						"0.0": [0.1225, -0.355, -0.1613],
						"0.125": [0.1225, -0.48, -0.94255],
						"0.2083": [-0.39, 0.3, -1.04],
						"0.2917": [-0.55625, -0.04875, -1.30875],
						"0.4167": [-1.675, -0.14125, -1.18125],
						"0.6667": [-2.085, -0.07875, -1.4],
						"1.0": [-2.3025, -0.36, -0.85],
						"1.0833": [-1.2625, -0.20375, -0.9275],
						"1.1667": [-0.81, 0.275, -0.93],
						"1.2083": [0.8225, -0.31, -0.6075],
						"1.2917": [1.87255, -0.82375, -1.16125],
						"1.3333": [1.605, -0.77, -0.99125],
						"1.375": [1.57875, -0.71, -1.25875],
						"1.5833": [1.84625, -0.6, -1.91],
						"1.75": [1.71875, -0.3125, -2.53125],
						"1.875": [0.96875, 1.0625, -1.71875],
						"1.9583": [0.61875, 0.37, -0.06875],
						"2.0": [0.11, -0.6975, 0.33375],
						"2.0833": [0, 3.0625, 0.8125],
						"2.125": [0, 0.9975, 0.81],
						"2.2083": [0, -1.03125, 0.81],
						"2.2917": [0, -4.49875, 1.40375],
						"2.4583": [0, -4.4375, 1.2125]
					}
				},
				"leg_back_left2": {
					"rotation": {
						"0.0": [11.5, 0, 0],
						"0.2083": [-21, 0, 0],
						"0.2917": [-6.69, 0, 0],
						"0.6667": [-11.01, 0, 0],
						"0.8333": [-25.32, 0, 0],
						"0.9167": [-9.8, 0, 0],
						"1.0833": [11.5, 0, 0],
						"1.1667": [-14.10063, 0.80189, -0.90217],
						"1.2083": [7.95785, 2.72641, -3.06737],
						"1.2917": [-27.70442, 5.61321, -6.31518],
						"1.375": [-12.02832, 4.2099, -4.73639],
						"1.625": [-18.51416, 2.10495, -2.36819],
						"1.75": [7.5, 0, 0],
						"1.875": [7.5, 0, 0],
						"2.0": [-3, 0, 0],
						"2.0833": [-47.5, 0, 0],
						"2.125": [-10, 0, 0],
						"2.2083": [-52.5, 0, 0],
						"2.4583": [-79.86576, 0, 0]
					}
				},
				"leg_back_left3": {
					"rotation": {
						"0.0": [-20, 0, 0],
						"0.2083": [33.61, 0, 0],
						"0.2917": [16.67, 0, 0],
						"0.6667": [7.97422, 0, 0],
						"0.8333": [22.11996, 0, 0],
						"0.9167": [-0.99, 0, 0],
						"1.0833": [-15, 0, 0],
						"1.1667": [10, 0, 0],
						"1.2083": [-10.5, 0, 0],
						"1.2917": [2.5, 0, 0],
						"1.375": [-7.5, 0, 0],
						"1.625": [9.96692, 0.14481, 0.69858],
						"1.75": [-15, 0, 0],
						"1.875": [-2.5, 0, 0],
						"1.9167": [12.67, 0, 0],
						"2.0": [-7, 0, 0],
						"2.0833": [40, 0, 0],
						"2.4583": [65, 0, 0]
					},
					"position": {
						"1.75": [0, 0, 0],
						"1.875": [0, 0, 0],
						"2.0833": [0, 0, 0],
						"2.4583": [0.0625, -0.1875, -0.625]
					}
				},
				"eyelid_right": {
					"position": {
						"0.2083": [0, 0, 0],
						"0.25": {"pre": [0, 0, 0], "post": [0, 0, -0.1]},
						"0.4583": {"pre": [0, 0, -0.1], "post": [0, 0, -0.1]},
						"0.6667": {"pre": [0, 0, -0.1], "post": [0, 0, 0]},
						"0.8333": {"pre": [0, 0, 0], "post": [0, 0, 0]},
						"0.875": {"pre": [0, 0, 0], "post": [0, 0, -0.1]},
						"0.9167": {"pre": [0, 0, -0.1], "post": [0, 0, -0.1]},
						"0.9583": {"pre": [0, 0, -0.1], "post": [0, 0, 0]},
						"1.125": {"pre": [0, 0, 0], "post": [0, 0, 0]},
						"1.1667": {"pre": [0, 0, 0], "post": [0, 0, -0.1]},
						"1.5417": {"pre": [0, 0, -0.1], "post": [0, 0, -0.1]},
						"1.5833": {"pre": [0, 0, -0.1], "post": [0, 0, 0]},
						"1.7917": {"pre": [0, 0, 0], "post": [0, 0, 0]},
						"1.8333": {"pre": [0, 0, 0], "post": [0, 0, -0.1]}
					}
				},
				"eyelid_left": {
					"position": {
						"0.1667": [0, 0, 0],
						"0.2083": {"pre": [0, 0, 0], "post": [0, 0, -0.1]},
						"0.4167": {"pre": [0, 0, -0.1], "post": [0, 0, -0.1]},
						"0.4583": {"pre": [0, 0, -0.1], "post": [0, 0, 0]},
						"0.8333": {"pre": [0, 0, 0], "post": [0, 0, 0]},
						"0.875": {"pre": [0, 0, 0], "post": [0, 0, -0.1]},
						"0.9167": {"pre": [0, 0, -0.1], "post": [0, 0, -0.1]},
						"0.9583": {"pre": [0, 0, -0.1], "post": [0, 0, 0]},
						"1.125": {"pre": [0, 0, 0], "post": [0, 0, 0]},
						"1.1667": {"pre": [0, 0, 0], "post": [0, 0, -0.1]},
						"1.5417": {"pre": [0, 0, -0.1], "post": [0, 0, -0.1]},
						"1.5833": {"pre": [0, 0, -0.1], "post": [0, 0, 0]},
						"1.7917": {"pre": [0, 0, 0], "post": [0, 0, 0]},
						"1.8333": {"pre": [0, 0, 0], "post": [0, 0, -0.1]}
					}
				},
				"mouth_open": {
					"position": {
						"0.6667": [0, 0, 0],
						"0.7083": [0, 0, -0.1],
						"0.8333": [0, 0, -0.1],
						"0.875": [0, 0, 0],
						"1.4167": [0, 0, 0],
						"1.5417": [0, 0, 0],
						"1.5833": [0, 0, -0.1]
					}
				}
			}
		},
		"animation.cafe_sprigatito.walk_test": {
			"loop": true,
			"bones": {
				"body": {
					"position": [0, 0, "-q.anim_time*90*walk"]
				}
			}
		},
		"animation.cafe_sprigatito.run_test": {
			"loop": true,
			"bones": {
				"body": {
					"position": [0, 0, "-q.anim_time*90*run"]
				}
			}
		},
		"animation.cafe_sprigatito.shoulder_right": {
			"loop": true,
			"bones": {
				"body": {
					"rotation": [0, 27.5, 0],
					"position": [0, -5, 1]
				},
				"torso": {
					"rotation": ["-10+math.sin(q.anim_time*90*2-90)*-0.5", 0, 0],
					"position": [0, "math.sin(q.anim_time*90*2)*0.05", -0.5]
				},
				"neck": {
					"rotation": ["27+math.sin(q.anim_time*90*2-180)*-1", -5, -14],
					"position": [0, -0.25, -0.5]
				},
				"head": {
					"rotation": ["-11+math.sin(q.anim_time*90*2-270)*-3", -12, "12+math.sin(q.anim_time*90*1-30)*3"],
					"position": [-0.25, 0, 0]
				},
				"head_fur_right_main": {
					"rotation": [0, "-(math.sin(q.anim_time*90*2-310)*-2)", "-(math.sin(q.anim_time*90*1-90)*4)"]
				},
				"head_fur_left_main": {
					"rotation": [-15, "-75+math.sin(q.anim_time*90*2-310)*-2", "-(math.sin(q.anim_time*90*1-90)*4)"]
				},
				"ear_right": {
					"rotation": ["math.sin(q.anim_time*90*2-290)*-5", 0, "7.5+math.sin(q.anim_time*90*1-90)*6"]
				},
				"ear_left": {
					"rotation": ["math.sin(q.anim_time*90*2-300)*-5", 0, "-7.5+math.sin(q.anim_time*90*1-90)*6"]
				},
				"neck_fur_front": {
					"rotation": ["-44+math.sin(q.anim_time*90*2-200)*-1", -9.57658, 11.59948],
					"position": [0, 0, 0.3]
				},
				"tail": {
					"rotation": ["19+math.sin(q.anim_time*90*1)*-4", "-24+math.sin(q.anim_time*90*1-80)*9", "-20+math.sin(q.anim_time*90*1-100)*13"],
					"position": [-0.5, 0, 0]
				},
				"tail_fur2": {
					"rotation": [0, "-(math.sin(q.anim_time*90*1-160)*12)", 0]
				},
				"leg_front_right_rot": {
					"position": [0, 1.5, 0]
				},
				"leg_front_right": {
					"rotation": ["-32+math.sin(q.anim_time*90*2)*1", -6, -10],
					"position": [-0.25, 0, -0.5]
				},
				"leg_front_right2": {
					"rotation": ["-26+math.sin(q.anim_time*90*2+50)*-1", -5, -14],
					"position": [-0.2, 0, 0]
				},
				"leg_front_right3": {
					"rotation": ["112.5+math.sin(q.anim_time*90*2)*-2", 0, 0],
					"position": [0, 0, -0.25]
				},
				"leg_front_left_rot": {
					"position": [0, 1.5, 0]
				},
				"leg_front_left": {
					"rotation": ["-36+math.sin(q.anim_time*90*2)*1", -8, -13],
					"position": [0, 1.75, 0.25]
				},
				"leg_front_left2": {
					"rotation": ["-10+math.sin(q.anim_time*90*2+50)*-1", 0, 17.5],
					"position": [0.2, 0, 0]
				},
				"leg_front_left3": {
					"rotation": ["117.5+math.sin(q.anim_time*90*2)*-2", 0, 0],
					"position": [0, -0.1, 0]
				},
				"leg_back_right": {
					"rotation": ["-132+math.sin(q.anim_time*90*2)*-1", 19, -5],
					"position": [-0.5, -0.5, 0]
				},
				"leg_back_right2": {
					"rotation": ["46+math.sin(q.anim_time*90*2+50)*1", 14.26008, 10.25103],
					"position": [0, 2.5, 0.25]
				},
				"leg_back_right3": {
					"rotation": ["102.5+math.sin(q.anim_time*90*2)*2", 0, 0],
					"position": [0, -0.75, 0]
				},
				"leg_back_left": {
					"rotation": ["-132+math.sin(q.anim_time*90*2)*-1", -19, 5],
					"position": [0.5, -0.5, 0]
				},
				"leg_back_left2": {
					"rotation": ["46+math.sin(q.anim_time*90*2+50)*1", -14, -10],
					"position": [0, 2.5, 0.25]
				},
				"leg_back_left3": {
					"rotation": ["102.5+math.sin(q.anim_time*90*2)*2", 0, 0],
					"position": [0, -0.75, 0]
				}
			}
		},
		"animation.cafe_sprigatito.shoulder_left": {
			"loop": true,
			"bones": {
				"body": {
					"rotation": [0, -27.5, 0],
					"position": [0, -5, 1]
				},
				"torso": {
					"rotation": ["-10+math.sin(q.anim_time*90*2-90)*-0.5", 0, 0],
					"position": [0, "math.sin(q.anim_time*90*2)*0.05", -0.5]
				},
				"neck": {
					"rotation": ["27+math.sin(q.anim_time*90*2-180)*-1", 5, 14],
					"position": [0, -0.25, -0.5]
				},
				"head": {
					"rotation": ["-11+math.sin(q.anim_time*90*2-270)*-3", 12, "-12+math.sin(q.anim_time*90*1-30)*3"],
					"position": [0.25, 0, 0]
				},
				"head_fur_right_main": {
					"rotation": [-15, "75+math.sin(q.anim_time*90*2-310)*-2", "math.sin(q.anim_time*90*1-90)*4"]
				},
				"head_fur_left_main": {
					"rotation": [0, "math.sin(q.anim_time*90*2-310)*-2", "math.sin(q.anim_time*90*1-90)*4"]
				},
				"ear_right": {
					"rotation": ["math.sin(q.anim_time*90*2-300)*-5", 0, "7.5+math.sin(q.anim_time*90*1-90)*6"]
				},
				"ear_left": {
					"rotation": ["math.sin(q.anim_time*90*2-290)*-5", 0, "-7.5+math.sin(q.anim_time*90*1-90)*6"]
				},
				"neck_fur_front": {
					"rotation": ["-44+math.sin(q.anim_time*90*2-200)*-1", 9.57658, -11.59948],
					"position": [0, 0, 0.3]
				},
				"tail": {
					"rotation": ["19+math.sin(q.anim_time*90*1)*-4", "24+math.sin(q.anim_time*90*1-80)*9", "20+math.sin(q.anim_time*90*1-100)*13"],
					"position": [0.5, 0, 0]
				},
				"tail_fur2": {
					"rotation": [0, "math.sin(q.anim_time*90*1-160)*12", 0]
				},
				"leg_front_right": {
					"rotation": ["-36+math.sin(q.anim_time*90*2)*1", 8, 13],
					"position": [0, 1.75, 0.25]
				},
				"leg_front_right2": {
					"rotation": ["-10+math.sin(q.anim_time*90*2+50)*-1", 0, -17.5]
				},
				"leg_front_right3": {
					"rotation": ["117.5+math.sin(q.anim_time*90*2)*-2", 0, 0],
					"position": [0, -0.1, 0]
				},
				"leg_front_left_rot": {
					"position": [0, 1.5, 0]
				},
				"leg_front_left": {
					"rotation": ["-32+math.sin(q.anim_time*90*2)*1", 6, 10],
					"position": [0.25, 0, -0.5]
				},
				"leg_front_left2": {
					"rotation": ["-26+math.sin(q.anim_time*90*2+50)*-1", 5, 14],
					"position": [0.2, 0, 0]
				},
				"leg_front_left3": {
					"rotation": ["112.5+math.sin(q.anim_time*90*2)*-2", 0, 0],
					"position": [0, 0, -0.25]
				},
				"leg_back_right": {
					"rotation": ["-132+math.sin(q.anim_time*90*2)*-1", 19, -5],
					"position": [-0.5, -0.5, 0]
				},
				"leg_back_right2": {
					"rotation": ["46+math.sin(q.anim_time*90*2+50)*1", 14, 10],
					"position": [0, 2.5, 0.25]
				},
				"leg_back_right3": {
					"rotation": ["102.5+math.sin(q.anim_time*90*2)*2", 0, 0],
					"position": [0, -0.75, 0]
				},
				"leg_back_left": {
					"rotation": ["-132+math.sin(q.anim_time*90*2)*-1", -19, 5],
					"position": [0.5, -0.5, 0]
				},
				"leg_back_left2": {
					"rotation": ["46+math.sin(q.anim_time*90*2+50)*1", -14.26008, -10.25103],
					"position": [0, 2.5, 0.25]
				},
				"leg_back_left3": {
					"rotation": ["102.5+math.sin(q.anim_time*90*2)*2", 0, 0],
					"position": [0, -0.75, 0]
				}
			}
		}
	}
}