{
  "enabled": true,
  "neededInstalledMods": [],
  "neededUninstalledMods": [],
  "spawns": [
    {
      "id": "mythsandlegends-glastrier-1",
      "pokemon": "glastrier",
      "presets": [],
      "type": "pokemon",
      "context": "grounded",
      "bucket": "ultra-rare",
      "level": "70",
      "weight": 0.1,
      "condition": {
        "biomes": [
          "#cobblemon:is_snowy_forest",
          "#cobblemon:is_taiga",
          "#cobblemon:is_mountain"
        ],
        "key_item": "iceroot_carrot"
      }
    },
    {
      "id": "mythsandlegends-glastrier-2",
      "pokemon": "glastrier",
      "presets": [],
      "type": "pokemon",
      "context": "grounded",
      "bucket": "ultra-rare",
      "level": "70",
      "weight": 0.1,
      "condition": {
        "biomes": [
          "#cobblemon:is_snowy_forest",
          "#cobblemon:is_taiga",
          "#cobblemon:is_mountain"
        ],
        "key_item": "iceroot_carrot"
      }
    }
  ]
}