{
	"format_version": "1.12.0",
	"minecraft:geometry": [
		{
			"description": {
				"identifier": "geometry.unknown",
				"texture_width": 256,
				"texture_height": 256,
				"visible_bounds_width": 11,
				"visible_bounds_height": 6,
				"visible_bounds_offset": [0, 2, 0]
			},
			"bones": [
				{
					"name": "melmetal",
					"pivot": [0, 0, 0]
				},
				{
					"name": "bot_torso",
					"parent": "melmetal",
					"pivot": [0, 16, 0],
					"cubes": [
						{"origin": [-12, 11, -7.5], "size": [24, 10, 15], "uv": [116, 114]}
					]
				},
				{
					"name": "middle_torso",
					"parent": "bot_torso",
					"pivot": [0, 26, 6],
					"cubes": [
						{"origin": [3, 19, -5.5], "size": [7, 14, 11], "uv": [0, 152]},
						{"origin": [-10, 19, -5.5], "size": [7, 14, 11], "uv": [139, 150]},
						{"origin": [-3, 29, -5.5], "size": [6, 4, 11], "uv": [108, 0]},
						{"origin": [-3, 20, -5.5], "size": [6, 2, 11], "uv": [148, 24]}
					]
				},
				{
					"name": "ring",
					"parent": "middle_torso",
					"pivot": [12, 11, 22.5],
					"cubes": [
						{"origin": [-4, 22, -7.5], "size": [2, 8, 15], "uv": [160, 160]},
						{"origin": [2, 22, -7.5], "size": [2, 8, 15], "uv": [73, 40]},
						{"origin": [-2, 28, -7.5], "size": [4, 2, 15], "uv": [85, 0]},
						{"origin": [-2, 22, -7.5], "size": [4, 2, 15], "uv": [45, 76]}
					]
				},
				{
					"name": "top_torso",
					"parent": "middle_torso",
					"pivot": [0, 31.66667, 8],
					"cubes": [
						{"origin": [-12.66194, 31.1047, -8.49768], "size": [25, 12, 17], "uv": [68, 76]},
						{"origin": [-14.66194, 37.1047, -13.49768], "size": [29, 11, 27], "uv": [0, 0]},
						{"origin": [-10.66194, 47.1047, -10.49768], "size": [21, 3, 21], "uv": [47, 105]}
					]
				},
				{
					"name": "head",
					"parent": "top_torso",
					"pivot": [-12.66194, 7.1047, -8.49768],
					"cubes": [
						{"origin": [-6.66194, 49.1047, -2.49768], "size": [3, 6, 5], "uv": [0, 11]},
						{"origin": [3.33806, 49.1047, -2.49768], "size": [3, 6, 5], "uv": [0, 0]},
						{"origin": [-5.66194, 55.1047, -2.49768], "size": [11, 3, 5], "uv": [110, 105]}
					]
				},
				{
					"name": "eye",
					"parent": "head",
					"pivot": [-0.16194, 53.1047, 0.00232],
					"cubes": [
						{"origin": [-1.16194, 52.1047, -0.99768], "size": [2, 2, 2], "uv": [11, 0]}
					]
				},
				{
					"name": "right_arm",
					"parent": "top_torso",
					"pivot": [-16.16194, 43.1047, 0.00232]
				},
				{
					"name": "arm_l_3",
					"parent": "right_arm",
					"pivot": [-14.66194, 42.6047, 0.00232],
					"cubes": [
						{"origin": [-18.66194, 34.1047, -8.49768], "size": [6, 17, 17], "uv": [54, 129], "mirror": true},
						{"origin": [-28.63694, 31.1047, -11.49768], "size": [11, 23, 23], "uv": [0, 76], "mirror": true}
					]
				},
				{
					"name": "arm_l_4",
					"parent": "arm_l_3",
					"pivot": [-25.41194, 42.6047, 0.00232],
					"cubes": [
						{"origin": [-37.66194, 37.1047, -5.49768], "size": [7, 11, 11], "uv": [152, 91], "mirror": true},
						{"origin": [-32.66194, 35.1047, -7.49768], "size": [12, 15, 15], "uv": [0, 122], "mirror": true}
					]
				},
				{
					"name": "bone2",
					"parent": "arm_l_4",
					"pivot": [-36.66194, 42.6047, 0.00232],
					"cubes": [
						{"origin": [-47.66194, 35.1047, -7.49768], "size": [6, 15, 15], "uv": [137, 61], "mirror": true},
						{"origin": [-42.66194, 37.1047, -5.49768], "size": [6, 11, 11], "inflate": 0.01, "uv": [89, 161], "mirror": true},
						{"origin": [-59.66194, 37.1047, -5.49768], "size": [14, 11, 11], "uv": [100, 139], "mirror": true}
					]
				},
				{
					"name": "bone5",
					"parent": "bone2",
					"pivot": [-52.66194, 42.6047, 0.00232],
					"cubes": [
						{"origin": [-66.66194, 34.1047, -8.49768], "size": [15, 17, 17], "uv": [72, 183], "mirror": true},
						{"origin": [-75.66194, 37.1047, -12.49768], "size": [19, 11, 25], "uv": [137, 183], "mirror": true}
					]
				},
				{
					"name": "left_arm",
					"parent": "top_torso",
					"pivot": [15.83806, 43.1047, 0.00232]
				},
				{
					"name": "arm_l_1",
					"parent": "left_arm",
					"pivot": [13.33806, 42.6047, 0.00232],
					"cubes": [
						{"origin": [12.33806, 34.1047, -8.49768], "size": [6, 17, 17], "uv": [54, 129]},
						{"origin": [17.31306, 31.1047, -11.49768], "size": [11, 23, 23], "uv": [0, 76]}
					]
				},
				{
					"name": "arm_l_2",
					"parent": "arm_l_1",
					"pivot": [25.08806, 42.6047, 0.00232],
					"cubes": [
						{"origin": [30.33806, 37.1047, -5.49768], "size": [7, 11, 11], "uv": [152, 91]},
						{"origin": [20.33806, 35.1047, -7.49768], "size": [12, 15, 15], "uv": [0, 122]}
					]
				},
				{
					"name": "bone",
					"parent": "arm_l_2",
					"pivot": [36.33806, 42.6047, 0.00232],
					"cubes": [
						{"origin": [41.33806, 35.1047, -7.49768], "size": [6, 15, 15], "uv": [137, 61]},
						{"origin": [36.33806, 37.1047, -5.49768], "size": [6, 11, 11], "inflate": 0.01, "uv": [89, 161]},
						{"origin": [45.33806, 37.1047, -5.49768], "size": [14, 11, 11], "uv": [100, 139]}
					]
				},
				{
					"name": "bone8",
					"parent": "bone",
					"pivot": [52.33806, 42.6047, 0],
					"cubes": [
						{"origin": [51.33806, 34.1047, -8.5], "size": [15, 17, 17], "uv": [72, 183]},
						{"origin": [56.33806, 37.1047, -12.5], "size": [19, 11, 25], "uv": [137, 183]}
					]
				},
				{
					"name": "tail_cone",
					"parent": "bot_torso",
					"pivot": [0, 18, 7.075],
					"rotation": [15, 0, 0],
					"cubes": [
						{"origin": [-0.5, 17, 6], "size": [1, 2, 7], "uv": [2, 179]}
					]
				},
				{
					"name": "bone7",
					"parent": "tail_cone",
					"pivot": [0, 19, 14],
					"rotation": [37.5, 0, 0],
					"cubes": [
						{"origin": [-0.509, 18.03205, 11.99912], "size": [1, 2, 6], "inflate": -0.01, "uv": [3, 188]}
					]
				},
				{
					"name": "bone9",
					"parent": "bone7",
					"pivot": [0, 18.975, 17.65],
					"rotation": [-45, 0, 0],
					"cubes": [
						{"origin": [-0.5, 17.975, 17.15], "size": [1, 2, 5], "inflate": -0.02, "uv": [11, 179]},
						{"origin": [-0.5, 19.425, 21.525], "size": [1, 0, 2], "uv": [9, 177]},
						{"origin": [-0.5, 18.6, 21.525], "size": [1, 0, 2], "uv": [9, 177]}
					]
				},
				{
					"name": "leg_left_top",
					"parent": "melmetal",
					"pivot": [9.475, 13.5, 0],
					"cubes": [
						{"origin": [3.975, 5, -5.5], "size": [11, 13, 11], "inflate": 0.01, "uv": [148, 0]}
					]
				},
				{
					"name": "leg_bot",
					"parent": "leg_left_top",
					"pivot": [9.475, 8, 0],
					"cubes": [
						{"origin": [2.975, 0, -6.5], "size": [13, 8, 13], "uv": [100, 55]}
					]
				},
				{
					"name": "bone4",
					"parent": "leg_bot",
					"pivot": [10.775, 5, -11.65685],
					"cubes": [
						{"origin": [9.775, 0.05, -10.65685], "size": [8, 3, 8], "pivot": [10.775, 5, -11.65685], "rotation": [0, -45, 0], "uv": [139, 139]}
					]
				},
				{
					"name": "leg_right_top",
					"parent": "melmetal",
					"pivot": [-9.475, 13.5, 0],
					"cubes": [
						{"origin": [-14.975, 5, -5.5], "size": [11, 13, 11], "inflate": 0.01, "uv": [148, 0], "mirror": true}
					]
				},
				{
					"name": "leg_bot2",
					"parent": "leg_right_top",
					"pivot": [-9.475, 7, 0],
					"cubes": [
						{"origin": [-15.975, 0, -6.5], "size": [13, 8, 13], "uv": [100, 55], "mirror": true}
					]
				},
				{
					"name": "bone6",
					"parent": "leg_bot2",
					"pivot": [-10.775, 5, -11.65685],
					"cubes": [
						{"origin": [-17.775, 0.05, -10.65685], "size": [8, 3, 8], "pivot": [-10.775, 5, -11.65685], "rotation": [0, 45, 0], "uv": [139, 139], "mirror": true}
					]
				}
			]
		}
	]
}