{
	"format_version": "1.8.0",
	"animations": {
		"animation.eelektross.ground_idle": {
			"loop": true,
			"bones": {
				"head": {
					"rotation": ["6.4793+math.cos((query.anim_time-0.3)*90*2)*2", "-0.5445+(-math.sin((query.anim_time-0.3)*90*2)*2)", -0.15911],
					"position": [
						"0+math.sin(q.anim_time*10*4)*2+(math.sin(q.anim_time*5*4)*2)*2-(math.sin(q.anim_time*10*4)*2):+(math.sin(q.anim_time*10*4)*4)",
						"23-math.sin(q.anim_time*20*4)*2-(math.sin(q.anim_time*20*4)*2)",
						"-7+math.sin(q.anim_time*5*1)*2+(math.sin(q.anim_time*4*1)*4)"
					]
				},
				"front2": {
					"rotation": ["23.4793+math.cos((query.anim_time-0.3)*90*2)*5", "-0.5445+(-math.sin((query.anim_time-0.3)*90*2)*5)", -0.15911],
					"position": [0, -0.4, 0]
				},
				"thing1": {
					"rotation": ["-31.5207+math.cos((query.anim_time-0.3)*90*2)*2", "-0.5445+(-math.sin((query.anim_time-0.3)*90*2)*2)", -0.15911]
				},
				"thing2": {
					"rotation": ["-11.5207+math.cos((query.anim_time-0.3)*90*2)*2", "-0.5445+(-math.sin((query.anim_time-0.3)*90*2)*2)", -0.15911],
					"position": [0, 0, -0.4]
				},
				"thing3": {
					"rotation": ["-8.5207+math.cos((query.anim_time-0.3)*90*2)*2", "-0.5445+(-math.sin((query.anim_time-0.3)*90*2)*2)", -0.15911]
				},
				"thing4": {
					"rotation": ["-3.5207+math.cos((query.anim_time-0.3)*90*2)*2", "-0.5445+(-math.sin((query.anim_time-0.3)*90*2)*2)", -0.15911],
					"position": [0, 0, -0.4]
				},
				"thing5": {
					"rotation": ["-2.5207+math.cos((query.anim_time-0.3)*90*2)*2", "-0.5445+(-math.sin((query.anim_time-0.3)*90*2)*2)", -0.15911]
				},
				"thing6": {
					"rotation": ["-11.5207+math.cos((query.anim_time-0.3)*90*2)*2", "-0.5445+(-math.sin((query.anim_time-0.3)*90*2)*2)", -0.15911]
				},
				"thing7": {
					"rotation": ["-14.5207+math.cos((query.anim_time-0.3)*90*2)*2", "-0.5445+(-math.sin((query.anim_time-0.3)*90*2)*2)", -0.15911]
				},
				"head2": {
					"rotation": ["-2.5207+math.cos((query.anim_time-0.3)*90*2)*2", "-0.5445+(-math.sin((query.anim_time-0.3)*90*2)*2)", -0.15911]
				},
				"head3": {
					"rotation": [-3, 0, 0]
				},
				"head4": {
					"rotation": [-2, 0, 0]
				},
				"torso": {
					"rotation": ["-1.5207+math.cos((query.anim_time-0.3)*90*2)*5", "-0.5445+(-math.sin((query.anim_time-0.3)*90*2)*5)", -0.15911]
				},
				"body": {
					"rotation": ["-7.5207+math.cos((query.anim_time-0.3)*90*2)*5", "-0.5445+(-math.sin((query.anim_time-0.3)*90*2)*5)", -0.15911]
				},
				"body2": {
					"rotation": ["7.4793+math.cos((query.anim_time-0.3)*90*2)*5", "-0.5445+(-math.sin((query.anim_time-0.3)*90*2)*5)", -0.15911]
				},
				"body3": {
					"rotation": ["10.9651+math.cos((query.anim_time-0.9)*90*2)*2", "-11.9807-math.sin((query.anim_time-0.9)*90*2)*3", 0.6869]
				},
				"body4": {
					"rotation": ["-11.0496+math.cos((query.anim_time-0.9)*90*2)*2", "10.4497-math.sin((query.anim_time-0.9)*90*2)*3", -4.43239]
				},
				"body5": {
					"rotation": ["3.9651+math.cos((query.anim_time-0.9)*90*2)*2", "-11.9807-math.sin((query.anim_time-0.9)*90*2)*3", 0.6869]
				},
				"body6": {
					"rotation": ["-3.0349+math.cos((query.anim_time-0.9)*90*2)*2", "-11.9807-math.sin((query.anim_time-0.9)*90*2)*3", 0.6869]
				},
				"lilhand_right": {
					"rotation": [55, -39, 0]
				},
				"lilhand_left": {
					"rotation": [15, 38, -42]
				},
				"tail": {
					"rotation": ["-4.0349+math.cos((query.anim_time-0.9)*90*2)*5", "-11.9807-math.sin((query.anim_time-0.9)*90*2)*5", 0.6869],
					"position": [0, 0, -0.8]
				},
				"tail2": {
					"rotation": ["10.9464+math.cos((query.anim_time-0.9)*90*2)*5", "7.9046-math.sin((query.anim_time-0.9)*90*2)*5", 2.83631],
					"position": [0, 0, -0.9]
				},
				"tail3": {
					"rotation": ["10.8902+math.cos((query.anim_time-0.9)*90*2)*5", "3.9277-math.sin((query.anim_time-0.9)*90*2)*5", 2.40331],
					"position": [0, 0.3, -0.7]
				},
				"tail4": {
					"rotation": ["4.4793+math.cos((query.anim_time-0.3)*90*2)*5", "-0.5445+(-math.sin((query.anim_time-0.3)*90*2)*5)", -0.15911]
				},
				"right_arm": {
					"rotation": ["92.9532+math.cos((query.anim_time-0.9)*90*2)*15", "-12.66+math.cos((query.anim_time-0.9)*90*2)*15", 7.87077]
				},
				"right_arm2": {
					"rotation": ["7.8373-math.cos((query.anim_time-0.3)*90*2)*5", "-6.1866-(-math.sin((query.anim_time-0.3)*90*2)*5)", 29.31963],
					"position": [-1, 0.1, 0]
				},
				"right_arm3": {
					"rotation": ["8.0386-math.cos((query.anim_time-0.3)*90*2)*5", "8.4913-(-math.sin((query.anim_time-0.3)*90*2)*5)", 15.83844],
					"position": [0, 0.3, 0]
				},
				"right_arm4": {
					"rotation": ["-7.5207-math.cos((query.anim_time-0.3)*90*2)*5", "-0.5445-(-math.sin((query.anim_time-0.3)*90*2)*5)", -0.15911]
				},
				"finger2": {
					"rotation": [1.74941, 0.96947, -28.9852]
				},
				"finger1": {
					"rotation": [0, 0, -34]
				},
				"left_arm": {
					"rotation": ["76.6532-math.cos((query.anim_time-0.9)*90*2)*15", "13.0052-math.cos((query.anim_time-0.9)*90*2)*15", -7.04899]
				},
				"left_arm2": {
					"rotation": ["3.0362-math.cos((query.anim_time-0.3)*90*2)*5", "10.8061-(-math.sin((query.anim_time-0.3)*90*2)*5)", -32.3539],
					"position": [0.9, 0.3, 0]
				},
				"left_arm3": {
					"rotation": ["5.6806-math.cos((query.anim_time-0.3)*90*2)*5", "10.2286-(-math.sin((query.anim_time-0.3)*90*2)*5)", -9.21155],
					"position": [0, 0.5, 0]
				},
				"left_arm4": {
					"rotation": ["5.4624-math.cos((query.anim_time-0.3)*90*2)*5", "10.3205-(-math.sin((query.anim_time-0.3)*90*2)*5)", -11.2213]
				},
				"left_arm5": {
					"rotation": ["6.1065-math.cos((query.anim_time-0.3)*90*2)*5", "10.0223-(-math.sin((query.anim_time-0.3)*90*2)*5)", -5.19425],
					"position": [0.4, 0, 0]
				},
				"finger4": {
					"rotation": [0, 0, 34]
				},
				"finger5": {
					"rotation": [0, 0, 30]
				},
				"finger7": {
					"rotation": [0, 0, 45]
				},
				"front": {
					"position": [0, -0.2, 0]
				},
				"right_arm5": {
					"rotation": ["-9.7186-math.cos((query.anim_time-0.3)*90*2)*5", "0.8346-(-math.sin((query.anim_time-0.3)*90*2)*5)", 10.78369],
					"position": [-0.6, -0.2, 0]
				}
			}
		},
		"animation.eelektross.ground_walk": {
			"loop": true,
			"bones": {
				"head": {
					"rotation": ["6.4793+math.cos((query.anim_time-0.3)*90*2)*2", "-0.5445+(-math.sin((query.anim_time-0.3)*90*2)*2)", -0.15911],
					"position": [
						"0+math.sin(q.anim_time*10*4)*2+(math.sin(q.anim_time*5*4)*2)*2-(math.sin(q.anim_time*10*4)*2):+(math.sin(q.anim_time*10*4)*4)",
						"23-math.sin(q.anim_time*20*4)*2-(math.sin(q.anim_time*20*4)*2)",
						"-7+math.sin(q.anim_time*5*1)*2+(math.sin(q.anim_time*4*1)*4)"
					]
				},
				"front2": {
					"rotation": ["23.4793+math.cos((query.anim_time-0.3)*90*2)*5", "-0.5445+(-math.sin((query.anim_time-0.3)*90*2)*5)", -0.15911],
					"position": [0, -0.4, 0]
				},
				"thing1": {
					"rotation": ["-31.5207+math.cos((query.anim_time-0.3)*90*2)*2", "-0.5445+(-math.sin((query.anim_time-0.3)*90*2)*2)", -0.15911]
				},
				"thing2": {
					"rotation": ["-11.5207+math.cos((query.anim_time-0.3)*90*2)*2", "-0.5445+(-math.sin((query.anim_time-0.3)*90*2)*2)", -0.15911],
					"position": [0, 0, -0.4]
				},
				"thing3": {
					"rotation": ["-8.5207+math.cos((query.anim_time-0.3)*90*2)*2", "-0.5445+(-math.sin((query.anim_time-0.3)*90*2)*2)", -0.15911]
				},
				"thing4": {
					"rotation": ["-3.5207+math.cos((query.anim_time-0.3)*90*2)*2", "-0.5445+(-math.sin((query.anim_time-0.3)*90*2)*2)", -0.15911],
					"position": [0, 0, -0.4]
				},
				"thing5": {
					"rotation": ["-2.5207+math.cos((query.anim_time-0.3)*90*2)*2", "-0.5445+(-math.sin((query.anim_time-0.3)*90*2)*2)", -0.15911]
				},
				"thing6": {
					"rotation": ["-11.5207+math.cos((query.anim_time-0.3)*90*2)*2", "-0.5445+(-math.sin((query.anim_time-0.3)*90*2)*2)", -0.15911]
				},
				"thing7": {
					"rotation": ["-14.5207+math.cos((query.anim_time-0.3)*90*2)*2", "-0.5445+(-math.sin((query.anim_time-0.3)*90*2)*2)", -0.15911]
				},
				"head2": {
					"rotation": ["-2.5207+math.cos((query.anim_time-0.3)*90*2)*2", "-0.5445+(-math.sin((query.anim_time-0.3)*90*2)*2)", -0.15911]
				},
				"head3": {
					"rotation": [-3, 0, 0]
				},
				"head4": {
					"rotation": [-2, 0, 0]
				},
				"torso": {
					"rotation": ["-1.5207+math.cos((query.anim_time-0.3)*90*2)*5", "-0.5445+(-math.sin((query.anim_time-0.3)*90*2)*5)", -0.15911]
				},
				"body": {
					"rotation": ["-7.5207+math.cos((query.anim_time-0.3)*90*2)*5", "-0.5445+(-math.sin((query.anim_time-0.3)*90*2)*5)", -0.15911]
				},
				"body2": {
					"rotation": ["7.4793+math.cos((query.anim_time-0.3)*90*2)*5", "-0.5445+(-math.sin((query.anim_time-0.3)*90*2)*5)", -0.15911]
				},
				"body3": {
					"rotation": ["10.9651+math.cos((query.anim_time-0.9)*90*2)*15", "-11.9807-math.sin((query.anim_time-0.9)*90*2)*10", 0.6869]
				},
				"body4": {
					"rotation": ["-5.5207+math.cos((query.anim_time-0.3)*90*2)*5", "-0.5445+(-math.sin((query.anim_time-0.3)*90*2)*5)", -0.15911]
				},
				"body5": {
					"rotation": ["1.4793+math.cos((query.anim_time-0.3)*90*2)*5", "-0.5445+(-math.sin((query.anim_time-0.3)*90*2)*5)", -0.15911]
				},
				"body6": {
					"rotation": ["6+math.cos((query.anim_time-0.9)*90*2)*15", "0-math.sin((query.anim_time-0.9)*90*2)*10", 0]
				},
				"lilhand_right": {
					"rotation": [55, -39, 0]
				},
				"lilhand_left": {
					"rotation": [15, 38, -42]
				},
				"tail": {
					"rotation": ["-4.5207+math.cos((query.anim_time-0.3)*90*2)*5", "-0.5445+(-math.sin((query.anim_time-0.3)*90*2)*5)", -0.15911],
					"position": [0, 0, -0.8]
				},
				"tail2": {
					"rotation": ["-10.5207+math.cos((query.anim_time-0.3)*90*2)*5", "-0.5445+(-math.sin((query.anim_time-0.3)*90*2)*5)", -0.15911],
					"position": [0, 0, -0.9]
				},
				"tail3": {
					"rotation": ["-9.5207+math.cos((query.anim_time-0.3)*90*2)*5", "-0.5445+(-math.sin((query.anim_time-0.3)*90*2)*5)", -0.15911],
					"position": [0, 0.3, -0.7]
				},
				"tail4": {
					"rotation": ["4.4793+math.cos((query.anim_time-0.3)*90*2)*5", "-0.5445+(-math.sin((query.anim_time-0.3)*90*2)*5)", -0.15911]
				},
				"right_arm": {
					"rotation": ["92.9532+math.cos((query.anim_time-0.9)*90*2)*15", "-12.66+math.cos((query.anim_time-0.9)*90*2)*15", 7.87077]
				},
				"right_arm2": {
					"rotation": ["7.8373-math.cos((query.anim_time-0.3)*90*2)*5", "-6.1866-(-math.sin((query.anim_time-0.3)*90*2)*5)", 29.31963],
					"position": [-1, 0.1, 0]
				},
				"right_arm3": {
					"rotation": ["8.0386-math.cos((query.anim_time-0.3)*90*2)*5", "8.4913-(-math.sin((query.anim_time-0.3)*90*2)*5)", 15.83844],
					"position": [0, 0.3, 0]
				},
				"right_arm4": {
					"rotation": ["-7.5207-math.cos((query.anim_time-0.3)*90*2)*5", "-0.5445-(-math.sin((query.anim_time-0.3)*90*2)*5)", -0.15911]
				},
				"finger2": {
					"rotation": [1.74941, 0.96947, -28.9852]
				},
				"finger1": {
					"rotation": [0, 0, -34]
				},
				"left_arm": {
					"rotation": ["76.6532-math.cos((query.anim_time-0.9)*90*2)*15", "13.0052-math.cos((query.anim_time-0.9)*90*2)*15", -7.04899]
				},
				"left_arm2": {
					"rotation": ["3.0362-math.cos((query.anim_time-0.3)*90*2)*5", "10.8061-(-math.sin((query.anim_time-0.3)*90*2)*5)", -32.3539],
					"position": [0.9, 0.3, 0]
				},
				"left_arm3": {
					"rotation": ["5.6806-math.cos((query.anim_time-0.3)*90*2)*5", "10.2286-(-math.sin((query.anim_time-0.3)*90*2)*5)", -9.21155],
					"position": [0, 0.5, 0]
				},
				"left_arm4": {
					"rotation": ["5.4624-math.cos((query.anim_time-0.3)*90*2)*5", "10.3205-(-math.sin((query.anim_time-0.3)*90*2)*5)", -11.2213]
				},
				"left_arm5": {
					"rotation": ["6.1065-math.cos((query.anim_time-0.3)*90*2)*5", "10.0223-(-math.sin((query.anim_time-0.3)*90*2)*5)", -5.19425],
					"position": [0.4, 0, 0]
				},
				"finger4": {
					"rotation": [0, 0, 34]
				},
				"finger5": {
					"rotation": [0, 0, 30]
				},
				"finger7": {
					"rotation": [0, 0, 45]
				},
				"front": {
					"position": [0, -0.2, 0]
				},
				"right_arm5": {
					"rotation": ["-9.7186-math.cos((query.anim_time-0.3)*90*2)*5", "0.8346-(-math.sin((query.anim_time-0.3)*90*2)*5)", 10.78369],
					"position": [-0.6, -0.2, 0]
				}
			}
		},
		"animation.eelektross.battle_idle": {
			"loop": true,
			"bones": {
				"head": {
					"rotation": [68, 0, 0],
					"position": [
						0,
						"24.5+math.clamp(math.sin(query.anim_time*90*4*1+200)*0.75,-0.0,0.75)+math.clamp(math.sin(query.anim_time*90*4*1+200)*2,-5,2)",
						"0+math.sin(q.anim_time*90*4-75)*0.7"
					]
				},
				"front2": {
					"rotation": ["12.4793+math.cos((query.anim_time-0.3)*90*2)*5", "-0.5445+(-math.sin((query.anim_time-0.3)*90*2)*5)", -0.15911],
					"position": [0, -0.4, 0]
				},
				"thing1": {
					"rotation": ["-40.5207-math.cos((query.anim_time-0.3)*90*2)*5", "-0.5445-(-math.sin((query.anim_time-0.3)*90*2)*5)", -0.15911]
				},
				"thing2": {
					"rotation": ["-22.4908+math.cos((query.anim_time-0.3)*90*2)*5", "-2.429+(-math.sin((query.anim_time-0.3)*90*2)*5)", 0.51133],
					"position": [0, 0, -0.4]
				},
				"thing3": {
					"rotation": ["-13.5312+math.cos((query.anim_time-0.3)*90*2)*5", "-6.4459+(-math.sin((query.anim_time-0.3)*90*2)*5)", -1.24314]
				},
				"thing4": {
					"rotation": ["-0.0207+math.cos((query.anim_time-0.3)*90*2)*5", "-0.5445+(-math.sin((query.anim_time-0.3)*90*2)*5)", -0.15911],
					"position": [0, 0, -1]
				},
				"thing5": {
					"rotation": ["17.4793+math.cos((query.anim_time-0.3)*90*2)*5", "-0.5445+(-math.sin((query.anim_time-0.3)*90*2)*5)", -0.15911],
					"position": [0, 0, -0.9]
				},
				"thing6": {
					"rotation": ["15.4793+math.cos((query.anim_time-0.3)*90*2)*5", "-0.5445+(-math.sin((query.anim_time-0.3)*90*2)*5)", -0.15911],
					"position": [0, 0, -0.6]
				},
				"thing7": {
					"rotation": ["19.4793+math.cos((query.anim_time-0.3)*90*2)*5", "-0.5445+(-math.sin((query.anim_time-0.3)*90*2)*5)", -0.15911]
				},
				"head2": {
					"rotation": [-82.90433, -2.43553, 2.84897],
					"position": [0, -1.6, -3]
				},
				"head3": {
					"rotation": ["0.4793+math.cos((query.anim_time-0.3)*90*2)*5", "-0.5445+(-math.sin((query.anim_time-0.3)*90*2)*5)", -0.15911]
				},
				"head4": {
					"rotation": [-13, 0, 0]
				},
				"torso": {
					"rotation": [-20, 0, 0],
					"position": [0, -0.1, 0]
				},
				"body": {
					"rotation": [-19, 0, 0]
				},
				"body2": {
					"rotation": ["-11.5207+math.cos((query.anim_time-0.3)*90*2)*2", "-0.5445+(-math.sin((query.anim_time-0.3)*90*2)*2)", -0.15911],
					"scale": [1.02, 1, 1]
				},
				"body3": {
					"rotation": [15, 0, 0]
				},
				"body4": {
					"rotation": ["33.4793+math.cos((query.anim_time-0.3)*90*2)*5", "-0.5445+(-math.sin((query.anim_time-0.3)*90*2)*5)", -0.15911],
					"position": [0, -0.2, 0]
				},
				"body5": {
					"rotation": [29, 0, 0],
					"position": [0, -0.2, 0],
					"scale": [0.97, 1, 1]
				},
				"body6": {
					"rotation": [21.5, 0, 0],
					"scale": [1.1, 1, 1]
				},
				"lilhand_right": {
					"rotation": [
						"math.clamp(math.sin(query.anim_time*90*4*1+0)*22.5,-22,0)+math.clamp(math.sin(query.anim_time*90*4*1+0)*22.5,0,22)",
						0,
						"23+math.clamp(math.sin(query.anim_time*90*4*1+10)*17.5,-17,0)"
					]
				},
				"lilhand_left": {
					"rotation": [
						"-10.4434+math.clamp(math.sin(query.anim_time*90*4*1+0)*22.5,-22,0)+math.clamp(math.sin(query.anim_time*90*4*1+0)*22.5,0,22)",
						-12.18975,
						"-14.8818+math.clamp(math.sin(query.anim_time*90*4*1+10)*17.5,-17,0)"
					]
				},
				"tail": {
					"rotation": ["7.4793+math.cos((query.anim_time-0.3)*90*2)*5", "-0.5445+(-math.sin((query.anim_time-0.3)*90*2)*5)", -0.15911],
					"position": [0, 0, -0.8]
				},
				"tail2": {
					"rotation": ["7.4793+math.cos((query.anim_time-0.3)*90*2)*5", "-0.5445+(-math.sin((query.anim_time-0.3)*90*2)*5)", -0.15911],
					"position": [0, 0, -1.9]
				},
				"tail3": {
					"rotation": ["14.4793+math.cos((query.anim_time-0.3)*90*2)*5", "-0.5445+(-math.sin((query.anim_time-0.3)*90*2)*5)", -0.15911],
					"position": [0, 0.3, -0.7]
				},
				"tail4": {
					"rotation": ["7.4793+math.cos((query.anim_time-0.3)*90*2)*5", "-0.5445+(-math.sin((query.anim_time-0.3)*90*2)*5)", -0.15911],
					"position": [0, 0.1, 0]
				},
				"right_arm": {
					"rotation": [25.1259, "-15.3897-math.cos((query.anim_time-0.9)*50*2)*15", "39.8307-math.cos((query.anim_time-0.9)*40*2)*15"]
				},
				"right_arm2": {
					"rotation": [0, 0, 32.5],
					"position": [-1, 0.1, 0]
				},
				"right_arm3": {
					"rotation": [-3.08568, "7.2715-math.cos((query.anim_time-0.9)*50*2)*15", "1.5884-math.cos((query.anim_time-0.9)*40*2)*15"],
					"position": [0.2, -0.3, 0]
				},
				"right_arm4": {
					"rotation": [0, 0, -2]
				},
				"finger2": {
					"rotation": [1.74941, 0.96947, -28.9852]
				},
				"finger1": {
					"rotation": [0, 0, -34]
				},
				"left_arm": {
					"rotation": [25.92998, "13.9213-math.cos((query.anim_time-0.9)*50*2)*15", "-16-math.cos((query.anim_time-0.9)*40*2)*15"]
				},
				"left_arm2": {
					"rotation": [0, 0, "-40-(-math.sin((query.anim_time-0.3)*90*2)*5)"],
					"position": [0.9, 0.3, 0]
				},
				"left_arm3": {
					"rotation": [-7.29519, "5.6043+math.cos((query.anim_time-0.9)*50*2)*15", "0.215+math.cos((query.anim_time-0.9)*40*2)*15"],
					"position": [0, -0.2, 0]
				},
				"left_arm4": {
					"rotation": [0, 0, 16]
				},
				"left_arm5": {
					"rotation": [0, 0, "-16-(-math.sin((query.anim_time-0.3)*90*2)*5)"],
					"position": [1.5, 0, 0]
				},
				"finger4": {
					"rotation": [0, 0, 34]
				},
				"finger5": {
					"rotation": [0, 0, 30]
				},
				"finger7": {
					"rotation": [0, 0, 45]
				},
				"front": {
					"rotation": [-67, 0, 0],
					"position": [0, -1.7, -0.5]
				},
				"right_arm5": {
					"rotation": [0, 0, "13-(-math.sin((query.anim_time-0.3)*90*2)*5)"],
					"position": [-0.5, 0, 0]
				}
			}
		}
	}
}