{
	"format_version": "1.12.0",
	"minecraft:geometry": [
		{
			"description": {
				"identifier": "geometry.unknown",
				"texture_width": 512,
				"texture_height": 512,
				"visible_bounds_width": 14,
				"visible_bounds_height": 9,
				"visible_bounds_offset": [0, 3.5, 0]
			},
			"bones": [
				{
					"name": "kyurem",
					"pivot": [1, 0, 11.75]
				},
				{
					"name": "body",
					"parent": "kyurem",
					"pivot": [-8.5, 39, 11]
				},
				{
					"name": "bodymain",
					"parent": "body",
					"pivot": [-8.5, 32.75, 13]
				},
				{
					"name": "lowerbody",
					"parent": "bodymain",
					"pivot": [-8.5, 32.75, 13],
					"rotation": [-7.5, 0, 0],
					"cubes": [
						{"origin": [-10.5, 22.90837, 26.70289], "size": [21, 26, 21], "pivot": [11.58772, 49.31972, 15.75773], "rotation": [-82.5, 0, 0], "uv": [0, 46]},
						{"origin": [-10.5, 48.90837, 29.70289], "size": [21, 9, 15], "pivot": [11.58772, 49.31972, 15.75773], "rotation": [-82.5, 0, 0], "uv": [0, 93]}
					]
				},
				{
					"name": "waist_flash",
					"parent": "lowerbody",
					"pivot": [11.58772, 49.31972, 15.75773],
					"cubes": [
						{"origin": [-10.5, 48.90837, 29.70289], "size": [21, 9, 15], "inflate": 0.05, "pivot": [11.58772, 49.31972, 15.75773], "rotation": [-82.5, 0, 0], "uv": [176, 488]},
						{"origin": [-10.5, 22.90837, 26.70289], "size": [21, 26, 21], "inflate": 0.05, "pivot": [11.58772, 49.31972, 15.75773], "rotation": [-82.5, 0, 0], "uv": [176, 441]}
					]
				},
				{
					"name": "tail",
					"parent": "lowerbody",
					"pivot": [-1.12893, 28.64975, 26.70529],
					"rotation": [-90, 85, -90],
					"cubes": [
						{"origin": [-26.3418, 19.91433, 20.20529], "size": [11, 12, 15], "pivot": [4.99737, -7.75478, 34.91801], "rotation": [0, 0, 12.5], "uv": [104, 170]},
						{"origin": [-19.0918, 20.16433, 21.70529], "size": [10, 10, 12], "pivot": [8.24737, -8.50478, 35.41801], "rotation": [0, 0, 12.5], "uv": [208, 191]}
					]
				},
				{
					"name": "tail_flash",
					"parent": "tail",
					"pivot": [8.24737, -8.50478, 35.41801],
					"cubes": [
						{"origin": [-26.3418, 19.91433, 20.20529], "size": [11, 12, 15], "inflate": 0.03, "pivot": [4.99737, -7.75478, 34.91801], "rotation": [0, 0, 12.5], "uv": [364, 224]},
						{"origin": [-19.0918, 20.16433, 21.70529], "size": [10, 10, 12], "inflate": 0.03, "pivot": [8.24737, -8.50478, 35.41801], "rotation": [0, 0, 12.5], "uv": [468, 245]}
					]
				},
				{
					"name": "tail2",
					"parent": "tail",
					"pivot": [-10.0918, 27.91433, 25.20529],
					"rotation": [0, 0, 10]
				},
				{
					"name": "bumble",
					"parent": "tail2",
					"pivot": [-18.0918, 29.91433, 25.20529],
					"rotation": [0, 0, 2.5],
					"cubes": [
						{"origin": [-30.0918, 15.91433, 37.20529], "size": [12, 29, 5], "inflate": 0.05, "uv": [0, 208]},
						{"origin": [-30.0918, 15.91433, 13.20529], "size": [12, 29, 5], "uv": [206, 72]},
						{"origin": [-30.0918, 39.91433, 18.20529], "size": [12, 5, 19], "inflate": 0.05, "uv": [116, 122]},
						{"origin": [-41.0918, 18.91433, 16.20529], "size": [22, 23, 23], "uv": [0, 0]},
						{"origin": [-30.0918, 15.91433, 18.20529], "size": [12, 5, 19], "uv": [116, 146]},
						{"origin": [-39.0918, 71.30466, -42.45158], "size": [26, 17, 0], "pivot": [-21.5918, 21.66433, -20.56229], "rotation": [-110, 0, 0], "uv": [156, 196]},
						{"origin": [-39.0918, 11.16433, 12.63073], "size": [26, 17, 0], "pivot": [-21.5918, 21.66433, 12.63073], "rotation": [110, 0, 0], "uv": [156, 196]},
						{"origin": [-39.0918, 35.91433, 27.70529], "size": [26, 17, 0], "uv": [156, 196]}
					]
				},
				{
					"name": "bumble_on4",
					"parent": "bumble",
					"pivot": [20.24737, -3.75478, 33.91801],
					"cubes": [
						{"origin": [-30.0918, 15.91433, 13.20529], "size": [12, 29, 5], "inflate": 0.05, "uv": [478, 37]},
						{"origin": [-30.0918, 39.91433, 18.20529], "size": [12, 5, 19], "inflate": 0.05, "uv": [388, 87]},
						{"origin": [-30.0918, 15.91433, 37.20529], "size": [12, 29, 5], "inflate": 0.05, "uv": [331, 190]},
						{"origin": [-30.0918, 15.91433, 18.20529], "size": [12, 5, 19], "inflate": 0.05, "uv": [388, 111]}
					]
				},
				{
					"name": "bumble_flash4",
					"parent": "bumble_on4",
					"pivot": [20.24737, -3.75478, 33.91801],
					"cubes": [
						{"origin": [-30.0918, 15.91433, 13.20529], "size": [12, 29, 5], "inflate": 0.1, "uv": [478, 112]},
						{"origin": [-30.0918, 39.91433, 18.20529], "size": [12, 5, 19], "inflate": 0.1, "uv": [388, 162]},
						{"origin": [-30.0918, 15.91433, 37.20529], "size": [12, 29, 5], "inflate": 0.1, "uv": [331, 265]},
						{"origin": [-30.0918, 15.91433, 18.20529], "size": [12, 5, 19], "inflate": 0.1, "uv": [388, 186]}
					]
				},
				{
					"name": "bumble_on",
					"parent": "bumble",
					"pivot": [20.24737, -3.75478, 33.91801],
					"cubes": [
						{"origin": [-41.0918, 18.91433, 16.20529], "size": [22, 23, 23], "inflate": 0.1, "uv": [1, 286]},
						{"origin": [-41.0918, 18.91433, 16.20529], "size": [22, 23, 23], "inflate": 0.15, "uv": [124, 292]}
					]
				},
				{
					"name": "bumble_flash",
					"parent": "bumble",
					"pivot": [20.24737, -3.75478, 33.91801],
					"cubes": [
						{"origin": [-41.0918, 18.91433, 16.20529], "size": [22, 23, 23], "inflate": 0.2, "uv": [374, 466]}
					]
				},
				{
					"name": "bumble2",
					"parent": "bumble",
					"pivot": [-40.92513, 30.61552, 27.69286],
					"rotation": [0, 0, 7.5],
					"cubes": [
						{"origin": [-51.0918, 21.91433, 19.20529], "size": [11, 17, 17], "uv": [60, 122]}
					]
				},
				{
					"name": "bumble_on2",
					"parent": "bumble2",
					"pivot": [-46.0918, 30.41433, 27.70529],
					"cubes": [
						{"origin": [-51.0918, 21.91433, 19.20529], "size": [11, 17, 17], "inflate": 0.1, "uv": [0, 357]},
						{"origin": [-51.0918, 21.91433, 19.20529], "size": [11, 17, 17], "inflate": 0.15, "uv": [0, 400]}
					]
				},
				{
					"name": "bumble_flash2",
					"parent": "bumble2",
					"pivot": [-46.0918, 30.41433, 27.70529],
					"cubes": [
						{"origin": [-51.0918, 21.91433, 19.20529], "size": [11, 17, 17], "inflate": 0.2, "uv": [402, 417]}
					]
				},
				{
					"name": "bumble3",
					"parent": "bumble2",
					"pivot": [-51.55663, 31.79072, 27.69038],
					"rotation": [0, 0, -5],
					"cubes": [
						{"origin": [-63.0918, 23.91433, 21.20529], "size": [12, 13, 13], "uv": [156, 170]},
						{"origin": [-74.0918, 25.91433, 24.20529], "size": [15, 8, 7], "pivot": [-65.0918, 30.41433, 27.70529], "rotation": [0, 0, -17.5], "uv": [162, 72]},
						{"origin": [-61.0918, 35.41433, 20.20529], "size": [10, 6, 0], "pivot": [-56.0918, 37.91433, 20.20529], "rotation": [45, 0, 0], "uv": [230, 161]},
						{"origin": [-61.0918, 19.41433, 27.20529], "size": [10, 6, 0], "pivot": [-56.0918, 21.91433, 27.20529], "rotation": [180, 0, 0], "uv": [230, 161]},
						{"origin": [-61.0918, 35.41433, 34.86315], "size": [10, 6, 0], "pivot": [-56.0918, 37.91433, 34.86315], "rotation": [-45, 0, 0], "uv": [230, 161]}
					]
				},
				{
					"name": "bumble_on3",
					"parent": "bumble3",
					"pivot": [-65.0918, 30.41433, 27.70529],
					"cubes": [
						{"origin": [-74.0918, 25.91433, 24.20529], "size": [15, 8, 7], "inflate": 0.1, "pivot": [-65.0918, 30.41433, 27.70529], "rotation": [0, 0, -17.5], "uv": [149, 372]},
						{"origin": [-63.0918, 23.91433, 21.20529], "size": [12, 13, 13], "inflate": 0.1, "uv": [382, 316]},
						{"origin": [-74.0918, 25.91433, 24.20529], "size": [15, 8, 7], "inflate": 0.15, "pivot": [-65.0918, 30.41433, 27.70529], "rotation": [0, 0, -17.5], "uv": [150, 401]}
					]
				},
				{
					"name": "bumble_flash3",
					"parent": "bumble3",
					"pivot": [-65.0918, 30.41433, 27.70529],
					"cubes": [
						{"origin": [-74.0918, 25.91433, 24.20529], "size": [15, 8, 7], "inflate": 0.2, "pivot": [-65.0918, 30.41433, 27.70529], "rotation": [0, 0, -17.5], "uv": [425, 371]},
						{"origin": [-63.0918, 23.91433, 21.20529], "size": [12, 13, 13], "inflate": 0.2, "uv": [459, 316]}
					]
				},
				{
					"name": "torso",
					"parent": "bodymain",
					"pivot": [-0.64099, 31.92362, -2.10782],
					"rotation": [-10, 0, 0],
					"cubes": [
						{"origin": [-9.5, 19.02573, -0.56359], "size": [19, 22, 20], "pivot": [11.58772, 44.56972, 4.50773], "rotation": [-50.5, 0, 0], "uv": [84, 46]}
					]
				},
				{
					"name": "uppertorso",
					"parent": "torso",
					"pivot": [0, 40.0517, -8.8879],
					"cubes": [
						{"origin": [-8, 32.89786, 10.49266], "size": [16, 19, 14], "inflate": 0.01, "pivot": [11.58772, 58.19316, 2.67567], "rotation": [-80, 0, 0], "uv": [0, 117]}
					]
				},
				{
					"name": "chest",
					"parent": "uppertorso",
					"pivot": [0, 47.06786, -10.18236],
					"cubes": [
						{"origin": [-10.5, 42.64786, 9.74266], "size": [21, 21, 13], "pivot": [10.58772, 69.94316, -0.07433], "rotation": [-77.5, 0, 0], "uv": [84, 88]}
					]
				},
				{
					"name": "neck",
					"parent": "chest",
					"pivot": [0, 56.20137, -12.05044],
					"rotation": [50, 0, 0],
					"cubes": [
						{"origin": [-5.5, 47.58824, 6.32198], "size": [11, 14, 15], "pivot": [11.08772, 72.88354, 3.505], "rotation": [-80, 0, 0], "uv": [0, 150]}
					]
				},
				{
					"name": "neck2",
					"parent": "neck",
					"pivot": [0, 65.41492, -13.31688],
					"rotation": [-5, 0, 0],
					"cubes": [
						{"origin": [-5, 58.1983, -26.50078], "size": [10, 12, 16], "pivot": [0, 64.78488, -12.2324], "rotation": [-57.5, 0, 0], "uv": [52, 156]}
					]
				},
				{
					"name": "neck3",
					"parent": "neck2",
					"pivot": [0, 75.76966, -18.61028],
					"rotation": [-15, 0, 0],
					"cubes": [
						{"origin": [-4.5, 72.37042, -29.99266], "size": [9, 11, 13], "pivot": [0, 78.37042, -26.19266], "rotation": [-22.5, 0, 0], "uv": [206, 167]}
					]
				},
				{
					"name": "head",
					"parent": "neck3",
					"pivot": [-0.68644, 81.12311, -29.35945],
					"rotation": [-27.5, 0, 0],
					"cubes": [
						{"origin": [-4, 75.05611, -32.49716], "size": [8, 9, 5], "inflate": 0.01, "pivot": [-9, 79.05611, -24.74716], "rotation": [7.5, 0, 0], "uv": [248, 24]},
						{"origin": [-4, 75.05611, -32.49716], "size": [8, 4, 2], "inflate": 0.01, "pivot": [-9, 79.05611, -23.74716], "rotation": [7.5, 0, 0], "uv": [152, 115]}
					]
				},
				{
					"name": "jaw",
					"parent": "head",
					"pivot": [-0.17338, 76.60846, -30.91122],
					"cubes": [
						{"origin": [-2, 73.71919, -37.69744], "size": [4, 4, 7], "pivot": [0, 75.30611, -33.99716], "rotation": [5, 0, 0], "uv": [104, 257]},
						{"origin": [1.67338, 75.60846, -37.41122], "size": [1, 2, 5], "inflate": 0.01, "pivot": [2.17338, 76.60846, -34.91122], "rotation": [8.44236, 27.24513, 3.88714], "uv": [280, 83]},
						{"origin": [0, 73.60627, -42.44592], "size": [0, 4, 9], "pivot": [0, 75.30611, -33.99716], "rotation": [42.5, 0, 0], "uv": [260, 212]},
						{"origin": [-2.67338, 75.60846, -37.41122], "size": [1, 2, 5], "inflate": 0.01, "pivot": [-2.17338, 76.60846, -34.91122], "rotation": [8.44236, -27.24513, -3.88714], "uv": [280, 90]}
					]
				},
				{
					"name": "teeth",
					"parent": "jaw",
					"pivot": [-2.42338, 75.35846, -35.91122]
				},
				{
					"name": "teeth_left",
					"parent": "teeth",
					"pivot": [-2.42338, 75.35846, -35.91122],
					"cubes": [
						{"origin": [-2.17338, 76.55611, -37.52716], "size": [0, 1, 1], "pivot": [-2.42338, 75.60846, -35.91122], "rotation": [-36.55764, -27.24513, -3.88714], "uv": [60, 120]},
						{"origin": [-2.157, 78.10611, -36.02716], "size": [0, 1, 1], "pivot": [-2.42338, 75.35846, -35.91122], "rotation": [-36.55764, -27.24513, -3.88714], "uv": [64, 120]},
						{"origin": [-2.157, 77.32611, -36.82716], "size": [0, 1, 1], "pivot": [-2.42338, 75.35846, -35.91122], "rotation": [-36.55764, -27.24513, -3.88714], "uv": [62, 120]}
					]
				},
				{
					"name": "teeth_right",
					"parent": "teeth",
					"pivot": [2.42338, 75.35846, -35.91122],
					"cubes": [
						{"origin": [2.17338, 76.55611, -37.52716], "size": [0, 1, 1], "pivot": [2.42338, 75.60846, -35.91122], "rotation": [-36.55764, 27.24513, 3.88714], "uv": [66, 120]},
						{"origin": [2.157, 78.10611, -36.02716], "size": [0, 1, 1], "pivot": [2.42338, 75.35846, -35.91122], "rotation": [-36.55764, 27.24513, 3.88714], "uv": [68, 120]},
						{"origin": [2.157, 77.32611, -36.82716], "size": [0, 1, 1], "pivot": [2.42338, 75.35846, -35.91122], "rotation": [-36.55764, 27.24513, 3.88714], "uv": [160, 42]}
					]
				},
				{
					"name": "headice",
					"parent": "jaw",
					"pivot": [-3.25, 75.05611, -36.49716]
				},
				{
					"name": "ice_left",
					"parent": "headice",
					"pivot": [-3.75, 74.30611, -36.49716],
					"cubes": [
						{"origin": [-5.75, 78.05611, -32.09716], "size": [6, 6, 7], "pivot": [-2.75, 81.05611, -24.49716], "rotation": [32.5957, 44.24629, -17.66808], "uv": [250, 174]},
						{"origin": [-6.63458, 73.74422, -33.43249], "size": [4, 5, 7], "pivot": [-4.63458, 76.24422, -29.93249], "rotation": [22.56476, -12.56716, -46.61047], "uv": [252, 200]},
						{"origin": [-4.67, 73.70709, -36.09716], "size": [3, 3, 5], "pivot": [-4.75, 75.05611, -31.49716], "rotation": [21.73603, -14.97877, -47.25887], "uv": [264, 86]}
					]
				},
				{
					"name": "ice_right",
					"parent": "headice",
					"pivot": [3.75, 74.30611, -36.49716],
					"cubes": [
						{"origin": [1.67, 73.70709, -36.09716], "size": [3, 3, 5], "pivot": [4.75, 75.05611, -31.49716], "rotation": [21.73603, 14.97877, 47.25887], "uv": [264, 94]},
						{"origin": [2.63458, 73.74422, -33.43249], "size": [4, 5, 7], "pivot": [4.63458, 76.24422, -29.93249], "rotation": [22.56476, 12.56716, 46.61047], "uv": [256, 102]},
						{"origin": [-0.25, 78.05611, -32.09716], "size": [6, 6, 7], "pivot": [2.75, 81.05611, -24.49716], "rotation": [32.5957, -44.24629, 17.66808], "uv": [252, 128]}
					]
				},
				{
					"name": "crests",
					"parent": "head",
					"pivot": [0, 78.83788, -38.46225],
					"rotation": [10, 0, 0],
					"cubes": [
						{"origin": [-1.5, 77.58275, -39.88839], "size": [3, 2, 4], "inflate": 0.01, "pivot": [0, 78.83788, -38.46225], "rotation": [47.5, 0, 0], "uv": [176, 278]},
						{"origin": [-1.73501, 76.60754, -37.6672], "size": [3, 4, 6], "inflate": 0.001, "pivot": [0, 79.55511, -37.37787], "rotation": [50.89594, -18.17696, -20.99692], "uv": [262, 141]},
						{"origin": [-1.26499, 76.60754, -37.6672], "size": [3, 4, 8], "inflate": 0.001, "pivot": [0, 79.55511, -37.37787], "rotation": [50.89594, 18.17696, 20.99692], "uv": [256, 114]},
						{"origin": [-7.0741, 82.36126, -34.78861], "size": [4, 4, 9], "pivot": [-4.3741, 84.36126, -31.68861], "rotation": [53.98381, -24.28484, -29.49826], "uv": [250, 161]},
						{"origin": [-1.53109, 76.60754, -32.80572], "size": [4, 4, 11], "pivot": [0, 79.55511, -37.37787], "rotation": [51.56568, 19.7426, 23.05787], "uv": [126, 197]},
						{"origin": [6.33072, 88.12143, -29.08745], "size": [3, 2, 5], "pivot": [8.53072, 89.02143, -28.58745], "rotation": [51.56568, 19.7426, 23.05787], "uv": [206, 264]},
						{"origin": [7.33072, 86.87143, -29.08745], "size": [2, 0, 3], "pivot": [8.53072, 89.02143, -28.58745], "rotation": [51.56568, 19.7426, 23.05787], "uv": [60, 117]},
						{"origin": [11.17772, 90.73732, -25.69043], "size": [0, 2, 2], "pivot": [10.37772, 91.63732, -26.19043], "rotation": [51.56568, 19.7426, 23.05787], "uv": [112, 166]},
						{"origin": [9.17772, 92.73732, -25.69043], "size": [2, 0, 5], "pivot": [10.37772, 91.63732, -26.19043], "rotation": [51.56568, 19.7426, 23.05787], "uv": [278, 195]},
						{"origin": [-0.66954, 76.15275, -40.40857], "size": [2, 2, 2], "pivot": [0, 77.37605, -39.73903], "rotation": [57.05902, -28.53623, -36.40051], "uv": [104, 166]}
					]
				},
				{
					"name": "crest_gold",
					"parent": "crests",
					"pivot": [-0.04645, 83.05791, -36.08108],
					"rotation": [20, 0, 0],
					"cubes": [
						{"origin": [-1.9, 82.84778, -37.63094], "size": [3, 3, 6], "inflate": 0.01, "pivot": [-0.4, 83.84778, -32.83094], "rotation": [37.65635, -31.42176, 34.04258], "uv": [262, 151]},
						{"origin": [-0.04102, 83.99948, -34.10028], "size": [3, 3, 3], "inflate": 0.01, "pivot": [-0.04645, 87.0049, -31.09568], "rotation": [17.86139, -17.05157, 42.30098], "uv": [280, 144]},
						{"origin": [-0.04102, 84.99948, -31.10028], "size": [2, 2, 4], "inflate": 0.01, "pivot": [-0.04645, 87.0049, -31.09568], "rotation": [17.86139, -17.05157, 42.30098], "uv": [280, 230]}
					]
				},
				{
					"name": "crest_zek",
					"parent": "crests",
					"pivot": [-8.43457, 89.15635, -27.03245],
					"cubes": [
						{"origin": [-7.82545, 84.75884, -36.25307], "size": [3, 3, 9], "pivot": [-6.32545, 86.25884, -29.35307], "rotation": [57.05902, -28.53623, -36.40051], "uv": [80, 184]},
						{"origin": [-9.04895, 86.06679, -28.85456], "size": [3, 3, 6], "pivot": [-7.24895, 87.56679, -28.15456], "rotation": [48.84912, -11.72145, -13.0867], "uv": [262, 225]},
						{"origin": [-9.20026, 88.20293, -26.77949], "size": [2, 2, 6], "pivot": [-8.43457, 89.15635, -27.03245], "rotation": [48.84912, -11.72145, -13.0867], "uv": [264, 78]}
					]
				},
				{
					"name": "crest_zek_flash",
					"parent": "crest_zek",
					"pivot": [-8.43457, 89.15635, -27.03245],
					"cubes": [
						{"origin": [-9.20026, 88.20293, -26.77949], "size": [2, 2, 6], "inflate": 0.01, "pivot": [-8.43457, 89.15635, -27.03245], "rotation": [48.84912, -11.72145, -13.0867], "uv": [390, 398]}
					]
				},
				{
					"name": "face_right",
					"parent": "head",
					"pivot": [2.88513, 82.18146, -34.18443],
					"cubes": [
						{"origin": [3.5113, 77.72982, -35.99333], "size": [1, 6, 3], "inflate": 0.01, "pivot": [4.25, 81.90136, -31.77943], "rotation": [8.44236, 27.24513, 3.88714], "uv": [206, 106]},
						{"origin": [3.6, 77.72982, -38.84716], "size": [1, 3, 3], "inflate": 0.01, "pivot": [4.25, 81.90136, -31.67943], "rotation": [8.44236, 27.24513, 3.88714], "uv": [52, 150]},
						{"origin": [2.39562, 79.33857, -37.12174], "size": [1, 2, 2], "pivot": [2.88513, 82.18146, -34.18443], "rotation": [1.01955, 28.21903, 4.13951], "uv": [118, 233]},
						{"origin": [2.39562, 79.33857, -35.12174], "size": [1, 3, 2], "pivot": [2.88513, 82.18146, -34.18443], "rotation": [1.01955, 28.21903, 4.13951], "uv": [172, 115]},
						{"origin": [2.38757, 79.65886, -36.78434], "size": [1, 2, 3], "inflate": 0.01, "pivot": [2.88513, 82.18146, -34.18443], "rotation": [-12.98045, 28.21903, 4.13951], "uv": [42, 179]}
					]
				},
				{
					"name": "face_left",
					"parent": "head",
					"pivot": [-2.88513, 82.18146, -34.18443],
					"cubes": [
						{"origin": [-4.5113, 77.72982, -35.99333], "size": [1, 6, 3], "inflate": 0.01, "pivot": [-4.25, 81.90136, -31.77943], "rotation": [8.44236, -27.24513, -3.88714], "uv": [104, 240]},
						{"origin": [-4.6, 77.72982, -39.64716], "size": [1, 3, 4], "inflate": 0.01, "pivot": [-4.25, 81.90136, -31.67943], "rotation": [8.44236, -27.24513, -3.88714], "uv": [252, 141]},
						{"origin": [-3.39562, 79.33857, -37.12174], "size": [1, 2, 2], "pivot": [-2.88513, 82.18146, -34.18443], "rotation": [1.01955, -28.21903, -4.13951], "uv": [66, 236]},
						{"origin": [-3.39562, 79.33857, -35.12174], "size": [1, 3, 2], "pivot": [-2.88513, 82.18146, -34.18443], "rotation": [1.01955, -28.21903, -4.13951], "uv": [206, 235]},
						{"origin": [-3.38757, 79.65886, -36.78434], "size": [1, 2, 3], "inflate": 0.02, "pivot": [-2.88513, 82.18146, -34.18443], "rotation": [-12.98045, -28.21903, -4.13951], "uv": [34, 208]}
					]
				},
				{
					"name": "arms",
					"parent": "chest",
					"pivot": [12.23437, 51.45477, -10.15435],
					"rotation": [10, 0, 0]
				},
				{
					"name": "wingattachment_left",
					"parent": "arms",
					"pivot": [-14.23437, 51.45477, -10.15435],
					"rotation": [0.13165, 7.49885, 16.00863],
					"cubes": [
						{"origin": [-16.06359, 54.57144, -18.52995], "size": [3, 8, 22], "pivot": [-14.56359, 56.07144, -13.52995], "rotation": [-64.80109, -6.8517, -15.49302], "uv": [162, 42]},
						{"origin": [-14.56359, 42.57144, -16.52995], "size": [0, 13, 19], "pivot": [-14.56359, 56.07144, -13.52995], "rotation": [-64.80109, -6.8517, -15.49302], "uv": [42, 184]},
						{"origin": [-17.31359, 59.82144, -18.27995], "size": [5, 5, 22.5], "pivot": [-14.56359, 55.32144, -11.27995], "rotation": [-69.80109, -6.8517, -15.49302], "uv": [152, 88]}
					]
				},
				{
					"name": "wires_left",
					"parent": "wingattachment_left",
					"pivot": [-22.06158, 42.899, 35.15961]
				},
				{
					"name": "bottomwire_left",
					"parent": "wires_left",
					"pivot": [-13.56811, 46.18086, 0.48885],
					"cubes": [
						{"origin": [-15.42131, 44.21238, 0.17702], "size": [3, 7, 3], "pivot": [-13.90912, 46.54246, 1.71085], "rotation": [-69.80109, -6.8517, -15.49302], "uv": [330, 330]}
					]
				},
				{
					"name": "bottomwire_flash_left",
					"parent": "bottomwire_left",
					"pivot": [-13.90912, 46.54246, 1.71085],
					"cubes": [
						{"origin": [-15.42131, 44.21238, 0.17702], "size": [3, 7, 3], "pivot": [-13.90912, 46.54246, 1.71085], "rotation": [-69.80109, -6.8517, -15.49302], "uv": [350, 330]}
					]
				},
				{
					"name": "bottomwire_left2",
					"parent": "bottomwire_left",
					"pivot": [-14.8315, 47.99434, 6.0759],
					"cubes": [
						{"origin": [-17.06293, 45.54426, 7.8105], "size": [3, 7, 3], "pivot": [-15.56293, 49.04426, 9.3105], "rotation": [-69.80109, -6.8517, -15.49302], "uv": [330, 330]}
					]
				},
				{
					"name": "bottomwire_flash_left2",
					"parent": "bottomwire_left2",
					"pivot": [-15.56293, 49.04426, 9.3105],
					"cubes": [
						{"origin": [-17.06293, 45.54426, 7.8105], "size": [3, 7, 3], "pivot": [-15.56293, 49.04426, 9.3105], "rotation": [-69.80109, -6.8517, -15.49302], "uv": [350, 330]}
					]
				},
				{
					"name": "bottomwire_left3",
					"parent": "bottomwire_left2",
					"pivot": [-16.24543, 50.1139, 12.69762],
					"cubes": [
						{"origin": [-14.1262, 71.13104, -7.50968], "size": [3, 7, 3], "pivot": [-12.3762, 47.63104, -11.00968], "rotation": [-69.80109, -6.8517, -15.49302], "uv": [330, 330]}
					]
				},
				{
					"name": "bottomwire_flash_left3",
					"parent": "bottomwire_left3",
					"pivot": [-12.3762, 47.63104, -11.00968],
					"cubes": [
						{"origin": [-14.1262, 71.13104, -7.50968], "size": [3, 7, 3], "pivot": [-12.3762, 47.63104, -11.00968], "rotation": [-69.80109, -6.8517, -15.49302], "uv": [309, 310]}
					]
				},
				{
					"name": "bottomwire_left4",
					"parent": "bottomwire_left3",
					"pivot": [-17.64631, 52.23368, 19.2202],
					"cubes": [
						{"origin": [-14.1262, 78.13104, -7.50968], "size": [3, 7, 3], "pivot": [-12.3762, 47.63104, -11.00968], "rotation": [-69.80109, -6.8517, -15.49302], "uv": [330, 330]}
					]
				},
				{
					"name": "bottomwire_flash_left4",
					"parent": "bottomwire_left4",
					"pivot": [-12.3762, 47.63104, -11.00968],
					"cubes": [
						{"origin": [-14.1262, 78.13104, -7.50968], "size": [3, 7, 3], "pivot": [-12.3762, 47.63104, -11.00968], "rotation": [-69.80109, -6.8517, -15.49302], "uv": [310, 330]}
					]
				},
				{
					"name": "bottomwire_left5",
					"parent": "bottomwire_left4",
					"pivot": [-19.0472, 54.35347, 25.74278],
					"cubes": [
						{"origin": [-14.1262, 85.13104, -7.50968], "size": [3, 7, 3], "pivot": [-12.3762, 47.63104, -11.00968], "rotation": [-69.80109, -6.8517, -15.49302], "uv": [330, 330]}
					]
				},
				{
					"name": "bottomwire_flash_left5",
					"parent": "bottomwire_left5",
					"pivot": [-12.3762, 47.63104, -11.00968],
					"cubes": [
						{"origin": [-14.1262, 85.13104, -7.50968], "size": [3, 7, 3], "pivot": [-12.3762, 47.63104, -11.00968], "rotation": [-69.80109, -6.8517, -15.49302], "uv": [350, 330]}
					]
				},
				{
					"name": "bottomwire_left6",
					"parent": "bottomwire_left5",
					"pivot": [-20.46237, 56.56961, 32.16284],
					"cubes": [
						{"origin": [-14.1262, 92.13104, -7.50968], "size": [3, 7, 3], "pivot": [-12.3762, 47.63104, -11.00968], "rotation": [-69.80109, -6.8517, -15.49302], "uv": [330, 330]}
					]
				},
				{
					"name": "bottomwire_flash_left6",
					"parent": "bottomwire_left6",
					"pivot": [-12.3762, 47.63104, -11.00968],
					"cubes": [
						{"origin": [-14.1262, 92.13104, -7.50968], "size": [3, 7, 3], "pivot": [-12.3762, 47.63104, -11.00968], "rotation": [-69.80109, -6.8517, -15.49302], "uv": [309, 310]}
					]
				},
				{
					"name": "bottomwire_left7",
					"parent": "bottomwire_left6",
					"pivot": [-21.86326, 58.68939, 38.68542],
					"cubes": [
						{"origin": [-14.1262, 99.13104, -7.50968], "size": [3, 7, 3], "pivot": [-12.3762, 47.63104, -11.00968], "rotation": [-69.80109, -6.8517, -15.49302], "uv": [330, 330]}
					]
				},
				{
					"name": "bottomwire_flash_left7",
					"parent": "bottomwire_left7",
					"pivot": [-12.3762, 47.63104, -11.00968],
					"cubes": [
						{"origin": [-14.1262, 99.13104, -7.50968], "size": [3, 7, 3], "pivot": [-12.3762, 47.63104, -11.00968], "rotation": [-69.80109, -6.8517, -15.49302], "uv": [310, 330]}
					]
				},
				{
					"name": "bottomwire_left8",
					"parent": "bottomwire_left7",
					"pivot": [-23.18211, 60.52079, 45.21813],
					"cubes": [
						{"origin": [-24.79856, 60.75606, 43.79637], "size": [3, 7, 3], "pivot": [-23.26414, 60.80918, 45.20799], "rotation": [-69.80109, -6.8517, -15.49302], "uv": [330, 330]}
					]
				},
				{
					"name": "bottomwire_flash_left8",
					"parent": "bottomwire_left8",
					"pivot": [-23.26414, 60.80918, 45.20799],
					"cubes": [
						{"origin": [-24.79856, 60.75606, 43.79637], "size": [3, 7, 3], "pivot": [-23.26414, 60.80918, 45.20799], "rotation": [-69.80109, -6.8517, -15.49302], "uv": [350, 330]}
					]
				},
				{
					"name": "bottomwire_left9",
					"parent": "bottomwire_left8",
					"pivot": [-24.65197, 62.92919, 51.63143],
					"cubes": [
						{"origin": [-14.1262, 113.13104, -7.50968], "size": [3, 7, 3], "pivot": [-12.3762, 47.63104, -11.00968], "rotation": [-69.80109, -6.8517, -15.49302], "uv": [330, 330]}
					]
				},
				{
					"name": "bottomwire_flash_left9",
					"parent": "bottomwire_left9",
					"pivot": [-12.3762, 47.63104, -11.00968],
					"cubes": [
						{"origin": [-14.1262, 113.13104, -7.50968], "size": [3, 7, 3], "pivot": [-12.3762, 47.63104, -11.00968], "rotation": [-69.80109, -6.8517, -15.49302], "uv": [309, 310]}
					]
				},
				{
					"name": "bone9",
					"parent": "bottomwire_left9",
					"pivot": [-26.02551, 64.95284, 58.15739],
					"cubes": [
						{"origin": [-14.1262, 120.13104, -7.50968], "size": [3, 7, 3], "pivot": [-12.3762, 47.63104, -11.00968], "rotation": [-69.80109, -6.8517, -15.49302], "uv": [330, 330]}
					]
				},
				{
					"name": "bone10",
					"parent": "bone9",
					"pivot": [-27.39905, 66.9765, 64.68334],
					"cubes": [
						{"origin": [-14.1262, 127.13104, -7.50968], "size": [3, 7, 3], "pivot": [-12.3762, 47.63104, -11.00968], "rotation": [-69.80109, -6.8517, -15.49302], "uv": [330, 330]}
					]
				},
				{
					"name": "bone11",
					"parent": "bone10",
					"pivot": [-28.85462, 69.28854, 71.19917],
					"cubes": [
						{"origin": [-14.1262, 134.13104, -7.50968], "size": [3, 7, 3], "pivot": [-12.3762, 47.63104, -11.00968], "rotation": [-69.80109, -6.8517, -15.49302], "uv": [330, 310]}
					]
				},
				{
					"name": "bone12",
					"parent": "bone11",
					"pivot": [-30.25551, 71.40832, 77.72175],
					"cubes": [
						{"origin": [-14.1262, 141.13104, -7.50968], "size": [3, 7, 3], "pivot": [-12.3762, 47.63104, -11.00968], "rotation": [-69.80109, -6.8517, -15.49302], "uv": [350, 330]}
					]
				},
				{
					"name": "bone13",
					"parent": "bone12",
					"pivot": [-31.65639, 73.52811, 84.24433],
					"cubes": [
						{"origin": [-14.1262, 148.13104, -7.50968], "size": [3, 7, 3], "pivot": [-12.3762, 47.63104, -11.00968], "rotation": [-69.80109, -6.8517, -15.49302], "uv": [350, 330]}
					]
				},
				{
					"name": "bone14",
					"parent": "bone13",
					"pivot": [-33.05727, 75.64789, 90.76691],
					"cubes": [
						{"origin": [-14.1262, 155.13104, -7.50968], "size": [3, 7, 3], "pivot": [-12.3762, 47.63104, -11.00968], "rotation": [-69.80109, -6.8517, -15.49302], "uv": [350, 330]}
					]
				},
				{
					"name": "topwire_left",
					"parent": "wires_left",
					"pivot": [-15.48207, 52.90996, 0.25237],
					"cubes": [
						{"origin": [-17.33527, 50.94148, -0.05946], "size": [3, 7, 3], "pivot": [-15.82309, 53.27156, 1.47437], "rotation": [-69.80109, -6.8517, -15.49302], "uv": [330, 330]}
					]
				},
				{
					"name": "topwire_flash_left",
					"parent": "topwire_left",
					"pivot": [-15.82309, 53.27156, 1.47437],
					"cubes": [
						{"origin": [-17.33527, 50.94148, -0.05946], "size": [3, 7, 3], "pivot": [-15.82309, 53.27156, 1.47437], "rotation": [-69.80109, -6.8517, -15.49302], "uv": [350, 330]}
					]
				},
				{
					"name": "topwire_left2",
					"parent": "topwire_left",
					"pivot": [-16.74546, 54.72345, 5.83942],
					"cubes": [
						{"origin": [-18.9769, 52.27336, 7.57402], "size": [3, 7, 3], "pivot": [-17.4769, 55.77336, 9.07402], "rotation": [-69.80109, -6.8517, -15.49302], "uv": [330, 330]}
					]
				},
				{
					"name": "topwire_flash_left2",
					"parent": "topwire_left2",
					"pivot": [-17.4769, 55.77336, 9.07402],
					"cubes": [
						{"origin": [-18.9769, 52.27336, 7.57402], "size": [3, 7, 3], "pivot": [-17.4769, 55.77336, 9.07402], "rotation": [-69.80109, -6.8517, -15.49302], "uv": [350, 330]}
					]
				},
				{
					"name": "topwire_left3",
					"parent": "topwire_left2",
					"pivot": [-18.15939, 56.843, 12.46114],
					"cubes": [
						{"origin": [-16.04017, 77.86014, -7.74616], "size": [3, 7, 3], "pivot": [-14.29017, 54.36014, -11.24616], "rotation": [-69.80109, -6.8517, -15.49302], "uv": [330, 330]}
					]
				},
				{
					"name": "topwire_flash_left3",
					"parent": "topwire_left3",
					"pivot": [-14.29017, 54.36014, -11.24616],
					"cubes": [
						{"origin": [-16.04017, 77.86014, -7.74616], "size": [3, 7, 3], "pivot": [-14.29017, 54.36014, -11.24616], "rotation": [-69.80109, -6.8517, -15.49302], "uv": [309, 310]}
					]
				},
				{
					"name": "topwire_left4",
					"parent": "topwire_left3",
					"pivot": [-19.56028, 58.96279, 18.98372],
					"cubes": [
						{"origin": [-16.04017, 84.86014, -7.74616], "size": [3, 7, 3], "pivot": [-14.29017, 54.36014, -11.24616], "rotation": [-69.80109, -6.8517, -15.49302], "uv": [330, 330]}
					]
				},
				{
					"name": "topwire_flash_left4",
					"parent": "topwire_left4",
					"pivot": [-14.29017, 54.36014, -11.24616],
					"cubes": [
						{"origin": [-16.04017, 84.86014, -7.74616], "size": [3, 7, 3], "pivot": [-14.29017, 54.36014, -11.24616], "rotation": [-69.80109, -6.8517, -15.49302], "uv": [310, 330]}
					]
				},
				{
					"name": "topwire_left5",
					"parent": "topwire_left4",
					"pivot": [-20.96116, 61.08257, 25.5063],
					"cubes": [
						{"origin": [-16.04017, 91.86014, -7.74616], "size": [3, 7, 3], "pivot": [-14.29017, 54.36014, -11.24616], "rotation": [-69.80109, -6.8517, -15.49302], "uv": [330, 330]}
					]
				},
				{
					"name": "topwire_flash_left5",
					"parent": "topwire_left5",
					"pivot": [-14.29017, 54.36014, -11.24616],
					"cubes": [
						{"origin": [-16.04017, 91.86014, -7.74616], "size": [3, 7, 3], "pivot": [-14.29017, 54.36014, -11.24616], "rotation": [-69.80109, -6.8517, -15.49302], "uv": [350, 330]}
					]
				},
				{
					"name": "topwire_left6",
					"parent": "topwire_left5",
					"pivot": [-22.37634, 63.29871, 31.92636],
					"cubes": [
						{"origin": [-16.04017, 98.86014, -7.74616], "size": [3, 7, 3], "pivot": [-14.29017, 54.36014, -11.24616], "rotation": [-69.80109, -6.8517, -15.49302], "uv": [330, 330]}
					]
				},
				{
					"name": "topwire_flash_left6",
					"parent": "topwire_left6",
					"pivot": [-14.29017, 54.36014, -11.24616],
					"cubes": [
						{"origin": [-16.04017, 98.86014, -7.74616], "size": [3, 7, 3], "pivot": [-14.29017, 54.36014, -11.24616], "rotation": [-69.80109, -6.8517, -15.49302], "uv": [309, 310]}
					]
				},
				{
					"name": "topwire_left7",
					"parent": "topwire_left6",
					"pivot": [-23.77722, 65.4185, 38.44894],
					"cubes": [
						{"origin": [-16.04017, 105.86014, -7.74616], "size": [3, 7, 3], "pivot": [-14.29017, 54.36014, -11.24616], "rotation": [-69.80109, -6.8517, -15.49302], "uv": [330, 330]}
					]
				},
				{
					"name": "topwire_flash_left7",
					"parent": "topwire_left7",
					"pivot": [-14.29017, 54.36014, -11.24616],
					"cubes": [
						{"origin": [-16.04017, 105.86014, -7.74616], "size": [3, 7, 3], "pivot": [-14.29017, 54.36014, -11.24616], "rotation": [-69.80109, -6.8517, -15.49302], "uv": [310, 330]}
					]
				},
				{
					"name": "topwire_left8",
					"parent": "topwire_left7",
					"pivot": [-25.21725, 67.5376, 45.26895],
					"cubes": [
						{"origin": [-26.71252, 67.48516, 43.55989], "size": [3, 7, 3], "pivot": [-25.1781, 67.53828, 44.97152], "rotation": [-69.80109, -6.8517, -15.49302], "uv": [330, 330]}
					]
				},
				{
					"name": "topwire_flash_left8",
					"parent": "topwire_left8",
					"pivot": [-25.1781, 67.53828, 44.97152],
					"cubes": [
						{"origin": [-26.71252, 67.48516, 43.55989], "size": [3, 7, 3], "pivot": [-25.1781, 67.53828, 44.97152], "rotation": [-69.80109, -6.8517, -15.49302], "uv": [350, 330]}
					]
				},
				{
					"name": "topwire_left9",
					"parent": "topwire_left8",
					"pivot": [-26.56594, 69.65829, 51.39495],
					"cubes": [
						{"origin": [-16.04017, 119.86014, -7.74616], "size": [3, 7, 3], "pivot": [-14.29017, 54.36014, -11.24616], "rotation": [-69.80109, -6.8517, -15.49302], "uv": [330, 330]}
					]
				},
				{
					"name": "topwire_flash_left9",
					"parent": "topwire_left9",
					"pivot": [-14.29017, 54.36014, -11.24616],
					"cubes": [
						{"origin": [-16.04017, 119.86014, -7.74616], "size": [3, 7, 3], "pivot": [-14.29017, 54.36014, -11.24616], "rotation": [-69.80109, -6.8517, -15.49302], "uv": [309, 310]}
					]
				},
				{
					"name": "topwire_left10",
					"parent": "topwire_left9",
					"pivot": [-27.93948, 71.68195, 57.92091],
					"cubes": [
						{"origin": [-16.04017, 126.86014, -7.74616], "size": [3, 7, 3], "pivot": [-14.29017, 54.36014, -11.24616], "rotation": [-69.80109, -6.8517, -15.49302], "uv": [330, 330]}
					]
				},
				{
					"name": "topwire_left11",
					"parent": "topwire_left10",
					"pivot": [-29.31302, 73.7056, 64.44687],
					"cubes": [
						{"origin": [-16.04017, 133.86014, -7.74616], "size": [3, 7, 3], "pivot": [-14.29017, 54.36014, -11.24616], "rotation": [-69.80109, -6.8517, -15.49302], "uv": [330, 330]}
					]
				},
				{
					"name": "topwire_left12",
					"parent": "topwire_left11",
					"pivot": [-30.76859, 76.01764, 70.96269],
					"cubes": [
						{"origin": [-16.04017, 140.86014, -7.74616], "size": [3, 7, 3], "pivot": [-14.29017, 54.36014, -11.24616], "rotation": [-69.80109, -6.8517, -15.49302], "uv": [330, 310]}
					]
				},
				{
					"name": "topwire_left13",
					"parent": "topwire_left12",
					"pivot": [-32.16947, 78.13743, 77.48527],
					"cubes": [
						{"origin": [-16.04017, 147.86014, -7.74616], "size": [3, 7, 3], "pivot": [-14.29017, 54.36014, -11.24616], "rotation": [-69.80109, -6.8517, -15.49302], "uv": [350, 330]}
					]
				},
				{
					"name": "topwire_left14",
					"parent": "topwire_left13",
					"pivot": [-33.57035, 80.25721, 84.00785],
					"cubes": [
						{"origin": [-16.04017, 154.86014, -7.74616], "size": [3, 7, 3], "pivot": [-14.29017, 54.36014, -11.24616], "rotation": [-69.80109, -6.8517, -15.49302], "uv": [350, 330]}
					]
				},
				{
					"name": "topwire_left15",
					"parent": "topwire_left14",
					"pivot": [-34.97124, 82.377, 90.53043],
					"cubes": [
						{"origin": [-16.04017, 161.86014, -7.74616], "size": [3, 7, 3], "pivot": [-14.29017, 54.36014, -11.24616], "rotation": [-69.80109, -6.8517, -15.49302], "uv": [350, 330]}
					]
				},
				{
					"name": "wing_left",
					"parent": "wingattachment_left",
					"pivot": [-17.71937, 59.33528, -2.73402],
					"rotation": [102.42672, 6.5147, 129.90502],
					"cubes": [
						{"origin": [-30.83801, 40.97675, -13.63441], "size": [2, 9, 8], "pivot": [-27.69325, 63.07659, -19.90467], "rotation": [42.10174, 31.58697, -13.16103], "uv": [252, 253]},
						{"origin": [-30.00686, 45.96433, -10.86646], "size": [1, 7, 5], "pivot": [-27.69325, 63.07659, -18.90467], "rotation": [19.60174, 31.58697, -13.16103], "uv": [72, 106], "mirror": true}
					]
				},
				{
					"name": "wingreg2_left",
					"parent": "wing_left",
					"pivot": [-20.02381, 56.5364, -7.81774],
					"rotation": [2.20342, 19.39116, -3.50338],
					"cubes": [
						{"origin": [-26.32273, 50.78128, -20.51185], "size": [2, 5, 11], "inflate": -0.02, "pivot": [-22.85464, 64.05883, -21.34873], "rotation": [9.35977, 12.49247, -10.07227], "uv": [0, 242]}
					]
				},
				{
					"name": "wingtip_left",
					"parent": "wingreg2_left",
					"pivot": [-21.11957, 49.82124, 22.2389],
					"cubes": [
						{"origin": [-26.27485, 49.33845, -20.51903], "size": [2, 10, 10], "inflate": 0.02, "pivot": [-23.14539, 64.02644, -21.28229], "rotation": [-23.14023, 12.49247, -10.07227], "uv": [112, 237]},
						{"origin": [-26.26485, 55.74101, -26.06387], "size": [2, 7, 17], "inflate": 0.04, "pivot": [-23.14539, 64.02644, -21.28229], "rotation": [-60.64023, 12.49247, -10.07227], "uv": [216, 0]},
						{"origin": [-26.24261, 37.08306, -22.65108], "size": [2, 26, 6], "pivot": [-23.14539, 64.02644, -21.28229], "rotation": [-95.64023, 12.49247, -10.07227], "uv": [168, 235]},
						{"origin": [-25.48323, 57.41585, -26.58591], "size": [0, 8, 15], "pivot": [-23.14539, 64.02644, -21.28229], "rotation": [-153.14023, 12.49247, -10.07227], "uv": [232, 230]},
						{"origin": [-24.85567, 41.46862, -32.78664], "size": [0, 15, 8], "pivot": [-24.85567, 50.46862, -29.78664], "rotation": [-35.63127, 12.3348, -10.05404], "uv": [48, 249]},
						{"origin": [-26.27064, 34.34076, -28.50639], "size": [2, 23, 5], "pivot": [-24.95809, 57.05496, -26.0345], "rotation": [-65.64023, 12.49247, -10.07227], "uv": [90, 240]},
						{"origin": [-27.77753, 52.09058, -39.36002], "size": [0, 12, 11], "pivot": [-27.77753, 58.59058, -36.36002], "rotation": [-90.64023, 12.49247, -10.07227], "uv": [184, 235]},
						{"origin": [-27.77753, 64.09058, -39.36002], "size": [0, 4, 7], "pivot": [-27.77753, 58.59058, -36.36002], "rotation": [-90.64023, 12.49247, -10.07227], "uv": [264, 67]},
						{"origin": [-24.97666, 36.37241, -26.13958], "size": [2, 18, 5], "pivot": [-23.50257, 52.81817, -23.65739], "rotation": [-33.14023, 12.49247, -10.07227], "uv": [254, 0]},
						{"origin": [-24.85567, 41.46862, -38.78664], "size": [0, 7, 6], "pivot": [-24.85567, 50.46862, -29.78664], "rotation": [-35.63127, 12.3348, -10.05404], "uv": [72, 93]}
					]
				},
				{
					"name": "arm_left",
					"parent": "arms",
					"pivot": [-14.23437, 51.45477, -10.15435]
				},
				{
					"name": "shoulder_left",
					"parent": "arm_left",
					"pivot": [-10, 52.3574, -11.31887],
					"cubes": [
						{"origin": [-21, 38.39786, 3.49266], "size": [11, 10, 10], "inflate": 0.01, "pivot": [9.58772, 58.19316, 2.67567], "rotation": [-90, 0, 0], "uv": [34, 216]}
					]
				},
				{
					"name": "shoulder_flash",
					"parent": "shoulder_left",
					"pivot": [9.58772, 58.19316, 2.67567],
					"cubes": [
						{"origin": [-21, 38.39786, 3.49266], "size": [11, 10, 10], "inflate": 0.02, "pivot": [9.58772, 58.19316, 2.67567], "rotation": [-90, 0, 0], "uv": [85, 388]}
					]
				},
				{
					"name": "bicep_left",
					"parent": "shoulder_left",
					"pivot": [-17, 52.27057, -11.81127],
					"cubes": [
						{"origin": [-33, 38.89786, 5.49266], "size": [16, 9, 8], "inflate": 0.01, "pivot": [9.58772, 58.19316, 2.67567], "rotation": [-90, 0, 0], "uv": [212, 213]}
					]
				},
				{
					"name": "bicep_on",
					"parent": "bicep_left",
					"pivot": [9.58772, 58.19316, 2.67567],
					"cubes": [
						{"origin": [-33, 38.89786, 5.49266], "size": [16, 9, 8], "inflate": 0.03, "pivot": [9.58772, 58.19316, 2.67567], "rotation": [-90, 0, 0], "uv": [256, 429]}
					]
				},
				{
					"name": "bicep_flash",
					"parent": "bicep_on",
					"pivot": [9.58772, 58.19316, 2.67567],
					"cubes": [
						{"origin": [-33, 38.89786, 5.49266], "size": [16, 9, 8], "inflate": 0.04, "pivot": [9.58772, 58.19316, 2.67567], "rotation": [-90, 0, 0], "uv": [261, 470]}
					]
				},
				{
					"name": "forearm_left",
					"parent": "bicep_left",
					"pivot": [-36, 51.77057, -11.31127],
					"cubes": [
						{"origin": [-61, 37.99786, 4.09266], "size": [23, 10, 9], "inflate": 0.02, "pivot": [6.58772, 57.69316, 3.17567], "rotation": [-90, 0, 0], "uv": [152, 23]},
						{"origin": [-43.20208, 45.9827, -16.31127], "size": [12, 12, 10], "pivot": [-36, 51.77057, -11.31127], "rotation": [-90, -45, 0], "uv": [212, 42]}
					]
				},
				{
					"name": "forearm_on",
					"parent": "forearm_left",
					"pivot": [6.58772, 57.69316, 3.17567],
					"cubes": [
						{"origin": [-61, 37.99786, 4.09266], "size": [23, 10, 9], "inflate": 0.03, "pivot": [6.58772, 57.69316, 3.17567], "rotation": [-90, 0, 0], "uv": [91, 449]}
					]
				},
				{
					"name": "forearm_flash",
					"parent": "forearm_on",
					"pivot": [6.58772, 57.69316, 3.17567],
					"cubes": [
						{"origin": [-61, 37.99786, 4.09266], "size": [23, 10, 9], "inflate": 0.04, "pivot": [6.58772, 57.69316, 3.17567], "rotation": [-90, 0, 0], "uv": [34, 493]},
						{"origin": [-43.20208, 45.9827, -16.31127], "size": [12, 12, 10], "inflate": 0.02, "pivot": [-36, 51.77057, -11.31127], "rotation": [-90, -45, 0], "uv": [336, 422]}
					]
				},
				{
					"name": "hand_left",
					"parent": "forearm_left",
					"pivot": [-57, 51.77057, -10.31127],
					"cubes": [
						{"origin": [-65, 36.39786, 4.99266], "size": [10, 12, 10], "inflate": 0.01, "pivot": [9.58772, 57.69316, 4.17567], "rotation": [-90, 0, 0], "uv": [216, 106]},
						{"origin": [-60.26381, 69.76159, -14.31127], "size": [8, 8, 5], "inflate": 0.01, "pivot": [-33, 51.77057, -10.31127], "rotation": [-90, -45, 0], "uv": [252, 187]}
					]
				},
				{
					"name": "hand_on",
					"parent": "hand_left",
					"pivot": [-33, 51.77057, -10.31127],
					"cubes": [
						{"origin": [-65, 36.39786, 4.99266], "size": [10, 12, 10], "inflate": 0.03, "pivot": [9.58772, 57.69316, 4.17567], "rotation": [-90, 0, 0], "uv": [302, 383]},
						{"origin": [-60.26381, 69.76159, -14.31127], "size": [8, 8, 5], "inflate": 0.03, "pivot": [-33, 51.77057, -10.31127], "rotation": [-90, -45, 0], "uv": [338, 464]}
					]
				},
				{
					"name": "hand_flash",
					"parent": "hand_on",
					"pivot": [9.58772, 57.69316, 4.17567],
					"cubes": [
						{"origin": [-60.26381, 69.76159, -14.31127], "size": [8, 8, 5], "inflate": 0.04, "pivot": [-33, 51.77057, -10.31127], "rotation": [-90, -45, 0], "uv": [358, 370]},
						{"origin": [-65, 36.39786, 4.99266], "size": [10, 12, 10], "inflate": 0.04, "pivot": [9.58772, 57.69316, 4.17567], "rotation": [-90, 0, 0], "uv": [244, 385]}
					]
				},
				{
					"name": "fingers_left",
					"parent": "hand_left",
					"pivot": [-66, 52.87618, -20.11963]
				},
				{
					"name": "finger_left",
					"parent": "fingers_left",
					"pivot": [-62.33333, 52.54285, -8.01963],
					"cubes": [
						{"origin": [-70, 44.39786, 8.09266], "size": [5, 4, 4], "inflate": 0.01, "pivot": [10.58772, 57.69316, 3.27567], "rotation": [-90, 0, 0], "uv": [262, 234]}
					]
				},
				{
					"name": "fingertip_left",
					"parent": "finger_left",
					"pivot": [-70, 51.87618, -8.01963],
					"cubes": [
						{"origin": [-74, 44.89786, 9.09266], "size": [4, 3, 3], "inflate": 0.01, "pivot": [10.58772, 57.69316, 3.27567], "rotation": [-90, 0, 0], "uv": [280, 8]}
					]
				},
				{
					"name": "finger_left2",
					"parent": "fingers_left",
					"pivot": [-66, 52.87618, -12.51963],
					"cubes": [
						{"origin": [-70, 35.39786, 10.59266], "size": [5, 4, 4], "inflate": 0.01, "pivot": [9.58772, 57.69316, 5.77567], "rotation": [-90, 0, 0], "uv": [262, 242]}
					]
				},
				{
					"name": "fingertip_left2",
					"parent": "finger_left2",
					"pivot": [-70, 51.87618, -14.51963],
					"cubes": [
						{"origin": [-74, 35.89786, 11.59266], "size": [4, 3, 3], "inflate": 0.01, "pivot": [9.58772, 57.69316, 5.77567], "rotation": [-90, 0, 0], "uv": [278, 218]}
					]
				},
				{
					"name": "finger_left3",
					"parent": "fingers_left",
					"pivot": [-66, 52.87618, -20.11963],
					"cubes": [
						{"origin": [-64.82843, 49.87618, -17.11963], "size": [5, 4, 4], "inflate": 0.01, "pivot": [-62, 51.87618, -16.11963], "rotation": [-90, -45, 0], "uv": [264, 59]}
					]
				},
				{
					"name": "fingertip_left3",
					"parent": "finger_left3",
					"pivot": [-64.00711, 52.37618, -18.22674],
					"cubes": [
						{"origin": [-67.82843, 50.37618, -16.61963], "size": [4, 3, 3], "inflate": 0.01, "pivot": [-62, 51.87618, -16.11963], "rotation": [-90, -45, 0], "uv": [280, 14]}
					]
				},
				{
					"name": "wingattachment_right",
					"parent": "arms",
					"pivot": [14.23437, 51.45477, -10.15435],
					"rotation": [0.13165, -7.49885, -16.00863],
					"cubes": [
						{"origin": [12.31359, 59.82144, -18.27995], "size": [5, 5, 22.5], "pivot": [14.56359, 55.32144, -11.27995], "rotation": [-69.80109, 6.8517, 15.49302], "uv": [152, 88], "mirror": true},
						{"origin": [13.06359, 54.87144, -18.52995], "size": [3, 8, 22], "pivot": [14.56359, 56.07144, -13.52995], "rotation": [-64.80109, 6.8517, 15.49302], "uv": [162, 42], "mirror": true},
						{"origin": [14.56359, 42.57144, -17.52995], "size": [0, 13, 19], "pivot": [14.56359, 56.07144, -13.52995], "rotation": [-64.80109, 6.8517, 15.49302], "uv": [42, 184], "mirror": true}
					]
				},
				{
					"name": "wires_right",
					"parent": "wingattachment_right",
					"pivot": [22.06158, 42.899, 35.15961]
				},
				{
					"name": "bottomwire_right",
					"parent": "wires_right",
					"pivot": [13.56811, 46.18086, 0.48885],
					"cubes": [
						{"origin": [12.42131, 44.21238, 0.17702], "size": [3, 7, 3], "pivot": [13.90912, 46.54246, 1.71085], "rotation": [-69.80109, 6.8517, 15.49302], "uv": [330, 330], "mirror": true}
					]
				},
				{
					"name": "bottomwire_flash_right",
					"parent": "bottomwire_right",
					"pivot": [13.90912, 46.54246, 1.71085],
					"cubes": [
						{"origin": [12.42131, 44.21238, 0.17702], "size": [3, 7, 3], "pivot": [13.90912, 46.54246, 1.71085], "rotation": [-69.80109, 6.8517, 15.49302], "uv": [350, 330], "mirror": true}
					]
				},
				{
					"name": "bottomwire_right2",
					"parent": "bottomwire_right",
					"pivot": [14.8315, 47.99434, 6.0759],
					"cubes": [
						{"origin": [14.06293, 45.54426, 7.8105], "size": [3, 7, 3], "pivot": [15.56293, 49.04426, 9.3105], "rotation": [-69.80109, 6.8517, 15.49302], "uv": [330, 330], "mirror": true}
					]
				},
				{
					"name": "bottomwire_flash_right2",
					"parent": "bottomwire_right2",
					"pivot": [15.56293, 49.04426, 9.3105],
					"cubes": [
						{"origin": [14.06293, 45.54426, 7.8105], "size": [3, 7, 3], "pivot": [15.56293, 49.04426, 9.3105], "rotation": [-69.80109, 6.8517, 15.49302], "uv": [350, 330], "mirror": true}
					]
				},
				{
					"name": "bottomwire_right3",
					"parent": "bottomwire_right2",
					"pivot": [16.24543, 50.1139, 12.69762],
					"cubes": [
						{"origin": [11.1262, 71.13104, -7.50968], "size": [3, 7, 3], "pivot": [12.3762, 47.63104, -11.00968], "rotation": [-69.80109, 6.8517, 15.49302], "uv": [330, 330], "mirror": true}
					]
				},
				{
					"name": "bottomwire_flash_right3",
					"parent": "bottomwire_right3",
					"pivot": [12.3762, 47.63104, -11.00968],
					"cubes": [
						{"origin": [11.1262, 71.13104, -7.50968], "size": [3, 7, 3], "pivot": [12.3762, 47.63104, -11.00968], "rotation": [-69.80109, 6.8517, 15.49302], "uv": [309, 310], "mirror": true}
					]
				},
				{
					"name": "bottomwire_right4",
					"parent": "bottomwire_right3",
					"pivot": [17.64631, 52.23368, 19.2202],
					"cubes": [
						{"origin": [11.1262, 78.13104, -7.50968], "size": [3, 7, 3], "pivot": [12.3762, 47.63104, -11.00968], "rotation": [-69.80109, 6.8517, 15.49302], "uv": [330, 330], "mirror": true}
					]
				},
				{
					"name": "bottomwire_flash_right4",
					"parent": "bottomwire_right4",
					"pivot": [12.3762, 47.63104, -11.00968],
					"cubes": [
						{"origin": [11.1262, 78.13104, -7.50968], "size": [3, 7, 3], "pivot": [12.3762, 47.63104, -11.00968], "rotation": [-69.80109, 6.8517, 15.49302], "uv": [310, 330], "mirror": true}
					]
				},
				{
					"name": "bottomwire_right5",
					"parent": "bottomwire_right4",
					"pivot": [19.0472, 54.35347, 25.74278],
					"cubes": [
						{"origin": [11.1262, 85.13104, -7.50968], "size": [3, 7, 3], "pivot": [12.3762, 47.63104, -11.00968], "rotation": [-69.80109, 6.8517, 15.49302], "uv": [330, 330], "mirror": true}
					]
				},
				{
					"name": "bottomwire_flash_right5",
					"parent": "bottomwire_right5",
					"pivot": [12.3762, 47.63104, -11.00968],
					"cubes": [
						{"origin": [11.1262, 85.13104, -7.50968], "size": [3, 7, 3], "pivot": [12.3762, 47.63104, -11.00968], "rotation": [-69.80109, 6.8517, 15.49302], "uv": [350, 330], "mirror": true}
					]
				},
				{
					"name": "bottomwire_right6",
					"parent": "bottomwire_right5",
					"pivot": [20.46237, 56.56961, 32.16284],
					"cubes": [
						{"origin": [11.1262, 92.13104, -7.50968], "size": [3, 7, 3], "pivot": [12.3762, 47.63104, -11.00968], "rotation": [-69.80109, 6.8517, 15.49302], "uv": [330, 330], "mirror": true}
					]
				},
				{
					"name": "bottomwire_flash_right6",
					"parent": "bottomwire_right6",
					"pivot": [12.3762, 47.63104, -11.00968],
					"cubes": [
						{"origin": [11.1262, 92.13104, -7.50968], "size": [3, 7, 3], "pivot": [12.3762, 47.63104, -11.00968], "rotation": [-69.80109, 6.8517, 15.49302], "uv": [309, 310], "mirror": true}
					]
				},
				{
					"name": "bottomwire_right7",
					"parent": "bottomwire_right6",
					"pivot": [21.86326, 58.68939, 38.68542],
					"cubes": [
						{"origin": [11.1262, 99.13104, -7.50968], "size": [3, 7, 3], "pivot": [12.3762, 47.63104, -11.00968], "rotation": [-69.80109, 6.8517, 15.49302], "uv": [330, 330], "mirror": true}
					]
				},
				{
					"name": "bottomwire_flash_right7",
					"parent": "bottomwire_right7",
					"pivot": [12.3762, 47.63104, -11.00968],
					"cubes": [
						{"origin": [11.1262, 99.13104, -7.50968], "size": [3, 7, 3], "pivot": [12.3762, 47.63104, -11.00968], "rotation": [-69.80109, 6.8517, 15.49302], "uv": [310, 330], "mirror": true}
					]
				},
				{
					"name": "bottomwire_right8",
					"parent": "bottomwire_right7",
					"pivot": [23.18211, 60.52079, 45.21813],
					"cubes": [
						{"origin": [21.79856, 60.75606, 43.79637], "size": [3, 7, 3], "pivot": [23.26414, 60.80918, 45.20799], "rotation": [-69.80109, 6.8517, 15.49302], "uv": [330, 330], "mirror": true}
					]
				},
				{
					"name": "bottomwire_flash_right8",
					"parent": "bottomwire_right8",
					"pivot": [23.26414, 60.80918, 45.20799],
					"cubes": [
						{"origin": [21.79856, 60.75606, 43.79637], "size": [3, 7, 3], "pivot": [23.26414, 60.80918, 45.20799], "rotation": [-69.80109, 6.8517, 15.49302], "uv": [350, 330], "mirror": true}
					]
				},
				{
					"name": "bottomwire_right9",
					"parent": "bottomwire_right8",
					"pivot": [24.65197, 62.92919, 51.63143],
					"cubes": [
						{"origin": [11.1262, 113.13104, -7.50968], "size": [3, 7, 3], "pivot": [12.3762, 47.63104, -11.00968], "rotation": [-69.80109, 6.8517, 15.49302], "uv": [330, 330], "mirror": true}
					]
				},
				{
					"name": "bottomwire_flash_right9",
					"parent": "bottomwire_right9",
					"pivot": [12.3762, 47.63104, -11.00968],
					"cubes": [
						{"origin": [11.1262, 113.13104, -7.50968], "size": [3, 7, 3], "pivot": [12.3762, 47.63104, -11.00968], "rotation": [-69.80109, 6.8517, 15.49302], "uv": [309, 310], "mirror": true}
					]
				},
				{
					"name": "bone2",
					"parent": "bottomwire_right9",
					"pivot": [26.02551, 64.95284, 58.15739],
					"cubes": [
						{"origin": [11.1262, 120.13104, -7.50968], "size": [3, 7, 3], "pivot": [12.3762, 47.63104, -11.00968], "rotation": [-69.80109, 6.8517, 15.49302], "uv": [330, 330], "mirror": true}
					]
				},
				{
					"name": "bone3",
					"parent": "bone2",
					"pivot": [27.39905, 66.9765, 64.68334],
					"cubes": [
						{"origin": [11.1262, 127.13104, -7.50968], "size": [3, 7, 3], "pivot": [12.3762, 47.63104, -11.00968], "rotation": [-69.80109, 6.8517, 15.49302], "uv": [330, 330], "mirror": true}
					]
				},
				{
					"name": "bone4",
					"parent": "bone3",
					"pivot": [28.85462, 69.28854, 71.19917],
					"cubes": [
						{"origin": [11.1262, 134.13104, -7.50968], "size": [3, 7, 3], "pivot": [12.3762, 47.63104, -11.00968], "rotation": [-69.80109, 6.8517, 15.49302], "uv": [330, 310], "mirror": true}
					]
				},
				{
					"name": "bone5",
					"parent": "bone4",
					"pivot": [30.25551, 71.40832, 77.72175],
					"cubes": [
						{"origin": [11.1262, 141.13104, -7.50968], "size": [3, 7, 3], "pivot": [12.3762, 47.63104, -11.00968], "rotation": [-69.80109, 6.8517, 15.49302], "uv": [350, 330], "mirror": true}
					]
				},
				{
					"name": "bone6",
					"parent": "bone5",
					"pivot": [31.65639, 73.52811, 84.24433],
					"cubes": [
						{"origin": [11.1262, 148.13104, -7.50968], "size": [3, 7, 3], "pivot": [12.3762, 47.63104, -11.00968], "rotation": [-69.80109, 6.8517, 15.49302], "uv": [350, 330], "mirror": true}
					]
				},
				{
					"name": "bone7",
					"parent": "bone6",
					"pivot": [33.05727, 75.64789, 90.76691],
					"cubes": [
						{"origin": [11.1262, 155.13104, -7.50968], "size": [3, 7, 3], "pivot": [12.3762, 47.63104, -11.00968], "rotation": [-69.80109, 6.8517, 15.49302], "uv": [350, 330], "mirror": true}
					]
				},
				{
					"name": "topwire_right",
					"parent": "wires_right",
					"pivot": [15.48207, 52.90996, 0.25237],
					"cubes": [
						{"origin": [14.33527, 50.94148, -0.05946], "size": [3, 7, 3], "pivot": [15.82309, 53.27156, 1.47437], "rotation": [-69.80109, 6.8517, 15.49302], "uv": [330, 330], "mirror": true}
					]
				},
				{
					"name": "topwire_flash_right",
					"parent": "topwire_right",
					"pivot": [15.82309, 53.27156, 1.47437],
					"cubes": [
						{"origin": [14.33527, 50.94148, -0.05946], "size": [3, 7, 3], "pivot": [15.82309, 53.27156, 1.47437], "rotation": [-69.80109, 6.8517, 15.49302], "uv": [350, 330], "mirror": true}
					]
				},
				{
					"name": "topwire_right2",
					"parent": "topwire_right",
					"pivot": [16.74546, 54.72345, 5.83942],
					"cubes": [
						{"origin": [15.9769, 52.27336, 7.57402], "size": [3, 7, 3], "pivot": [17.4769, 55.77336, 9.07402], "rotation": [-69.80109, 6.8517, 15.49302], "uv": [330, 330], "mirror": true}
					]
				},
				{
					"name": "topwire_flash_right2",
					"parent": "topwire_right2",
					"pivot": [17.4769, 55.77336, 9.07402],
					"cubes": [
						{"origin": [15.9769, 52.27336, 7.57402], "size": [3, 7, 3], "pivot": [17.4769, 55.77336, 9.07402], "rotation": [-69.80109, 6.8517, 15.49302], "uv": [350, 330], "mirror": true}
					]
				},
				{
					"name": "topwire_right3",
					"parent": "topwire_right2",
					"pivot": [18.15939, 56.843, 12.46114],
					"cubes": [
						{"origin": [13.04017, 77.86014, -7.74616], "size": [3, 7, 3], "pivot": [14.29017, 54.36014, -11.24616], "rotation": [-69.80109, 6.8517, 15.49302], "uv": [330, 330], "mirror": true}
					]
				},
				{
					"name": "topwire_flash_right3",
					"parent": "topwire_right3",
					"pivot": [14.29017, 54.36014, -11.24616],
					"cubes": [
						{"origin": [13.04017, 77.86014, -7.74616], "size": [3, 7, 3], "pivot": [14.29017, 54.36014, -11.24616], "rotation": [-69.80109, 6.8517, 15.49302], "uv": [309, 310], "mirror": true}
					]
				},
				{
					"name": "topwire_right4",
					"parent": "topwire_right3",
					"pivot": [19.56028, 58.96279, 18.98372],
					"cubes": [
						{"origin": [13.04017, 84.86014, -7.74616], "size": [3, 7, 3], "pivot": [14.29017, 54.36014, -11.24616], "rotation": [-69.80109, 6.8517, 15.49302], "uv": [330, 330], "mirror": true}
					]
				},
				{
					"name": "topwire_flash_right4",
					"parent": "topwire_right4",
					"pivot": [14.29017, 54.36014, -11.24616],
					"cubes": [
						{"origin": [13.04017, 84.86014, -7.74616], "size": [3, 7, 3], "pivot": [14.29017, 54.36014, -11.24616], "rotation": [-69.80109, 6.8517, 15.49302], "uv": [310, 330], "mirror": true}
					]
				},
				{
					"name": "topwire_right5",
					"parent": "topwire_right4",
					"pivot": [20.96116, 61.08257, 25.5063],
					"cubes": [
						{"origin": [13.04017, 91.86014, -7.74616], "size": [3, 7, 3], "pivot": [14.29017, 54.36014, -11.24616], "rotation": [-69.80109, 6.8517, 15.49302], "uv": [330, 330], "mirror": true}
					]
				},
				{
					"name": "topwire_flash_right5",
					"parent": "topwire_right5",
					"pivot": [14.29017, 54.36014, -11.24616],
					"cubes": [
						{"origin": [13.04017, 91.86014, -7.74616], "size": [3, 7, 3], "pivot": [14.29017, 54.36014, -11.24616], "rotation": [-69.80109, 6.8517, 15.49302], "uv": [350, 330], "mirror": true}
					]
				},
				{
					"name": "topwire_right6",
					"parent": "topwire_right5",
					"pivot": [22.37634, 63.29871, 31.92636],
					"cubes": [
						{"origin": [13.04017, 98.86014, -7.74616], "size": [3, 7, 3], "pivot": [14.29017, 54.36014, -11.24616], "rotation": [-69.80109, 6.8517, 15.49302], "uv": [330, 330], "mirror": true}
					]
				},
				{
					"name": "topwire_flash_right6",
					"parent": "topwire_right6",
					"pivot": [14.29017, 54.36014, -11.24616],
					"cubes": [
						{"origin": [13.04017, 98.86014, -7.74616], "size": [3, 7, 3], "pivot": [14.29017, 54.36014, -11.24616], "rotation": [-69.80109, 6.8517, 15.49302], "uv": [309, 310], "mirror": true}
					]
				},
				{
					"name": "topwire_right7",
					"parent": "topwire_right6",
					"pivot": [23.77722, 65.4185, 38.44894],
					"cubes": [
						{"origin": [13.04017, 105.86014, -7.74616], "size": [3, 7, 3], "pivot": [14.29017, 54.36014, -11.24616], "rotation": [-69.80109, 6.8517, 15.49302], "uv": [330, 330], "mirror": true}
					]
				},
				{
					"name": "topwire_flash_right7",
					"parent": "topwire_right7",
					"pivot": [14.29017, 54.36014, -11.24616],
					"cubes": [
						{"origin": [13.04017, 105.86014, -7.74616], "size": [3, 7, 3], "pivot": [14.29017, 54.36014, -11.24616], "rotation": [-69.80109, 6.8517, 15.49302], "uv": [310, 330], "mirror": true}
					]
				},
				{
					"name": "topwire_right8",
					"parent": "topwire_right7",
					"pivot": [25.21725, 67.5376, 45.26895],
					"cubes": [
						{"origin": [23.71252, 67.48516, 43.55989], "size": [3, 7, 3], "pivot": [25.1781, 67.53828, 44.97152], "rotation": [-69.80109, 6.8517, 15.49302], "uv": [330, 330], "mirror": true}
					]
				},
				{
					"name": "topwire_flash_right8",
					"parent": "topwire_right8",
					"pivot": [25.1781, 67.53828, 44.97152],
					"cubes": [
						{"origin": [23.71252, 67.48516, 43.55989], "size": [3, 7, 3], "pivot": [25.1781, 67.53828, 44.97152], "rotation": [-69.80109, 6.8517, 15.49302], "uv": [350, 330], "mirror": true}
					]
				},
				{
					"name": "topwire_right9",
					"parent": "topwire_right8",
					"pivot": [26.56594, 69.65829, 51.39495],
					"cubes": [
						{"origin": [13.04017, 119.86014, -7.74616], "size": [3, 7, 3], "pivot": [14.29017, 54.36014, -11.24616], "rotation": [-69.80109, 6.8517, 15.49302], "uv": [330, 330], "mirror": true}
					]
				},
				{
					"name": "topwire_flash_right9",
					"parent": "topwire_right9",
					"pivot": [14.29017, 54.36014, -11.24616],
					"cubes": [
						{"origin": [13.04017, 119.86014, -7.74616], "size": [3, 7, 3], "pivot": [14.29017, 54.36014, -11.24616], "rotation": [-69.80109, 6.8517, 15.49302], "uv": [309, 310], "mirror": true}
					]
				},
				{
					"name": "topwire_right10",
					"parent": "topwire_right9",
					"pivot": [27.93948, 71.68195, 57.92091],
					"cubes": [
						{"origin": [13.04017, 126.86014, -7.74616], "size": [3, 7, 3], "pivot": [14.29017, 54.36014, -11.24616], "rotation": [-69.80109, 6.8517, 15.49302], "uv": [330, 330], "mirror": true}
					]
				},
				{
					"name": "topwire_right11",
					"parent": "topwire_right10",
					"pivot": [29.31302, 73.7056, 64.44687],
					"cubes": [
						{"origin": [13.04017, 133.86014, -7.74616], "size": [3, 7, 3], "pivot": [14.29017, 54.36014, -11.24616], "rotation": [-69.80109, 6.8517, 15.49302], "uv": [330, 330], "mirror": true}
					]
				},
				{
					"name": "topwire_right12",
					"parent": "topwire_right11",
					"pivot": [30.76859, 76.01764, 70.96269],
					"cubes": [
						{"origin": [13.04017, 140.86014, -7.74616], "size": [3, 7, 3], "pivot": [14.29017, 54.36014, -11.24616], "rotation": [-69.80109, 6.8517, 15.49302], "uv": [330, 310], "mirror": true}
					]
				},
				{
					"name": "topwire_right13",
					"parent": "topwire_right12",
					"pivot": [32.16947, 78.13743, 77.48527],
					"cubes": [
						{"origin": [13.04017, 147.86014, -7.74616], "size": [3, 7, 3], "pivot": [14.29017, 54.36014, -11.24616], "rotation": [-69.80109, 6.8517, 15.49302], "uv": [350, 330], "mirror": true}
					]
				},
				{
					"name": "topwire_right14",
					"parent": "topwire_right13",
					"pivot": [33.57035, 80.25721, 84.00785],
					"cubes": [
						{"origin": [13.04017, 154.86014, -7.74616], "size": [3, 7, 3], "pivot": [14.29017, 54.36014, -11.24616], "rotation": [-69.80109, 6.8517, 15.49302], "uv": [350, 330], "mirror": true}
					]
				},
				{
					"name": "topwire_right15",
					"parent": "topwire_right14",
					"pivot": [34.97124, 82.377, 90.53043],
					"cubes": [
						{"origin": [13.04017, 161.86014, -7.74616], "size": [3, 7, 3], "pivot": [14.29017, 54.36014, -11.24616], "rotation": [-69.80109, 6.8517, 15.49302], "uv": [350, 330], "mirror": true}
					]
				},
				{
					"name": "wing_right",
					"parent": "wingattachment_right",
					"pivot": [17.71937, 59.33528, -2.73402],
					"rotation": [102.42672, -6.5147, -129.90502],
					"cubes": [
						{"origin": [29.25636, 45.98231, -11.85308], "size": [1, 7, 5], "pivot": [27.69325, 63.07659, -19.90467], "rotation": [19.60174, -31.58697, 13.16103], "uv": [72, 106]},
						{"origin": [28.83801, 40.97675, -13.63441], "size": [2, 9, 8], "pivot": [27.69325, 63.07659, -19.90467], "rotation": [42.10174, -31.58697, 13.16103], "uv": [252, 253], "mirror": true}
					]
				},
				{
					"name": "wingreg2_right",
					"parent": "wing_right",
					"pivot": [21.02381, 54.5364, -6.81774],
					"rotation": [2.20342, -19.39116, 3.50338],
					"cubes": [
						{"origin": [23.93392, 48.73697, -20.00833], "size": [2, 7, 11], "pivot": [22.46583, 64.01451, -20.84521], "rotation": [9.35977, -12.49247, 10.07227], "uv": [136, 237]}
					]
				},
				{
					"name": "wingtip_right",
					"parent": "wingreg2_right",
					"pivot": [20.44001, 49.80932, 22.67598],
					"cubes": [
						{"origin": [23.89469, 49.34464, -20.08782], "size": [2, 10, 9], "inflate": 0.05, "pivot": [22.46583, 64.01451, -20.84521], "rotation": [-23.14023, -12.49247, 10.07227], "uv": [26, 249]},
						{"origin": [23.88469, 45.73989, -25.64247], "size": [2, 17, 17], "inflate": 0.07, "pivot": [22.46583, 64.01451, -20.84521], "rotation": [-60.64023, -12.49247, 10.07227], "uv": [178, 115]},
						{"origin": [23.88469, 34.77412, -25.01643], "size": [2, 26, 8], "inflate": 0.05, "pivot": [22.46583, 64.01451, -20.84521], "rotation": [-85.64023, -12.49247, 10.07227], "uv": [212, 230]},
						{"origin": [24.89391, 43.06707, -37.05812], "size": [2, 9, 6], "inflate": 0.05, "pivot": [25.59452, 52.55559, -33.54293], "rotation": [-58.14023, -12.49247, 10.07227], "uv": [64, 259]},
						{"origin": [24.88469, 39.15424, -28.28769], "size": [0, 7, 10], "pivot": [22.46583, 64.01451, -20.84521], "rotation": [-65.64023, -12.49247, 10.07227], "uv": [136, 255]},
						{"origin": [22.60232, 38.85055, -28.37709], "size": [2, 16, 5], "inflate": 0.05, "pivot": [23.3047, 47.15802, -28.08092], "rotation": [-40.64023, -12.49247, 10.07227], "uv": [256, 38]},
						{"origin": [24.47551, 41.47351, -36.35848], "size": [0, 7, 12], "pivot": [24.17611, 50.45669, -29.34956], "rotation": [-33.14023, -12.49247, 10.07227], "uv": [240, 83]}
					]
				},
				{
					"name": "arm_right",
					"parent": "arms",
					"pivot": [14.23437, 51.45477, -10.15435]
				},
				{
					"name": "shoulder_right",
					"parent": "arm_right",
					"pivot": [10, 52.3574, -11.31887],
					"cubes": [
						{"origin": [10, 37.89786, 4.49266], "size": [11, 11, 11], "inflate": 0.01, "pivot": [-9.58772, 58.19316, 2.67567], "rotation": [-90, 0, 0], "uv": [168, 213]}
					]
				},
				{
					"name": "bicep_right",
					"parent": "shoulder_right",
					"pivot": [17, 52.27057, -11.81127],
					"cubes": [
						{"origin": [17, 38.89786, 5.49266], "size": [17, 9, 9], "inflate": 0.01, "pivot": [-9.58772, 58.19316, 2.67567], "rotation": [-90, 0, 0], "uv": [178, 149]}
					]
				},
				{
					"name": "forearm_right",
					"parent": "bicep_right",
					"pivot": [36, 50.77057, -11.81127],
					"cubes": [
						{"origin": [38, 35.99786, 2.49266], "size": [20, 12, 11], "pivot": [-6.58772, 56.69316, 2.67567], "rotation": [-90, 0, 0], "uv": [152, 0]},
						{"origin": [31.84853, 46.33626, -17.91127], "size": [12, 12, 11], "inflate": 0.015, "pivot": [36, 50.77057, -11.81127], "rotation": [-90, 45, 0], "uv": [80, 197]}
					]
				},
				{
					"name": "hand_right",
					"parent": "forearm_right",
					"pivot": [57, 50.77057, -11.81127],
					"cubes": [
						{"origin": [55, 35.39786, 2.49266], "size": [10, 13, 11], "inflate": 0.01, "pivot": [-9.58772, 56.69316, 2.67567], "rotation": [-90, 0, 0], "uv": [126, 213]},
						{"origin": [51.34457, 68.54946, -16.81127], "size": [9, 9, 7], "inflate": 0.01, "pivot": [33, 50.77057, -11.81127], "rotation": [-90, 45, 0], "uv": [216, 24]}
					]
				},
				{
					"name": "fingers_right",
					"parent": "hand_right",
					"pivot": [-9.58772, 56.69316, 2.67567]
				},
				{
					"name": "finger4",
					"parent": "fingers_right",
					"pivot": [61, 51.87618, -17.61963],
					"cubes": [
						{"origin": [60.10122, 48.0176, -19.61963], "size": [6, 5, 5], "inflate": 0.01, "pivot": [61, 50.87618, -17.61963], "rotation": [-90, 45, 0], "uv": [184, 258]},
						{"origin": [66.10122, 49.0176, -18.61963], "size": [4, 3, 3], "inflate": 0.01, "pivot": [61, 50.87618, -17.61963], "rotation": [-90, 45, 0], "uv": [280, 77]}
					]
				},
				{
					"name": "finger6",
					"parent": "fingers_right",
					"pivot": [65, 50.87618, -15.11963],
					"cubes": [
						{"origin": [64, 35.39786, 4.49266], "size": [7, 5, 5], "inflate": 0.01, "pivot": [-9.58772, 56.69316, 2.67567], "rotation": [-90, 0, 0], "uv": [90, 36]},
						{"origin": [71, 36.39786, 5.49266], "size": [3, 3, 3], "inflate": 0.01, "pivot": [-9.58772, 56.69316, 2.67567], "rotation": [-90, 0, 0], "uv": [280, 224]}
					]
				},
				{
					"name": "finger5",
					"parent": "fingers_right",
					"pivot": [65, 50.87618, -7.11963],
					"cubes": [
						{"origin": [64, 35.39786, 12.49266], "size": [7, 5, 5], "inflate": 0.01, "pivot": [-9.58772, 56.69316, 10.67567], "rotation": [-90, 0, 0], "uv": [90, 36]},
						{"origin": [71, 36.39786, 13.49266], "size": [3, 3, 3], "inflate": 0.01, "pivot": [-9.58772, 56.69316, 10.67567], "rotation": [-90, 0, 0], "uv": [280, 224]}
					]
				},
				{
					"name": "legs",
					"parent": "body",
					"pivot": [0, 0, 11.75]
				},
				{
					"name": "leg_left",
					"parent": "legs",
					"pivot": [-10, 25, 7]
				},
				{
					"name": "thigh_left",
					"parent": "leg_left",
					"pivot": [-26, 23, 9]
				},
				{
					"name": "thigh_left2",
					"parent": "thigh_left",
					"pivot": [15.25, 30.25, 7.75],
					"cubes": [
						{"origin": [-21.25, 15.91371, -2.70632], "size": [12, 17, 19], "inflate": 0.01, "pivot": [-13.75, 23.07223, 6.89799], "rotation": [-35, 0, 0], "uv": [90, 0], "mirror": true}
					]
				},
				{
					"name": "ankle_left",
					"parent": "leg_left",
					"pivot": [-15.5, 15, 11],
					"cubes": [
						{"origin": [-16.5, 3.25, 2], "size": [6, 13, 6], "pivot": [-16.5, 3.25, 3], "rotation": [-42.5, 0, 0], "uv": [240, 64]},
						{"origin": [-18.5, 9.5, 7], "size": [9, 11, 9], "uv": [216, 128]}
					]
				},
				{
					"name": "foot_left",
					"parent": "ankle_left",
					"pivot": [-16, 2, 5.75],
					"cubes": [
						{"origin": [-17.77543, -0.81537, -1.91876], "size": [7, 4, 9], "uv": [230, 148]},
						{"origin": [-17.77543, -0.81537, 7.08124], "size": [7, 4, 5], "uv": [0, 258]}
					]
				},
				{
					"name": "toes_left",
					"parent": "foot_left",
					"pivot": [-30.77543, -0.81537, -13.66876]
				},
				{
					"name": "toe1_left",
					"parent": "toes_left",
					"pivot": [-30.77543, -0.81537, -13.66876],
					"rotation": [0, 25, 0],
					"cubes": [
						{"origin": [-24.02497, -0.81537, -4.53782], "size": [2, 2, 2], "uv": [70, 118]},
						{"origin": [-24.02497, -0.81537, -2.53782], "size": [2, 3, 3], "uv": [126, 257]},
						{"origin": [-24.52497, -0.81537, 0.46218], "size": [3, 3, 4], "uv": [274, 30]}
					]
				},
				{
					"name": "toe2_left",
					"parent": "toes_left",
					"pivot": [-16.02543, -0.81537, -11.66876],
					"rotation": [0, -25, 0],
					"cubes": [
						{"origin": [-9.77497, -0.81537, -7.04971], "size": [3, 3, 3], "uv": [280, 138]},
						{"origin": [-9.37497, -0.81537, -10.04971], "size": [2, 3, 3], "uv": [80, 259]},
						{"origin": [-9.37497, -0.81537, -12.04971], "size": [2, 2, 2], "uv": [152, 42]}
					]
				},
				{
					"name": "toe3_left",
					"parent": "toes_left",
					"pivot": [-30.77543, -0.81537, -13.66876],
					"cubes": [
						{"origin": [-14.77543, -0.81537, -6.31876], "size": [1, 2, 2], "uv": [78, 118]},
						{"origin": [-14.77543, -0.54986, -5.10563], "size": [1, 2, 4], "inflate": 0.01, "pivot": [-14.27543, 0.63992, -4.25089], "rotation": [32.5, 0, 0], "uv": [222, 264]},
						{"origin": [-14.27543, -0.81537, -14.31876], "size": [0, 8, 21], "uv": [0, 179], "mirror": true}
					]
				},
				{
					"name": "leg_right",
					"parent": "legs",
					"pivot": [10, 25, 7]
				},
				{
					"name": "thigh_right",
					"parent": "leg_right",
					"pivot": [26, 23, 9]
				},
				{
					"name": "thigh_right2",
					"parent": "thigh_right",
					"pivot": [15.25, 30.25, 7.75],
					"cubes": [
						{"origin": [9.25, 15.91371, -2.70632], "size": [12, 17, 19], "inflate": 0.01, "pivot": [13.75, 23.07223, 6.89799], "rotation": [-35, 0, 0], "uv": [90, 0]}
					]
				},
				{
					"name": "ankle_right",
					"parent": "leg_right",
					"pivot": [15.5, 15, 11],
					"cubes": [
						{"origin": [10.5, 3.25, 2], "size": [6, 13, 6], "pivot": [16.5, 3.25, 3], "rotation": [-42.5, 0, 0], "uv": [66, 240]},
						{"origin": [9.5, 9.5, 7], "size": [9, 11, 9], "uv": [76, 220]}
					]
				},
				{
					"name": "foot_right",
					"parent": "ankle_right",
					"pivot": [12, 2, 5.75],
					"cubes": [
						{"origin": [10.68045, 0.04646, 7.17147], "size": [7, 4, 5], "uv": [114, 36]},
						{"origin": [10.68045, 0.04646, -1.82853], "size": [7, 4, 9], "uv": [34, 236]}
					]
				},
				{
					"name": "toes_right",
					"parent": "foot_right",
					"pivot": [30.68045, 0.04646, -13.57853]
				},
				{
					"name": "toe1_right",
					"parent": "toes_right",
					"pivot": [30.68045, 0.04646, -13.57853],
					"rotation": [0, -25, 0],
					"cubes": [
						{"origin": [21.92999, 0.04646, -4.44759], "size": [2, 2, 2], "uv": [232, 64]},
						{"origin": [21.92999, 0.04646, -2.44759], "size": [2, 3, 3], "uv": [280, 236]},
						{"origin": [21.42999, 0.04646, 0.55241], "size": [3, 3, 4], "uv": [276, 180]}
					]
				},
				{
					"name": "toe2_right",
					"parent": "toes_right",
					"pivot": [15.93045, 0.04646, -11.57853],
					"rotation": [0, 25, 0],
					"cubes": [
						{"origin": [6.67999, 0.04646, -6.95948], "size": [3, 3, 3], "uv": [280, 150]},
						{"origin": [7.27999, 0.04646, -9.95948], "size": [2, 3, 3], "uv": [280, 242]},
						{"origin": [7.27999, 0.04646, -11.95948], "size": [2, 2, 2], "uv": [232, 68]}
					]
				},
				{
					"name": "toe3_right",
					"parent": "toes_right",
					"pivot": [30.68045, 0.04646, -13.57853],
					"cubes": [
						{"origin": [13.68045, 0.04646, -6.22853], "size": [1, 2, 2], "uv": [112, 233]},
						{"origin": [14.18045, 0.04646, -14.22853], "size": [0, 8, 21], "uv": [0, 179]},
						{"origin": [13.68045, 0.31197, -5.01539], "size": [1, 2, 4], "inflate": 0.01, "pivot": [14.18045, 1.50175, -4.16066], "rotation": [32.5, 0, 0], "uv": [252, 280]}
					]
				}
			]
		}
	]
}