{
	"format_version": "1.12.0",
	"minecraft:geometry": [
		{
			"description": {
				"identifier": "geometry.naganadel",
				"texture_width": 128,
				"texture_height": 128,
				"visible_bounds_width": 6,
				"visible_bounds_height": 5.5,
				"visible_bounds_offset": [0, 2.25, 0]
			},
			"bones": [
				{
					"name": "naganadel",
					"pivot": [0, 0, 0]
				},
				{
					"name": "body",
					"parent": "naganadel",
					"pivot": [0, 40, 0]
				},
				{
					"name": "torso_top",
					"parent": "body",
					"pivot": [0, 35, 0],
					"cubes": [
						{"origin": [-2, 34, -2], "size": [4, 6, 4], "uv": [112, 29]}
					]
				},
				{
					"name": "torso_top2",
					"parent": "torso_top",
					"pivot": [0, 39, 2],
					"rotation": [10, 0, 0],
					"cubes": [
						{"origin": [-2.5, 38, -2.25], "size": [5, 1, 5], "uv": [56, 17]},
						{"origin": [-3.5, 39, -2.5], "size": [7, 4, 6], "uv": [42, 0]}
					]
				},
				{
					"name": "neck",
					"parent": "torso_top2",
					"pivot": [0, 43, 3.5],
					"rotation": [-10, 0, 0],
					"cubes": [
						{"origin": [-2.5, 42, -0.5], "size": [5, 5, 4], "inflate": 0.01, "uv": [76, 17]}
					]
				},
				{
					"name": "neck2",
					"parent": "neck",
					"pivot": [0, 47, 3.5],
					"cubes": [
						{"origin": [-2.5, 47, -0.5], "size": [5, 5, 4], "uv": [110, 0]},
						{"origin": [0, 47.25, 3.5], "size": [0, 2, 2], "uv": [62, 2]}
					]
				},
				{
					"name": "neck3",
					"parent": "neck2",
					"pivot": [0, 52, 3.5],
					"cubes": [
						{"origin": [-2.5, 52, -0.5], "size": [5, 4, 4], "inflate": 0.01, "uv": [76, 26]}
					]
				},
				{
					"name": "head",
					"parent": "neck3",
					"pivot": [0, 55, 2.5],
					"rotation": [100, 0, 0],
					"cubes": [
						{"origin": [-3, 55, 0.5], "size": [6, 6, 4], "inflate": 0.01, "uv": [0, 72]},
						{"origin": [-2.5, 61, 0.5], "size": [5, 2, 4], "inflate": 0.01, "uv": [50, 72]},
						{"origin": [-3, 55, -0.5], "size": [6, 2, 1], "uv": [20, 77]},
						{"origin": [-3, 58, 1], "size": [6, 3, 2], "inflate": 0.02, "uv": [112, 73]},
						{"origin": [-2.5, 61, 1], "size": [5, 2, 2], "inflate": 0.02, "uv": [114, 69]},
						{"origin": [-1.85, 62.1, 0], "size": [0, 1, 1], "pivot": [-1.85, 62.6, 0.5], "rotation": [-45, 0, 60], "uv": [42, 31], "mirror": true},
						{"origin": [1.85, 62.1, 0], "size": [0, 1, 1], "pivot": [1.85, 62.6, 0.5], "rotation": [-45, 0, -60], "uv": [42, 32]},
						{"origin": [-3, 58.35, -0.25], "size": [0, 2, 2], "pivot": [-3, 59.35, 0.75], "rotation": [-45, 2.5, 0], "uv": [64, 72], "mirror": true},
						{"origin": [3, 58.35, -0.25], "size": [0, 2, 2], "pivot": [3, 59.35, 0.75], "rotation": [-45, -2.5, 0], "uv": [64, 70]},
						{"origin": [0, 60.75, 4.25], "size": [0, 2, 3], "pivot": [0, 60.75, 4.25], "rotation": [30, 0, 0], "uv": [42, 0]},
						{"origin": [-3, 50.75, 2], "size": [0, 7, 2], "pivot": [-3, 57.75, 2.75], "rotation": [-5, 0, 25], "uv": [38, 70]},
						{"origin": [-3, 48.75, 2], "size": [0, 9, 3], "pivot": [-3, 57.75, 2.25], "rotation": [27.5, -2.5, 25], "uv": [36, 22]},
						{"origin": [3, 48.75, 2], "size": [0, 9, 3], "pivot": [3, 57.75, 2.25], "rotation": [27.5, 2.5, -25], "uv": [66, 22]},
						{"origin": [3, 50.75, 2], "size": [0, 7, 2], "pivot": [3, 57.75, 2.75], "rotation": [-10, 0, -25], "uv": [34, 70]}
					]
				},
				{
					"name": "jaw",
					"parent": "head",
					"pivot": [0, 57, 0.25],
					"rotation": [-2.5, 0, 0],
					"cubes": [
						{"origin": [-3, 56.75, -0.5], "size": [6, 3, 1], "uv": [114, 25]},
						{"origin": [-2.5, 59.75, -0.5], "size": [5, 2, 1], "uv": [57, 78]},
						{"origin": [-1.5, 61.75, -0.5], "size": [3, 1, 1], "uv": [88, 73]}
					]
				},
				{
					"name": "tusk_right",
					"parent": "head",
					"pivot": [-3, 55.25, 1.25],
					"rotation": [30, 0, 2.5],
					"cubes": [
						{"origin": [-4.5, 55.25, 0.25], "size": [2, 2, 2], "inflate": 0.01, "uv": [42, 10]}
					]
				},
				{
					"name": "tusk_right2",
					"parent": "tusk_right",
					"pivot": [-4.5, 55.25, 1.25],
					"rotation": [0, 0, 72.5],
					"cubes": [
						{"origin": [-7.5, 55.25, 0.25], "size": [3, 2, 2], "uv": [82, 34]}
					]
				},
				{
					"name": "tusk_right3",
					"parent": "tusk_right2",
					"pivot": [-7.5, 55.25, 0.25],
					"rotation": [0, 25, 25],
					"cubes": [
						{"origin": [-10.5, 55.25, 0.25], "size": [3, 2, 2], "inflate": 0.01, "uv": [106, 29]}
					]
				},
				{
					"name": "tusk_right4",
					"parent": "tusk_right3",
					"pivot": [-10.5, 55.25, 1.25],
					"rotation": [0, 7.5, 15],
					"cubes": [
						{"origin": [-13.5, 55.25, 0.25], "size": [3, 2, 2], "uv": [72, 35]}
					]
				},
				{
					"name": "tusk_right5",
					"parent": "tusk_right4",
					"pivot": [-13.5, 55.75, 1.25],
					"rotation": [0, 0, 40],
					"cubes": [
						{"origin": [-16.5, 55.75, 0.75], "size": [3, 1, 1], "uv": [64, 37]}
					]
				},
				{
					"name": "tusk_left",
					"parent": "head",
					"pivot": [3, 55.25, 1.25],
					"rotation": [30, 0, -2.5],
					"cubes": [
						{"origin": [2.5, 55.25, 0.25], "size": [2, 2, 2], "inflate": 0.01, "uv": [71, 17]}
					]
				},
				{
					"name": "tusk_left2",
					"parent": "tusk_left",
					"pivot": [4.5, 55.25, 1.25],
					"rotation": [0, 0, -72.5],
					"cubes": [
						{"origin": [4.5, 55.25, 0.25], "size": [3, 2, 2], "uv": [16, 72]}
					]
				},
				{
					"name": "tusk_left3",
					"parent": "tusk_left2",
					"pivot": [7.5, 55.25, 0.25],
					"rotation": [0, -25, -25],
					"cubes": [
						{"origin": [7.5, 55.25, 0.25], "size": [3, 2, 2], "inflate": 0.01, "uv": [92, 0]}
					]
				},
				{
					"name": "tusk_left4",
					"parent": "tusk_left3",
					"pivot": [10.5, 55.25, 1.25],
					"rotation": [0, -7.5, -15],
					"cubes": [
						{"origin": [10.5, 55.25, 0.25], "size": [3, 2, 2], "uv": [67, 79]}
					]
				},
				{
					"name": "tusk_left5",
					"parent": "tusk_left4",
					"pivot": [13.5, 55.75, 1.25],
					"rotation": [0, 0, -40],
					"cubes": [
						{"origin": [13.5, 55.75, 0.75], "size": [3, 1, 1], "uv": [68, 23]}
					]
				},
				{
					"name": "crest_head",
					"parent": "head",
					"pivot": [0, 61, 4],
					"rotation": [2.5, 0, 0],
					"cubes": [
						{"origin": [-1, 51, 1], "size": [2, 11, 4], "uv": [92, 30]},
						{"origin": [-0.5, 47, 2], "size": [1, 4, 3], "uv": [104, 10]},
						{"origin": [-0.5, 42, 3], "size": [1, 5, 2], "uv": [68, 72]},
						{"origin": [0, 34, 3], "size": [0, 16, 4], "uv": [100, 55]},
						{"origin": [0, 53.25, 5], "size": [0, 6, 3], "uv": [104, 31]}
					]
				},
				{
					"name": "arm_right",
					"parent": "torso_top2",
					"pivot": [-3.25, 41.25, 1],
					"rotation": [-7.5, 5, 30],
					"cubes": [
						{"origin": [-6, 39.25, -0.5], "size": [3, 4, 3], "inflate": 0.01, "uv": [74, 72]},
						{"origin": [-5.5, 34.25, 0], "size": [2, 5, 2], "uv": [92, 52]},
						{"origin": [-9, 40.5, 0], "size": [3, 2, 2], "uv": [104, 25]},
						{"origin": [-14, 41, 0.5], "size": [5, 1, 1], "uv": [0, 32]}
					]
				},
				{
					"name": "arm_right2",
					"parent": "arm_right",
					"pivot": [-4.5, 34.25, 2],
					"rotation": [-50, 0, 0],
					"cubes": [
						{"origin": [-5.5, 30.25, 0], "size": [2, 4, 2], "inflate": 0.01, "uv": [42, 72]}
					]
				},
				{
					"name": "hand_right",
					"parent": "arm_right2",
					"pivot": [-4.5, 30.25, 1],
					"cubes": [
						{"origin": [-5.5, 29.25, 0], "size": [2, 1, 2], "uv": [106, 0]}
					]
				},
				{
					"name": "finger_right_index",
					"parent": "hand_right",
					"pivot": [-4, 29.5, 0.5],
					"rotation": [-45, -35, -15],
					"cubes": [
						{"origin": [-4.5, 26.5, 0], "size": [1, 3, 1], "inflate": 0.01, "uv": [104, 17]}
					]
				},
				{
					"name": "finger_right_index2",
					"parent": "finger_right_index",
					"pivot": [-4, 26.5, 0],
					"rotation": [60, 0, 0],
					"cubes": [
						{"origin": [-4, 23.5, 0], "size": [0, 3, 1], "uv": [0, 24]}
					]
				},
				{
					"name": "finger_right_middle",
					"parent": "hand_right",
					"pivot": [-4.5, 29.5, 1.5],
					"rotation": [40, 0, 0],
					"cubes": [
						{"origin": [-5, 26.5, 1], "size": [1, 3, 1], "inflate": 0.01, "uv": [112, 17]}
					]
				},
				{
					"name": "finger_right_middle2",
					"parent": "finger_right_middle",
					"pivot": [-4.5, 26.5, 2],
					"rotation": [-60, 0, 0],
					"cubes": [
						{"origin": [-4.5, 23.5, 1], "size": [0, 3, 1], "uv": [9, 24]}
					]
				},
				{
					"name": "finger_right_ring",
					"parent": "hand_right",
					"pivot": [-5, 29.5, 0.5],
					"rotation": [-45, 35, 15],
					"cubes": [
						{"origin": [-5.5, 26.5, 0], "size": [1, 3, 1], "inflate": 0.01, "uv": [108, 17]}
					]
				},
				{
					"name": "finger_right_ring2",
					"parent": "finger_right_ring",
					"pivot": [-5, 26.5, 0],
					"rotation": [60, 0, 0],
					"cubes": [
						{"origin": [-5, 23.5, 0], "size": [0, 3, 1], "uv": [12, 9]}
					]
				},
				{
					"name": "arm_left",
					"parent": "torso_top2",
					"pivot": [3.25, 41.25, 1],
					"rotation": [-7.5, -5, -30],
					"cubes": [
						{"origin": [3, 39.25, -0.5], "size": [3, 4, 3], "inflate": 0.01, "uv": [0, 25]},
						{"origin": [3.5, 34.25, 0], "size": [2, 5, 2], "uv": [100, 52]},
						{"origin": [6, 40.5, 0], "size": [3, 2, 2], "uv": [90, 17]},
						{"origin": [9, 41, 0.5], "size": [5, 1, 1], "uv": [56, 10]}
					]
				},
				{
					"name": "arm_left2",
					"parent": "arm_left",
					"pivot": [4.5, 34.25, 2],
					"rotation": [-50, 0, 0],
					"cubes": [
						{"origin": [3.5, 30.25, 0], "size": [2, 4, 2], "inflate": 0.01, "uv": [102, 3]}
					]
				},
				{
					"name": "hand_left",
					"parent": "arm_left2",
					"pivot": [4.5, 30.25, 1],
					"cubes": [
						{"origin": [3.5, 29.25, 0], "size": [2, 1, 2], "uv": [26, 73]}
					]
				},
				{
					"name": "finger_left_index",
					"parent": "hand_left",
					"pivot": [4, 29.5, 0.5],
					"rotation": [-45, 35, 15],
					"cubes": [
						{"origin": [3.5, 26.5, 0], "size": [1, 3, 1], "inflate": 0.01, "uv": [62, 0]}
					]
				},
				{
					"name": "finger_left_index2",
					"parent": "finger_left_index",
					"pivot": [4, 26.5, 0],
					"rotation": [60, 0, 0],
					"cubes": [
						{"origin": [4, 23.5, 0], "size": [0, 3, 1], "uv": [12, 3]}
					]
				},
				{
					"name": "finger_left_middle",
					"parent": "hand_left",
					"pivot": [4.5, 29.5, 1.5],
					"rotation": [40, 0, 0],
					"cubes": [
						{"origin": [4, 26.5, 1], "size": [1, 3, 1], "inflate": 0.01, "uv": [94, 21]}
					]
				},
				{
					"name": "finger_left_middle2",
					"parent": "finger_left_middle",
					"pivot": [4.5, 26.5, 2],
					"rotation": [-60, 0, 0],
					"cubes": [
						{"origin": [4.5, 23.5, 1], "size": [0, 3, 1], "uv": [12, 6]}
					]
				},
				{
					"name": "finger_left_ring",
					"parent": "hand_left",
					"pivot": [5, 29.5, 0.5],
					"rotation": [-45, -35, -15],
					"cubes": [
						{"origin": [4.5, 26.5, 0], "size": [1, 3, 1], "inflate": 0.01, "uv": [56, 17]}
					]
				},
				{
					"name": "finger_left_ring2",
					"parent": "finger_left_ring",
					"pivot": [5, 26.5, 0],
					"rotation": [60, 0, 0],
					"cubes": [
						{"origin": [5, 23.5, 0], "size": [0, 3, 1], "uv": [12, 0]}
					]
				},
				{
					"name": "wing_right",
					"parent": "torso_top2",
					"pivot": [-1.25, 40.5, 3.5],
					"rotation": [0, 25, 0],
					"cubes": [
						{"origin": [-7.25, 39, 3.5], "size": [6, 6, 0], "inflate": 0.01, "uv": [116, 9], "mirror": true}
					]
				},
				{
					"name": "wing_right2",
					"parent": "wing_right",
					"pivot": [-7.25, 43, 3.5],
					"cubes": [
						{"origin": [-15.25, 37, 3.5], "size": [8, 15, 0], "uv": [112, 54], "mirror": true}
					]
				},
				{
					"name": "wing_right3",
					"parent": "wing_right2",
					"pivot": [-15.25, 44, 3.5],
					"cubes": [
						{"origin": [-38.25, 26, 3.5], "size": [23, 33, 0], "uv": [0, 39], "mirror": true},
						{"origin": [-15.25, 57, 3.5], "size": [7, 2, 0], "uv": [20, 80], "mirror": true}
					]
				},
				{
					"name": "wing_left",
					"parent": "torso_top2",
					"pivot": [1.25, 40.5, 3.5],
					"rotation": [0, -25, 0],
					"cubes": [
						{"origin": [1.25, 39, 3.5], "size": [6, 6, 0], "inflate": 0.01, "uv": [116, 15]}
					]
				},
				{
					"name": "wing_left2",
					"parent": "wing_left",
					"pivot": [7.25, 43, 3.5],
					"cubes": [
						{"origin": [7.25, 37, 3.5], "size": [8, 15, 0], "uv": [112, 39]}
					]
				},
				{
					"name": "wing_left3",
					"parent": "wing_left2",
					"pivot": [15.25, 44, 3.5],
					"cubes": [
						{"origin": [15.25, 26, 3.5], "size": [23, 33, 0], "uv": [46, 39]},
						{"origin": [8.25, 57, 3.5], "size": [7, 2, 0], "uv": [49, 37]}
					]
				},
				{
					"name": "torso_bottom",
					"parent": "body",
					"pivot": [0, 35, 0],
					"cubes": [
						{"origin": [-6, 33, -6], "size": [12, 2, 12], "uv": [0, 25]},
						{"origin": [-7, 22, -7], "size": [14, 11, 14], "uv": [0, 0]},
						{"origin": [-6, 17, -6], "size": [12, 5, 12], "uv": [56, 0]},
						{"origin": [-5, 14, -4.5], "size": [10, 3, 9], "uv": [36, 25]},
						{"origin": [-11.5, 27, 0], "size": [5, 3, 0], "uv": [92, 7]},
						{"origin": [6.5, 27, 0], "size": [5, 3, 0], "uv": [92, 4]},
						{"origin": [-13.25, 18.5, -1], "size": [8, 2, 2], "pivot": [-5.25, 19.5, 0], "rotation": [0, 5, -50], "uv": [86, 75]},
						{"origin": [-18.25, 19, -0.5], "size": [5, 1, 1], "pivot": [-5.25, 19.5, 0], "rotation": [0, 5, -50], "uv": [0, 34]},
						{"origin": [-2, 12.5, -2.5], "size": [4, 2, 5], "uv": [92, 45]},
						{"origin": [-1.5, 2.5, -1.5], "size": [3, 10, 3], "uv": [0, 0]},
						{"origin": [-1, -3.5, -1], "size": [2, 6, 2], "uv": [92, 59]},
						{"origin": [5.25, 18.5, -1], "size": [8, 2, 2], "pivot": [5.25, 19.5, 0], "rotation": [0, -5, 50], "uv": [108, 21]},
						{"origin": [13.25, 19, -0.5], "size": [5, 1, 1], "pivot": [5.25, 19.5, 0], "rotation": [0, -5, 50], "uv": [56, 23]}
					]
				}
			]
		}
	]
}