{
	"format_version": "1.12.0",
	"minecraft:geometry": [
		{
			"description": {
				"identifier": "geometry.toxtricityB",
				"texture_width": 128,
				"texture_height": 128,
				"visible_bounds_width": 5,
				"visible_bounds_height": 4.5,
				"visible_bounds_offset": [0, 1.75, 0]
			},
			"bones": [
				{
					"name": "toxtricity",
					"pivot": [0, 0, 0]
				},
				{
					"name": "leg2",
					"parent": "toxtricity",
					"pivot": [2.52618, 13.4, 1.47933],
					"cubes": [
						{"origin": [0.9, 7.4, -2.1], "size": [4, 6, 5], "pivot": [0, 27, 0], "rotation": [0, -22.5, 0], "uv": [66, 21]}
					]
				},
				{
					"name": "fixedknee",
					"parent": "leg2",
					"pivot": [3.48289, 7.6, 2.16963],
					"cubes": [
						{"origin": [0.9, 1.4, -2.1], "size": [4, 6, 5], "pivot": [0, 27, 0], "rotation": [0, -22.5, 0], "uv": [32, 64]},
						{"origin": [-0.1, 0.4, -5.1], "size": [3, 1, 3], "pivot": [0, 27, 0], "rotation": [0, -22.5, 0], "uv": [0, 124], "mirror": true},
						{"origin": [1.4, 0.4, -6.1], "size": [3, 1, 4], "pivot": [0, 27, 0], "rotation": [0, -22.5, 0], "uv": [12, 123], "mirror": true},
						{"origin": [2.9, 0.4, -5.1], "size": [3, 1, 3], "pivot": [0, 27, 0], "rotation": [0, -22.5, 0], "uv": [0, 124], "mirror": true},
						{"origin": [0.9, 0.4, -2.1], "size": [4, 1, 5], "pivot": [0, 27, 0], "rotation": [0, -22.5, 0], "uv": [51, 50], "mirror": true}
					]
				},
				{
					"name": "leg",
					"parent": "toxtricity",
					"pivot": [-2.52618, 13.4, 1.47933],
					"cubes": [
						{"origin": [-4.9, 7.4, -2.1], "size": [4, 6, 5], "pivot": [0, 27, 0], "rotation": [0, 22.5, 0], "uv": [68, 66]}
					]
				},
				{
					"name": "knee",
					"parent": "leg",
					"pivot": [-3.48289, 7.6, 2.16963],
					"cubes": [
						{"origin": [-4.9, 1.4, -2.1], "size": [4, 6, 5], "pivot": [0, 27, 0], "rotation": [0, 22.5, 0], "uv": [50, 66]},
						{"origin": [-4.9, 0.4, -2.1], "size": [4, 1, 5], "pivot": [0, 27, 0], "rotation": [0, 22.5, 0], "uv": [51, 50]},
						{"origin": [-5.9, 0.4, -5.1], "size": [3, 1, 3], "pivot": [0, 27, 0], "rotation": [0, 22.5, 0], "uv": [0, 124]},
						{"origin": [-2.9, 0.4, -5.1], "size": [3, 1, 3], "pivot": [0, 27, 0], "rotation": [0, 22.5, 0], "uv": [0, 124]},
						{"origin": [-4.4, 0.4, -6.1], "size": [3, 1, 4], "pivot": [0, 27, 0], "rotation": [0, 22.5, 0], "uv": [12, 123]}
					]
				},
				{
					"name": "torso",
					"parent": "toxtricity",
					"pivot": [0, 14, 0],
					"cubes": [
						{"origin": [-4, 13.4, -1.6], "size": [8, 5, 7], "uv": [32, 32]},
						{"origin": [-8, 15.4, 2.4], "size": [16, 0, 2], "pivot": [0, 27, 0], "rotation": [9.97849, -0.25412, 0.58333], "uv": [26, 20]},
						{"origin": [3, 14.9, 4.4], "size": [2, 0, 2], "pivot": [0, 27, 0], "rotation": [9.97849, -0.25412, 0.58333], "uv": [0, 6]},
						{"origin": [1, 14.9, 4.4], "size": [1, 2, 8], "pivot": [0, 27, 0], "rotation": [9.97849, -0.25412, 0.58333], "uv": [70, 32]},
						{"origin": [-2, 14.9, 4.4], "size": [1, 2, 8], "pivot": [0, 27, 0], "rotation": [9.97849, 0.25412, -0.58333], "uv": [64, 45]},
						{"origin": [-5, 14.9, 4.4], "size": [2, 0, 2], "pivot": [0, 27, 0], "rotation": [9.97849, 0.25412, -0.58333], "uv": [0, 0]},
						{"origin": [-8, 15.4, -0.6], "size": [16, 0, 2], "pivot": [0, 27, 0], "rotation": [9.97849, -0.25412, 0.58333], "uv": [28, 0]},
						{"origin": [-6, 13.9, -1.6], "size": [12, 3, 6], "pivot": [0, 27, 0], "rotation": [9.97849, -0.25412, 0.58333], "uv": [30, 23]}
					]
				},
				{
					"name": "torso2",
					"parent": "torso",
					"pivot": [-0.1, 19, 0.1],
					"cubes": [
						{"origin": [-4.5, 18.4, -1.6], "size": [9, 7, 7], "uv": [0, 29]}
					]
				},
				{
					"name": "torso3",
					"parent": "torso2",
					"pivot": [-0.1, 25, 0.1],
					"cubes": [
						{"origin": [-5.5, 25, -2.6], "size": [11, 7, 8], "pivot": [0, 27, 0], "rotation": [2.5, 0, 0], "uv": [0, 0]},
						{"origin": [-3.5, 25, 3.4], "size": [0, 2, 5], "pivot": [0, 27, 0], "rotation": [4.5438, 0.88136, -1.85729], "uv": [44, 0]},
						{"origin": [3.5, 28, 4.4], "size": [0, 3, 5], "pivot": [0, 27, 0], "rotation": [17.0438, -0.88136, 1.85729], "uv": [22, 38]},
						{"origin": [3.5, 25, 3.4], "size": [0, 2, 5], "pivot": [0, 27, 0], "rotation": [4.5438, -0.88136, 1.85729], "uv": [22, 41]},
						{"origin": [-3.5, 28, 4.4], "size": [0, 3, 5], "pivot": [0, 27, 0], "rotation": [17.0438, 0.88136, -1.85729], "uv": [25, 27]}
					]
				},
				{
					"name": "arm3",
					"parent": "torso3",
					"pivot": [5.76134, 29.33164, 1.75635],
					"cubes": [
						{"origin": [5.5, 27, -0.6], "size": [6, 5, 5], "pivot": [-2, 27, 0], "rotation": [2.5, 0, 0], "uv": [56, 56]}
					]
				},
				{
					"name": "arm4",
					"parent": "arm3",
					"pivot": [11.78145, 29.38942, 1.75382],
					"cubes": [
						{"origin": [11.5, 27.5, -0.1], "size": [8, 4, 4], "pivot": [-2, 27, 0], "rotation": [2.5, 0, 0], "uv": [32, 56]},
						{"origin": [16.5, 31.5, 1.9], "size": [2, 2, 0], "pivot": [-2, 27, 0], "rotation": [2.5, 0, 0], "uv": [22, 29]},
						{"origin": [16.5, 25.5, 1.9], "size": [2, 2, 0], "pivot": [-2, 27, 0], "rotation": [2.5, 0, 0], "uv": [25, 29]},
						{"origin": [16.5, 29.5, -2.1], "size": [2, 0, 8], "pivot": [-2, 27, 0], "rotation": [2.5, 0, 0], "uv": [13, 23]}
					]
				},
				{
					"name": "hand2",
					"parent": "arm4",
					"pivot": [19.35098, 29.74895, 1.73813],
					"cubes": [
						{"origin": [19.5, 26.5, 0.9], "size": [4, 6, 2], "pivot": [-4, 27, 0], "rotation": [2.5, 0, 0], "uv": [10, 72]}
					]
				},
				{
					"name": "bone6",
					"parent": "hand2",
					"pivot": [23.5, 29.5805, 1.78914],
					"cubes": [
						{"origin": [26.5, 28.5, 0.9], "size": [3, 2, 2], "pivot": [-4, 27, 0], "rotation": [2.5, 0, 0], "uv": [76, 0]},
						{"origin": [23.5, 28.5, 0.9], "size": [3, 2, 2], "pivot": [-4, 27, 0], "rotation": [2.5, 0, 0], "uv": [20, 80]}
					]
				},
				{
					"name": "bone7",
					"parent": "hand2",
					"pivot": [23.5, 27.38259, 1.88511],
					"cubes": [
						{"origin": [26.5, 26.3, 0.9], "size": [3, 2, 2], "pivot": [-4, 27, 0], "rotation": [2.5, 0, 0], "uv": [78, 59]},
						{"origin": [23.5, 26.3, 0.9], "size": [3, 2, 2], "pivot": [-4, 27, 0], "rotation": [2.5, 0, 0], "uv": [32, 79]}
					]
				},
				{
					"name": "bone5",
					"parent": "hand2",
					"pivot": [23.5, 31.7784, 1.69318],
					"cubes": [
						{"origin": [26.5, 30.7, 0.9], "size": [3, 2, 2], "pivot": [-4, 27, 0], "rotation": [2.5, 0, 0], "uv": [63, 66]},
						{"origin": [23.5, 30.7, 0.9], "size": [3, 2, 2], "pivot": [-4, 27, 0], "rotation": [2.5, 0, 0], "uv": [45, 64]}
					]
				},
				{
					"name": "arm",
					"parent": "torso3",
					"pivot": [-5.5, 29.5805, 1.78914],
					"cubes": [
						{"origin": [-11.5, 27, -0.6], "size": [6, 5, 5], "pivot": [2, 27, 0], "rotation": [2.5, 0, 0], "uv": [60, 11]}
					]
				},
				{
					"name": "arm2",
					"parent": "arm",
					"pivot": [-12, 29.5805, 1.78914],
					"cubes": [
						{"origin": [-18.5, 25.5, 1.9], "size": [2, 2, 0], "pivot": [2, 27, 0], "rotation": [2.5, 0, 0], "uv": [0, 31]},
						{"origin": [-18.5, 29.5, -2.1], "size": [2, 0, 8], "pivot": [2, 27, 0], "rotation": [2.5, 0, 0], "uv": [14, 40]},
						{"origin": [-18.5, 31.5, 1.9], "size": [2, 2, 0], "pivot": [2, 27, 0], "rotation": [2.5, 0, 0], "uv": [19, 31]},
						{"origin": [-19.5, 27.5, -0.1], "size": [8, 4, 4], "pivot": [2, 27, 0], "rotation": [2.5, 0, 0], "uv": [56, 2]}
					]
				},
				{
					"name": "hand",
					"parent": "arm2",
					"pivot": [-19.35098, 29.74895, 1.73813],
					"cubes": [
						{"origin": [-23.5, 26.5, 0.9], "size": [4, 6, 2], "pivot": [4, 27, 0], "rotation": [2.5, 0, 0], "uv": [74, 45]}
					]
				},
				{
					"name": "bone",
					"parent": "hand",
					"pivot": [-23.5, 29.5805, 1.78914],
					"cubes": [
						{"origin": [-29.5, 28.5, 0.9], "size": [3, 2, 2], "pivot": [4, 27, 0], "rotation": [2.5, 0, 0], "uv": [52, 77]},
						{"origin": [-26.5, 28.5, 0.9], "size": [3, 2, 2], "pivot": [4, 27, 0], "rotation": [2.5, 0, 0], "uv": [80, 4]}
					]
				},
				{
					"name": "bone2",
					"parent": "hand",
					"pivot": [-23.5, 27.38259, 1.88511],
					"cubes": [
						{"origin": [-29.5, 26.3, 0.9], "size": [3, 2, 2], "pivot": [4, 27, 0], "rotation": [2.5, 0, 0], "uv": [77, 10]},
						{"origin": [-26.5, 26.3, 0.9], "size": [3, 2, 2], "pivot": [4, 27, 0], "rotation": [2.5, 0, 0], "uv": [79, 21]}
					]
				},
				{
					"name": "finger",
					"parent": "hand",
					"pivot": [-23.5, 31.7784, 1.69318],
					"cubes": [
						{"origin": [-26.5, 30.7, 0.9], "size": [3, 2, 2], "pivot": [4, 27, 0], "rotation": [2.5, 0, 0], "uv": [10, 80]},
						{"origin": [-29.5, 30.7, 0.9], "size": [3, 2, 2], "pivot": [4, 27, 0], "rotation": [2.5, 0, 0], "uv": [72, 77]}
					]
				},
				{
					"name": "neck",
					"parent": "torso3",
					"pivot": [0, 31.55393, 1.07152],
					"cubes": [
						{"origin": [-4, 32, -1.6], "size": [8, 5, 6], "pivot": [0, 27, 0], "rotation": [2.5, 0, 0], "uv": [0, 43]}
					]
				},
				{
					"name": "neck2",
					"parent": "neck",
					"pivot": [0, 35.90043, 0.65627],
					"cubes": [
						{"origin": [-4, 35, 0], "size": [8, 5, 6], "inflate": 0.01, "pivot": [0, 27, 0], "rotation": [12.5, 0, 0], "uv": [28, 44]}
					]
				},
				{
					"name": "head",
					"parent": "neck2",
					"pivot": [0, 39.89976, 1.37998],
					"cubes": [
						{"origin": [-5, 40, -5], "size": [10, 6, 8], "uv": [0, 15]},
						{"origin": [-0.5, 39, 7], "size": [1, 10, 4], "pivot": [0, 23, 0], "rotation": [32.5, 0, 0], "uv": [0, 71]},
						{"origin": [-7, 41, -2], "size": [2, 2, 2], "uv": [0, 19]},
						{"origin": [5, 41, -2], "size": [2, 2, 2], "uv": [0, 15]},
						{"origin": [0, 49, 8], "size": [0, 3, 3], "pivot": [0, 23, 0], "rotation": [32.5, 0, 0], "uv": [0, 0]},
						{"origin": [2.5, 42.5, -5], "size": [1, 1, 0], "inflate": 0.01, "uv": [118, 8]},
						{"origin": [-3.5, 42.5, -5], "size": [1, 1, 0], "inflate": 0.01, "uv": [118, 8], "mirror": true}
					]
				},
				{
					"name": "eletric",
					"parent": "head",
					"pivot": [0, 46.0132, 1.40901],
					"cubes": [
						{"origin": [-8, 43, -6], "size": [0, 8, 8], "pivot": [0, 23, 0], "rotation": [-2.93508, 0.61497, 22.91963], "uv": [16, 56]},
						{"origin": [1.19812, 39.40886, -0.25427], "size": [0, 9, 8], "pivot": [0.19812, 43.90886, 3.74573], "rotation": [-30.59247, 14.19054, 10.19336], "uv": [0, 46]},
						{"origin": [-1.19812, 39.40886, -0.25427], "size": [0, 9, 8], "pivot": [-0.19812, 43.90886, 3.74573], "rotation": [-30.59247, -14.19054, -10.19336], "uv": [16, 47]},
						{"origin": [8, 43, -6], "size": [0, 8, 8], "pivot": [0, 23, 0], "rotation": [-2.93508, -0.61497, -22.91963], "uv": [0, 55]}
					]
				},
				{
					"name": "jawbone",
					"parent": "head",
					"pivot": [0, 39.5, 2],
					"cubes": [
						{"origin": [-4.5, 39, -5], "size": [9, 1, 8], "uv": [30, 7]}
					]
				},
				{
					"name": "eyelids",
					"parent": "head",
					"pivot": [0, 44.5, -4.5],
					"cubes": [
						{"origin": [-5, 43.5, -5], "size": [3, 1, 0], "inflate": 0.02, "uv": [8, 23], "mirror": true},
						{"origin": [2, 43.5, -5], "size": [3, 1, 0], "inflate": 0.02, "uv": [8, 23]},
						{"origin": [3.2, 43.5, -5], "size": [2, 1, 0], "inflate": 0.02, "pivot": [0.1, 25, 0.1], "rotation": [0, 90, 0], "uv": [8, 23], "mirror": true},
						{"origin": [-5.2, 43.5, -5], "size": [2, 1, 0], "inflate": 0.02, "pivot": [-0.1, 25, 0.1], "rotation": [0, -90, 0], "uv": [8, 23]}
					]
				}
			]
		}
	]
}