{
    // More info on template pools can be found here: https://minecraft.gamepedia.com/Custom_world_generation#JSON_format_8
    // Yes, worldgen json files can have comments. Minecraft does "lenient" parsing of these json files.

  "name": "mvs:small_igloo/side_pool",
  "fallback": "minecraft:empty",
  "elements": [
    {
      "weight": 1,
      "element": {

          // This side piece will only spawn if this piece is entirely outside or inside the calling piece's bounding box
          // Intersecting pieces is not allowed in Jigsaw structures so plan accordingly!
          // To spawn a piece entirely outside a calling piece, make sure the Jigsaw block of the calling
          // piece is facing outward on the edge of its bounding box. To spawn a piece entirely contained
          // inside a calling piece, have the jigsaw block face inward and that there is enough space in
          // the calling piece's boundaries to spawn a smaller inner piece.

          // Also, heads up, the structure_tutorial:run_down_house_left_side piece has a Jigsaw Block
          // that is targeting this pool directly. Be sure to change that Jigsaw Block's target pool
          // to make this side pool spawn in your own mod.
        "location": "mvs:houses/small_igloo_lower",
        "processors": "minecraft:empty",
        "projection": "rigid",
        "element_type": "minecraft:single_pool_element"
      }
    }
  ]
}