{
  "rewards": [
    {
      "id": "1",
      "pokemonCaught": 1,
      "itemId": "cobblemon:master_ball",
      "quantity": 1
    },
    {
      "id": "2",
      "pokemonCaught": 2,
      "itemId": "numismatic-overhaul:bronze_coin",
      "quantity": 10
    },
    {
      "id": "3",
      "pokemonCaught": 3,
      "itemId": "numismatic-overhaul:bronze_coin",
      "quantity": 10
    },
    {
      "id": "4",
      "pokemonCaught": 4,
      "itemId": "numismatic-overhaul:bronze_coin",
      "quantity": 10
    },
    {
      "id": "5",
      "pokemonCaught": 5,
      "itemId": "numismatic-overhaul:bronze_coin",
      "quantity": 10
    },
    {
      "id": "6",
      "pokemonCaught": 6,
      "itemId": "numismatic-overhaul:bronze_coin",
      "quantity": 10
    },
    {
      "id": "7",
      "pokemonCaught": 7,
      "itemId": "numismatic-overhaul:bronze_coin",
      "quantity": 10
    },
    {
      "id": "8",
      "pokemonCaught": 8,
      "itemId": "numismatic-overhaul:bronze_coin",
      "quantity": 10
    },
    {
      "id": "9",
      "pokemonCaught": 9,
      "itemId": "numismatic-overhaul:bronze_coin",
      "quantity": 10
    },
    {
      "id": "10",
      "pokemonCaught": 10,
      "itemId": "numismatic-overhaul:silver_coin",
      "quantity": 1
    },
    {
      "id": "11",
      "pokemonCaught": 11,
      "itemId": "numismatic-overhaul:bronze_coin",
      "quantity": 10
    },
    {
      "id": "12",
      "pokemonCaught": 12,
      "itemId": "numismatic-overhaul:bronze_coin",
      "quantity": 10
    },
    {
      "id": "13",
      "pokemonCaught": 13,
      "itemId": "numismatic-overhaul:bronze_coin",
      "quantity": 10
    },
    {
      "id": "14",
      "pokemonCaught": 14,
      "itemId": "numismatic-overhaul:bronze_coin",
      "quantity": 10
    },
    {
      "id": "15",
      "pokemonCaught": 15,
      "itemId": "numismatic-overhaul:bronze_coin",
      "quantity": 10
    },
    {
      "id": "16",
      "pokemonCaught": 16,
      "itemId": "numismatic-overhaul:bronze_coin",
      "quantity": 10
    },
    {
      "id": "17",
      "pokemonCaught": 17,
      "itemId": "numismatic-overhaul:bronze_coin",
      "quantity": 10
    },
    {
      "id": "18",
      "pokemonCaught": 18,
      "itemId": "numismatic-overhaul:bronze_coin",
      "quantity": 10
    },
    {
      "id": "19",
      "pokemonCaught": 19,
      "itemId": "numismatic-overhaul:bronze_coin",
      "quantity": 10
    },
    {
      "id": "20",
      "pokemonCaught": 20,
      "itemId": "numismatic-overhaul:silver_coin",
      "quantity": 1
    },
    {
      "id": "21",
      "pokemonCaught": 21,
      "itemId": "numismatic-overhaul:bronze_coin",
      "quantity": 10
    },
    {
      "id": "22",
      "pokemonCaught": 22,
      "itemId": "numismatic-overhaul:bronze_coin",
      "quantity": 10
    },
    {
      "id": "23",
      "pokemonCaught": 23,
      "itemId": "numismatic-overhaul:bronze_coin",
      "quantity": 10
    },
    {
      "id": "24",
      "pokemonCaught": 24,
      "itemId": "numismatic-overhaul:bronze_coin",
      "quantity": 10
    },
    {
      "id": "25",
      "pokemonCaught": 25,
      "itemId": "numismatic-overhaul:bronze_coin",
      "quantity": 10
    },
    {
      "id": "26",
      "pokemonCaught": 26,
      "itemId": "numismatic-overhaul:bronze_coin",
      "quantity": 10
    },
    {
      "id": "27",
      "pokemonCaught": 27,
      "itemId": "numismatic-overhaul:bronze_coin",
      "quantity": 10
    },
    {
      "id": "28",
      "pokemonCaught": 28,
      "itemId": "numismatic-overhaul:bronze_coin",
      "quantity": 10
    },
    {
      "id": "29",
      "pokemonCaught": 29,
      "itemId": "numismatic-overhaul:bronze_coin",
      "quantity": 10
    },
    {
      "id": "30",
      "pokemonCaught": 30,
      "itemId": "numismatic-overhaul:silver_coin",
      "quantity": 1
    },
    {
      "id": "31",
      "pokemonCaught": 31,
      "itemId": "numismatic-overhaul:bronze_coin",
      "quantity": 10
    },
    {
      "id": "32",
      "pokemonCaught": 32,
      "itemId": "numismatic-overhaul:bronze_coin",
      "quantity": 10
    },
    {
      "id": "33",
      "pokemonCaught": 33,
      "itemId": "numismatic-overhaul:bronze_coin",
      "quantity": 10
    },
    {
      "id": "34",
      "pokemonCaught": 34,
      "itemId": "numismatic-overhaul:bronze_coin",
      "quantity": 10
    },
    {
      "id": "35",
      "pokemonCaught": 35,
      "itemId": "numismatic-overhaul:bronze_coin",
      "quantity": 10
    },
    {
      "id": "36",
      "pokemonCaught": 36,
      "itemId": "numismatic-overhaul:bronze_coin",
      "quantity": 10
    },
    {
      "id": "37",
      "pokemonCaught": 37,
      "itemId": "numismatic-overhaul:bronze_coin",
      "quantity": 10
    },
    {
      "id": "38",
      "pokemonCaught": 38,
      "itemId": "numismatic-overhaul:bronze_coin",
      "quantity": 10
    },
    {
      "id": "39",
      "pokemonCaught": 39,
      "itemId": "numismatic-overhaul:bronze_coin",
      "quantity": 10
    },
    {
      "id": "40",
      "pokemonCaught": 40,
      "itemId": "numismatic-overhaul:silver_coin",
      "quantity": 1
    },
    {
      "id": "41",
      "pokemonCaught": 41,
      "itemId": "numismatic-overhaul:bronze_coin",
      "quantity": 10
    },
    {
      "id": "42",
      "pokemonCaught": 42,
      "itemId": "numismatic-overhaul:bronze_coin",
      "quantity": 10
    },
    {
      "id": "43",
      "pokemonCaught": 43,
      "itemId": "numismatic-overhaul:bronze_coin",
      "quantity": 10
    },
    {
      "id": "44",
      "pokemonCaught": 44,
      "itemId": "numismatic-overhaul:bronze_coin",
      "quantity": 10
    },
    {
      "id": "45",
      "pokemonCaught": 45,
      "itemId": "numismatic-overhaul:bronze_coin",
      "quantity": 10
    },
    {
      "id": "46",
      "pokemonCaught": 46,
      "itemId": "numismatic-overhaul:bronze_coin",
      "quantity": 10
    },
    {
      "id": "47",
      "pokemonCaught": 47,
      "itemId": "numismatic-overhaul:bronze_coin",
      "quantity": 10
    },
    {
      "id": "48",
      "pokemonCaught": 48,
      "itemId": "numismatic-overhaul:bronze_coin",
      "quantity": 10
    },
    {
      "id": "49",
      "pokemonCaught": 49,
      "itemId": "numismatic-overhaul:bronze_coin",
      "quantity": 10
    },
    {
      "id": "50",
      "pokemonCaught": 50,
      "itemId": "numismatic-overhaul:silver_coin",
      "quantity": 1
    },
    {
      "id": "51",
      "pokemonCaught": 51,
      "itemId": "numismatic-overhaul:bronze_coin",
      "quantity": 10
    },
    {
      "id": "52",
      "pokemonCaught": 52,
      "itemId": "numismatic-overhaul:bronze_coin",
      "quantity": 10
    },
    {
      "id": "53",
      "pokemonCaught": 53,
      "itemId": "numismatic-overhaul:bronze_coin",
      "quantity": 10
    },
    {
      "id": "54",
      "pokemonCaught": 54,
      "itemId": "numismatic-overhaul:bronze_coin",
      "quantity": 10
    },
    {
      "id": "55",
      "pokemonCaught": 55,
      "itemId": "numismatic-overhaul:bronze_coin",
      "quantity": 10
    },
    {
      "id": "56",
      "pokemonCaught": 56,
      "itemId": "numismatic-overhaul:bronze_coin",
      "quantity": 10
    },
    {
      "id": "57",
      "pokemonCaught": 57,
      "itemId": "numismatic-overhaul:bronze_coin",
      "quantity": 10
    },
    {
      "id": "58",
      "pokemonCaught": 58,
      "itemId": "numismatic-overhaul:bronze_coin",
      "quantity": 10
    },
    {
      "id": "59",
      "pokemonCaught": 59,
      "itemId": "numismatic-overhaul:bronze_coin",
      "quantity": 10
    },
    {
      "id": "60",
      "pokemonCaught": 60,
      "itemId": "numismatic-overhaul:silver_coin",
      "quantity": 1
    },
    {
      "id": "61",
      "pokemonCaught": 61,
      "itemId": "numismatic-overhaul:bronze_coin",
      "quantity": 10
    },
    {
      "id": "62",
      "pokemonCaught": 62,
      "itemId": "numismatic-overhaul:bronze_coin",
      "quantity": 10
    },
    {
      "id": "63",
      "pokemonCaught": 63,
      "itemId": "numismatic-overhaul:bronze_coin",
      "quantity": 10
    },
    {
      "id": "64",
      "pokemonCaught": 64,
      "itemId": "numismatic-overhaul:bronze_coin",
      "quantity": 10
    },
    {
      "id": "65",
      "pokemonCaught": 65,
      "itemId": "numismatic-overhaul:bronze_coin",
      "quantity": 10
    },
    {
      "id": "66",
      "pokemonCaught": 66,
      "itemId": "numismatic-overhaul:bronze_coin",
      "quantity": 10
    },
    {
      "id": "67",
      "pokemonCaught": 67,
      "itemId": "numismatic-overhaul:bronze_coin",
      "quantity": 10
    },
    {
      "id": "68",
      "pokemonCaught": 68,
      "itemId": "numismatic-overhaul:bronze_coin",
      "quantity": 10
    },
    {
      "id": "69",
      "pokemonCaught": 69,
      "itemId": "numismatic-overhaul:bronze_coin",
      "quantity": 10
    },
    {
      "id": "70",
      "pokemonCaught": 70,
      "itemId": "numismatic-overhaul:silver_coin",
      "quantity": 1
    },
    {
      "id": "71",
      "pokemonCaught": 71,
      "itemId": "numismatic-overhaul:bronze_coin",
      "quantity": 10
    },
    {
      "id": "72",
      "pokemonCaught": 72,
      "itemId": "numismatic-overhaul:bronze_coin",
      "quantity": 10
    },
    {
      "id": "73",
      "pokemonCaught": 73,
      "itemId": "numismatic-overhaul:bronze_coin",
      "quantity": 10
    },
    {
      "id": "74",
      "pokemonCaught": 74,
      "itemId": "numismatic-overhaul:bronze_coin",
      "quantity": 10
    },
    {
      "id": "75",
      "pokemonCaught": 75,
      "itemId": "numismatic-overhaul:bronze_coin",
      "quantity": 10
    },
    {
      "id": "76",
      "pokemonCaught": 76,
      "itemId": "numismatic-overhaul:bronze_coin",
      "quantity": 10
    },
    {
      "id": "77",
      "pokemonCaught": 77,
      "itemId": "numismatic-overhaul:bronze_coin",
      "quantity": 10
    },
    {
      "id": "78",
      "pokemonCaught": 78,
      "itemId": "numismatic-overhaul:bronze_coin",
      "quantity": 10
    },
    {
      "id": "79",
      "pokemonCaught": 79,
      "itemId": "numismatic-overhaul:bronze_coin",
      "quantity": 10
    },
    {
      "id": "80",
      "pokemonCaught": 80,
      "itemId": "numismatic-overhaul:silver_coin",
      "quantity": 1
    },
    {
      "id": "81",
      "pokemonCaught": 81,
      "itemId": "numismatic-overhaul:bronze_coin",
      "quantity": 10
    },
    {
      "id": "82",
      "pokemonCaught": 82,
      "itemId": "numismatic-overhaul:bronze_coin",
      "quantity": 10
    },
    {
      "id": "83",
      "pokemonCaught": 83,
      "itemId": "numismatic-overhaul:bronze_coin",
      "quantity": 10
    },
    {
      "id": "84",
      "pokemonCaught": 84,
      "itemId": "numismatic-overhaul:bronze_coin",
      "quantity": 10
    },
    {
      "id": "85",
      "pokemonCaught": 85,
      "itemId": "numismatic-overhaul:bronze_coin",
      "quantity": 10
    },
    {
      "id": "86",
      "pokemonCaught": 86,
      "itemId": "numismatic-overhaul:bronze_coin",
      "quantity": 10
    },
    {
      "id": "87",
      "pokemonCaught": 87,
      "itemId": "numismatic-overhaul:bronze_coin",
      "quantity": 10
    },
    {
      "id": "88",
      "pokemonCaught": 88,
      "itemId": "numismatic-overhaul:bronze_coin",
      "quantity": 10
    },
    {
      "id": "89",
      "pokemonCaught": 89,
      "itemId": "numismatic-overhaul:bronze_coin",
      "quantity": 10
    },
    {
      "id": "90",
      "pokemonCaught": 90,
      "itemId": "numismatic-overhaul:silver_coin",
      "quantity": 1
    },
    {
      "id": "91",
      "pokemonCaught": 91,
      "itemId": "numismatic-overhaul:bronze_coin",
      "quantity": 10
    },
    {
      "id": "92",
      "pokemonCaught": 92,
      "itemId": "numismatic-overhaul:bronze_coin",
      "quantity": 10
    },
    {
      "id": "93",
      "pokemonCaught": 93,
      "itemId": "numismatic-overhaul:bronze_coin",
      "quantity": 10
    },
    {
      "id": "94",
      "pokemonCaught": 94,
      "itemId": "numismatic-overhaul:bronze_coin",
      "quantity": 10
    },
    {
      "id": "95",
      "pokemonCaught": 95,
      "itemId": "numismatic-overhaul:bronze_coin",
      "quantity": 10
    },
    {
      "id": "96",
      "pokemonCaught": 96,
      "itemId": "numismatic-overhaul:bronze_coin",
      "quantity": 10
    },
    {
      "id": "97",
      "pokemonCaught": 97,
      "itemId": "numismatic-overhaul:bronze_coin",
      "quantity": 10
    },
    {
      "id": "98",
      "pokemonCaught": 98,
      "itemId": "numismatic-overhaul:bronze_coin",
      "quantity": 10
    },
    {
      "id": "99",
      "pokemonCaught": 99,
      "itemId": "numismatic-overhaul:bronze_coin",
      "quantity": 10
    },
    {
      "id": "100",
      "pokemonCaught": 100,
      "itemId": "numismatic-overhaul:bronze_coin",
      "quantity": 30
    },
    {
      "id": "101",
      "pokemonCaught": 101,
      "itemId": "numismatic-overhaul:bronze_coin",
      "quantity": 30
    },
    {
      "id": "102",
      "pokemonCaught": 102,
      "itemId": "numismatic-overhaul:bronze_coin",
      "quantity": 30
    },
    {
      "id": "103",
      "pokemonCaught": 103,
      "itemId": "numismatic-overhaul:bronze_coin",
      "quantity": 30
    },
    {
      "id": "104",
      "pokemonCaught": 104,
      "itemId": "numismatic-overhaul:bronze_coin",
      "quantity": 30
    },
    {
      "id": "105",
      "pokemonCaught": 105,
      "itemId": "numismatic-overhaul:bronze_coin",
      "quantity": 30
    },
    {
      "id": "106",
      "pokemonCaught": 106,
      "itemId": "numismatic-overhaul:bronze_coin",
      "quantity": 30
    },
    {
      "id": "107",
      "pokemonCaught": 107,
      "itemId": "numismatic-overhaul:bronze_coin",
      "quantity": 30
    },
    {
      "id": "108",
      "pokemonCaught": 108,
      "itemId": "numismatic-overhaul:bronze_coin",
      "quantity": 30
    },
    {
      "id": "109",
      "pokemonCaught": 109,
      "itemId": "numismatic-overhaul:bronze_coin",
      "quantity": 30
    },
    {
      "id": "110",
      "pokemonCaught": 110,
      "itemId": "numismatic-overhaul:silver_coin",
      "quantity": 5
    },
    {
      "id": "111",
      "pokemonCaught": 111,
      "itemId": "numismatic-overhaul:bronze_coin",
      "quantity": 30
    },
    {
      "id": "112",
      "pokemonCaught": 112,
      "itemId": "numismatic-overhaul:bronze_coin",
      "quantity": 30
    },
    {
      "id": "113",
      "pokemonCaught": 113,
      "itemId": "numismatic-overhaul:bronze_coin",
      "quantity": 30
    },
    {
      "id": "114",
      "pokemonCaught": 114,
      "itemId": "numismatic-overhaul:bronze_coin",
      "quantity": 30
    },
    {
      "id": "115",
      "pokemonCaught": 115,
      "itemId": "numismatic-overhaul:bronze_coin",
      "quantity": 30
    },
    {
      "id": "116",
      "pokemonCaught": 116,
      "itemId": "numismatic-overhaul:bronze_coin",
      "quantity": 30
    },
    {
      "id": "117",
      "pokemonCaught": 117,
      "itemId": "numismatic-overhaul:bronze_coin",
      "quantity": 30
    },
    {
      "id": "118",
      "pokemonCaught": 118,
      "itemId": "numismatic-overhaul:bronze_coin",
      "quantity": 30
    },
    {
      "id": "119",
      "pokemonCaught": 119,
      "itemId": "numismatic-overhaul:bronze_coin",
      "quantity": 30
    },
    {
      "id": "120",
      "pokemonCaught": 120,
      "itemId": "numismatic-overhaul:silver_coin",
      "quantity": 5
    },
    {
      "id": "121",
      "pokemonCaught": 21,
      "itemId": "numismatic-overhaul:bronze_coin",
      "quantity": 30
    },
    {
      "id": "122",
      "pokemonCaught": 122,
      "itemId": "numismatic-overhaul:bronze_coin",
      "quantity": 30
    },
    {
      "id": "123",
      "pokemonCaught": 123,
      "itemId": "numismatic-overhaul:bronze_coin",
      "quantity": 30
    },
    {
      "id": "124",
      "pokemonCaught": 124,
      "itemId": "numismatic-overhaul:bronze_coin",
      "quantity": 30
    },
    {
      "id": "125",
      "pokemonCaught": 125,
      "itemId": "numismatic-overhaul:bronze_coin",
      "quantity": 30
    },
    {
      "id": "126",
      "pokemonCaught": 126,
      "itemId": "numismatic-overhaul:bronze_coin",
      "quantity": 30
    },
    {
      "id": "127",
      "pokemonCaught": 127,
      "itemId": "numismatic-overhaul:bronze_coin",
      "quantity": 30
    },
    {
      "id": "128",
      "pokemonCaught": 128,
      "itemId": "numismatic-overhaul:bronze_coin",
      "quantity": 30
    },
    {
      "id": "129",
      "pokemonCaught": 129,
      "itemId": "numismatic-overhaul:bronze_coin",
      "quantity": 30
    },
    {
      "id": "130",
      "pokemonCaught": 130,
      "itemId": "numismatic-overhaul:silver_coin",
      "quantity": 5
    },
    {
      "id": "131",
      "pokemonCaught": 131,
      "itemId": "numismatic-overhaul:bronze_coin",
      "quantity": 30
    },
    {
      "id": "132",
      "pokemonCaught": 132,
      "itemId": "numismatic-overhaul:bronze_coin",
      "quantity": 30
    },
    {
      "id": "133",
      "pokemonCaught": 133,
      "itemId": "numismatic-overhaul:bronze_coin",
      "quantity": 30
    },
    {
      "id": "134",
      "pokemonCaught": 134,
      "itemId": "numismatic-overhaul:bronze_coin",
      "quantity": 30
    },
    {
      "id": "135",
      "pokemonCaught": 135,
      "itemId": "numismatic-overhaul:bronze_coin",
      "quantity": 30
    },
    {
      "id": "136",
      "pokemonCaught": 136,
      "itemId": "numismatic-overhaul:bronze_coin",
      "quantity": 30
    },
    {
      "id": "137",
      "pokemonCaught": 137,
      "itemId": "numismatic-overhaul:bronze_coin",
      "quantity": 30
    },
    {
      "id": "138",
      "pokemonCaught": 138,
      "itemId": "numismatic-overhaul:bronze_coin",
      "quantity": 30
    },
    {
      "id": "139",
      "pokemonCaught": 139,
      "itemId": "numismatic-overhaul:bronze_coin",
      "quantity": 30
    },
    {
      "id": "140",
      "pokemonCaught": 140,
      "itemId": "numismatic-overhaul:silver_coin",
      "quantity": 5
    },
    {
      "id": "141",
      "pokemonCaught": 141,
      "itemId": "numismatic-overhaul:bronze_coin",
      "quantity": 30
    },
    {
      "id": "142",
      "pokemonCaught": 142,
      "itemId": "numismatic-overhaul:bronze_coin",
      "quantity": 30
    },
    {
      "id": "143",
      "pokemonCaught": 143,
      "itemId": "numismatic-overhaul:bronze_coin",
      "quantity": 30
    },
    {
      "id": "144",
      "pokemonCaught": 144,
      "itemId": "numismatic-overhaul:bronze_coin",
      "quantity": 30
    },
    {
      "id": "145",
      "pokemonCaught": 145,
      "itemId": "numismatic-overhaul:bronze_coin",
      "quantity": 30
    },
    {
      "id": "146",
      "pokemonCaught": 146,
      "itemId": "numismatic-overhaul:bronze_coin",
      "quantity": 30
    },
    {
      "id": "147",
      "pokemonCaught": 147,
      "itemId": "numismatic-overhaul:bronze_coin",
      "quantity": 30
    },
    {
      "id": "148",
      "pokemonCaught": 148,
      "itemId": "numismatic-overhaul:bronze_coin",
      "quantity": 30
    },
    {
      "id": "149",
      "pokemonCaught": 149,
      "itemId": "numismatic-overhaul:bronze_coin",
      "quantity": 30
    },
    {
      "id": "150",
      "pokemonCaught": 150,
      "itemId": "numismatic-overhaul:silver_coin",
      "quantity": 5
    },
    {
      "id": "151",
      "pokemonCaught": 151,
      "itemId": "numismatic-overhaul:bronze_coin",
      "quantity": 30
    },
    {
      "id": "152",
      "pokemonCaught": 152,
      "itemId": "numismatic-overhaul:bronze_coin",
      "quantity": 30
    },
    {
      "id": "153",
      "pokemonCaught": 153,
      "itemId": "numismatic-overhaul:bronze_coin",
      "quantity": 30
    },
    {
      "id": "154",
      "pokemonCaught": 154,
      "itemId": "numismatic-overhaul:bronze_coin",
      "quantity": 30
    },
    {
      "id": "155",
      "pokemonCaught": 155,
      "itemId": "numismatic-overhaul:bronze_coin",
      "quantity": 30
    },
    {
      "id": "156",
      "pokemonCaught": 156,
      "itemId": "numismatic-overhaul:bronze_coin",
      "quantity": 30
    },
    {
      "id": "157",
      "pokemonCaught": 157,
      "itemId": "numismatic-overhaul:bronze_coin",
      "quantity": 30
    },
    {
      "id": "158",
      "pokemonCaught": 158,
      "itemId": "numismatic-overhaul:bronze_coin",
      "quantity": 30
    },
    {
      "id": "159",
      "pokemonCaught": 159,
      "itemId": "numismatic-overhaul:bronze_coin",
      "quantity": 30
    },
    {
      "id": "160",
      "pokemonCaught": 160,
      "itemId": "numismatic-overhaul:silver_coin",
      "quantity": 5
    },
    {
      "id": "161",
      "pokemonCaught": 161,
      "itemId": "numismatic-overhaul:bronze_coin",
      "quantity": 30
    },
    {
      "id": "162",
      "pokemonCaught": 162,
      "itemId": "numismatic-overhaul:bronze_coin",
      "quantity": 30
    },
    {
      "id": "163",
      "pokemonCaught": 163,
      "itemId": "numismatic-overhaul:bronze_coin",
      "quantity": 30
    },
    {
      "id": "164",
      "pokemonCaught": 164,
      "itemId": "numismatic-overhaul:bronze_coin",
      "quantity": 30
    },
    {
      "id": "165",
      "pokemonCaught": 165,
      "itemId": "numismatic-overhaul:bronze_coin",
      "quantity": 30
    },
    {
      "id": "166",
      "pokemonCaught": 166,
      "itemId": "numismatic-overhaul:bronze_coin",
      "quantity": 30
    },
    {
      "id": "167",
      "pokemonCaught": 167,
      "itemId": "numismatic-overhaul:bronze_coin",
      "quantity": 30
    },
    {
      "id": "168",
      "pokemonCaught": 168,
      "itemId": "numismatic-overhaul:bronze_coin",
      "quantity": 30
    },
    {
      "id": "169",
      "pokemonCaught": 169,
      "itemId": "numismatic-overhaul:bronze_coin",
      "quantity": 30
    },
    {
      "id": "170",
      "pokemonCaught": 170,
      "itemId": "numismatic-overhaul:silver_coin",
      "quantity": 5
    },
    {
      "id": "171",
      "pokemonCaught": 171,
      "itemId": "numismatic-overhaul:bronze_coin",
      "quantity": 30
    },
    {
      "id": "172",
      "pokemonCaught": 172,
      "itemId": "numismatic-overhaul:bronze_coin",
      "quantity": 30
    },
    {
      "id": "173",
      "pokemonCaught": 173,
      "itemId": "numismatic-overhaul:bronze_coin",
      "quantity": 30
    },
    {
      "id": "174",
      "pokemonCaught": 174,
      "itemId": "numismatic-overhaul:bronze_coin",
      "quantity": 30
    },
    {
      "id": "175",
      "pokemonCaught": 175,
      "itemId": "numismatic-overhaul:bronze_coin",
      "quantity": 30
    },
    {
      "id": "176",
      "pokemonCaught": 176,
      "itemId": "numismatic-overhaul:bronze_coin",
      "quantity": 30
    },
    {
      "id": "177",
      "pokemonCaught": 177,
      "itemId": "numismatic-overhaul:bronze_coin",
      "quantity": 30
    },
    {
      "id": "178",
      "pokemonCaught": 178,
      "itemId": "numismatic-overhaul:bronze_coin",
      "quantity": 30
    },
    {
      "id": "179",
      "pokemonCaught": 179,
      "itemId": "numismatic-overhaul:bronze_coin",
      "quantity": 30
    },
    {
      "id": "180",
      "pokemonCaught": 180,
      "itemId": "numismatic-overhaul:silver_coin",
      "quantity": 5
    },
    {
      "id": "181",
      "pokemonCaught": 181,
      "itemId": "numismatic-overhaul:bronze_coin",
      "quantity": 30
    },
    {
      "id": "182",
      "pokemonCaught": 182,
      "itemId": "numismatic-overhaul:bronze_coin",
      "quantity": 30
    },
    {
      "id": "183",
      "pokemonCaught": 183,
      "itemId": "numismatic-overhaul:bronze_coin",
      "quantity": 30
    },
    {
      "id": "184",
      "pokemonCaught": 184,
      "itemId": "numismatic-overhaul:bronze_coin",
      "quantity": 30
    },
    {
      "id": "185",
      "pokemonCaught": 185,
      "itemId": "numismatic-overhaul:bronze_coin",
      "quantity": 30
    },
    {
      "id": "186",
      "pokemonCaught": 186,
      "itemId": "numismatic-overhaul:bronze_coin",
      "quantity": 30
    },
    {
      "id": "187",
      "pokemonCaught": 187,
      "itemId": "numismatic-overhaul:bronze_coin",
      "quantity": 30
    },
    {
      "id": "188",
      "pokemonCaught": 188,
      "itemId": "numismatic-overhaul:bronze_coin",
      "quantity": 30
    },
    {
      "id": "189",
      "pokemonCaught": 189,
      "itemId": "numismatic-overhaul:bronze_coin",
      "quantity": 30
    },
    {
      "id": "190",
      "pokemonCaught": 190,
      "itemId": "numismatic-overhaul:silver_coin",
      "quantity": 5
    },
    {
      "id": "191",
      "pokemonCaught": 191,
      "itemId": "numismatic-overhaul:bronze_coin",
      "quantity": 30
    },
    {
      "id": "192",
      "pokemonCaught": 192,
      "itemId": "numismatic-overhaul:bronze_coin",
      "quantity": 30
    },
    {
      "id": "193",
      "pokemonCaught": 193,
      "itemId": "numismatic-overhaul:bronze_coin",
      "quantity": 30
    },
    {
      "id": "194",
      "pokemonCaught": 194,
      "itemId": "numismatic-overhaul:bronze_coin",
      "quantity": 30
    },
    {
      "id": "195",
      "pokemonCaught": 195,
      "itemId": "numismatic-overhaul:bronze_coin",
      "quantity": 30
    },
    {
      "id": "196",
      "pokemonCaught": 196,
      "itemId": "numismatic-overhaul:bronze_coin",
      "quantity": 30
    },
    {
      "id": "197",
      "pokemonCaught": 197,
      "itemId": "numismatic-overhaul:bronze_coin",
      "quantity": 30
    },
    {
      "id": "198",
      "pokemonCaught": 198,
      "itemId": "numismatic-overhaul:bronze_coin",
      "quantity": 30
    },
    {
      "id": "199",
      "pokemonCaught": 199,
      "itemId": "numismatic-overhaul:bronze_coin",
      "quantity": 30
    },
    {
      "id": "200",
      "pokemonCaught": 200,
      "itemId": "numismatic-overhaul:bronze_coin",
      "quantity": 80
    },
    {
      "id": "201",
      "pokemonCaught": 201,
      "itemId": "numismatic-overhaul:bronze_coin",
      "quantity": 80
    },
    {
      "id": "202",
      "pokemonCaught": 202,
      "itemId": "numismatic-overhaul:bronze_coin",
      "quantity": 80
    },
    {
      "id": "203",
      "pokemonCaught": 203,
      "itemId": "numismatic-overhaul:bronze_coin",
      "quantity": 80
    },
    {
      "id": "204",
      "pokemonCaught": 204,
      "itemId": "numismatic-overhaul:bronze_coin",
      "quantity": 80
    },
    {
      "id": "205",
      "pokemonCaught": 205,
      "itemId": "numismatic-overhaul:bronze_coin",
      "quantity": 80
    },
    {
      "id": "206",
      "pokemonCaught": 206,
      "itemId": "numismatic-overhaul:bronze_coin",
      "quantity": 80
    },
    {
      "id": "207",
      "pokemonCaught": 207,
      "itemId": "numismatic-overhaul:bronze_coin",
      "quantity": 80
    },
    {
      "id": "208",
      "pokemonCaught": 208,
      "itemId": "numismatic-overhaul:bronze_coin",
      "quantity": 80
    },
    {
      "id": "209",
      "pokemonCaught": 209,
      "itemId": "numismatic-overhaul:bronze_coin",
      "quantity": 80
    },
    {
      "id": "210",
      "pokemonCaught": 210,
      "itemId": "numismatic-overhaul:silver_coin",
      "quantity": 12
    },
    {
      "id": "211",
      "pokemonCaught": 211,
      "itemId": "numismatic-overhaul:bronze_coin",
      "quantity": 80
    },
    {
      "id": "212",
      "pokemonCaught": 212,
      "itemId": "numismatic-overhaul:bronze_coin",
      "quantity": 80
    },
    {
      "id": "213",
      "pokemonCaught": 213,
      "itemId": "numismatic-overhaul:bronze_coin",
      "quantity": 80
    },
    {
      "id": "214",
      "pokemonCaught": 214,
      "itemId": "numismatic-overhaul:bronze_coin",
      "quantity": 80
    },
    {
      "id": "215",
      "pokemonCaught": 215,
      "itemId": "numismatic-overhaul:bronze_coin",
      "quantity": 80
    },
    {
      "id": "216",
      "pokemonCaught": 216,
      "itemId": "numismatic-overhaul:bronze_coin",
      "quantity": 80
    },
    {
      "id": "217",
      "pokemonCaught": 217,
      "itemId": "numismatic-overhaul:bronze_coin",
      "quantity": 80
    },
    {
      "id": "218",
      "pokemonCaught": 218,
      "itemId": "numismatic-overhaul:bronze_coin",
      "quantity": 80
    },
    {
      "id": "219",
      "pokemonCaught": 219,
      "itemId": "numismatic-overhaul:bronze_coin",
      "quantity": 80
    },
    {
      "id": "220",
      "pokemonCaught": 220,
      "itemId": "numismatic-overhaul:silver_coin",
      "quantity": 12
    },
    {
      "id": "221",
      "pokemonCaught": 221,
      "itemId": "numismatic-overhaul:bronze_coin",
      "quantity": 80
    },
    {
      "id": "222",
      "pokemonCaught": 222,
      "itemId": "numismatic-overhaul:bronze_coin",
      "quantity": 80
    },
    {
      "id": "223",
      "pokemonCaught": 223,
      "itemId": "numismatic-overhaul:bronze_coin",
      "quantity": 80
    },
    {
      "id": "224",
      "pokemonCaught": 224,
      "itemId": "numismatic-overhaul:bronze_coin",
      "quantity": 80
    },
    {
      "id": "225",
      "pokemonCaught": 225,
      "itemId": "numismatic-overhaul:bronze_coin",
      "quantity": 80
    },
    {
      "id": "226",
      "pokemonCaught": 226,
      "itemId": "numismatic-overhaul:bronze_coin",
      "quantity": 80
    },
    {
      "id": "227",
      "pokemonCaught": 227,
      "itemId": "numismatic-overhaul:bronze_coin",
      "quantity": 80
    },
    {
      "id": "228",
      "pokemonCaught": 228,
      "itemId": "numismatic-overhaul:bronze_coin",
      "quantity": 80
    },
    {
      "id": "229",
      "pokemonCaught": 229,
      "itemId": "numismatic-overhaul:bronze_coin",
      "quantity": 80
    },
    {
      "id": "230",
      "pokemonCaught": 230,
      "itemId": "numismatic-overhaul:silver_coin",
      "quantity": 12
    },
    {
      "id": "231",
      "pokemonCaught": 231,
      "itemId": "numismatic-overhaul:bronze_coin",
      "quantity": 80
    },
    {
      "id": "232",
      "pokemonCaught": 232,
      "itemId": "numismatic-overhaul:bronze_coin",
      "quantity": 80
    },
    {
      "id": "233",
      "pokemonCaught": 233,
      "itemId": "numismatic-overhaul:bronze_coin",
      "quantity": 80
    },
    {
      "id": "234",
      "pokemonCaught": 234,
      "itemId": "numismatic-overhaul:bronze_coin",
      "quantity": 80
    },
    {
      "id": "235",
      "pokemonCaught": 235,
      "itemId": "numismatic-overhaul:bronze_coin",
      "quantity": 80
    },
    {
      "id": "236",
      "pokemonCaught": 236,
      "itemId": "numismatic-overhaul:bronze_coin",
      "quantity": 80
    },
    {
      "id": "237",
      "pokemonCaught": 237,
      "itemId": "numismatic-overhaul:bronze_coin",
      "quantity": 80
    },
    {
      "id": "238",
      "pokemonCaught": 238,
      "itemId": "numismatic-overhaul:bronze_coin",
      "quantity": 80
    },
    {
      "id": "239",
      "pokemonCaught": 239,
      "itemId": "numismatic-overhaul:bronze_coin",
      "quantity": 80
    },
    {
      "id": "240",
      "pokemonCaught": 240,
      "itemId": "numismatic-overhaul:silver_coin",
      "quantity": 12
    },
    {
      "id": "241",
      "pokemonCaught": 241,
      "itemId": "numismatic-overhaul:bronze_coin",
      "quantity": 80
    },
    {
      "id": "242",
      "pokemonCaught": 242,
      "itemId": "numismatic-overhaul:bronze_coin",
      "quantity": 80
    },
    {
      "id": "243",
      "pokemonCaught": 243,
      "itemId": "numismatic-overhaul:bronze_coin",
      "quantity": 80
    },
    {
      "id": "244",
      "pokemonCaught": 244,
      "itemId": "numismatic-overhaul:bronze_coin",
      "quantity": 80
    },
    {
      "id": "245",
      "pokemonCaught": 245,
      "itemId": "numismatic-overhaul:bronze_coin",
      "quantity": 80
    },
    {
      "id": "246",
      "pokemonCaught": 246,
      "itemId": "numismatic-overhaul:bronze_coin",
      "quantity": 80
    },
    {
      "id": "247",
      "pokemonCaught": 247,
      "itemId": "numismatic-overhaul:bronze_coin",
      "quantity": 80
    },
    {
      "id": "248",
      "pokemonCaught": 248,
      "itemId": "numismatic-overhaul:bronze_coin",
      "quantity": 80
    },
    {
      "id": "249",
      "pokemonCaught": 249,
      "itemId": "numismatic-overhaul:bronze_coin",
      "quantity": 80
    },
    {
      "id": "250",
      "pokemonCaught": 250,
      "itemId": "numismatic-overhaul:silver_coin",
      "quantity": 12
    },
    {
      "id": "251",
      "pokemonCaught": 251,
      "itemId": "numismatic-overhaul:bronze_coin",
      "quantity": 80
    },
    {
      "id": "252",
      "pokemonCaught": 252,
      "itemId": "numismatic-overhaul:bronze_coin",
      "quantity": 80
    },
    {
      "id": "253",
      "pokemonCaught": 253,
      "itemId": "numismatic-overhaul:bronze_coin",
      "quantity": 80
    },
    {
      "id": "254",
      "pokemonCaught": 254,
      "itemId": "numismatic-overhaul:bronze_coin",
      "quantity": 80
    },
    {
      "id": "255",
      "pokemonCaught": 255,
      "itemId": "numismatic-overhaul:bronze_coin",
      "quantity": 80
    },
    {
      "id": "256",
      "pokemonCaught": 256,
      "itemId": "numismatic-overhaul:bronze_coin",
      "quantity": 80
    },
    {
      "id": "257",
      "pokemonCaught": 257,
      "itemId": "numismatic-overhaul:bronze_coin",
      "quantity": 80
    },
    {
      "id": "258",
      "pokemonCaught": 258,
      "itemId": "numismatic-overhaul:bronze_coin",
      "quantity": 80
    },
    {
      "id": "259",
      "pokemonCaught": 259,
      "itemId": "numismatic-overhaul:bronze_coin",
      "quantity": 80
    },
    {
      "id": "260",
      "pokemonCaught": 260,
      "itemId": "numismatic-overhaul:silver_coin",
      "quantity": 12
    },
    {
      "id": "261",
      "pokemonCaught": 261,
      "itemId": "numismatic-overhaul:bronze_coin",
      "quantity": 80
    },
    {
      "id": "262",
      "pokemonCaught": 262,
      "itemId": "numismatic-overhaul:bronze_coin",
      "quantity": 80
    },
    {
      "id": "263",
      "pokemonCaught": 263,
      "itemId": "numismatic-overhaul:bronze_coin",
      "quantity": 80
    },
    {
      "id": "264",
      "pokemonCaught": 264,
      "itemId": "numismatic-overhaul:bronze_coin",
      "quantity": 80
    },
    {
      "id": "265",
      "pokemonCaught": 265,
      "itemId": "numismatic-overhaul:bronze_coin",
      "quantity": 80
    },
    {
      "id": "266",
      "pokemonCaught": 266,
      "itemId": "numismatic-overhaul:bronze_coin",
      "quantity": 80
    },
    {
      "id": "267",
      "pokemonCaught": 267,
      "itemId": "numismatic-overhaul:bronze_coin",
      "quantity": 80
    },
    {
      "id": "268",
      "pokemonCaught": 268,
      "itemId": "numismatic-overhaul:bronze_coin",
      "quantity": 80
    },
    {
      "id": "269",
      "pokemonCaught": 269,
      "itemId": "numismatic-overhaul:bronze_coin",
      "quantity": 80
    },
    {
      "id": "270",
      "pokemonCaught": 270,
      "itemId": "numismatic-overhaul:silver_coin",
      "quantity": 12
    },
    {
      "id": "271",
      "pokemonCaught": 271,
      "itemId": "numismatic-overhaul:bronze_coin",
      "quantity": 80
    },
    {
      "id": "272",
      "pokemonCaught": 272,
      "itemId": "numismatic-overhaul:bronze_coin",
      "quantity": 80
    },
    {
      "id": "273",
      "pokemonCaught": 273,
      "itemId": "numismatic-overhaul:bronze_coin",
      "quantity": 80
    },
    {
      "id": "274",
      "pokemonCaught": 274,
      "itemId": "numismatic-overhaul:bronze_coin",
      "quantity": 80
    },
    {
      "id": "275",
      "pokemonCaught": 275,
      "itemId": "numismatic-overhaul:bronze_coin",
      "quantity": 80
    },
    {
      "id": "276",
      "pokemonCaught": 276,
      "itemId": "numismatic-overhaul:bronze_coin",
      "quantity": 80
    },
    {
      "id": "277",
      "pokemonCaught": 277,
      "itemId": "numismatic-overhaul:bronze_coin",
      "quantity": 80
    },
    {
      "id": "278",
      "pokemonCaught": 278,
      "itemId": "numismatic-overhaul:bronze_coin",
      "quantity": 80
    },
    {
      "id": "279",
      "pokemonCaught": 279,
      "itemId": "numismatic-overhaul:bronze_coin",
      "quantity": 80
    },
    {
      "id": "280",
      "pokemonCaught": 280,
      "itemId": "numismatic-overhaul:silver_coin",
      "quantity": 12
    },
    {
      "id": "281",
      "pokemonCaught": 281,
      "itemId": "numismatic-overhaul:bronze_coin",
      "quantity": 80
    },
    {
      "id": "282",
      "pokemonCaught": 282,
      "itemId": "numismatic-overhaul:bronze_coin",
      "quantity": 80
    },
    {
      "id": "283",
      "pokemonCaught": 283,
      "itemId": "numismatic-overhaul:bronze_coin",
      "quantity": 80
    },
    {
      "id": "284",
      "pokemonCaught": 284,
      "itemId": "numismatic-overhaul:bronze_coin",
      "quantity": 80
    },
    {
      "id": "285",
      "pokemonCaught": 285,
      "itemId": "numismatic-overhaul:bronze_coin",
      "quantity": 80
    },
    {
      "id": "286",
      "pokemonCaught": 286,
      "itemId": "numismatic-overhaul:bronze_coin",
      "quantity": 80
    },
    {
      "id": "287",
      "pokemonCaught": 287,
      "itemId": "numismatic-overhaul:bronze_coin",
      "quantity": 80
    },
    {
      "id": "288",
      "pokemonCaught": 288,
      "itemId": "numismatic-overhaul:bronze_coin",
      "quantity": 80
    },
    {
      "id": "289",
      "pokemonCaught": 289,
      "itemId": "numismatic-overhaul:bronze_coin",
      "quantity": 80
    },
    {
      "id": "290",
      "pokemonCaught": 290,
      "itemId": "numismatic-overhaul:silver_coin",
      "quantity": 12
    },
    {
      "id": "291",
      "pokemonCaught": 291,
      "itemId": "numismatic-overhaul:bronze_coin",
      "quantity": 80
    },
    {
      "id": "292",
      "pokemonCaught": 292,
      "itemId": "numismatic-overhaul:bronze_coin",
      "quantity": 80
    },
    {
      "id": "293",
      "pokemonCaught": 293,
      "itemId": "numismatic-overhaul:bronze_coin",
      "quantity": 80
    },
    {
      "id": "294",
      "pokemonCaught": 294,
      "itemId": "numismatic-overhaul:bronze_coin",
      "quantity": 80
    },
    {
      "id": "295",
      "pokemonCaught": 295,
      "itemId": "numismatic-overhaul:bronze_coin",
      "quantity": 80
    },
    {
      "id": "296",
      "pokemonCaught": 296,
      "itemId": "numismatic-overhaul:bronze_coin",
      "quantity": 80
    },
    {
      "id": "297",
      "pokemonCaught": 297,
      "itemId": "numismatic-overhaul:bronze_coin",
      "quantity": 80
    },
    {
      "id": "298",
      "pokemonCaught": 298,
      "itemId": "numismatic-overhaul:bronze_coin",
      "quantity": 80
    },
    {
      "id": "299",
      "pokemonCaught": 299,
      "itemId": "numismatic-overhaul:bronze_coin",
      "quantity": 80
    },
    {
      "id": "300",
      "pokemonCaught": 300,
      "itemId": "numismatic-overhaul:silver_coin",
      "quantity": 3
    },
    {
      "id": "301",
      "pokemonCaught": 301,
      "itemId": "numismatic-overhaul:silver_coin",
      "quantity": 3
    },
    {
      "id": "302",
      "pokemonCaught": 302,
      "itemId": "numismatic-overhaul:silver_coin",
      "quantity": 3
    },
    {
      "id": "303",
      "pokemonCaught": 303,
      "itemId": "numismatic-overhaul:silver_coin",
      "quantity": 3
    },
    {
      "id": "304",
      "pokemonCaught": 304,
      "itemId": "numismatic-overhaul:silver_coin",
      "quantity": 3
    },
    {
      "id": "305",
      "pokemonCaught": 305,
      "itemId": "numismatic-overhaul:silver_coin",
      "quantity": 3
    },
    {
      "id": "306",
      "pokemonCaught": 306,
      "itemId": "numismatic-overhaul:silver_coin",
      "quantity": 3
    },
    {
      "id": "307",
      "pokemonCaught": 307,
      "itemId": "numismatic-overhaul:silver_coin",
      "quantity": 3
    },
    {
      "id": "308",
      "pokemonCaught": 308,
      "itemId": "numismatic-overhaul:silver_coin",
      "quantity": 3
    },
    {
      "id": "309",
      "pokemonCaught": 309,
      "itemId": "numismatic-overhaul:silver_coin",
      "quantity": 3
    },
    {
      "id": "310",
      "pokemonCaught": 310,
      "itemId": "numismatic-overhaul:silver_coin",
      "quantity": 20
    },
    {
      "id": "311",
      "pokemonCaught": 311,
      "itemId": "numismatic-overhaul:silver_coin",
      "quantity": 3
    },
    {
      "id": "312",
      "pokemonCaught": 312,
      "itemId": "numismatic-overhaul:silver_coin",
      "quantity": 3
    },
    {
      "id": "313",
      "pokemonCaught": 313,
      "itemId": "numismatic-overhaul:silver_coin",
      "quantity": 3
    },
    {
      "id": "314",
      "pokemonCaught": 314,
      "itemId": "numismatic-overhaul:silver_coin",
      "quantity": 3
    },
    {
      "id": "315",
      "pokemonCaught": 315,
      "itemId": "numismatic-overhaul:silver_coin",
      "quantity": 3
    },
    {
      "id": "316",
      "pokemonCaught": 316,
      "itemId": "numismatic-overhaul:silver_coin",
      "quantity": 3
    },
    {
      "id": "317",
      "pokemonCaught": 317,
      "itemId": "numismatic-overhaul:silver_coin",
      "quantity": 3
    },
    {
      "id": "318",
      "pokemonCaught": 318,
      "itemId": "numismatic-overhaul:silver_coin",
      "quantity": 3
    },
    {
      "id": "319",
      "pokemonCaught": 319,
      "itemId": "numismatic-overhaul:silver_coin",
      "quantity": 3
    },
    {
      "id": "320",
      "pokemonCaught": 320,
      "itemId": "numismatic-overhaul:silver_coin",
      "quantity": 20
    },
    {
      "id": "321",
      "pokemonCaught": 321,
      "itemId": "numismatic-overhaul:silver_coin",
      "quantity": 3
    },
    {
      "id": "322",
      "pokemonCaught": 322,
      "itemId": "numismatic-overhaul:silver_coin",
      "quantity": 3
    },
    {
      "id": "323",
      "pokemonCaught": 323,
      "itemId": "numismatic-overhaul:silver_coin",
      "quantity": 3
    },
    {
      "id": "324",
      "pokemonCaught": 324,
      "itemId": "numismatic-overhaul:silver_coin",
      "quantity": 3
    },
    {
      "id": "325",
      "pokemonCaught": 325,
      "itemId": "numismatic-overhaul:silver_coin",
      "quantity": 3
    },
    {
      "id": "326",
      "pokemonCaught": 326,
      "itemId": "numismatic-overhaul:silver_coin",
      "quantity": 3
    },
    {
      "id": "327",
      "pokemonCaught": 327,
      "itemId": "numismatic-overhaul:silver_coin",
      "quantity": 3
    },
    {
      "id": "328",
      "pokemonCaught": 328,
      "itemId": "numismatic-overhaul:silver_coin",
      "quantity": 3
    },
    {
      "id": "329",
      "pokemonCaught": 329,
      "itemId": "numismatic-overhaul:silver_coin",
      "quantity": 3
    },
    {
      "id": "330",
      "pokemonCaught": 330,
      "itemId": "numismatic-overhaul:silver_coin",
      "quantity": 20
    },
    {
      "id": "331",
      "pokemonCaught": 331,
      "itemId": "numismatic-overhaul:silver_coin",
      "quantity": 3
    },
    {
      "id": "332",
      "pokemonCaught": 332,
      "itemId": "numismatic-overhaul:silver_coin",
      "quantity": 3
    },
    {
      "id": "333",
      "pokemonCaught": 333,
      "itemId": "numismatic-overhaul:silver_coin",
      "quantity": 3
    },
    {
      "id": "334",
      "pokemonCaught": 334,
      "itemId": "numismatic-overhaul:silver_coin",
      "quantity": 3
    },
    {
      "id": "335",
      "pokemonCaught": 335,
      "itemId": "numismatic-overhaul:silver_coin",
      "quantity": 3
    },
    {
      "id": "336",
      "pokemonCaught": 336,
      "itemId": "numismatic-overhaul:silver_coin",
      "quantity": 3
    },
    {
      "id": "337",
      "pokemonCaught": 337,
      "itemId": "numismatic-overhaul:silver_coin",
      "quantity": 3
    },
    {
      "id": "338",
      "pokemonCaught": 338,
      "itemId": "numismatic-overhaul:silver_coin",
      "quantity": 3
    },
    {
      "id": "339",
      "pokemonCaught": 339,
      "itemId": "numismatic-overhaul:silver_coin",
      "quantity": 3
    },
    {
      "id": "340",
      "pokemonCaught": 340,
      "itemId": "numismatic-overhaul:silver_coin",
      "quantity": 20
    },
    {
      "id": "341",
      "pokemonCaught": 341,
      "itemId": "numismatic-overhaul:silver_coin",
      "quantity": 3
    },
    {
      "id": "342",
      "pokemonCaught": 342,
      "itemId": "numismatic-overhaul:silver_coin",
      "quantity": 3
    },
    {
      "id": "343",
      "pokemonCaught": 343,
      "itemId": "numismatic-overhaul:silver_coin",
      "quantity": 3
    },
    {
      "id": "344",
      "pokemonCaught": 344,
      "itemId": "numismatic-overhaul:silver_coin",
      "quantity": 3
    },
    {
      "id": "345",
      "pokemonCaught": 345,
      "itemId": "numismatic-overhaul:silver_coin",
      "quantity": 3
    },
    {
      "id": "346",
      "pokemonCaught": 346,
      "itemId": "numismatic-overhaul:silver_coin",
      "quantity": 3
    },
    {
      "id": "347",
      "pokemonCaught": 347,
      "itemId": "numismatic-overhaul:silver_coin",
      "quantity": 3
    },
    {
      "id": "348",
      "pokemonCaught": 348,
      "itemId": "numismatic-overhaul:silver_coin",
      "quantity": 3
    },
    {
      "id": "349",
      "pokemonCaught": 349,
      "itemId": "numismatic-overhaul:silver_coin",
      "quantity": 3
    },
    {
      "id": "350",
      "pokemonCaught": 350,
      "itemId": "numismatic-overhaul:silver_coin",
      "quantity": 20
    },
    {
      "id": "351",
      "pokemonCaught": 351,
      "itemId": "numismatic-overhaul:silver_coin",
      "quantity": 3
    },
    {
      "id": "352",
      "pokemonCaught": 352,
      "itemId": "numismatic-overhaul:silver_coin",
      "quantity": 3
    },
    {
      "id": "353",
      "pokemonCaught": 353,
      "itemId": "numismatic-overhaul:silver_coin",
      "quantity": 3
    },
    {
      "id": "354",
      "pokemonCaught": 354,
      "itemId": "numismatic-overhaul:silver_coin",
      "quantity": 3
    },
    {
      "id": "355",
      "pokemonCaught": 355,
      "itemId": "numismatic-overhaul:silver_coin",
      "quantity": 3
    },
    {
      "id": "356",
      "pokemonCaught": 356,
      "itemId": "numismatic-overhaul:silver_coin",
      "quantity": 3
    },
    {
      "id": "357",
      "pokemonCaught": 357,
      "itemId": "numismatic-overhaul:silver_coin",
      "quantity": 3
    },
    {
      "id": "358",
      "pokemonCaught": 358,
      "itemId": "numismatic-overhaul:silver_coin",
      "quantity": 3
    },
    {
      "id": "359",
      "pokemonCaught": 359,
      "itemId": "numismatic-overhaul:silver_coin",
      "quantity": 3
    },
    {
      "id": "360",
      "pokemonCaught": 360,
      "itemId": "numismatic-overhaul:silver_coin",
      "quantity": 20
    },
    {
      "id": "361",
      "pokemonCaught": 361,
      "itemId": "numismatic-overhaul:silver_coin",
      "quantity": 3
    },
    {
      "id": "362",
      "pokemonCaught": 362,
      "itemId": "numismatic-overhaul:silver_coin",
      "quantity": 3
    },
    {
      "id": "363",
      "pokemonCaught": 363,
      "itemId": "numismatic-overhaul:silver_coin",
      "quantity": 3
    },
    {
      "id": "364",
      "pokemonCaught": 364,
      "itemId": "numismatic-overhaul:silver_coin",
      "quantity": 3
    },
    {
      "id": "365",
      "pokemonCaught": 365,
      "itemId": "numismatic-overhaul:silver_coin",
      "quantity": 3
    },
    {
      "id": "366",
      "pokemonCaught": 366,
      "itemId": "numismatic-overhaul:silver_coin",
      "quantity": 3
    },
    {
      "id": "367",
      "pokemonCaught": 367,
      "itemId": "numismatic-overhaul:silver_coin",
      "quantity": 3
    },
    {
      "id": "368",
      "pokemonCaught": 368,
      "itemId": "numismatic-overhaul:silver_coin",
      "quantity": 3
    },
    {
      "id": "369",
      "pokemonCaught": 369,
      "itemId": "numismatic-overhaul:silver_coin",
      "quantity": 3
    },
    {
      "id": "370",
      "pokemonCaught": 370,
      "itemId": "numismatic-overhaul:silver_coin",
      "quantity": 20
    },
    {
      "id": "371",
      "pokemonCaught": 371,
      "itemId": "numismatic-overhaul:silver_coin",
      "quantity": 3
    },
    {
      "id": "372",
      "pokemonCaught": 372,
      "itemId": "numismatic-overhaul:silver_coin",
      "quantity": 3
    },
    {
      "id": "373",
      "pokemonCaught": 373,
      "itemId": "numismatic-overhaul:silver_coin",
      "quantity": 3
    },
    {
      "id": "374",
      "pokemonCaught": 374,
      "itemId": "numismatic-overhaul:silver_coin",
      "quantity": 3
    },
    {
      "id": "375",
      "pokemonCaught": 375,
      "itemId": "numismatic-overhaul:silver_coin",
      "quantity": 3
    },
    {
      "id": "376",
      "pokemonCaught": 376,
      "itemId": "numismatic-overhaul:silver_coin",
      "quantity": 3
    },
    {
      "id": "377",
      "pokemonCaught": 377,
      "itemId": "numismatic-overhaul:silver_coin",
      "quantity": 3
    },
    {
      "id": "378",
      "pokemonCaught": 378,
      "itemId": "numismatic-overhaul:silver_coin",
      "quantity": 3
    },
    {
      "id": "379",
      "pokemonCaught": 379,
      "itemId": "numismatic-overhaul:silver_coin",
      "quantity": 3
    },
    {
      "id": "380",
      "pokemonCaught": 380,
      "itemId": "numismatic-overhaul:silver_coin",
      "quantity": 20
    },
    {
      "id": "381",
      "pokemonCaught": 381,
      "itemId": "numismatic-overhaul:silver_coin",
      "quantity": 3
    },
    {
      "id": "382",
      "pokemonCaught": 382,
      "itemId": "numismatic-overhaul:silver_coin",
      "quantity": 3
    },
    {
      "id": "383",
      "pokemonCaught": 383,
      "itemId": "numismatic-overhaul:silver_coin",
      "quantity": 3
    },
    {
      "id": "384",
      "pokemonCaught": 384,
      "itemId": "numismatic-overhaul:silver_coin",
      "quantity": 3
    },
    {
      "id": "385",
      "pokemonCaught": 385,
      "itemId": "numismatic-overhaul:silver_coin",
      "quantity": 3
    },
    {
      "id": "386",
      "pokemonCaught": 386,
      "itemId": "numismatic-overhaul:silver_coin",
      "quantity": 3
    },
    {
      "id": "387",
      "pokemonCaught": 387,
      "itemId": "numismatic-overhaul:silver_coin",
      "quantity": 3
    },
    {
      "id": "388",
      "pokemonCaught": 388,
      "itemId": "numismatic-overhaul:silver_coin",
      "quantity": 3
    },
    {
      "id": "389",
      "pokemonCaught": 389,
      "itemId": "numismatic-overhaul:silver_coin",
      "quantity": 3
    },
    {
      "id": "390",
      "pokemonCaught": 390,
      "itemId": "numismatic-overhaul:silver_coin",
      "quantity": 20
    },
    {
      "id": "391",
      "pokemonCaught": 391,
      "itemId": "numismatic-overhaul:silver_coin",
      "quantity": 3
    },
    {
      "id": "392",
      "pokemonCaught": 392,
      "itemId": "numismatic-overhaul:silver_coin",
      "quantity": 3
    },
    {
      "id": "393",
      "pokemonCaught": 393,
      "itemId": "numismatic-overhaul:silver_coin",
      "quantity": 3
    },
    {
      "id": "394",
      "pokemonCaught": 394,
      "itemId": "numismatic-overhaul:silver_coin",
      "quantity": 3
    },
    {
      "id": "395",
      "pokemonCaught": 395,
      "itemId": "numismatic-overhaul:silver_coin",
      "quantity": 3
    },
    {
      "id": "396",
      "pokemonCaught": 396,
      "itemId": "numismatic-overhaul:silver_coin",
      "quantity": 3
    },
    {
      "id": "397",
      "pokemonCaught": 397,
      "itemId": "numismatic-overhaul:silver_coin",
      "quantity": 3
    },
    {
      "id": "398",
      "pokemonCaught": 398,
      "itemId": "numismatic-overhaul:silver_coin",
      "quantity": 3
    },
    {
      "id": "399",
      "pokemonCaught": 399,
      "itemId": "numismatic-overhaul:silver_coin",
      "quantity": 3
    },
    {
      "id": "400",
      "pokemonCaught": 400,
      "itemId": "numismatic-overhaul:silver_coin",
      "quantity": 8
    },
    {
      "id": "401",
      "pokemonCaught": 401,
      "itemId": "numismatic-overhaul:silver_coin",
      "quantity": 8
    },
    {
      "id": "402",
      "pokemonCaught": 402,
      "itemId": "numismatic-overhaul:silver_coin",
      "quantity": 8
    },
    {
      "id": "403",
      "pokemonCaught": 403,
      "itemId": "numismatic-overhaul:silver_coin",
      "quantity": 8
    },
    {
      "id": "404",
      "pokemonCaught": 404,
      "itemId": "numismatic-overhaul:silver_coin",
      "quantity": 8
    },
    {
      "id": "405",
      "pokemonCaught": 405,
      "itemId": "numismatic-overhaul:silver_coin",
      "quantity": 8
    },
    {
      "id": "406",
      "pokemonCaught": 406,
      "itemId": "numismatic-overhaul:silver_coin",
      "quantity": 8
    },
    {
      "id": "407",
      "pokemonCaught": 407,
      "itemId": "numismatic-overhaul:silver_coin",
      "quantity": 8
    },
    {
      "id": "408",
      "pokemonCaught": 408,
      "itemId": "numismatic-overhaul:silver_coin",
      "quantity": 8
    },
    {
      "id": "409",
      "pokemonCaught": 409,
      "itemId": "numismatic-overhaul:silver_coin",
      "quantity": 8
    },
    {
      "id": "410",
      "pokemonCaught": 410,
      "itemId": "numismatic-overhaul:silver_coin",
      "quantity": 50
    },
    {
      "id": "411",
      "pokemonCaught": 411,
      "itemId": "numismatic-overhaul:silver_coin",
      "quantity": 8
    },
    {
      "id": "412",
      "pokemonCaught": 412,
      "itemId": "numismatic-overhaul:silver_coin",
      "quantity": 8
    },
    {
      "id": "413",
      "pokemonCaught": 413,
      "itemId": "numismatic-overhaul:silver_coin",
      "quantity": 8
    },
    {
      "id": "414",
      "pokemonCaught": 414,
      "itemId": "numismatic-overhaul:silver_coin",
      "quantity": 8
    },
    {
      "id": "415",
      "pokemonCaught": 415,
      "itemId": "numismatic-overhaul:silver_coin",
      "quantity": 8
    },
    {
      "id": "416",
      "pokemonCaught": 416,
      "itemId": "numismatic-overhaul:silver_coin",
      "quantity": 8
    },
    {
      "id": "417",
      "pokemonCaught": 417,
      "itemId": "numismatic-overhaul:silver_coin",
      "quantity": 8
    },
    {
      "id": "418",
      "pokemonCaught": 418,
      "itemId": "numismatic-overhaul:silver_coin",
      "quantity": 8
    },
    {
      "id": "419",
      "pokemonCaught": 419,
      "itemId": "numismatic-overhaul:silver_coin",
      "quantity": 8
    },
    {
      "id": "420",
      "pokemonCaught": 420,
      "itemId": "numismatic-overhaul:silver_coin",
      "quantity": 50
    },
    {
      "id": "421",
      "pokemonCaught": 421,
      "itemId": "numismatic-overhaul:silver_coin",
      "quantity": 8
    },
    {
      "id": "422",
      "pokemonCaught": 422,
      "itemId": "numismatic-overhaul:silver_coin",
      "quantity": 8
    },
    {
      "id": "423",
      "pokemonCaught": 423,
      "itemId": "numismatic-overhaul:silver_coin",
      "quantity": 8
    },
    {
      "id": "424",
      "pokemonCaught": 424,
      "itemId": "numismatic-overhaul:silver_coin",
      "quantity": 8
    },
    {
      "id": "425",
      "pokemonCaught": 425,
      "itemId": "numismatic-overhaul:silver_coin",
      "quantity": 8
    },
    {
      "id": "426",
      "pokemonCaught": 426,
      "itemId": "numismatic-overhaul:silver_coin",
      "quantity": 8
    },
    {
      "id": "427",
      "pokemonCaught": 427,
      "itemId": "numismatic-overhaul:silver_coin",
      "quantity": 8
    },
    {
      "id": "428",
      "pokemonCaught": 428,
      "itemId": "numismatic-overhaul:silver_coin",
      "quantity": 8
    },
    {
      "id": "429",
      "pokemonCaught": 429,
      "itemId": "numismatic-overhaul:silver_coin",
      "quantity": 8
    },
    {
      "id": "430",
      "pokemonCaught": 430,
      "itemId": "numismatic-overhaul:silver_coin",
      "quantity": 50
    },
    {
      "id": "431",
      "pokemonCaught": 431,
      "itemId": "numismatic-overhaul:silver_coin",
      "quantity": 8
    },
    {
      "id": "432",
      "pokemonCaught": 432,
      "itemId": "numismatic-overhaul:silver_coin",
      "quantity": 8
    },
    {
      "id": "433",
      "pokemonCaught": 433,
      "itemId": "numismatic-overhaul:silver_coin",
      "quantity": 8
    },
    {
      "id": "434",
      "pokemonCaught": 434,
      "itemId": "numismatic-overhaul:silver_coin",
      "quantity": 8
    },
    {
      "id": "435",
      "pokemonCaught": 435,
      "itemId": "numismatic-overhaul:silver_coin",
      "quantity": 8
    },
    {
      "id": "436",
      "pokemonCaught": 436,
      "itemId": "numismatic-overhaul:silver_coin",
      "quantity": 8
    },
    {
      "id": "437",
      "pokemonCaught": 437,
      "itemId": "numismatic-overhaul:silver_coin",
      "quantity": 8
    },
    {
      "id": "438",
      "pokemonCaught": 438,
      "itemId": "numismatic-overhaul:silver_coin",
      "quantity": 8
    },
    {
      "id": "439",
      "pokemonCaught": 439,
      "itemId": "numismatic-overhaul:silver_coin",
      "quantity": 8
    },
    {
      "id": "440",
      "pokemonCaught": 440,
      "itemId": "numismatic-overhaul:silver_coin",
      "quantity": 50
    },
    {
      "id": "441",
      "pokemonCaught": 441,
      "itemId": "numismatic-overhaul:silver_coin",
      "quantity": 8
    },
    {
      "id": "442",
      "pokemonCaught": 442,
      "itemId": "numismatic-overhaul:silver_coin",
      "quantity": 8
    },
    {
      "id": "443",
      "pokemonCaught": 443,
      "itemId": "numismatic-overhaul:silver_coin",
      "quantity": 8
    },
    {
      "id": "444",
      "pokemonCaught": 444,
      "itemId": "numismatic-overhaul:silver_coin",
      "quantity": 8
    },
    {
      "id": "445",
      "pokemonCaught": 445,
      "itemId": "numismatic-overhaul:silver_coin",
      "quantity": 8
    },
    {
      "id": "446",
      "pokemonCaught": 446,
      "itemId": "numismatic-overhaul:silver_coin",
      "quantity": 8
    },
    {
      "id": "447",
      "pokemonCaught": 447,
      "itemId": "numismatic-overhaul:silver_coin",
      "quantity": 8
    },
    {
      "id": "448",
      "pokemonCaught": 448,
      "itemId": "numismatic-overhaul:silver_coin",
      "quantity": 8
    },
    {
      "id": "449",
      "pokemonCaught": 449,
      "itemId": "numismatic-overhaul:silver_coin",
      "quantity": 8
    },
    {
      "id": "450",
      "pokemonCaught": 450,
      "itemId": "numismatic-overhaul:silver_coin",
      "quantity": 50
    },
    {
      "id": "451",
      "pokemonCaught": 451,
      "itemId": "numismatic-overhaul:silver_coin",
      "quantity": 8
    },
    {
      "id": "452",
      "pokemonCaught": 452,
      "itemId": "numismatic-overhaul:silver_coin",
      "quantity": 8
    },
    {
      "id": "453",
      "pokemonCaught": 453,
      "itemId": "numismatic-overhaul:silver_coin",
      "quantity": 8
    },
    {
      "id": "454",
      "pokemonCaught": 454,
      "itemId": "numismatic-overhaul:silver_coin",
      "quantity": 8
    },
    {
      "id": "455",
      "pokemonCaught": 455,
      "itemId": "numismatic-overhaul:silver_coin",
      "quantity": 8
    },
    {
      "id": "456",
      "pokemonCaught": 456,
      "itemId": "numismatic-overhaul:silver_coin",
      "quantity": 8
    },
    {
      "id": "457",
      "pokemonCaught": 457,
      "itemId": "numismatic-overhaul:silver_coin",
      "quantity": 8
    },
    {
      "id": "458",
      "pokemonCaught": 458,
      "itemId": "numismatic-overhaul:silver_coin",
      "quantity": 8
    },
    {
      "id": "459",
      "pokemonCaught": 459,
      "itemId": "numismatic-overhaul:silver_coin",
      "quantity": 8
    },
    {
      "id": "460",
      "pokemonCaught": 460,
      "itemId": "numismatic-overhaul:silver_coin",
      "quantity": 50
    },
    {
      "id": "461",
      "pokemonCaught": 461,
      "itemId": "numismatic-overhaul:silver_coin",
      "quantity": 8
    },
    {
      "id": "462",
      "pokemonCaught": 462,
      "itemId": "numismatic-overhaul:silver_coin",
      "quantity": 8
    },
    {
      "id": "463",
      "pokemonCaught": 463,
      "itemId": "numismatic-overhaul:silver_coin",
      "quantity": 8
    },
    {
      "id": "464",
      "pokemonCaught": 464,
      "itemId": "numismatic-overhaul:silver_coin",
      "quantity": 8
    },
    {
      "id": "465",
      "pokemonCaught": 465,
      "itemId": "numismatic-overhaul:silver_coin",
      "quantity": 8
    },
    {
      "id": "466",
      "pokemonCaught": 466,
      "itemId": "numismatic-overhaul:silver_coin",
      "quantity": 8
    },
    {
      "id": "467",
      "pokemonCaught": 467,
      "itemId": "numismatic-overhaul:silver_coin",
      "quantity": 8
    },
    {
      "id": "468",
      "pokemonCaught": 468,
      "itemId": "numismatic-overhaul:silver_coin",
      "quantity": 8
    },
    {
      "id": "469",
      "pokemonCaught": 469,
      "itemId": "numismatic-overhaul:silver_coin",
      "quantity": 8
    },
    {
      "id": "470",
      "pokemonCaught": 470,
      "itemId": "numismatic-overhaul:silver_coin",
      "quantity": 50
    },
    {
      "id": "471",
      "pokemonCaught": 471,
      "itemId": "numismatic-overhaul:silver_coin",
      "quantity": 8
    },
    {
      "id": "472",
      "pokemonCaught": 472,
      "itemId": "numismatic-overhaul:silver_coin",
      "quantity": 8
    },
    {
      "id": "473",
      "pokemonCaught": 473,
      "itemId": "numismatic-overhaul:silver_coin",
      "quantity": 8
    },
    {
      "id": "474",
      "pokemonCaught": 474,
      "itemId": "numismatic-overhaul:silver_coin",
      "quantity": 8
    },
    {
      "id": "475",
      "pokemonCaught": 475,
      "itemId": "numismatic-overhaul:silver_coin",
      "quantity": 8
    },
    {
      "id": "476",
      "pokemonCaught": 476,
      "itemId": "numismatic-overhaul:silver_coin",
      "quantity": 8
    },
    {
      "id": "477",
      "pokemonCaught": 477,
      "itemId": "numismatic-overhaul:silver_coin",
      "quantity": 8
    },
    {
      "id": "478",
      "pokemonCaught": 478,
      "itemId": "numismatic-overhaul:silver_coin",
      "quantity": 8
    },
    {
      "id": "479",
      "pokemonCaught": 479,
      "itemId": "numismatic-overhaul:silver_coin",
      "quantity": 8
    },
    {
      "id": "480",
      "pokemonCaught": 480,
      "itemId": "numismatic-overhaul:silver_coin",
      "quantity": 50
    },
    {
      "id": "481",
      "pokemonCaught": 481,
      "itemId": "numismatic-overhaul:silver_coin",
      "quantity": 8
    },
    {
      "id": "482",
      "pokemonCaught": 482,
      "itemId": "numismatic-overhaul:silver_coin",
      "quantity": 8
    },
    {
      "id": "483",
      "pokemonCaught": 483,
      "itemId": "numismatic-overhaul:silver_coin",
      "quantity": 8
    },
    {
      "id": "484",
      "pokemonCaught": 484,
      "itemId": "numismatic-overhaul:silver_coin",
      "quantity": 8
    },
    {
      "id": "485",
      "pokemonCaught": 485,
      "itemId": "numismatic-overhaul:silver_coin",
      "quantity": 8
    },
    {
      "id": "486",
      "pokemonCaught": 486,
      "itemId": "numismatic-overhaul:silver_coin",
      "quantity": 8
    },
    {
      "id": "487",
      "pokemonCaught": 487,
      "itemId": "numismatic-overhaul:silver_coin",
      "quantity": 8
    },
    {
      "id": "488",
      "pokemonCaught": 488,
      "itemId": "numismatic-overhaul:silver_coin",
      "quantity": 8
    },
    {
      "id": "489",
      "pokemonCaught": 489,
      "itemId": "numismatic-overhaul:silver_coin",
      "quantity": 8
    },
    {
      "id": "490",
      "pokemonCaught": 490,
      "itemId": "numismatic-overhaul:silver_coin",
      "quantity": 50
    },
    {
      "id": "491",
      "pokemonCaught": 491,
      "itemId": "numismatic-overhaul:silver_coin",
      "quantity": 8
    },
    {
      "id": "492",
      "pokemonCaught": 492,
      "itemId": "numismatic-overhaul:silver_coin",
      "quantity": 8
    },
    {
      "id": "493",
      "pokemonCaught": 493,
      "itemId": "numismatic-overhaul:silver_coin",
      "quantity": 8
    },
    {
      "id": "494",
      "pokemonCaught": 494,
      "itemId": "numismatic-overhaul:silver_coin",
      "quantity": 8
    },
    {
      "id": "495",
      "pokemonCaught": 495,
      "itemId": "numismatic-overhaul:silver_coin",
      "quantity": 8
    },
    {
      "id": "496",
      "pokemonCaught": 496,
      "itemId": "numismatic-overhaul:silver_coin",
      "quantity": 8
    },
    {
      "id": "497",
      "pokemonCaught": 497,
      "itemId": "numismatic-overhaul:silver_coin",
      "quantity": 8
    },
    {
      "id": "498",
      "pokemonCaught": 498,
      "itemId": "numismatic-overhaul:silver_coin",
      "quantity": 8
    },
    {
      "id": "499",
      "pokemonCaught": 499,
      "itemId": "numismatic-overhaul:silver_coin",
      "quantity": 8
    },
    {
      "id": "500",
      "pokemonCaught": 500,
      "itemId": "numismatic-overhaul:silver_coin",
      "quantity": 30
    },
    {
      "id": "501",
      "pokemonCaught": 501,
      "itemId": "numismatic-overhaul:silver_coin",
      "quantity": 30
    },
    {
      "id": "502",
      "pokemonCaught": 502,
      "itemId": "numismatic-overhaul:silver_coin",
      "quantity": 30
    },
    {
      "id": "503",
      "pokemonCaught": 503,
      "itemId": "numismatic-overhaul:silver_coin",
      "quantity": 30
    },
    {
      "id": "504",
      "pokemonCaught": 504,
      "itemId": "numismatic-overhaul:silver_coin",
      "quantity": 30
    },
    {
      "id": "505",
      "pokemonCaught": 505,
      "itemId": "numismatic-overhaul:silver_coin",
      "quantity": 30
    },
    {
      "id": "506",
      "pokemonCaught": 506,
      "itemId": "numismatic-overhaul:silver_coin",
      "quantity": 30
    },
    {
      "id": "507",
      "pokemonCaught": 507,
      "itemId": "numismatic-overhaul:silver_coin",
      "quantity": 30
    },
    {
      "id": "508",
      "pokemonCaught": 508,
      "itemId": "numismatic-overhaul:silver_coin",
      "quantity": 30
    },
    {
      "id": "509",
      "pokemonCaught": 509,
      "itemId": "numismatic-overhaul:silver_coin",
      "quantity": 30
    },
    {
      "id": "510",
      "pokemonCaught": 510,
      "itemId": "numismatic-overhaul:gold_coin",
      "quantity": 2
    },
    {
      "id": "511",
      "pokemonCaught": 511,
      "itemId": "numismatic-overhaul:silver_coin",
      "quantity": 30
    },
    {
      "id": "512",
      "pokemonCaught": 512,
      "itemId": "numismatic-overhaul:silver_coin",
      "quantity": 30
    },
    {
      "id": "513",
      "pokemonCaught": 513,
      "itemId": "numismatic-overhaul:silver_coin",
      "quantity": 30
    },
    {
      "id": "514",
      "pokemonCaught": 514,
      "itemId": "numismatic-overhaul:silver_coin",
      "quantity": 30
    },
    {
      "id": "515",
      "pokemonCaught": 515,
      "itemId": "numismatic-overhaul:silver_coin",
      "quantity": 30
    },
    {
      "id": "516",
      "pokemonCaught": 516,
      "itemId": "numismatic-overhaul:silver_coin",
      "quantity": 30
    },
    {
      "id": "517",
      "pokemonCaught": 517,
      "itemId": "numismatic-overhaul:silver_coin",
      "quantity": 30
    },
    {
      "id": "518",
      "pokemonCaught": 518,
      "itemId": "numismatic-overhaul:silver_coin",
      "quantity": 30
    },
    {
      "id": "519",
      "pokemonCaught": 519,
      "itemId": "numismatic-overhaul:silver_coin",
      "quantity": 30
    },
    {
      "id": "520",
      "pokemonCaught": 520,
      "itemId": "numismatic-overhaul:gold_coin",
      "quantity": 2
    },
    {
      "id": "521",
      "pokemonCaught": 521,
      "itemId": "numismatic-overhaul:silver_coin",
      "quantity": 30
    },
    {
      "id": "522",
      "pokemonCaught": 522,
      "itemId": "numismatic-overhaul:silver_coin",
      "quantity": 30
    },
    {
      "id": "523",
      "pokemonCaught": 523,
      "itemId": "numismatic-overhaul:silver_coin",
      "quantity": 30
    },
    {
      "id": "524",
      "pokemonCaught": 524,
      "itemId": "numismatic-overhaul:silver_coin",
      "quantity": 30
    },
    {
      "id": "525",
      "pokemonCaught": 525,
      "itemId": "numismatic-overhaul:silver_coin",
      "quantity": 30
    },
    {
      "id": "526",
      "pokemonCaught": 526,
      "itemId": "numismatic-overhaul:silver_coin",
      "quantity": 30
    },
    {
      "id": "527",
      "pokemonCaught": 527,
      "itemId": "numismatic-overhaul:silver_coin",
      "quantity": 30
    },
    {
      "id": "528",
      "pokemonCaught": 528,
      "itemId": "numismatic-overhaul:silver_coin",
      "quantity": 30
    },
    {
      "id": "529",
      "pokemonCaught": 529,
      "itemId": "numismatic-overhaul:silver_coin",
      "quantity": 30
    },
    {
      "id": "530",
      "pokemonCaught": 530,
      "itemId": "numismatic-overhaul:gold_coin",
      "quantity": 2
    },
    {
      "id": "531",
      "pokemonCaught": 531,
      "itemId": "numismatic-overhaul:silver_coin",
      "quantity": 30
    },
    {
      "id": "532",
      "pokemonCaught": 532,
      "itemId": "numismatic-overhaul:silver_coin",
      "quantity": 30
    },
    {
      "id": "533",
      "pokemonCaught": 533,
      "itemId": "numismatic-overhaul:silver_coin",
      "quantity": 30
    },
    {
      "id": "534",
      "pokemonCaught": 534,
      "itemId": "numismatic-overhaul:silver_coin",
      "quantity": 30
    },
    {
      "id": "535",
      "pokemonCaught": 535,
      "itemId": "numismatic-overhaul:silver_coin",
      "quantity": 30
    },
    {
      "id": "536",
      "pokemonCaught": 536,
      "itemId": "numismatic-overhaul:silver_coin",
      "quantity": 30
    },
    {
      "id": "537",
      "pokemonCaught": 537,
      "itemId": "numismatic-overhaul:silver_coin",
      "quantity": 30
    },
    {
      "id": "538",
      "pokemonCaught": 538,
      "itemId": "numismatic-overhaul:silver_coin",
      "quantity": 30
    },
    {
      "id": "539",
      "pokemonCaught": 539,
      "itemId": "numismatic-overhaul:silver_coin",
      "quantity": 30
    },
    {
      "id": "540",
      "pokemonCaught": 540,
      "itemId": "numismatic-overhaul:gold_coin",
      "quantity": 2
    },
    {
      "id": "541",
      "pokemonCaught": 541,
      "itemId": "numismatic-overhaul:silver_coin",
      "quantity": 30
    },
    {
      "id": "542",
      "pokemonCaught": 542,
      "itemId": "numismatic-overhaul:silver_coin",
      "quantity": 30
    },
    {
      "id": "543",
      "pokemonCaught": 543,
      "itemId": "numismatic-overhaul:silver_coin",
      "quantity": 30
    },
    {
      "id": "544",
      "pokemonCaught": 544,
      "itemId": "numismatic-overhaul:silver_coin",
      "quantity": 30
    },
    {
      "id": "545",
      "pokemonCaught": 545,
      "itemId": "numismatic-overhaul:silver_coin",
      "quantity": 30
    },
    {
      "id": "546",
      "pokemonCaught": 546,
      "itemId": "numismatic-overhaul:silver_coin",
      "quantity": 30
    },
    {
      "id": "547",
      "pokemonCaught": 547,
      "itemId": "numismatic-overhaul:silver_coin",
      "quantity": 30
    },
    {
      "id": "548",
      "pokemonCaught": 548,
      "itemId": "numismatic-overhaul:silver_coin",
      "quantity": 30
    },
    {
      "id": "549",
      "pokemonCaught": 549,
      "itemId": "numismatic-overhaul:silver_coin",
      "quantity": 30
    },
    {
      "id": "550",
      "pokemonCaught": 550,
      "itemId": "numismatic-overhaul:gold_coin",
      "quantity": 2
    },
    {
      "id": "551",
      "pokemonCaught": 551,
      "itemId": "numismatic-overhaul:silver_coin",
      "quantity": 30
    },
    {
      "id": "552",
      "pokemonCaught": 552,
      "itemId": "numismatic-overhaul:silver_coin",
      "quantity": 30
    },
    {
      "id": "553",
      "pokemonCaught": 553,
      "itemId": "numismatic-overhaul:silver_coin",
      "quantity": 30
    },
    {
      "id": "554",
      "pokemonCaught": 554,
      "itemId": "numismatic-overhaul:silver_coin",
      "quantity": 30
    },
    {
      "id": "555",
      "pokemonCaught": 555,
      "itemId": "numismatic-overhaul:silver_coin",
      "quantity": 30
    },
    {
      "id": "556",
      "pokemonCaught": 556,
      "itemId": "numismatic-overhaul:silver_coin",
      "quantity": 30
    },
    {
      "id": "557",
      "pokemonCaught": 557,
      "itemId": "numismatic-overhaul:silver_coin",
      "quantity": 30
    },
    {
      "id": "558",
      "pokemonCaught": 558,
      "itemId": "numismatic-overhaul:silver_coin",
      "quantity": 30
    },
    {
      "id": "559",
      "pokemonCaught": 559,
      "itemId": "numismatic-overhaul:silver_coin",
      "quantity": 30
    },
    {
      "id": "560",
      "pokemonCaught": 560,
      "itemId": "numismatic-overhaul:gold_coin",
      "quantity": 2
    },
    {
      "id": "561",
      "pokemonCaught": 561,
      "itemId": "numismatic-overhaul:silver_coin",
      "quantity": 30
    },
    {
      "id": "562",
      "pokemonCaught": 562,
      "itemId": "numismatic-overhaul:silver_coin",
      "quantity": 30
    },
    {
      "id": "563",
      "pokemonCaught": 563,
      "itemId": "numismatic-overhaul:silver_coin",
      "quantity": 30
    },
    {
      "id": "564",
      "pokemonCaught": 564,
      "itemId": "numismatic-overhaul:silver_coin",
      "quantity": 30
    },
    {
      "id": "565",
      "pokemonCaught": 565,
      "itemId": "numismatic-overhaul:silver_coin",
      "quantity": 30
    },
    {
      "id": "566",
      "pokemonCaught": 566,
      "itemId": "numismatic-overhaul:silver_coin",
      "quantity": 30
    },
    {
      "id": "567",
      "pokemonCaught": 567,
      "itemId": "numismatic-overhaul:silver_coin",
      "quantity": 30
    },
    {
      "id": "568",
      "pokemonCaught": 568,
      "itemId": "numismatic-overhaul:silver_coin",
      "quantity": 30
    },
    {
      "id": "569",
      "pokemonCaught": 569,
      "itemId": "numismatic-overhaul:silver_coin",
      "quantity": 30
    },
    {
      "id": "570",
      "pokemonCaught": 570,
      "itemId": "numismatic-overhaul:gold_coin",
      "quantity": 2
    },
    {
      "id": "571",
      "pokemonCaught": 571,
      "itemId": "numismatic-overhaul:silver_coin",
      "quantity": 30
    },
    {
      "id": "572",
      "pokemonCaught": 572,
      "itemId": "numismatic-overhaul:silver_coin",
      "quantity": 30
    },
    {
      "id": "573",
      "pokemonCaught": 573,
      "itemId": "numismatic-overhaul:silver_coin",
      "quantity": 30
    },
    {
      "id": "574",
      "pokemonCaught": 574,
      "itemId": "numismatic-overhaul:silver_coin",
      "quantity": 30
    },
    {
      "id": "575",
      "pokemonCaught": 575,
      "itemId": "numismatic-overhaul:silver_coin",
      "quantity": 30
    },
    {
      "id": "576",
      "pokemonCaught": 576,
      "itemId": "numismatic-overhaul:silver_coin",
      "quantity": 30
    },
    {
      "id": "577",
      "pokemonCaught": 577,
      "itemId": "numismatic-overhaul:silver_coin",
      "quantity": 30
    },
    {
      "id": "578",
      "pokemonCaught": 578,
      "itemId": "numismatic-overhaul:silver_coin",
      "quantity": 30
    },
    {
      "id": "579",
      "pokemonCaught": 579,
      "itemId": "numismatic-overhaul:silver_coin",
      "quantity": 30
    },
    {
      "id": "580",
      "pokemonCaught": 580,
      "itemId": "numismatic-overhaul:gold_coin",
      "quantity": 2
    },
    {
      "id": "581",
      "pokemonCaught": 581,
      "itemId": "numismatic-overhaul:silver_coin",
      "quantity": 30
    },
    {
      "id": "582",
      "pokemonCaught": 582,
      "itemId": "numismatic-overhaul:silver_coin",
      "quantity": 30
    },
    {
      "id": "583",
      "pokemonCaught": 583,
      "itemId": "numismatic-overhaul:silver_coin",
      "quantity": 30
    },
    {
      "id": "584",
      "pokemonCaught": 584,
      "itemId": "numismatic-overhaul:silver_coin",
      "quantity": 30
    },
    {
      "id": "585",
      "pokemonCaught": 585,
      "itemId": "numismatic-overhaul:silver_coin",
      "quantity": 30
    },
    {
      "id": "586",
      "pokemonCaught": 586,
      "itemId": "numismatic-overhaul:silver_coin",
      "quantity": 30
    },
    {
      "id": "587",
      "pokemonCaught": 587,
      "itemId": "numismatic-overhaul:silver_coin",
      "quantity": 30
    },
    {
      "id": "588",
      "pokemonCaught": 588,
      "itemId": "numismatic-overhaul:silver_coin",
      "quantity": 30
    },
    {
      "id": "589",
      "pokemonCaught": 589,
      "itemId": "numismatic-overhaul:silver_coin",
      "quantity": 30
    },
    {
      "id": "590",
      "pokemonCaught": 590,
      "itemId": "numismatic-overhaul:gold_coin",
      "quantity": 2
    },
    {
      "id": "591",
      "pokemonCaught": 591,
      "itemId": "numismatic-overhaul:silver_coin",
      "quantity": 30
    },
    {
      "id": "592",
      "pokemonCaught": 592,
      "itemId": "numismatic-overhaul:silver_coin",
      "quantity": 30
    },
    {
      "id": "593",
      "pokemonCaught": 593,
      "itemId": "numismatic-overhaul:silver_coin",
      "quantity": 30
    },
    {
      "id": "594",
      "pokemonCaught": 594,
      "itemId": "numismatic-overhaul:silver_coin",
      "quantity": 30
    },
    {
      "id": "595",
      "pokemonCaught": 595,
      "itemId": "numismatic-overhaul:silver_coin",
      "quantity": 30
    },
    {
      "id": "596",
      "pokemonCaught": 596,
      "itemId": "numismatic-overhaul:silver_coin",
      "quantity": 30
    },
    {
      "id": "597",
      "pokemonCaught": 597,
      "itemId": "numismatic-overhaul:silver_coin",
      "quantity": 30
    },
    {
      "id": "598",
      "pokemonCaught": 598,
      "itemId": "numismatic-overhaul:silver_coin",
      "quantity": 30
    },
    {
      "id": "599",
      "pokemonCaught": 599,
      "itemId": "numismatic-overhaul:silver_coin",
      "quantity": 30
    },
    {
      "id": "600",
      "pokemonCaught": 100,
      "itemId": "numismatic-overhaul:silver_coin",
      "quantity": 50
    },
    {
      "id": "601",
      "pokemonCaught": 601,
      "itemId": "numismatic-overhaul:silver_coin",
      "quantity": 50
    },
    {
      "id": "602",
      "pokemonCaught": 602,
      "itemId": "numismatic-overhaul:silver_coin",
      "quantity": 50
    },
    {
      "id": "603",
      "pokemonCaught": 603,
      "itemId": "numismatic-overhaul:silver_coin",
      "quantity": 50
    },
    {
      "id": "604",
      "pokemonCaught": 604,
      "itemId": "numismatic-overhaul:silver_coin",
      "quantity": 50
    },
    {
      "id": "605",
      "pokemonCaught": 605,
      "itemId": "numismatic-overhaul:silver_coin",
      "quantity": 50
    },
    {
      "id": "606",
      "pokemonCaught": 606,
      "itemId": "numismatic-overhaul:silver_coin",
      "quantity": 50
    },
    {
      "id": "607",
      "pokemonCaught": 607,
      "itemId": "numismatic-overhaul:silver_coin",
      "quantity": 50
    },
    {
      "id": "608",
      "pokemonCaught": 608,
      "itemId": "numismatic-overhaul:silver_coin",
      "quantity": 50
    },
    {
      "id": "609",
      "pokemonCaught": 609,
      "itemId": "numismatic-overhaul:silver_coin",
      "quantity": 50
    },
    {
      "id": "610",
      "pokemonCaught": 610,
      "itemId": "numismatic-overhaul:gold_coin",
      "quantity": 3
    },
    {
      "id": "611",
      "pokemonCaught": 611,
      "itemId": "numismatic-overhaul:silver_coin",
      "quantity": 50
    },
    {
      "id": "612",
      "pokemonCaught": 612,
      "itemId": "numismatic-overhaul:silver_coin",
      "quantity": 50
    },
    {
      "id": "613",
      "pokemonCaught": 613,
      "itemId": "numismatic-overhaul:silver_coin",
      "quantity": 50
    },
    {
      "id": "614",
      "pokemonCaught": 614,
      "itemId": "numismatic-overhaul:silver_coin",
      "quantity": 50
    },
    {
      "id": "615",
      "pokemonCaught": 615,
      "itemId": "numismatic-overhaul:silver_coin",
      "quantity": 50
    },
    {
      "id": "616",
      "pokemonCaught": 616,
      "itemId": "numismatic-overhaul:silver_coin",
      "quantity": 50
    },
    {
      "id": "617",
      "pokemonCaught": 617,
      "itemId": "numismatic-overhaul:silver_coin",
      "quantity": 50
    },
    {
      "id": "618",
      "pokemonCaught": 618,
      "itemId": "numismatic-overhaul:silver_coin",
      "quantity": 50
    },
    {
      "id": "619",
      "pokemonCaught": 619,
      "itemId": "numismatic-overhaul:silver_coin",
      "quantity": 50
    },
    {
      "id": "620",
      "pokemonCaught": 620,
      "itemId": "numismatic-overhaul:gold_coin",
      "quantity": 3
    },
    {
      "id": "621",
      "pokemonCaught": 621,
      "itemId": "numismatic-overhaul:silver_coin",
      "quantity": 50
    },
    {
      "id": "622",
      "pokemonCaught": 622,
      "itemId": "numismatic-overhaul:silver_coin",
      "quantity": 50
    },
    {
      "id": "623",
      "pokemonCaught": 623,
      "itemId": "numismatic-overhaul:silver_coin",
      "quantity": 50
    },
    {
      "id": "624",
      "pokemonCaught": 624,
      "itemId": "numismatic-overhaul:silver_coin",
      "quantity": 50
    },
    {
      "id": "625",
      "pokemonCaught": 625,
      "itemId": "numismatic-overhaul:silver_coin",
      "quantity": 50
    },
    {
      "id": "626",
      "pokemonCaught": 626,
      "itemId": "numismatic-overhaul:silver_coin",
      "quantity": 50
    },
    {
      "id": "627",
      "pokemonCaught": 627,
      "itemId": "numismatic-overhaul:silver_coin",
      "quantity": 50
    },
    {
      "id": "628",
      "pokemonCaught": 628,
      "itemId": "numismatic-overhaul:silver_coin",
      "quantity": 50
    },
    {
      "id": "629",
      "pokemonCaught": 629,
      "itemId": "numismatic-overhaul:silver_coin",
      "quantity": 50
    },
    {
      "id": "630",
      "pokemonCaught": 630,
      "itemId": "numismatic-overhaul:gold_coin",
      "quantity": 3
    },
    {
      "id": "631",
      "pokemonCaught": 631,
      "itemId": "numismatic-overhaul:silver_coin",
      "quantity": 50
    },
    {
      "id": "632",
      "pokemonCaught": 632,
      "itemId": "numismatic-overhaul:silver_coin",
      "quantity": 50
    },
    {
      "id": "633",
      "pokemonCaught": 633,
      "itemId": "numismatic-overhaul:silver_coin",
      "quantity": 50
    }
  ]
}