{
	"format_version": "1.12.0",
	"minecraft:geometry": [
		{
			"description": {
				"identifier": "geometry.avalugg",
				"texture_width": 512,
				"texture_height": 256,
				"visible_bounds_width": 9,
				"visible_bounds_height": 5.5,
				"visible_bounds_offset": [0, 2.25, 0]
			},
			"bones": [
				{
					"name": "avalugg",
					"pivot": [0, 0, 0]
				},
				{
					"name": "body",
					"parent": "avalugg",
					"pivot": [0, 24, 0]
				},
				{
					"name": "torso",
					"parent": "body",
					"pivot": [0, 24, 0],
					"cubes": [
						{"origin": [-25, 31, -29], "size": [50, 12, 18], "inflate": 0.01, "uv": [0, 143]},
						{"origin": [-15.2, 30.7, -46.3], "size": [21, 12, 18], "inflate": 0.01, "pivot": [9.8, 36.7, -38.3], "rotation": [0, 45, 0], "uv": [0, 143]},
						{"origin": [-20, 24, -26], "size": [40, 7, 24], "uv": [193, 51]},
						{"origin": [-20, 28.9, -20], "size": [40, 7, 40], "pivot": [0, 43.9, 0], "rotation": [0, -45, 0], "uv": [0, 68]},
						{"origin": [-9, 22, 18], "size": [18, 10, 13], "uv": [97, 233]},
						{"origin": [-15, 19, -22.1], "size": [30, 10, 41], "pivot": [0, 29, -3], "rotation": [5, 0, 0], "uv": [162, 0]},
						{"origin": [-9.5, 35, 26.7], "size": [20, 8, 20], "pivot": [0, 37, 36.2], "rotation": [0, -45, 0], "uv": [0, 115]},
						{"origin": [-14.3, 43.2, -29.2], "size": [33, 0, 20], "uv": [319, 0]},
						{"origin": [-6, 27, 31], "size": [12, 5, 6], "uv": [0, 173]},
						{"origin": [-27, 29.7, -27], "size": [54, 14, 54], "inflate": 0.02, "pivot": [0, 36.7, 0], "rotation": [0, 45, 0], "uv": [0, 0], "mirror": true},
						{"origin": [-20, 22, -20], "size": [40, 7, 40], "pivot": [0, 37, 0], "rotation": [0, 45, 0], "uv": [0, 68], "mirror": true},
						{"origin": [-19, 32, -1], "size": [38, 11, 38], "inflate": 0.01, "pivot": [0, 37, 18], "rotation": [0, 45, 0], "uv": [98, 137], "mirror": true}
					]
				},
				{
					"name": "neck",
					"parent": "torso",
					"pivot": [0, 37, -29],
					"cubes": [
						{"origin": [-7, 32, -31], "size": [14, 10, 4], "uv": [103, 190]}
					]
				},
				{
					"name": "head",
					"parent": "neck",
					"pivot": [0, 37, -34],
					"cubes": [
						{"origin": [-13.5, 35, -40], "size": [27, 8, 6], "inflate": 0.01, "uv": [264, 1]},
						{"origin": [-13.5, 35, -37], "size": [27, 8, 6], "uv": [264, 1]},
						{"origin": [44.6, 36, -27.1], "size": [19, 7, 19], "pivot": [0, 37, 36.5], "rotation": [0, 45, 0], "uv": [191, 82], "mirror": true}
					]
				},
				{
					"name": "eyes",
					"parent": "head",
					"pivot": [0, 39.5, -44.5]
				},
				{
					"name": "eye_left",
					"parent": "eyes",
					"pivot": [8.9, 39.5, -44.6],
					"rotation": [0, -45, 0],
					"cubes": [
						{"origin": [4.5, 37, -44.6], "size": [9, 5, 0], "uv": [180, 0]}
					]
				},
				{
					"name": "pupil_left",
					"parent": "eye_left",
					"pivot": [8.1, 39.4, -44.61],
					"cubes": [
						{"origin": [7.1, 38.4, -44.61], "size": [2, 2, 0], "uv": [198, 0]}
					]
				},
				{
					"name": "eyelid_left",
					"parent": "eye_left",
					"pivot": [9, 39.5, -44.01],
					"cubes": [
						{"origin": [4.5, 37, -44.51], "size": [9, 5, 1], "inflate": 0.01, "uv": [180, 10]}
					]
				},
				{
					"name": "eye_right",
					"parent": "eyes",
					"pivot": [-8.9, 39.5, -44.6],
					"rotation": [0, 45, 0],
					"cubes": [
						{"origin": [-13.5, 37, -44.6], "size": [9, 5, 0], "uv": [180, 0], "mirror": true}
					]
				},
				{
					"name": "pupil_right",
					"parent": "eye_right",
					"pivot": [-8.1, 39.4, -44.61],
					"cubes": [
						{"origin": [-9.1, 38.4, -44.61], "size": [2, 2, 0], "uv": [198, 0], "mirror": true}
					]
				},
				{
					"name": "eyelid_right",
					"parent": "eye_right",
					"pivot": [-9, 39.5, -44.01],
					"cubes": [
						{"origin": [-13.5, 37, -44.51], "size": [9, 5, 1], "inflate": 0.01, "uv": [180, 10], "mirror": true}
					]
				},
				{
					"name": "jaw_left",
					"parent": "head",
					"pivot": [16, 31.9, -28.1],
					"rotation": [-11.46041, 7.41838, -13.19488],
					"cubes": [
						{"origin": [5.82359, 28.96704, -39.29656], "size": [18, 7, 3], "pivot": [14.93272, 37.06704, -37.60063], "rotation": [85.30614, -77.95901, -85.20103], "uv": [285, 194]},
						{"origin": [17.00126, 21.26704, -51.6326], "size": [3, 5, 3], "inflate": 0.25, "pivot": [8.63272, 26.26704, -54.30063], "rotation": [-5.4423, -24.68729, -2.7592], "uv": [265, 216]},
						{"origin": [17.00126, 26.26704, -51.6326], "size": [3, 6, 3], "inflate": 0.1, "pivot": [8.63272, 26.26704, -54.30063], "rotation": [-5.4423, -24.68729, -2.7592], "uv": [265, 216]},
						{"origin": [17.00126, 32.26704, -51.6326], "size": [3, 2, 3], "inflate": 0.01, "pivot": [8.63272, 26.26704, -54.30063], "rotation": [-5.4423, -24.68729, -2.7592], "uv": [265, 216]},
						{"origin": [17.00126, 20.26704, -51.6326], "size": [3, 2, 3], "inflate": 0.01, "pivot": [8.63272, 26.26704, -54.30063], "rotation": [-5.4423, -24.68729, -2.7592], "uv": [265, 216]},
						{"origin": [4.82359, 21.96704, -39.09656], "size": [19, 7, 3], "pivot": [14.93272, 30.06704, -37.60063], "rotation": [76.64543, -76.24604, -86.41976], "uv": [247, 149]},
						{"origin": [3.60126, 20.26704, -54.4326], "size": [16, 7, 3], "pivot": [8.63272, 26.26704, -54.30063], "rotation": [-6.94834, -44.5745, -0.14918], "uv": [265, 216]},
						{"origin": [3.60126, 26.26704, -54.4326], "size": [16, 8, 3], "pivot": [8.63272, 33.26704, -54.30063], "rotation": [0, -45, 0], "uv": [266, 127]},
						{"origin": [17.90709, 21.03205, -42.71847], "size": [0, 19, 9], "pivot": [14.63272, 32.26704, -42.10063], "rotation": [12.26204, 2.96531, -1.79741], "uv": [162, 12]}
					]
				},
				{
					"name": "jaw",
					"parent": "head",
					"pivot": [0, 36, -36],
					"rotation": [50, 0, 0],
					"cubes": [
						{"origin": [-10.5, 31, -40], "size": [21, 5, 7], "uv": [36, 173]}
					]
				},
				{
					"name": "jaw_spike",
					"parent": "jaw",
					"pivot": [0, 31, -35.5],
					"rotation": [10, 0, 0],
					"cubes": [
						{"origin": [0, 27.5, -37.5], "size": [0, 4, 4], "uv": [8, 8]}
					]
				},
				{
					"name": "jaw2",
					"parent": "jaw",
					"pivot": [0, 31, -40.05],
					"rotation": [-7.5, 0, 0],
					"cubes": [
						{"origin": [-8.5, 31.03916, -44.00257], "size": [17, 5, 4], "inflate": 0.01, "uv": [168, 91]}
					]
				},
				{
					"name": "jaw_spike2",
					"parent": "jaw2",
					"pivot": [0, 31.03916, -41.50257],
					"rotation": [20, 0, 0],
					"cubes": [
						{"origin": [0, 25.03916, -44.00257], "size": [0, 7, 5], "uv": [0, -5]}
					]
				},
				{
					"name": "jaw3",
					"parent": "jaw2",
					"pivot": [0, 31.03916, -44.00257],
					"cubes": [
						{"origin": [-6.7, 31.03916, -49.70257], "size": [12, 5, 12], "pivot": [0, 33.03916, -43.00257], "rotation": [0, -45, 0], "uv": [248, 84]},
						{"origin": [-5.3, 31.03916, -49.70257], "size": [12, 5, 12], "pivot": [0, 33.03916, -43.00257], "rotation": [0, 45, 0], "uv": [248, 84], "mirror": true}
					]
				},
				{
					"name": "jaw_spike3",
					"parent": "jaw3",
					"pivot": [0, 31.03916, -47.50257],
					"rotation": [25, 0, 0],
					"cubes": [
						{"origin": [0, 26.53916, -49.50257], "size": [0, 6, 4], "uv": [32, -1]}
					]
				},
				{
					"name": "jaw_right",
					"parent": "head",
					"pivot": [-16, 31.9, -28.1],
					"rotation": [-11.46041, -7.41838, 13.19488],
					"cubes": [
						{"origin": [-19.60126, 26.26704, -54.4326], "size": [16, 8, 3], "pivot": [-8.63272, 33.26704, -54.30063], "rotation": [0, 45, 0], "uv": [266, 127], "mirror": true},
						{"origin": [-23.82359, 28.96704, -39.29656], "size": [18, 7, 3], "pivot": [-14.93272, 37.06704, -37.60063], "rotation": [85.30614, 77.95901, 85.20103], "uv": [285, 194], "mirror": true},
						{"origin": [-19.60126, 20.26704, -54.4326], "size": [16, 7, 3], "pivot": [-8.63272, 26.26704, -54.30063], "rotation": [-6.94834, 44.5745, 0.14918], "uv": [265, 216], "mirror": true},
						{"origin": [-20.00126, 21.26704, -51.6326], "size": [3, 5, 3], "inflate": 0.25, "pivot": [-8.63272, 26.26704, -54.30063], "rotation": [-5.4423, 24.68729, 2.7592], "uv": [265, 216], "mirror": true},
						{"origin": [-20.00126, 26.26704, -51.6326], "size": [3, 6, 3], "inflate": 0.1, "pivot": [-8.63272, 26.26704, -54.30063], "rotation": [-5.4423, 24.68729, 2.7592], "uv": [265, 216], "mirror": true},
						{"origin": [-20.00126, 32.26704, -51.6326], "size": [3, 2, 3], "inflate": 0.01, "pivot": [-8.63272, 26.26704, -54.30063], "rotation": [-5.4423, 24.68729, 2.7592], "uv": [265, 216], "mirror": true},
						{"origin": [-20.00126, 20.26704, -51.6326], "size": [3, 2, 3], "inflate": 0.01, "pivot": [-8.63272, 26.26704, -54.30063], "rotation": [-5.4423, 24.68729, 2.7592], "uv": [265, 216], "mirror": true},
						{"origin": [-23.82359, 21.96704, -39.09656], "size": [19, 7, 3], "pivot": [-14.93272, 30.06704, -37.60063], "rotation": [76.64543, 76.24604, 86.41976], "uv": [247, 149], "mirror": true},
						{"origin": [-17.90709, 21.03205, -42.71847], "size": [0, 19, 9], "pivot": [-14.63272, 32.26704, -42.10063], "rotation": [12.26204, -2.96531, 1.79741], "uv": [162, 12], "mirror": true}
					]
				},
				{
					"name": "jaw_left2",
					"parent": "head",
					"pivot": [12.5, 34, -40],
					"rotation": [-1.44566, 10.56769, -7.70273]
				},
				{
					"name": "legs",
					"parent": "body",
					"pivot": [0, 37, 0]
				},
				{
					"name": "leg_front_left",
					"parent": "legs",
					"pivot": [18, 29, -14.5]
				},
				{
					"name": "leg_front_left1",
					"parent": "leg_front_left",
					"pivot": [16.5, 29, -14.5],
					"cubes": [
						{"origin": [13.5, 23.5, -20], "size": [19, 11, 11], "pivot": [16.5, 29, -14.5], "rotation": [45, 0, 0], "uv": [159, 234]}
					]
				},
				{
					"name": "leg_front_left2",
					"parent": "leg_front_left1",
					"pivot": [32.5, 35.35, -14.5],
					"cubes": [
						{"origin": [32.5, 24.5, -19], "size": [4, 9, 9], "pivot": [34.5, 29, -14.5], "rotation": [45, 0, 0], "uv": [0, 86]}
					]
				},
				{
					"name": "leg_front_left3",
					"parent": "leg_front_left2",
					"pivot": [37.5, 35.35, -14.5],
					"cubes": [
						{"origin": [36.5, 22.5, -21], "size": [15, 13, 13], "pivot": [43.5, 29, -14.5], "rotation": [45, 0, 0], "uv": [56, 198]}
					]
				},
				{
					"name": "leg_front_left4",
					"parent": "leg_front_left3",
					"pivot": [49, 29, -14.5],
					"cubes": [
						{"origin": [47, 21, -22.5], "size": [8, 16, 16], "pivot": [47, 29, -14.5], "rotation": [45, 0, 0], "uv": [1, 224]}
					]
				},
				{
					"name": "leg_front_right",
					"parent": "legs",
					"pivot": [-18, 29, -14.5]
				},
				{
					"name": "leg_front_right1",
					"parent": "leg_front_right",
					"pivot": [-16.5, 29, -14.5],
					"cubes": [
						{"origin": [-32.5, 23.5, -20], "size": [19, 11, 11], "pivot": [-16.5, 29, -14.5], "rotation": [45, 0, 0], "uv": [159, 234], "mirror": true}
					]
				},
				{
					"name": "leg_front_right2",
					"parent": "leg_front_right1",
					"pivot": [-32.5, 35.35, -14.5],
					"cubes": [
						{"origin": [-36.5, 24.5, -19], "size": [4, 9, 9], "pivot": [-34.5, 29, -14.5], "rotation": [45, 0, 0], "uv": [0, 86], "mirror": true}
					]
				},
				{
					"name": "leg_front_right3",
					"parent": "leg_front_right2",
					"pivot": [-37.5, 35.35, -14.5],
					"cubes": [
						{"origin": [-51.5, 22.5, -21], "size": [15, 13, 13], "pivot": [-43.5, 29, -14.5], "rotation": [45, 0, 0], "uv": [56, 198], "mirror": true}
					]
				},
				{
					"name": "leg_front_right4",
					"parent": "leg_front_right3",
					"pivot": [-49, 29, -14.5],
					"cubes": [
						{"origin": [-55, 21, -22.5], "size": [8, 16, 16], "pivot": [-47, 29, -14.5], "rotation": [45, 0, 0], "uv": [1, 224], "mirror": true}
					]
				},
				{
					"name": "claw_front_right",
					"parent": "leg_front_right4",
					"pivot": [-55, 29, -14.5]
				},
				{
					"name": "claw_front1_right",
					"parent": "claw_front_right",
					"pivot": [-55, 29, -22]
				},
				{
					"name": "claw_front_right2",
					"parent": "leg_front_right4",
					"pivot": [-55, 29, -14.5],
					"rotation": [-60, 0, 0]
				},
				{
					"name": "claw_front1_right2",
					"parent": "claw_front_right2",
					"pivot": [-55, 29, -22]
				},
				{
					"name": "claw_front_right3",
					"parent": "leg_front_right4",
					"pivot": [-55, 29, -14.5],
					"rotation": [60, 0, 0]
				},
				{
					"name": "claw_front1_right3",
					"parent": "claw_front_right3",
					"pivot": [-55, 29, -22]
				},
				{
					"name": "claw_front_right4",
					"parent": "leg_front_right4",
					"pivot": [-55, 29, -14.5]
				},
				{
					"name": "claw_front1_right4",
					"parent": "claw_front_right4",
					"pivot": [-55, 29, -7]
				},
				{
					"name": "leg_back_left",
					"parent": "legs",
					"pivot": [12.5, 29, 21.5]
				},
				{
					"name": "leg_back_left1",
					"parent": "leg_back_left",
					"pivot": [11, 29, 21.5],
					"cubes": [
						{"origin": [8, 23.5, 16], "size": [19, 11, 11], "pivot": [11, 29, 21.5], "rotation": [45, 0, 0], "uv": [140, 115]}
					]
				},
				{
					"name": "leg_back_left2",
					"parent": "leg_back_left1",
					"pivot": [27, 35.35, 21.5],
					"cubes": [
						{"origin": [27, 24.5, 17], "size": [4, 9, 9], "pivot": [29, 29, 21.5], "rotation": [45, 0, 0], "uv": [120, 86]}
					]
				},
				{
					"name": "leg_back_left3",
					"parent": "leg_back_left2",
					"pivot": [32, 35.35, 21.5],
					"cubes": [
						{"origin": [31, 22.5, 15], "size": [15, 13, 13], "pivot": [38, 29, 21.5], "rotation": [45, 0, 0], "uv": [0, 198]}
					]
				},
				{
					"name": "leg_back_left4",
					"parent": "leg_back_left3",
					"pivot": [43.5, 29, 21.5],
					"cubes": [
						{"origin": [41.5, 21, 13.5], "size": [8, 16, 16], "pivot": [41.5, 29, 21.5], "rotation": [45, 0, 0], "uv": [49, 224]}
					]
				},
				{
					"name": "claw_back_left",
					"parent": "leg_back_left4",
					"pivot": [49.5, 29, 21.5]
				},
				{
					"name": "claw_back1_left",
					"parent": "claw_back_left",
					"pivot": [49.5, 29, 14]
				},
				{
					"name": "claw_back_left2",
					"parent": "leg_back_left4",
					"pivot": [49.5, 29, 21.5],
					"rotation": [-60, 0, 0]
				},
				{
					"name": "claw_back1_left2",
					"parent": "claw_back_left2",
					"pivot": [49.5, 29, 14]
				},
				{
					"name": "claw_back_left3",
					"parent": "leg_back_left4",
					"pivot": [49.5, 29, 21.5],
					"rotation": [60, 0, 0]
				},
				{
					"name": "claw_back1_left3",
					"parent": "claw_back_left3",
					"pivot": [49.5, 29, 14]
				},
				{
					"name": "claw_back_left4",
					"parent": "leg_back_left4",
					"pivot": [49.5, 29, 21.5]
				},
				{
					"name": "claw_back1_left4",
					"parent": "claw_back_left4",
					"pivot": [49.5, 29, 29]
				},
				{
					"name": "leg_back_right",
					"parent": "legs",
					"pivot": [-12.5, 29, 21.5]
				},
				{
					"name": "leg_back_right1",
					"parent": "leg_back_right",
					"pivot": [-11, 29, 21.5],
					"cubes": [
						{"origin": [-27, 23.5, 16], "size": [19, 11, 11], "pivot": [-11, 29, 21.5], "rotation": [45, 0, 0], "uv": [140, 115], "mirror": true}
					]
				},
				{
					"name": "leg_back_right2",
					"parent": "leg_back_right1",
					"pivot": [-27, 35.35, 21.5],
					"cubes": [
						{"origin": [-31, 24.5, 17], "size": [4, 9, 9], "pivot": [-29, 29, 21.5], "rotation": [45, 0, 0], "uv": [120, 86], "mirror": true}
					]
				},
				{
					"name": "leg_back_right3",
					"parent": "leg_back_right2",
					"pivot": [-32, 35.35, 21.5],
					"cubes": [
						{"origin": [-46, 22.5, 15], "size": [15, 13, 13], "pivot": [-38, 29, 21.5], "rotation": [45, 0, 0], "uv": [0, 198], "mirror": true}
					]
				},
				{
					"name": "leg_back_right4",
					"parent": "leg_back_right3",
					"pivot": [-43.5, 29, 21.5],
					"cubes": [
						{"origin": [-49.5, 21, 13.5], "size": [8, 16, 16], "pivot": [-41.5, 29, 21.5], "rotation": [45, 0, 0], "uv": [49, 224], "mirror": true}
					]
				},
				{
					"name": "claw_back_right",
					"parent": "leg_back_right4",
					"pivot": [-49.5, 29, 21.5]
				},
				{
					"name": "claw_back1_right",
					"parent": "claw_back_right",
					"pivot": [-49.5, 29, 14]
				},
				{
					"name": "claw_back_right2",
					"parent": "leg_back_right4",
					"pivot": [-49.5, 29, 21.5],
					"rotation": [-60, 0, 0]
				},
				{
					"name": "claw_back1_right2",
					"parent": "claw_back_right2",
					"pivot": [-49.5, 29, 14]
				},
				{
					"name": "claw_back_right3",
					"parent": "leg_back_right4",
					"pivot": [-49.5, 29, 21.5],
					"rotation": [60, 0, 0]
				},
				{
					"name": "claw_back1_right3",
					"parent": "claw_back_right3",
					"pivot": [-49.5, 29, 14]
				},
				{
					"name": "claw_back_right4",
					"parent": "leg_back_right4",
					"pivot": [-49.5, 29, 21.5]
				},
				{
					"name": "claw_back1_right4",
					"parent": "claw_back_right4",
					"pivot": [-49.5, 29, 29]
				}
			]
		}
	]
}