{
	"format_version": "1.12.0",
	"minecraft:geometry": [
		{
			"description": {
				"identifier": "geometry.unknown",
				"texture_width": 128,
				"texture_height": 128,
				"visible_bounds_width": 5,
				"visible_bounds_height": 4.5,
				"visible_bounds_offset": [0, 1.75, 0]
			},
			"bones": [
				{
					"name": "cyclizar",
					"pivot": [0, -0.68, 0],
					"rotation": [0, 0, 0]
				},
				{
					"name": "tail",
					"parent": "cyclizar",
					"pivot": [0, 8.41, 6.32],
					"rotation": [34, 0, 0]
				},
				{
					"name": "tail_main",
					"parent": "tail",
					"pivot": [0, 8.20453, 6.65705]
				},
				{
					"name": "tail1",
					"parent": "tail_main",
					"pivot": [0, 8.76, 6.81],
					"cubes": [
						{"origin": [-2.5, 7.19913, 11.30999], "size": [5, 8.1, 4], "inflate": 0.41, "pivot": [0, 6.3, 11.76], "rotation": [57, 0, 0], "uv": [20, 45]},
						{"origin": [-2.5, 4.81081, 4.31444], "size": [5, 4.1, 5], "inflate": 0.399, "pivot": [0, 8.76, 6.81], "rotation": [69, 0, 0], "uv": [51, 48]}
					]
				},
				{
					"name": "tail2",
					"parent": "tail1",
					"pivot": [0, 6.91, 9.56],
					"rotation": [18, 0, 0],
					"cubes": [
						{"origin": [-2.5, 0.25465, 7.28128], "size": [5, 7.1, 5], "pivot": [0, 7.20453, 10.15705], "rotation": [69, 0, 0], "uv": [48, 0]}
					]
				},
				{
					"name": "fin",
					"parent": "tail2",
					"pivot": [-5.48, 3.46, 18.61],
					"cubes": [
						{"origin": [3, 5.335, 19.1533], "size": [0, 6.1, 3], "pivot": [0.5, 3.46, 18.61], "rotation": [68, 0, 0], "uv": [0, 0]},
						{"origin": [-3, 5.335, 22.1533], "size": [6, 6.1, 0], "pivot": [-0.5, 3.46, 18.61], "rotation": [68, 0, 0], "uv": [81, 46]},
						{"origin": [-2.98, 5.335, 19.1533], "size": [0, 6.1, 3], "pivot": [-5.48, 3.46, 18.61], "rotation": [68, 0, 0], "uv": [0, 9]}
					]
				},
				{
					"name": "tail3",
					"parent": "tail2",
					"pivot": [0, 4.46, 15.46],
					"rotation": [19, 0, 0],
					"cubes": [
						{"origin": [-2.5, -2.26452, 13.7456], "size": [5, 8, 6], "inflate": -0.7, "pivot": [0, 4.16, 16.36], "rotation": [69, 0, 0], "uv": [0, 27]}
					]
				},
				{
					"name": "tail4",
					"parent": "tail3",
					"pivot": [0, 2.56, 21.26],
					"rotation": [10, 0, 0],
					"cubes": [
						{"origin": [-1.5, -2.95849, 19.25841], "size": [3, 6, 4], "inflate": -0.3, "pivot": [0, 2.76, 21.26], "rotation": [69, 0, 0], "uv": [0, 73]}
					]
				},
				{
					"name": "tail5",
					"parent": "tail4",
					"pivot": [0, 0.96, 26.06],
					"rotation": [-45, 0, 0],
					"cubes": [
						{"origin": [-1.5, -4.34313, 24.15921], "size": [3, 7, 4], "inflate": -0.8, "pivot": [0, 0.96, 26.06], "rotation": [69, 0, 0], "uv": [28, 65]}
					]
				},
				{
					"name": "tail6",
					"parent": "tail5",
					"pivot": [0, -0.64, 29.86],
					"cubes": [
						{"origin": [-1.5, -5.91366, 28.79419], "size": [3, 7, 3], "inflate": -0.9, "pivot": [0, -0.64, 29.86], "rotation": [45, 0, 0], "uv": [39, 73]}
					]
				},
				{
					"name": "bone",
					"parent": "tail",
					"pivot": [0, 10.82, 7.19],
					"cubes": [
						{"origin": [-2.5, 7.89575, 3.81086], "size": [5, 5, 6], "inflate": 0.4, "pivot": [0, 10.82, 7.19], "rotation": [25, 0, 0], "uv": [22, 33]}
					]
				},
				{
					"name": "leg_left",
					"parent": "cyclizar",
					"pivot": [9.68714, 1.52, -0.16],
					"rotation": [4.01646, -31.82434, -2.06407],
					"cubes": [
						{"origin": [4.80259, 9.38555, 1.85051], "size": [4, 8, 4], "pivot": [6.55259, 11.22216, 1.59891], "rotation": [-59, 0, 0], "uv": [16, 57]}
					]
				},
				{
					"name": "legun2",
					"parent": "leg_left",
					"pivot": [9.28714, 1.32, -1.86],
					"rotation": [0, 7, 0],
					"cubes": [
						{"origin": [4.84414, 5.68706, 0.43667], "size": [3, 4, 3], "inflate": 0.19, "pivot": [6.34414, 8.18706, 1.93667], "rotation": [9.31565, 0.89172, 1.60228], "uv": [76, 78]},
						{"origin": [4.74414, 0.38706, 0.23667], "size": [3, 6, 4], "inflate": 0.2, "uv": [71, 48]},
						{"origin": [3.80607, -0.00984, -0.29947], "size": [5, 2, 5], "inflate": -0.2, "pivot": [9.28714, 1.32, -1.86], "rotation": [-3, 0, 0], "uv": [50, 57]}
					]
				},
				{
					"name": "bone3",
					"parent": "legun2",
					"pivot": [3.88714, -0.08, -1.56]
				},
				{
					"name": "bone25",
					"parent": "bone3",
					"pivot": [5.10635, 1.02025, -4.30842],
					"rotation": [3, 0, 0],
					"cubes": [
						{"origin": [5.55077, -0.32476, -4.17533], "size": [2, 2, 6], "inflate": -0.32, "pivot": [6.78714, -0.33, -1.36], "rotation": [-4.18213, 16.95733, -1.22174], "uv": [12, 69]},
						{"origin": [4.92351, -0.32476, -3.57533], "size": [2, 2, 5], "inflate": -0.319, "pivot": [5.68714, -0.33, -1.76], "rotation": [-4.00061, -0.99756, 0.06976], "uv": [76, 28]},
						{"origin": [5.10635, 0.03, -4.30842], "size": [1, 1, 1], "inflate": 0.1, "pivot": [5.10635, 0.98025, -4.30842], "rotation": [16.57843, 14.08378, -2.11626], "uv": [21, 16]}
					]
				},
				{
					"name": "bone4",
					"parent": "bone3",
					"pivot": [3.08714, -0.32, -1.13],
					"rotation": [5.5001, 14.2004, -2.05176],
					"cubes": [
						{"origin": [2.19077, -0.31476, -1.61533], "size": [2, 2, 4], "inflate": -0.32, "pivot": [3.42714, -0.32, -0.8], "rotation": [-4.82131, 33.90591, -2.69386], "uv": [84, 0]},
						{"origin": [1.99944, -0.31476, -1.62315], "size": [2, 2, 4], "inflate": -0.3, "pivot": [3.08714, -0.32, -0.91], "rotation": [-4.28356, 20.94643, -1.53384], "uv": [83, 68]}
					]
				},
				{
					"name": "bone5",
					"parent": "bone3",
					"pivot": [8.68714, -0.25, -0.76],
					"rotation": [4.99697, -0.17428, 1.9924],
					"cubes": [
						{"origin": [7.52351, -0.24476, -1.37533], "size": [2, 2, 4], "inflate": -0.32, "pivot": [8.28714, -0.25, -0.56], "rotation": [-5.00393, -36.8949, 3.009], "uv": [58, 83]},
						{"origin": [7.77484, -0.24476, -2.47315], "size": [2, 2, 5], "inflate": -0.3, "pivot": [8.68714, -0.25, -0.76], "rotation": [-4.18213, -16.95733, 1.22174], "uv": [23, 76]}
					]
				},
				{
					"name": "leg_right",
					"parent": "cyclizar",
					"pivot": [-9.85714, 1.54, -1.41],
					"rotation": [1.79526, 32.36071, -0.25998],
					"cubes": [
						{"origin": [-8.97259, 9.40555, 0.60051], "size": [4, 8, 4], "pivot": [-6.72259, 11.24216, 0.34891], "rotation": [-59, 0, 0], "uv": [34, 53]}
					]
				},
				{
					"name": "legun3",
					"parent": "leg_right",
					"pivot": [-9.45714, 1.34, -3.11],
					"rotation": [0, -7, 0],
					"cubes": [
						{"origin": [-8.01414, 5.70706, -0.81333], "size": [3, 4, 3], "inflate": 0.19, "pivot": [-6.51414, 8.20706, 0.68667], "rotation": [9.31565, -0.89172, -1.60228], "uv": [64, 76]},
						{"origin": [-7.91414, 0.40706, -1.01333], "size": [3, 6, 4], "inflate": 0.2, "uv": [65, 66]},
						{"origin": [-8.97607, 0.01016, -1.54947], "size": [5, 2, 5], "inflate": -0.2, "pivot": [-9.45714, 1.34, -3.11], "rotation": [-3, 0, 0], "uv": [56, 41]}
					]
				},
				{
					"name": "bone6",
					"parent": "legun3",
					"pivot": [-4.05714, -0.06, -2.81]
				},
				{
					"name": "bone7",
					"parent": "bone6",
					"pivot": [-5.27635, 1.04025, -5.55842],
					"rotation": [3, 0, 0],
					"cubes": [
						{"origin": [-7.72077, -0.30476, -5.42533], "size": [2, 2, 6], "inflate": -0.32, "pivot": [-6.95714, -0.31, -2.61], "rotation": [-4.18213, -16.95733, 1.22174], "uv": [64, 58]},
						{"origin": [-7.09351, -0.30476, -4.82533], "size": [2, 2, 5], "inflate": -0.319, "pivot": [-5.85714, -0.31, -3.01], "rotation": [-4.00061, 0.99756, -0.06976], "uv": [75, 61]},
						{"origin": [-6.27635, 0.05, -5.55842], "size": [1, 1, 1], "inflate": 0.1, "pivot": [-5.27635, 1.00025, -5.55842], "rotation": [16.57843, -14.08378, 2.11626], "uv": [0, 0]}
					]
				},
				{
					"name": "bone8",
					"parent": "bone6",
					"pivot": [-3.25714, -0.3, -2.38],
					"rotation": [5.5001, -14.2004, 2.05176],
					"cubes": [
						{"origin": [-4.36077, -0.29476, -2.86533], "size": [2, 2, 4], "inflate": -0.32, "pivot": [-3.59714, -0.3, -2.05], "rotation": [-4.82131, -33.90591, 2.69386], "uv": [33, 83]},
						{"origin": [-4.16944, -0.29476, -2.87315], "size": [2, 2, 4], "inflate": -0.3, "pivot": [-3.25714, -0.3, -2.16], "rotation": [-4.28356, -20.94643, 1.53384], "uv": [21, 83]}
					]
				},
				{
					"name": "bone26",
					"parent": "bone6",
					"pivot": [-8.85714, -0.23, -2.01],
					"rotation": [4.99697, 0.17428, -1.9924],
					"cubes": [
						{"origin": [-9.69351, -0.22476, -2.62533], "size": [2, 2, 4], "inflate": -0.32, "pivot": [-8.45714, -0.23, -1.81], "rotation": [-5.00393, 36.8949, -3.009], "uv": [0, 83]},
						{"origin": [-9.94484, -0.22476, -3.72315], "size": [2, 2, 5], "inflate": -0.3, "pivot": [-8.85714, -0.23, -2.01], "rotation": [-4.18213, 16.95733, -1.22174], "uv": [74, 71]}
					]
				},
				{
					"name": "body_main",
					"parent": "cyclizar",
					"pivot": [0, 19.22, 1.73],
					"rotation": [34, 0, 0]
				},
				{
					"name": "bone2",
					"parent": "body_main",
					"pivot": [0, 19.22, 1.73],
					"rotation": [-5, 0, 0]
				},
				{
					"name": "body1",
					"parent": "bone2",
					"pivot": [0, 21.92, 2.03],
					"cubes": [
						{"origin": [-4.5, 25.14756, -2.64537], "size": [9, 3, 9], "inflate": 0.01, "pivot": [0, 26.32, 2.63], "rotation": [18, 0, 0], "uv": [0, 0]},
						{"origin": [-3.5, 18.42, -1.47], "size": [7, 8, 7], "pivot": [0, 21.92, 2.03], "rotation": [5, 0, 0], "uv": [0, 12]},
						{"origin": [-1.5, 16.97, -6.92], "size": [3, 9, 6], "inflate": 0.2, "uv": [38, 38]}
					]
				},
				{
					"name": "hand1",
					"parent": "bone2",
					"pivot": [-3.4, 22.12, 1.93],
					"rotation": [-42.22403, -29.22334, -35.89329],
					"cubes": [
						{"origin": [-12.3, 21.42, 0.73], "size": [11, 2, 2], "inflate": 0.3, "uv": [50, 37]}
					]
				},
				{
					"name": "handin1",
					"parent": "hand1",
					"pivot": [-11, 22.02, 2.03],
					"rotation": [77.69328, -26.4649, -30.44704],
					"cubes": [
						{"origin": [-18.9, 20.22, 0.73], "size": [8, 4, 4], "uv": [42, 18]}
					]
				},
				{
					"name": "bone16",
					"parent": "handin1",
					"pivot": [-19.2, 22.22, 2.73],
					"rotation": [0, 0, -15],
					"cubes": [
						{"origin": [-21.2, 21.22, 0.73], "size": [4, 2, 4], "inflate": 0.1, "uv": [68, 0]}
					]
				},
				{
					"name": "bone11",
					"parent": "bone16",
					"pivot": [-20.5, 21.52, 1.23],
					"cubes": [
						{"origin": [-22.5, 21.52, -0.27], "size": [4, 2, 2], "inflate": -0.3, "pivot": [-20.5, 22.52, 1.23], "rotation": [0, -34, 0], "uv": [84, 59]},
						{"origin": [-23.5, 22.52, -0.27], "size": [5, 0, 2], "pivot": [-20.5, 21.52, 1.23], "rotation": [0, -34, 0], "uv": [33, 18]}
					]
				},
				{
					"name": "bone10",
					"parent": "bone16",
					"pivot": [-21.3, 23.52, 2.83],
					"cubes": [
						{"origin": [-23.8, 21.52, 1.33], "size": [4, 2, 3], "inflate": -0.3, "uv": [11, 80]},
						{"origin": [-24.8, 22.52, 1.33], "size": [6, 0, 3], "uv": [71, 58]}
					]
				},
				{
					"name": "bone12",
					"parent": "bone16",
					"pivot": [-22, 21.02, 5.03],
					"cubes": [
						{"origin": [-22.8, 21.02, 3.93], "size": [3, 2, 2], "inflate": -0.3, "pivot": [-21.3, 22.02, 4.43], "rotation": [0, 38, 0], "uv": [85, 29]},
						{"origin": [-23.5, 22.02, 4.53], "size": [4, 0, 2], "pivot": [-22, 21.02, 5.03], "rotation": [0, 38, 0], "uv": [35, 4]}
					]
				},
				{
					"name": "hand2",
					"parent": "bone2",
					"pivot": [3.4, 22.12, 1.93],
					"rotation": [-41.85508, 28.48064, 36.65784],
					"cubes": [
						{"origin": [1.3, 21.42, 0.73], "size": [11, 2, 2], "inflate": 0.3, "uv": [27, 0]}
					]
				},
				{
					"name": "handin2",
					"parent": "hand2",
					"pivot": [11, 22.02, 2.03],
					"rotation": [75.557, 40.09114, 26.58222],
					"cubes": [
						{"origin": [10.9, 20.22, 0.73], "size": [8, 4, 4], "uv": [0, 41]}
					]
				},
				{
					"name": "bone17",
					"parent": "handin2",
					"pivot": [19.2, 22.22, 2.73],
					"rotation": [0, 0, 18],
					"cubes": [
						{"origin": [17.2, 21.22, 0.73], "size": [4, 2, 4], "inflate": 0.1, "uv": [0, 58]}
					]
				},
				{
					"name": "bone13",
					"parent": "bone17",
					"pivot": [20.5, 21.52, 1.23],
					"cubes": [
						{"origin": [18.5, 21.52, -0.27], "size": [4, 2, 2], "inflate": -0.3, "pivot": [20.5, 22.52, 1.23], "rotation": [0, 34, 0], "uv": [66, 83]},
						{"origin": [18.5, 22.52, -0.27], "size": [5, 0, 2], "pivot": [20.5, 21.52, 1.23], "rotation": [0, 34, 0], "uv": [25, 4]}
					]
				},
				{
					"name": "bone14",
					"parent": "bone17",
					"pivot": [21.3, 23.52, 2.83],
					"cubes": [
						{"origin": [19.8, 21.52, 1.33], "size": [4, 2, 3], "inflate": -0.3, "uv": [76, 6]},
						{"origin": [18.8, 22.52, 1.33], "size": [6, 0, 3], "uv": [71, 35]}
					]
				},
				{
					"name": "bone15",
					"parent": "bone17",
					"pivot": [20.94816, 22.02, 4.81617],
					"cubes": [
						{"origin": [19.8, 21.02, 3.93], "size": [3, 2, 2], "inflate": -0.3, "pivot": [21.3, 22.02, 4.43], "rotation": [0, -38, 0], "uv": [85, 25]},
						{"origin": [19.5, 22.02, 4.53], "size": [4, 0, 2], "pivot": [22, 21.02, 5.03], "rotation": [0, -38, 0], "uv": [25, 6]}
					]
				},
				{
					"name": "neck",
					"parent": "bone2",
					"pivot": [0, 25.52, 2.53],
					"cubes": [
						{"origin": [-2.5, 24.34756, -1.74537], "size": [5, 4, 5], "pivot": [0, 25.52, 2.53], "rotation": [-4, 0, 0], "uv": [0, 49]}
					]
				},
				{
					"name": "body2",
					"parent": "bone2",
					"pivot": [0, 17.42, 2.53],
					"cubes": [
						{"origin": [-3, 13.92, -0.47], "size": [6, 6, 6], "pivot": [0, 17.42, 2.53], "rotation": [-4.5, 0, 0], "uv": [30, 6]}
					]
				},
				{
					"name": "body3",
					"parent": "bone2",
					"pivot": [0.00172, 12.97366, -0.84033],
					"cubes": [
						{"origin": [-3.5, 9.79, -1.92], "size": [7, 6, 7], "pivot": [0, 12.79, 1.58], "rotation": [-11, 0, 0], "uv": [21, 20]},
						{"origin": [-3.5, 9.56564, -3.72664], "size": [7, 4, 2], "inflate": -0.3, "pivot": [0, 10.06564, -2.72664], "rotation": [-24, 0, 0], "uv": [62, 13]},
						{"origin": [-2.49828, 10.47366, -2.34033], "size": [5, 5, 3], "inflate": -0.2, "pivot": [0.00172, 12.97366, -0.84033], "rotation": [-8.05855, 7.96082, 44.43834], "uv": [73, 38]}
					]
				},
				{
					"name": "head",
					"parent": "body_main",
					"pivot": [0.5, 29.71134, 0.47334],
					"rotation": [13, 0, 0],
					"cubes": [
						{"origin": [-3, 27.22, 1.105], "size": [6, 6, 3], "uv": [47, 64]},
						{"origin": [-3, 27.72, -1.595], "size": [6, 2, 4], "inflate": -0.001, "pivot": [0.5, 28.22, 0.905], "rotation": [-19, 0, 0], "uv": [61, 27]},
						{"origin": [-0.13, 29.97078, -5.19697], "size": [1, 1, 6], "inflate": -0.3, "uv": [21, 12]},
						{"origin": [-0.82, 29.97078, -5.19697], "size": [1, 1, 6], "inflate": -0.3, "uv": [21, 12]},
						{"origin": [-3, 29.52, -1.095], "size": [6, 4, 5], "inflate": 0.01, "uv": [44, 28]},
						{"origin": [-3.4, 28.72, 0.305], "size": [2, 2, 2], "inflate": 0.01, "uv": [63, 0]},
						{"origin": [1.4, 28.72, 0.305], "size": [2, 2, 2], "inflate": 0.01, "uv": [54, 12]},
						{"origin": [-2.5, 30.22, 3.705], "size": [5, 3, 3], "pivot": [0.5, 32.22, 3.705], "rotation": [-10, 0, 0], "uv": [74, 19]},
						{"origin": [-2.5, 27.72, 2.805], "size": [5, 3, 3], "inflate": -0.001, "pivot": [0.5, 29.72, 2.805], "rotation": [42, 0, 0], "uv": [51, 73]},
						{"origin": [-2, 30.72, 6.105], "size": [4, 2, 3], "pivot": [0, 32.72, 6.105], "rotation": [-16, 0, 0], "uv": [48, 80]},
						{"origin": [-2, 30.12, 8.205], "size": [4, 2, 3], "inflate": -0.4, "pivot": [0, 33.12, 9.205], "rotation": [-22, 0, 0], "uv": [80, 11]},
						{"origin": [-2, 30.1632, -4.87209], "size": [4, 3, 5], "inflate": 0.02, "pivot": [0, 30.32977, -2.00249], "rotation": [1, 0, 0], "uv": [0, 64]},
						{"origin": [-2, 29.46743, -4.79957], "size": [4, 1, 6], "inflate": 0.01, "pivot": [0, 30.32977, -2.30249], "rotation": [-9, 0, 0], "uv": [60, 20]}
					]
				},
				{
					"name": "mouse",
					"parent": "head",
					"pivot": [0, 30.32977, -2.40249],
					"cubes": [
						{"origin": [-2, 28.58078, -4.80697], "size": [4, 1, 6], "pivot": [0, 30.32977, -2.40249], "rotation": [-9, 0, 0], "uv": [62, 6]}
					]
				},
				{
					"name": "eye1",
					"parent": "head",
					"pivot": [-0.52437, 36.29665, -1.31985],
					"rotation": [8.97843, 0.62524, -3.95091],
					"cubes": [
						{"origin": [-3.21603, 31.17237, -2.8529], "size": [1, 1, 1], "inflate": -0.28, "pivot": [-0.62437, 32.29665, -2.31985], "rotation": [0, -10, 0], "uv": [16, 27]},
						{"origin": [-2.90603, 31.12475, -2.86368], "size": [0, 1, 1], "pivot": [-0.62437, 32.49665, -2.31985], "rotation": [0, -10, 0], "uv": [6, 0]},
						{"origin": [-2.83062, 30.87475, -3.31368], "size": [1, 2, 2], "pivot": [-0.52437, 32.49665, -2.51985], "rotation": [0, -10, 0], "uv": [0, 27]}
					]
				},
				{
					"name": "eyein1",
					"parent": "eye1",
					"pivot": [-0.34048, 33.31336, -1.90005],
					"cubes": [
						{"origin": [-2.85507, 32.17234, -3.3435], "size": [1, 1, 3], "inflate": 0.1, "pivot": [-0.34048, 33.31336, -1.90005], "rotation": [0, -10, 0], "uv": [38, 65]}
					]
				},
				{
					"name": "eye2",
					"parent": "head",
					"pivot": [0.52437, 36.29665, -1.31985],
					"rotation": [8.97843, -0.62524, 3.95091],
					"cubes": [
						{"origin": [2.21603, 31.17237, -2.8529], "size": [1, 1, 1], "inflate": -0.28, "pivot": [0.62437, 32.29665, -2.31985], "rotation": [0, 10, 0], "uv": [3, 1]},
						{"origin": [2.90603, 31.12475, -2.86368], "size": [0, 1, 1], "pivot": [0.62437, 32.49665, -2.31985], "rotation": [0, 10, 0], "uv": [0, 1]},
						{"origin": [1.83062, 30.87475, -3.31368], "size": [1, 2, 2], "pivot": [0.52437, 32.49665, -2.51985], "rotation": [0, 10, 0], "uv": [21, 12]}
					]
				},
				{
					"name": "eyein2",
					"parent": "eye2",
					"pivot": [0.34048, 33.31336, -1.90005],
					"cubes": [
						{"origin": [1.85507, 32.17234, -3.3435], "size": [1, 1, 3], "inflate": 0.1, "pivot": [0.34048, 33.31336, -1.90005], "rotation": [0, 10, 0], "uv": [38, 34]}
					]
				}
			]
		}
	]
}