{
	"format_version": "1.12.0",
	"minecraft:geometry": [
		{
			"description": {
				"identifier": "geometry.diancie",
				"texture_width": 64,
				"texture_height": 64,
				"visible_bounds_width": 3,
				"visible_bounds_height": 3.5,
				"visible_bounds_offset": [0, 1.25, 0]
			},
			"bones": [
				{
					"name": "diancie",
					"pivot": [0, 0, 0]
				},
				{
					"name": "body",
					"parent": "diancie",
					"pivot": [0, 18, 0],
					"cubes": [
						{"origin": [1, 14.5, -3], "size": [2, 3, 2], "pivot": [1, 13.8, -1], "rotation": [0, 90, 0], "uv": [34, 52]},
						{"origin": [-1.5, 16, -1.5], "size": [3, 1, 3], "pivot": [0, 16.5, 0], "rotation": [0, 45, 0], "uv": [0, 43]},
						{"origin": [-1, 17, -2], "size": [4, 1, 4], "pivot": [0.5, 17.5, 0.5], "rotation": [0, 90, 0], "uv": [17, 50]}
					]
				},
				{
					"name": "torso",
					"parent": "body",
					"pivot": [0, 16, 0],
					"cubes": [
						{"origin": [-2, 13, -2], "size": [4, 3, 4], "pivot": [0, 15, 0], "rotation": [-180, 45, 180], "uv": [19, 29]}
					]
				},
				{
					"name": "lowerBody",
					"parent": "torso",
					"pivot": [0, 13.5, 0],
					"cubes": [
						{"origin": [-3, 11.5, -3], "size": [6, 2, 6], "pivot": [0, 12.5, 0], "rotation": [0, 45, 0], "uv": [0, 21]},
						{"origin": [-1, 0.5, -1], "size": [2, 2, 2], "pivot": [0, 1.5, 0], "rotation": [0, 45, 0], "uv": [42, 33]},
						{"origin": [-3.5, 6.5, -3.5], "size": [7, 5, 7], "pivot": [0, 9, 0], "rotation": [-180, 45, -180], "uv": [35, 52]},
						{"origin": [-2.5, 2.5, -2.5], "size": [5, 4, 5], "pivot": [0, 4.5, 0], "rotation": [-180, 45, -180], "uv": [41, 42]},
						{"origin": [-4.12132, 15.62132, -3], "size": [2, 0, 6], "pivot": [0, 13.5, 0], "rotation": [35.2644, -30, -54.7356], "uv": [10, 56]},
						{"origin": [-4.12132, 15.62132, -3], "size": [2, 0, 6], "pivot": [0, 13.5, 0], "rotation": [144.7356, -30, -125.2644], "uv": [19, 12]},
						{"origin": [-5.12132, 15.62132, -3], "size": [3, 0, 6], "pivot": [0, 13.5, 0], "rotation": [-144.7356, 30, -125.2644], "uv": [-6, 18]},
						{"origin": [-5.12132, 15.62132, -3], "size": [3, 0, 6], "pivot": [0, 13.5, 0], "rotation": [-35.2644, 30, -54.7356], "uv": [23, 58]},
						{"origin": [-4, 13.5, 0.25], "size": [4, 0, 4], "pivot": [0, 13.5, 4.25], "rotation": [-118.4835, 25.4967, -141.5732], "uv": [6, 41]},
						{"origin": [2, 6, -1.5], "size": [3, 6, 3], "pivot": [3.5, 9, 0], "rotation": [0, 45, 0], "uv": [17, 0]}
					],
					"locators": {
						"body_ik": [0, 0.5, 0]
					}
				},
				{
					"name": "head",
					"parent": "body",
					"pivot": [0, 18, 0],
					"cubes": [
						{"origin": [1.4, 21, -1.6], "size": [2, 3, 0], "pivot": [2.4, 21, -2.1], "rotation": [-165.2062, 8.962, -112.7707], "uv": [1, 30]},
						{"origin": [-3.4, 21, -2.6], "size": [2, 3, 0], "pivot": [-2.4, 21, -2.1], "rotation": [-14.7938, 8.962, -67.2293], "uv": [1, 30]},
						{"origin": [-3, 18, -3], "size": [6, 4, 6], "pivot": [0, 19, 0], "rotation": [0, 90, 0], "uv": [0, 30]},
						{"origin": [-2.5, 22.3, -4.6], "size": [5, 2, 5], "pivot": [0, 23.4, -2.1], "rotation": [67.7923, 20.7048, 40.8934], "uv": [0, 57]},
						{"origin": [-1.5, 20.7, 0.1], "size": [3, 4, 3], "pivot": [0, 20.7, 1.6], "rotation": [-92.47641, 2.4741, -135.05348], "uv": [19, 20]}
					],
					"locators": {
						"head_ik": {
							"offset": [0, 23, 0],
							"rotation": [0, 90, 0]
						}
					}
				},
				{
					"name": "jewelL",
					"parent": "head",
					"pivot": [1.2, 22, 1.2],
					"cubes": [
						{"origin": [-0.8, 22, -0.8], "size": [4, 6, 4], "pivot": [1.2, 22, 1.2], "rotation": [-46.8596, -12.2437, 34.2715], "uv": [8, 10]}
					]
				},
				{
					"name": "jewelLL",
					"parent": "head",
					"pivot": [2.2, 22, 0.2],
					"cubes": [
						{"origin": [0.2, 22, -1.8], "size": [4, 4, 4], "pivot": [2.2, 22, 0.2], "rotation": [-20.2907, 26.0379, 35.4663], "uv": [15, 42]}
					]
				},
				{
					"name": "jewelR",
					"parent": "head",
					"pivot": [-1.2, 22, 1.2],
					"cubes": [
						{"origin": [-3.2, 22, -0.8], "size": [4, 6, 4], "pivot": [-1.2, 22, 1.2], "rotation": [-73.4375, -41.931, 44.4884], "uv": [0, 0]}
					]
				},
				{
					"name": "jewelRR",
					"parent": "head",
					"pivot": [-2.2, 22, 0.2],
					"cubes": [
						{"origin": [-4.2, 22, -1.8], "size": [4, 4, 4], "pivot": [-2.2, 22, 0.2], "rotation": [-159.7093, 26.0379, 144.5337], "uv": [46, 33]}
					]
				},
				{
					"name": "bangL",
					"parent": "head",
					"pivot": [2.45, 21, 2.45],
					"cubes": [
						{"origin": [4.45, 18, 1.45], "size": [2, 6, 2], "pivot": [5.45, 21, 2.45], "rotation": [-180, 45, -90], "uv": [21, 56]},
						{"origin": [9.95, 18, 0.95], "size": [3, 6, 3], "pivot": [11.45, 21, 2.45], "rotation": [-180, 45, -90], "uv": [33, 34]}
					]
				},
				{
					"name": "bangR",
					"parent": "head",
					"pivot": [-2.45, 21, 2.3],
					"cubes": [
						{"origin": [-6.45, 18, 1.3], "size": [2, 6, 2], "pivot": [-5.45, 21, 2.3], "rotation": [0, 45, -90], "uv": [0, 10], "mirror": true},
						{"origin": [-12.95, 18, 0.8], "size": [3, 6, 3], "pivot": [-11.45, 21, 2.3], "rotation": [0, 45, -90], "uv": [3, 48], "mirror": true}
					]
				},
				{
					"name": "eyeRH",
					"parent": "head",
					"pivot": [1.95, 19, -2.905],
					"cubes": [
						{"origin": [0.9, 20, -2.905], "size": [2, 1, 0], "inflate": 0.01, "uv": [0, 24]}
					]
				},
				{
					"name": "eyeLH",
					"parent": "head",
					"pivot": [-2, 19, -2.905],
					"cubes": [
						{"origin": [-2.95, 20, -2.905], "size": [2, 1, 0], "inflate": 0.01, "uv": [0, 24]}
					]
				},
				{
					"name": "eyeL",
					"parent": "head",
					"pivot": [1.95, 19, -2.905],
					"cubes": [
						{"origin": [0.9, 19, -2.905], "size": [2, 2, 0], "inflate": 0.01, "uv": [0, 24]}
					]
				},
				{
					"name": "eyeR",
					"parent": "head",
					"pivot": [-2, 19, -2.905],
					"cubes": [
						{"origin": [-2.95, 19, -2.905], "size": [2, 2, 0], "inflate": 0.01, "uv": [0, 24]}
					]
				},
				{
					"name": "mouthOpen",
					"parent": "head",
					"pivot": [0, 18.7, -2.9],
					"cubes": [
						{"origin": [-0.5, 18.2, -2.905], "size": [1, 1, 0], "uv": [4, 24]}
					]
				},
				{
					"name": "armR",
					"parent": "body",
					"pivot": [-2, 16.5, 0],
					"cubes": [
						{"origin": [-3, 16.5, 0], "size": [2, 6, 2], "pivot": [-2, 16.5, 0], "rotation": [0, 90, -90], "uv": [32, 43]}
					]
				},
				{
					"name": "armL",
					"parent": "body",
					"pivot": [2, 16.5, 0],
					"cubes": [
						{"origin": [-1, 18.5, -2], "size": [2, 6, 2], "pivot": [0, 16.5, 0], "rotation": [0, 90, 90], "uv": [56, 51]}
					]
				}
			]
		}
	]
}