{
	"format_version": "1.12.0",
	"minecraft:geometry": [
		{
			"description": {
				"identifier": "geometry.geodude_alolan",
				"texture_width": 64,
				"texture_height": 64,
				"visible_bounds_width": 4,
				"visible_bounds_height": 2.5,
				"visible_bounds_offset": [0, 0.75, 0]
			},
			"bones": [
				{
					"name": "geodude",
					"pivot": [0, 0, 0]
				},
				{
					"name": "body",
					"parent": "geodude",
					"pivot": [0, 0, 0]
				},
				{
					"name": "torso",
					"parent": "body",
					"pivot": [0, 4.5, 0],
					"cubes": [
						{"origin": [-4.5, 2, -4.5], "size": [9, 6, 9], "uv": [0, 0]},
						{"origin": [-4.5, 0, -1.5], "size": [9, 2, 6], "inflate": 0.01, "uv": [0, 31]}
					]
				},
				{
					"name": "eye_right",
					"parent": "torso",
					"pivot": [-2.54168, 4.54548, -4.525],
					"cubes": [
						{"origin": [-4, 3.5, -4.525], "size": [3, 2, 0], "inflate": 0.01, "pivot": [-2, 5, -4.525], "rotation": [0, 0, 5], "uv": [0, 0]},
						{"origin": [-5.2, 6, -5.125], "size": [3, 1, 1], "inflate": -0.3, "pivot": [-2, 5, -4.525], "rotation": [0, 0, 12], "uv": [0, 61]},
						{"origin": [-5.2, 4.6, -5.125], "size": [5, 2, 1], "inflate": -0.3, "pivot": [-2, 5, -4.525], "rotation": [0, 0, 12], "uv": [0, 61]},
						{"origin": [-4.43073, 8.98085, 1.575], "size": [3, 1, 0], "pivot": [-2.7, 8.9, -1.725], "rotation": [10, 0, 81], "uv": [2, 63]},
						{"origin": [-4.43073, 9.08085, -3.825], "size": [3, 1, 0], "pivot": [-2.7, 8.9, -1.725], "rotation": [-13.65033, -4.98779, 79.98477], "uv": [1, 62]},
						{"origin": [-3.93073, 7.88085, -2.025], "size": [3, 1, 0], "pivot": [-2.2, 8.9, -1.725], "rotation": [0, 0, 77], "uv": [2, 63]},
						{"origin": [-3.93073, 7.88085, -0.025], "size": [3, 1, 0], "pivot": [-2.2, 8.9, -1.725], "rotation": [0, 0, 76], "uv": [2, 63]}
					]
				},
				{
					"name": "eyelid_right",
					"parent": "eye_right",
					"pivot": [-2.54168, 4.54548, -3.925],
					"cubes": [
						{"origin": [-4, 3.5, -4.425], "size": [3, 2, 1], "inflate": 0.02, "pivot": [-2, 5, -4.425], "rotation": [0, 0, 5], "uv": [0, 2]}
					]
				},
				{
					"name": "eye_left",
					"parent": "torso",
					"pivot": [2.54168, 4.54548, -4.525],
					"cubes": [
						{"origin": [1, 3.5, -4.525], "size": [3, 2, 0], "inflate": 0.01, "pivot": [2, 5, -4.525], "rotation": [0, 0, -5], "uv": [0, 0], "mirror": true},
						{"origin": [0.2, 4.6, -5.125], "size": [5, 2, 1], "inflate": -0.3, "pivot": [2, 5, -4.525], "rotation": [0, 0, -12], "uv": [0, 61], "mirror": true},
						{"origin": [2.2, 6, -5.125], "size": [3, 1, 1], "inflate": -0.3, "pivot": [2, 5, -4.525], "rotation": [0, 0, -12], "uv": [0, 61], "mirror": true},
						{"origin": [1.43073, 9.08085, -3.825], "size": [3, 1, 0], "pivot": [2.7, 8.9, -1.725], "rotation": [-13.65033, 4.98779, -79.98477], "uv": [1, 62], "mirror": true},
						{"origin": [0.93073, 7.88085, -2.025], "size": [3, 1, 0], "pivot": [2.2, 8.9, -1.725], "rotation": [0, 0, -77], "uv": [2, 63], "mirror": true},
						{"origin": [0.93073, 7.88085, -0.025], "size": [3, 1, 0], "pivot": [2.2, 8.9, -1.725], "rotation": [0, 0, -76], "uv": [2, 63], "mirror": true},
						{"origin": [1.43073, 8.98085, 1.575], "size": [3, 1, 0], "pivot": [2.7, 8.9, -1.725], "rotation": [10, 0, -81], "uv": [2, 63], "mirror": true}
					]
				},
				{
					"name": "eyelid_left",
					"parent": "eye_left",
					"pivot": [2.54168, 4.54548, -3.925],
					"cubes": [
						{"origin": [1, 3.5, -4.425], "size": [3, 2, 1], "inflate": 0.02, "pivot": [2, 5, -4.425], "rotation": [0, 0, -5], "uv": [0, 2], "mirror": true}
					]
				},
				{
					"name": "jaw",
					"parent": "torso",
					"pivot": [0, 2, -1.5],
					"cubes": [
						{"origin": [-4, 0, -4.25], "size": [8, 2, 3], "uv": [0, 39]}
					]
				},
				{
					"name": "arm_right",
					"parent": "torso",
					"pivot": [-4.5, 3.5, 0.25],
					"cubes": [
						{"origin": [-9.5, 2.5, -0.75], "size": [5, 2, 2], "uv": [27, 4]}
					]
				},
				{
					"name": "arm_right2",
					"parent": "arm_right",
					"pivot": [-9.5, 3.5, 1.25],
					"cubes": [
						{"origin": [-15.5, 2.5, -0.75], "size": [6, 3, 2], "inflate": 0.01, "uv": [16, 26]}
					]
				},
				{
					"name": "hand_right",
					"parent": "arm_right2",
					"pivot": [-15.5, 4.75, 0.25],
					"cubes": [
						{"origin": [-18.5, 2.25, -0.75], "size": [3, 4, 2], "uv": [0, 18]}
					]
				},
				{
					"name": "finger_right_thumb",
					"parent": "hand_right",
					"pivot": [-17.5, 6, 0.25],
					"cubes": [
						{"origin": [-19.5, 5.5, -0.75], "size": [2, 1, 1], "inflate": 0.01, "uv": [26, 17]}
					]
				},
				{
					"name": "finger_right_thumb2",
					"parent": "finger_right_thumb",
					"pivot": [-19.5, 6, -0.75],
					"cubes": [
						{"origin": [-20.5, 5.5, -0.75], "size": [1, 1, 1], "uv": [16, 19]}
					]
				},
				{
					"name": "finger_right_index",
					"parent": "hand_right",
					"pivot": [-18.5, 5.75, 1.25],
					"cubes": [
						{"origin": [-20.5, 5.25, 0.25], "size": [2, 1, 1], "inflate": 0.01, "uv": [20, 23]}
					]
				},
				{
					"name": "finger_right_index2",
					"parent": "finger_right_index",
					"pivot": [-20.5, 5.75, 1.25],
					"cubes": [
						{"origin": [-22.5, 5.25, 0.25], "size": [2, 1, 1], "uv": [10, 19]}
					]
				},
				{
					"name": "finger_right_middle",
					"parent": "hand_right",
					"pivot": [-18.5, 4.75, 1.25],
					"cubes": [
						{"origin": [-20.5, 4.25, 0.25], "size": [2, 1, 1], "inflate": 0.01, "uv": [20, 21]}
					]
				},
				{
					"name": "finger_right_middle2",
					"parent": "finger_right_middle",
					"pivot": [-20.5, 4.75, 1.25],
					"cubes": [
						{"origin": [-22.5, 4.25, 0.25], "size": [2, 1, 1], "uv": [10, 21]}
					]
				},
				{
					"name": "finger_right_ring",
					"parent": "hand_right",
					"pivot": [-18.5, 3.75, 1.25],
					"cubes": [
						{"origin": [-20.5, 3.25, 0.25], "size": [2, 1, 1], "inflate": 0.01, "uv": [20, 19]}
					]
				},
				{
					"name": "finger_right_ring2",
					"parent": "finger_right_ring",
					"pivot": [-20.5, 3.75, 1.25],
					"cubes": [
						{"origin": [-22.5, 3.25, 0.25], "size": [2, 1, 1], "uv": [10, 23]}
					]
				},
				{
					"name": "finger_right_pinky",
					"parent": "hand_right",
					"pivot": [-18.5, 2.75, 1.25],
					"cubes": [
						{"origin": [-20.5, 2.25, 0.25], "size": [2, 1, 1], "inflate": 0.01, "uv": [20, 17]}
					]
				},
				{
					"name": "finger_right_pinky2",
					"parent": "finger_right_pinky",
					"pivot": [-20.5, 2.75, 1.25],
					"cubes": [
						{"origin": [-21.5, 2.25, 0.25], "size": [1, 1, 1], "uv": [16, 17]}
					]
				},
				{
					"name": "arm_left",
					"parent": "torso",
					"pivot": [4.5, 3.5, 0.25],
					"cubes": [
						{"origin": [4.5, 2.5, -0.75], "size": [5, 2, 2], "uv": [27, 4], "mirror": true}
					]
				},
				{
					"name": "arm_left2",
					"parent": "arm_left",
					"pivot": [9.5, 3.5, 1.25],
					"cubes": [
						{"origin": [9.5, 2.5, -0.75], "size": [6, 3, 2], "inflate": 0.01, "uv": [16, 26], "mirror": true}
					]
				},
				{
					"name": "hand_left",
					"parent": "arm_left2",
					"pivot": [15.5, 4.75, 0.25],
					"cubes": [
						{"origin": [15.5, 2.25, -0.75], "size": [3, 4, 2], "uv": [0, 18], "mirror": true}
					]
				},
				{
					"name": "finger_left_thumb",
					"parent": "hand_left",
					"pivot": [17.5, 6, 0.25],
					"cubes": [
						{"origin": [17.5, 5.5, -0.75], "size": [2, 1, 1], "inflate": 0.01, "uv": [26, 17], "mirror": true}
					]
				},
				{
					"name": "finger_left_thumb2",
					"parent": "finger_left_thumb",
					"pivot": [19.5, 6, -0.75],
					"cubes": [
						{"origin": [19.5, 5.5, -0.75], "size": [1, 1, 1], "uv": [16, 19], "mirror": true}
					]
				},
				{
					"name": "finger_left_index",
					"parent": "hand_left",
					"pivot": [18.5, 5.75, 1.25],
					"cubes": [
						{"origin": [18.5, 5.25, 0.25], "size": [2, 1, 1], "inflate": 0.01, "uv": [20, 23], "mirror": true}
					]
				},
				{
					"name": "finger_left_index2",
					"parent": "finger_left_index",
					"pivot": [20.5, 5.75, 1.25],
					"cubes": [
						{"origin": [20.5, 5.25, 0.25], "size": [2, 1, 1], "uv": [10, 19], "mirror": true}
					]
				},
				{
					"name": "finger_left_middle",
					"parent": "hand_left",
					"pivot": [18.5, 4.75, 1.25],
					"cubes": [
						{"origin": [18.5, 4.25, 0.25], "size": [2, 1, 1], "inflate": 0.01, "uv": [20, 21], "mirror": true}
					]
				},
				{
					"name": "finger_left_middle2",
					"parent": "finger_left_middle",
					"pivot": [20.5, 4.75, 1.25],
					"cubes": [
						{"origin": [20.5, 4.25, 0.25], "size": [2, 1, 1], "uv": [10, 21], "mirror": true}
					]
				},
				{
					"name": "finger_left_ring",
					"parent": "hand_left",
					"pivot": [18.5, 3.75, 1.25],
					"cubes": [
						{"origin": [18.5, 3.25, 0.25], "size": [2, 1, 1], "inflate": 0.01, "uv": [20, 19], "mirror": true}
					]
				},
				{
					"name": "finger_left_ring2",
					"parent": "finger_left_ring",
					"pivot": [20.5, 3.75, 1.25],
					"cubes": [
						{"origin": [20.5, 3.25, 0.25], "size": [2, 1, 1], "uv": [10, 23], "mirror": true}
					]
				},
				{
					"name": "finger_left_pinky",
					"parent": "hand_left",
					"pivot": [18.5, 2.75, 1.25],
					"cubes": [
						{"origin": [18.5, 2.25, 0.25], "size": [2, 1, 1], "inflate": 0.01, "uv": [20, 17], "mirror": true}
					]
				},
				{
					"name": "finger_left_pinky2",
					"parent": "finger_left_pinky",
					"pivot": [20.5, 2.75, 1.25],
					"cubes": [
						{"origin": [20.5, 2.25, 0.25], "size": [1, 1, 1], "uv": [16, 17], "mirror": true}
					]
				}
			]
		}
	]
}