{
	"format_version": "1.12.0",
	"minecraft:geometry": [
		{
			"description": {
				"identifier": "geometry.milotic",
				"texture_width": 128,
				"texture_height": 128,
				"visible_bounds_width": 8,
				"visible_bounds_height": 8,
				"visible_bounds_offset": [0, 0, 0]
			},
			"bones": [
				{
					"name": "milotic",
					"pivot": [0, 0, 0]
				},
				{
					"name": "body",
					"parent": "milotic",
					"pivot": [0, 1.6, 0]
				},
				{
					"name": "neck",
					"parent": "body",
					"pivot": [0, 11.6, -5],
					"rotation": [-90, 0, 0],
					"cubes": [
						{"origin": [-2.5, 11.6, -9], "size": [5, 5, 5], "inflate": 0.01, "uv": [0, 56]}
					]
				},
				{
					"name": "neck2",
					"parent": "neck",
					"pivot": [0, 16.6, -9],
					"cubes": [
						{"origin": [-2, 12.6, -14.4], "size": [4, 4, 6], "uv": [52, 55]}
					]
				},
				{
					"name": "head",
					"parent": "neck2",
					"pivot": [0, 14.6, -12.9],
					"rotation": [90, 0, 0]
				},
				{
					"name": "hairs",
					"parent": "head",
					"pivot": [-2, 20.65, -16.41667]
				},
				{
					"name": "hairs2",
					"parent": "head",
					"pivot": [2, 20.65, -16.41667]
				},
				{
					"name": "bone17",
					"parent": "hairs2",
					"pivot": [-2, 20.65, -13.41667],
					"cubes": [
						{"origin": [1, 20.65, -16.5], "size": [2, 0, 3], "uv": [32, 5]}
					]
				},
				{
					"name": "bone18",
					"parent": "bone17",
					"pivot": [2, 20.65, -13.41667],
					"cubes": [
						{"origin": [1, 20.65, -13.5], "size": [2, 0, 4], "uv": [0, 20]}
					]
				},
				{
					"name": "bone19",
					"parent": "bone18",
					"pivot": [2, 20.65, -9.41667],
					"cubes": [
						{"origin": [1, 20.65, -9.5], "size": [2, 0, 4], "uv": [0, 16]}
					]
				},
				{
					"name": "bone20",
					"parent": "bone19",
					"pivot": [2, 20.65, -5.41667],
					"cubes": [
						{"origin": [0, 20.65, -5.5], "size": [4, 0, 8], "uv": [13, 16]}
					]
				},
				{
					"name": "bone21",
					"parent": "bone20",
					"pivot": [2, 20.65, 2.58333],
					"cubes": [
						{"origin": [0, 20.65, 2.5], "size": [4, 0, 5], "uv": [46, 42]}
					]
				},
				{
					"name": "bone22",
					"parent": "bone21",
					"pivot": [2, 20.65, 7.58333],
					"cubes": [
						{"origin": [-1, 20.65, 7.5], "size": [6, 0, 5], "uv": [59, 42]}
					]
				},
				{
					"name": "bone23",
					"parent": "bone22",
					"pivot": [2, 20.65, 12.58333],
					"cubes": [
						{"origin": [-1, 20.65, 12.5], "size": [6, 0, 5], "uv": [57, 10]}
					]
				},
				{
					"name": "bone24",
					"parent": "bone23",
					"pivot": [2, 20.65, 17.58333],
					"cubes": [
						{"origin": [-2, 20.65, 17.5], "size": [8, 0, 5], "uv": [54, 15]}
					]
				},
				{
					"name": "bone25",
					"parent": "bone24",
					"pivot": [2, 20.65, 22.58333],
					"cubes": [
						{"origin": [-2.5, 20.65, 22.5], "size": [9, 0, 4], "uv": [36, 55]}
					]
				},
				{
					"name": "bone8",
					"parent": "head",
					"pivot": [-6, 20.65, -13.41667],
					"cubes": [
						{"origin": [-3, 20.65, -16.5], "size": [2, 0, 3], "uv": [32, 5]}
					]
				},
				{
					"name": "bone9",
					"parent": "bone8",
					"pivot": [-2, 20.65, -13.41667],
					"cubes": [
						{"origin": [-3, 20.65, -13.5], "size": [2, 0, 4], "uv": [0, 20]}
					]
				},
				{
					"name": "bone10",
					"parent": "bone9",
					"pivot": [-2, 20.65, -9.41667],
					"cubes": [
						{"origin": [-3, 20.65, -9.5], "size": [2, 0, 4], "uv": [0, 16]}
					]
				},
				{
					"name": "bone11",
					"parent": "bone10",
					"pivot": [-2, 20.65, -5.41667],
					"cubes": [
						{"origin": [-4, 20.65, -5.5], "size": [4, 0, 8], "uv": [13, 16]}
					]
				},
				{
					"name": "bone12",
					"parent": "bone11",
					"pivot": [-2, 20.65, 2.58333],
					"cubes": [
						{"origin": [-4, 20.65, 2.5], "size": [4, 0, 5], "uv": [46, 42]}
					]
				},
				{
					"name": "bone13",
					"parent": "bone12",
					"pivot": [-2, 20.65, 7.58333],
					"cubes": [
						{"origin": [-5, 20.65, 7.5], "size": [6, 0, 5], "uv": [59, 42]}
					]
				},
				{
					"name": "bone14",
					"parent": "bone13",
					"pivot": [-2, 20.65, 12.58333],
					"cubes": [
						{"origin": [-5, 20.65, 12.5], "size": [6, 0, 5], "uv": [57, 10]}
					]
				},
				{
					"name": "bone15",
					"parent": "bone14",
					"pivot": [-2, 20.65, 17.58333],
					"cubes": [
						{"origin": [-6, 20.65, 17.5], "size": [8, 0, 5], "uv": [54, 15]}
					]
				},
				{
					"name": "bone16",
					"parent": "bone15",
					"pivot": [-2, 20.65, 22.58333],
					"cubes": [
						{"origin": [-6.5, 20.65, 22.5], "size": [9, 0, 4], "uv": [36, 55]}
					]
				},
				{
					"name": "head_ai",
					"parent": "head",
					"pivot": [0, 14.6, -12.9]
				},
				{
					"name": "head_rotation",
					"parent": "head_ai",
					"pivot": [0, 16.6, -12.9],
					"rotation": [-90, 0, 0],
					"cubes": [
						{"origin": [-3, 11, -16.9], "size": [6, 8, 6], "uv": [22, 53]},
						{"origin": [-1.5, 17.9, -16.4], "size": [3, 3, 3], "pivot": [0, 16, -13.9], "rotation": [16, 0, 0], "uv": [43, 64]},
						{"origin": [-1, 20.9, -15.9], "size": [2, 3, 2], "pivot": [0, 16, -13.9], "rotation": [16, 0, 0], "uv": [0, 41]},
						{"origin": [-0.5, 23.9, -15.4], "size": [1, 3, 1], "pivot": [0, 16, -13.9], "rotation": [16, 0, 0], "uv": [0, 16]}
					]
				},
				{
					"name": "mouth",
					"parent": "head_rotation",
					"pivot": [0, 18, -13.9],
					"cubes": [
						{"origin": [-1.9, 12.9, -12.9], "size": [4, 0, 2], "uv": [67, 22]}
					]
				},
				{
					"name": "eyes",
					"parent": "head_rotation",
					"pivot": [0, 16, -13.8]
				},
				{
					"name": "eye_left",
					"parent": "eyes",
					"pivot": [3.01, 15.625, -13.9],
					"rotation": [2.5, 0, 0],
					"cubes": [
						{"origin": [3.01, 13.1, -14.9], "size": [0, 3, 2], "uv": [0, 3]}
					]
				},
				{
					"name": "pupil_left",
					"parent": "eye_left",
					"pivot": [3.02, 14.6, -13.9],
					"cubes": [
						{"origin": [3.02, 13.6, -14.9], "size": [0, 2, 2], "uv": [0, 20]}
					]
				},
				{
					"name": "eyelid_left",
					"parent": "eye_left",
					"pivot": [2.42, 15.6, -13.9],
					"cubes": [
						{"origin": [1.92, 13.1, -14.9], "size": [1, 5, 2], "inflate": 0.01, "uv": [18, 65]}
					]
				},
				{
					"name": "eye_right",
					"parent": "eyes",
					"pivot": [-3.01, 15.625, -13.9],
					"rotation": [2.5, 0, 0],
					"cubes": [
						{"origin": [-3.01, 13.1, -14.9], "size": [0, 3, 2], "uv": [0, 0]}
					]
				},
				{
					"name": "pupil_right",
					"parent": "eye_right",
					"pivot": [-3.02, 14.6, -13.9],
					"cubes": [
						{"origin": [-3.02, 13.6, -14.9], "size": [0, 2, 2], "uv": [0, 18]}
					]
				},
				{
					"name": "eyelid_right",
					"parent": "eye_right",
					"pivot": [-2.42, 15.6, -13.9],
					"cubes": [
						{"origin": [-2.92, 13.1, -14.9], "size": [1, 5, 2], "inflate": 0.01, "uv": [51, 29]}
					]
				},
				{
					"name": "bone26",
					"parent": "head_ai",
					"pivot": [-2.95, 19, -18],
					"cubes": [
						{"origin": [-3.05, 18.5, -18], "size": [0, 1, 5], "uv": [0, 35]}
					]
				},
				{
					"name": "bone27",
					"parent": "bone26",
					"pivot": [-2.95, 19, -13],
					"cubes": [
						{"origin": [-3.05, 18.5, -13], "size": [0, 1, 5], "uv": [0, 34]}
					]
				},
				{
					"name": "bone28",
					"parent": "bone27",
					"pivot": [-2.95, 19, -8],
					"cubes": [
						{"origin": [-3.05, 18.5, -8], "size": [0, 1, 5], "uv": [0, 33]}
					]
				},
				{
					"name": "bone29",
					"parent": "bone28",
					"pivot": [-2.95, 19, -3],
					"cubes": [
						{"origin": [-3.05, 18.5, -3], "size": [0, 1, 5], "uv": [32, 10]}
					]
				},
				{
					"name": "bone30",
					"parent": "bone29",
					"pivot": [-2.95, 19, 2],
					"cubes": [
						{"origin": [-3.05, 18.5, 2], "size": [0, 1, 5], "uv": [0, 32]}
					]
				},
				{
					"name": "bone31",
					"parent": "bone30",
					"pivot": [-2.95, 19, 7],
					"cubes": [
						{"origin": [-3.05, 18.5, 7], "size": [0, 1, 5], "uv": [0, 31]}
					]
				},
				{
					"name": "browns2",
					"parent": "head_ai",
					"pivot": [3.05, 19, -3]
				},
				{
					"name": "bone2",
					"parent": "browns2",
					"pivot": [3.05, 19, -18],
					"cubes": [
						{"origin": [3.05, 18.5, -18], "size": [0, 1, 5], "uv": [0, 35]}
					]
				},
				{
					"name": "bone3",
					"parent": "bone2",
					"pivot": [3.05, 19, -13],
					"cubes": [
						{"origin": [3.05, 18.5, -13], "size": [0, 1, 5], "uv": [0, 34]}
					]
				},
				{
					"name": "bone4",
					"parent": "bone3",
					"pivot": [3.05, 19, -8],
					"cubes": [
						{"origin": [3.05, 18.5, -8], "size": [0, 1, 5], "uv": [0, 33]}
					]
				},
				{
					"name": "bone5",
					"parent": "bone4",
					"pivot": [3.05, 19, -3],
					"cubes": [
						{"origin": [3.05, 18.5, -3], "size": [0, 1, 5], "uv": [32, 10]}
					]
				},
				{
					"name": "bone6",
					"parent": "bone5",
					"pivot": [3.05, 19, 2],
					"cubes": [
						{"origin": [3.05, 18.5, 2], "size": [0, 1, 5], "uv": [0, 32]}
					]
				},
				{
					"name": "bone7",
					"parent": "bone6",
					"pivot": [3.05, 19, 7],
					"cubes": [
						{"origin": [3.05, 18.5, 7], "size": [0, 1, 5], "uv": [0, 31]}
					]
				},
				{
					"name": "browns",
					"parent": "head_ai",
					"pivot": [-7.1, -68.5, -11.75]
				},
				{
					"name": "segment1",
					"parent": "body",
					"pivot": [0, 11.6, -2.5],
					"rotation": [-90, 0, 0],
					"cubes": [
						{"origin": [-3, 8.6, -2.5], "size": [6, 6, 7], "inflate": 0.01, "uv": [51, 29]}
					]
				},
				{
					"name": "segment2",
					"parent": "segment1",
					"pivot": [0, 11.6, 5.5],
					"cubes": [
						{"origin": [-3.5, 8.1, 4.5], "size": [7, 7, 8], "inflate": 0.01, "uv": [32, 0]}
					]
				},
				{
					"name": "segment3",
					"parent": "segment2",
					"pivot": [0, 11.1, 13.5],
					"cubes": [
						{"origin": [-3.5, 8.1, 11.5], "size": [7, 7, 9], "uv": [0, 0]}
					]
				},
				{
					"name": "segment4",
					"parent": "segment3",
					"pivot": [0, 11.6, 20.5],
					"cubes": [
						{"origin": [-3, 8.6, 19.5], "size": [6, 6, 9], "inflate": 0.01, "uv": [21, 22]}
					]
				},
				{
					"name": "segment5",
					"parent": "segment4",
					"pivot": [0, 11.6, 28.5],
					"cubes": [
						{"origin": [-3, 8.6, 27.5], "size": [6, 6, 9], "uv": [0, 16]}
					]
				},
				{
					"name": "segment6",
					"parent": "segment5",
					"pivot": [0, 11.6, 36.5],
					"cubes": [
						{"origin": [-2.5, 9.1, 35.5], "size": [5, 5, 9], "uv": [32, 39]}
					]
				},
				{
					"name": "segment7",
					"parent": "segment6",
					"pivot": [0, 11.6, 44.5],
					"cubes": [
						{"origin": [-2, 9.6, 43.5], "size": [4, 4, 10], "uv": [0, 42]}
					]
				},
				{
					"name": "segment8",
					"parent": "segment7",
					"pivot": [0, 11.6, 53.5],
					"cubes": [
						{"origin": [-1.5, 10.1, 52.5], "size": [3, 3, 11], "uv": [42, 15]}
					]
				},
				{
					"name": "segment9",
					"parent": "segment8",
					"pivot": [0, 11.6, 63.5],
					"cubes": [
						{"origin": [-1, 10.6, 62.5], "size": [2, 2, 10], "uv": [50, 43]}
					]
				},
				{
					"name": "tail",
					"parent": "segment9",
					"pivot": [0.5, 11.5, 74.7],
					"cubes": [
						{"origin": [-2, 11.4, 69.2], "size": [5, 0, 11], "pivot": [0.5, 11.5, 74.7], "rotation": [0, 12.5, 0], "uv": [20, 37]}
					]
				},
				{
					"name": "tail2",
					"parent": "tail",
					"pivot": [0.5, 11.5, 74.7],
					"cubes": [
						{"origin": [1, 11.5, 69.2], "size": [5, 0, 11], "pivot": [3.5, 11.5, 74.7], "rotation": [0, 25, 0], "uv": [0, 31]}
					]
				},
				{
					"name": "tail3",
					"parent": "tail2",
					"pivot": [0.5, 11.5, 74.7],
					"cubes": [
						{"origin": [-4, 11.2, 69.2], "size": [5, 0, 11], "pivot": [-1.5, 11.5, 74.7], "rotation": [0, -12.5, 0], "uv": [10, 37]}
					]
				},
				{
					"name": "tail4",
					"parent": "tail3",
					"pivot": [0.5, 11.5, 74.7],
					"cubes": [
						{"origin": [-6, 11.1, 69.2], "size": [5, 0, 11], "pivot": [-3.5, 11.5, 74.7], "rotation": [0, -22.5, 0], "uv": [31, 15]}
					]
				}
			]
		}
	]
}