{
	"format_version": "1.12.0",
	"minecraft:geometry": [
		{
			"description": {
				"identifier": "geometry.tauros",
				"texture_width": 128,
				"texture_height": 64,
				"visible_bounds_width": 6,
				"visible_bounds_height": 3.5,
				"visible_bounds_offset": [0, 1.25, 0]
			},
			"bones": [
				{
					"name": "tauros",
					"pivot": [0, 0, 0]
				},
				{
					"name": "body",
					"parent": "tauros",
					"pivot": [0, 0, 0]
				},
				{
					"name": "torso",
					"parent": "body",
					"pivot": [0, 14.45, 7.25],
					"cubes": [
						{"origin": [-4.5, 9.75, 1], "size": [9, 10, 10], "uv": [75, 39]},
						{"origin": [-5.5, 9, -11], "size": [11, 13, 13], "uv": [0, 0]},
						{"origin": [-6.5, 8.5, -11.5], "size": [13, 14, 6], "pivot": [0, 16, -9], "rotation": [-2.5, 0, 0], "uv": [0, 27]},
						{"origin": [-2.4, 21.5, -11.3], "size": [8, 4, 0], "pivot": [0, 16, -9], "rotation": [-26.5, 0, 0], "uv": [110, 8], "mirror": true},
						{"origin": [-4.9, 21.5, -11.2], "size": [8, 4, 0], "pivot": [0, 16, -9], "rotation": [-26.5, 0, 0], "uv": [110, 8], "mirror": true},
						{"origin": [-3.6, 22.3, -11], "size": [8, 4, 0], "pivot": [0, 16, -9], "rotation": [-26.5, 0, 0], "uv": [110, 8], "mirror": true}
					]
				},
				{
					"name": "head",
					"parent": "torso",
					"pivot": [0, 17.25, -10.5]
				},
				{
					"name": "head_correction",
					"parent": "head",
					"pivot": [0, 17.25, -10.5]
				},
				{
					"name": "head_ai",
					"parent": "head_correction",
					"pivot": [0, 17.25, -10.5]
				},
				{
					"name": "head_angle",
					"parent": "head_ai",
					"pivot": [0, 17.25, -10.5],
					"rotation": [20, 0, 0],
					"cubes": [
						{"origin": [-3, 13.75, -16.5], "size": [6, 6, 7], "uv": [35, 0]},
						{"origin": [-0.5, 19.75, -14.5], "size": [1, 0, 3], "inflate": 0.01, "uv": [77, 10]},
						{"origin": [-2, 14.75, -19.5], "size": [4, 3, 3], "pivot": [0, 17.75, -16.5], "rotation": [5, 0, 0], "uv": [32, 27]}
					]
				},
				{
					"name": "jaw",
					"parent": "head_angle",
					"pivot": [0, 14.85, -16.5],
					"rotation": [5, 0, 0],
					"cubes": [
						{"origin": [-1.5, 13.85, -19.25], "size": [3, 1, 3], "uv": [0, 9]}
					]
				},
				{
					"name": "horn_left",
					"parent": "head_angle",
					"pivot": [2.65, 17.95, -12.75],
					"rotation": [-14.65373, 10.8781, 5.3672],
					"cubes": [
						{"origin": [7.35, 16.95, -13.75], "size": [1, 2, 2], "inflate": 0.4, "uv": [64, 31], "mirror": true},
						{"origin": [2.65, 16.95, -13.75], "size": [3, 2, 2], "uv": [64, 31], "mirror": true},
						{"origin": [2.95, 16.95, -13.75], "size": [1, 2, 2], "inflate": 0.3, "uv": [64, 31], "mirror": true},
						{"origin": [5.15, 16.95, -13.75], "size": [1, 2, 2], "inflate": 0.4, "uv": [64, 31], "mirror": true},
						{"origin": [9.85, 18.95, -11.65], "size": [-4.2, -2.2, -2.2], "uv": [124, 58]},
						{"origin": [5.75, 19.05, -11.65], "size": [-3.2, -2.2, -2.2], "uv": [124, 58]},
						{"origin": [4.05, 19.05, -11.65], "size": [-1.2, -2.2, -2.2], "uv": [124, 58]},
						{"origin": [8.45, 19.05, -11.65], "size": [-1.2, -2.2, -2.2], "uv": [124, 58]},
						{"origin": [6.25, 19.05, -11.65], "size": [-1.2, -2.2, -2.2], "uv": [124, 58]},
						{"origin": [8.45, 19.05, -11.65], "size": [-1.2, -2.2, -2.2], "inflate": -0.4, "uv": [125, 59]},
						{"origin": [6.25, 19.05, -11.65], "size": [-1.2, -2.2, -2.2], "inflate": -0.4, "uv": [125, 59]},
						{"origin": [4.05, 19.05, -11.65], "size": [-1.2, -2.2, -2.2], "inflate": -0.4, "uv": [125, 59]}
					]
				},
				{
					"name": "horn_left2",
					"parent": "horn_left",
					"pivot": [5.65, 16.95, -12.75],
					"rotation": [0, 0, 5],
					"cubes": [
						{"origin": [5.65, 17.15, -13.75], "size": [4, 2, 2], "inflate": 0.01, "uv": [46, 45], "mirror": true}
					]
				},
				{
					"name": "horn_left3",
					"parent": "horn_left2",
					"pivot": [9.55, 17.55, -12.75],
					"rotation": [0, 0, -87.5],
					"cubes": [
						{"origin": [10.25, 17.45, -13.25], "size": [3, 1, 1], "uv": [69, 0], "mirror": true},
						{"origin": [13.35, 18.55, -12.15], "size": [-3.2, -1.2, -1.2], "uv": [124, 58]}
					]
				},
				{
					"name": "eye_right",
					"parent": "head_angle",
					"pivot": [-2.51, 17.75, -15.51],
					"cubes": [
						{"origin": [-3.01, 16.75, -16.51], "size": [1, 2, 2], "uv": [81, 15], "mirror": true}
					]
				},
				{
					"name": "eyelid_right",
					"parent": "eye_right",
					"pivot": [-2.41, 17.75, -14.91],
					"cubes": [
						{"origin": [-2.91, 16.75, -16.41], "size": [1, 2, 3], "inflate": 0.01, "uv": [80, 19], "mirror": true}
					]
				},
				{
					"name": "eye_left",
					"parent": "head_angle",
					"pivot": [2.51, 17.75, -15.51],
					"cubes": [
						{"origin": [2.01, 16.75, -16.51], "size": [1, 2, 2], "uv": [81, 15]}
					]
				},
				{
					"name": "eyelid_left",
					"parent": "eye_left",
					"pivot": [2.41, 17.75, -14.91],
					"cubes": [
						{"origin": [1.91, 16.75, -16.41], "size": [1, 2, 3], "inflate": 0.01, "uv": [80, 19]}
					]
				},
				{
					"name": "horn_right",
					"parent": "head_angle",
					"pivot": [-2.65, 17.95, -12.75],
					"rotation": [-14.65373, -10.8781, -5.3672],
					"cubes": [
						{"origin": [-8.35, 16.95, -13.75], "size": [1, 2, 2], "inflate": 0.4, "uv": [64, 31]},
						{"origin": [-5.65, 16.95, -13.75], "size": [3, 2, 2], "uv": [64, 31]},
						{"origin": [-3.95, 16.95, -13.75], "size": [1, 2, 2], "inflate": 0.3, "uv": [64, 31]},
						{"origin": [-6.15, 16.95, -13.75], "size": [1, 2, 2], "inflate": 0.4, "uv": [64, 31]},
						{"origin": [-5.65, 18.95, -11.65], "size": [-4.2, -2.2, -2.2], "uv": [124, 58], "mirror": true},
						{"origin": [-2.55, 19.05, -11.65], "size": [-3.2, -2.2, -2.2], "uv": [124, 58], "mirror": true},
						{"origin": [-2.85, 19.05, -11.65], "size": [-1.2, -2.2, -2.2], "uv": [124, 58], "mirror": true},
						{"origin": [-7.25, 19.05, -11.65], "size": [-1.2, -2.2, -2.2], "uv": [124, 58], "mirror": true},
						{"origin": [-5.05, 19.05, -11.65], "size": [-1.2, -2.2, -2.2], "uv": [124, 58], "mirror": true},
						{"origin": [-7.25, 19.05, -11.65], "size": [-1.2, -2.2, -2.2], "inflate": -0.4, "uv": [125, 59], "mirror": true},
						{"origin": [-5.05, 19.05, -11.65], "size": [-1.2, -2.2, -2.2], "inflate": -0.4, "uv": [125, 59], "mirror": true},
						{"origin": [-2.85, 19.05, -11.65], "size": [-1.2, -2.2, -2.2], "inflate": -0.4, "uv": [125, 59], "mirror": true}
					]
				},
				{
					"name": "horn_right2",
					"parent": "horn_right",
					"pivot": [-5.65, 16.95, -12.75],
					"rotation": [0, 0, -5],
					"cubes": [
						{"origin": [-9.65, 17.15, -13.75], "size": [4, 2, 2], "inflate": 0.01, "uv": [46, 45]}
					]
				},
				{
					"name": "horn_right3",
					"parent": "horn_right2",
					"pivot": [-9.55, 17.55, -12.75],
					"rotation": [0, 0, 87.5],
					"cubes": [
						{"origin": [-13.25, 17.45, -13.25], "size": [3, 1, 1], "uv": [69, 0]},
						{"origin": [-10.15, 18.55, -12.15], "size": [-3.2, -1.2, -1.2], "uv": [124, 58], "mirror": true}
					]
				},
				{
					"name": "mane_bottom",
					"parent": "torso",
					"pivot": [-1.3, 8.5, -7.05],
					"rotation": [18.39214, -7.99647, 22.70337],
					"cubes": [
						{"origin": [-7.7, 3, -8.85], "size": [9, 7, 0], "pivot": [-1.3, 16, -7.55], "rotation": [-7.5, 0, 0], "uv": [105, 42]}
					]
				},
				{
					"name": "tail",
					"parent": "torso",
					"pivot": [0, 18.5, 11],
					"cubes": [
						{"origin": [-0.5, 18, 10], "size": [1, 1, 5], "inflate": 0.01, "uv": [94, 21]}
					]
				},
				{
					"name": "tail2",
					"parent": "tail",
					"pivot": [0, 18.5, 15],
					"cubes": [
						{"origin": [-0.5, 18, 15], "size": [1, 1, 4], "uv": [118, 27]}
					]
				},
				{
					"name": "tail3",
					"parent": "tail2",
					"pivot": [0, 18.5, 19],
					"cubes": [
						{"origin": [-0.5, 18, 19], "size": [1, 1, 4], "inflate": 0.01, "uv": [89, 27]}
					]
				},
				{
					"name": "tail4",
					"parent": "tail3",
					"pivot": [0, 18.5, 23],
					"cubes": [
						{"origin": [-0.5, 18, 23], "size": [1, 1, 5], "uv": [61, 1]}
					]
				},
				{
					"name": "tail5",
					"parent": "tail4",
					"pivot": [0, 18.5, 27],
					"cubes": [
						{"origin": [-1, 17.5, 27], "size": [2, 2, 3], "uv": [67, 7]}
					]
				},
				{
					"name": "tail6",
					"parent": "tail5",
					"pivot": [0, 17.5, 30],
					"rotation": [15, 0, 0],
					"cubes": [
						{"origin": [0, 17.5, 30], "size": [0, 2, 3], "uv": [0, 28]}
					]
				},
				{
					"name": "tail_left",
					"parent": "torso",
					"pivot": [1, 18.5, 11],
					"rotation": [0, 8, 0],
					"cubes": [
						{"origin": [0.5, 18, 10], "size": [1, 1, 5], "inflate": 0.01, "uv": [94, 21]}
					]
				},
				{
					"name": "tail_left2",
					"parent": "tail_left",
					"pivot": [1, 18.5, 15],
					"cubes": [
						{"origin": [0.5, 18, 15], "size": [1, 1, 4], "uv": [118, 27]}
					]
				},
				{
					"name": "tail_left3",
					"parent": "tail_left2",
					"pivot": [1, 18.5, 19],
					"cubes": [
						{"origin": [0.5, 18, 19], "size": [1, 1, 4], "inflate": 0.01, "uv": [89, 27]}
					]
				},
				{
					"name": "tail_left4",
					"parent": "tail_left3",
					"pivot": [1, 18.5, 23],
					"cubes": [
						{"origin": [0.5, 18, 23], "size": [1, 1, 5], "uv": [61, 1]}
					]
				},
				{
					"name": "tail_left5",
					"parent": "tail_left4",
					"pivot": [1, 18.5, 27],
					"cubes": [
						{"origin": [0, 17.5, 27], "size": [2, 2, 3], "uv": [67, 7]}
					]
				},
				{
					"name": "tail_left6",
					"parent": "tail_left5",
					"pivot": [1, 17.5, 30],
					"rotation": [15, 0, 0],
					"cubes": [
						{"origin": [1, 17.5, 30], "size": [0, 2, 3], "uv": [0, 28]}
					]
				},
				{
					"name": "tail_right",
					"parent": "torso",
					"pivot": [-1, 18.5, 10.6],
					"rotation": [0, -8, 0],
					"cubes": [
						{"origin": [-1.5, 18, 9.6], "size": [1, 1, 5], "inflate": 0.01, "uv": [94, 21]}
					]
				},
				{
					"name": "tail_right2",
					"parent": "tail_right",
					"pivot": [-1, 18.5, 14.6],
					"cubes": [
						{"origin": [-1.5, 18, 14.6], "size": [1, 1, 4], "uv": [118, 27]}
					]
				},
				{
					"name": "tail_right3",
					"parent": "tail_right2",
					"pivot": [-1, 18.5, 18.6],
					"cubes": [
						{"origin": [-1.5, 18, 18.6], "size": [1, 1, 4], "inflate": 0.01, "uv": [89, 27]}
					]
				},
				{
					"name": "tail_right4",
					"parent": "tail_right3",
					"pivot": [-1, 18.5, 22.6],
					"cubes": [
						{"origin": [-1.5, 18, 22.6], "size": [1, 1, 5], "uv": [61, 1]}
					]
				},
				{
					"name": "tail_right5",
					"parent": "tail_right4",
					"pivot": [-1, 18.5, 26.6],
					"cubes": [
						{"origin": [-2, 17.5, 26.6], "size": [2, 2, 3], "uv": [67, 7]}
					]
				},
				{
					"name": "tail_right6",
					"parent": "tail_right5",
					"pivot": [-1, 17.5, 29.6],
					"rotation": [15, 0, 0],
					"cubes": [
						{"origin": [-1, 17.5, 29.6], "size": [0, 2, 3], "uv": [0, 28]}
					]
				},
				{
					"name": "mane_bottom2",
					"parent": "torso",
					"pivot": [1.3, 8.5, -7.05],
					"rotation": [18.39214, 7.99647, -22.70337],
					"cubes": [
						{"origin": [-1.3, 3, -8.85], "size": [9, 7, 0], "pivot": [1.3, 16, -7.55], "rotation": [-7.5, 0, 0], "uv": [105, 42], "mirror": true}
					]
				},
				{
					"name": "leg_front_right",
					"parent": "body",
					"pivot": [-4.25, 13.25, -5],
					"cubes": [
						{"origin": [-6.25, 7.25, -7], "size": [4, 8, 4], "uv": [48, 13]}
					]
				},
				{
					"name": "leg_front_right2",
					"parent": "leg_front_right",
					"pivot": [-4.25, 7.25, -6.25],
					"cubes": [
						{"origin": [-5.75, 1.5, -6.25], "size": [3, 6, 3], "uv": [38, 33]}
					]
				},
				{
					"name": "leg_front_right3",
					"parent": "leg_front_right2",
					"pivot": [-4.25, 2, -4.75],
					"cubes": [
						{"origin": [-5.75, 0, -6.5], "size": [3, 2, 3], "inflate": 0.01, "uv": [64, 14]}
					]
				},
				{
					"name": "leg_front_left",
					"parent": "body",
					"pivot": [4.25, 13.25, -5],
					"cubes": [
						{"origin": [2.25, 7.25, -7], "size": [4, 8, 4], "uv": [52, 45]}
					]
				},
				{
					"name": "leg_front_left2",
					"parent": "leg_front_left",
					"pivot": [4.25, 7.25, -6.25],
					"cubes": [
						{"origin": [2.75, 1.5, -6.25], "size": [3, 6, 3], "uv": [104, 17]}
					]
				},
				{
					"name": "leg_front_left3",
					"parent": "leg_front_left2",
					"pivot": [4.25, 2, -4.75],
					"cubes": [
						{"origin": [2.75, 0, -6.5], "size": [3, 2, 3], "inflate": 0.01, "uv": [64, 26]}
					]
				},
				{
					"name": "leg_back_right",
					"parent": "body",
					"pivot": [-4, 13.75, 7.25],
					"rotation": [5, 0, 0],
					"cubes": [
						{"origin": [-6, 6.75, 4.25], "size": [4, 9, 6], "inflate": 0.02, "uv": [32, 45]}
					]
				},
				{
					"name": "leg_back_right2",
					"parent": "leg_back_right",
					"pivot": [-4, 6.75, 9.75],
					"rotation": [-7.5, 0, 0],
					"cubes": [
						{"origin": [-5.5, 1, 7.75], "size": [3, 6, 3], "uv": [0, 0]}
					]
				},
				{
					"name": "leg_back_right3",
					"parent": "leg_back_right2",
					"pivot": [-4, 1.5, 9.25],
					"rotation": [2.5, 0, 0],
					"cubes": [
						{"origin": [-5.5, -0.25, 7.5], "size": [3, 2, 3], "inflate": 0.01, "uv": [116, 21]}
					]
				},
				{
					"name": "leg_back_left",
					"parent": "body",
					"pivot": [4, 13.75, 7.25],
					"rotation": [5, 0, 0],
					"cubes": [
						{"origin": [2, 6.75, 4.25], "size": [4, 9, 6], "uv": [0, 48]}
					]
				},
				{
					"name": "leg_back_left2",
					"parent": "leg_back_left",
					"pivot": [4, 6.75, 9.75],
					"rotation": [-7.5, 0, 0],
					"cubes": [
						{"origin": [2.5, 1, 7.75], "size": [3, 6, 3], "uv": [20, 48]}
					]
				},
				{
					"name": "leg_back_left3",
					"parent": "leg_back_left2",
					"pivot": [4, 1.5, 9.25],
					"rotation": [2.5, 0, 0],
					"cubes": [
						{"origin": [2.5, -0.25, 7.5], "size": [3, 2, 3], "inflate": 0.01, "uv": [80, 0]}
					]
				}
			]
		}
	]
}