{
	"format_version": "1.12.0",
	"minecraft:geometry": [
		{
			"description": {
				"identifier": "geometry.tauros",
				"texture_width": 128,
				"texture_height": 64,
				"visible_bounds_width": 4,
				"visible_bounds_height": 3.5,
				"visible_bounds_offset": [0, 1.25, 0]
			},
			"bones": [
				{
					"name": "tauros",
					"pivot": [0, 0, 0]
				},
				{
					"name": "body",
					"parent": "tauros",
					"pivot": [0, 0, 0]
				},
				{
					"name": "torso",
					"parent": "body",
					"pivot": [0, 14.45, 7.25],
					"cubes": [
						{"origin": [-4.5, 9.75, 1], "size": [9, 10, 10], "uv": [75, 39]},
						{"origin": [-5.5, 9, -11], "size": [11, 13, 13], "uv": [0, 0]},
						{"origin": [-6.5, 8.5, -11.5], "size": [13, 14, 6], "pivot": [0, 16, -9], "rotation": [-2.5, 0, 0], "uv": [0, 27]}
					]
				},
				{
					"name": "head",
					"parent": "torso",
					"pivot": [0, 17.25, -10.5]
				},
				{
					"name": "head_correction",
					"parent": "head",
					"pivot": [0, 17.25, -10.5]
				},
				{
					"name": "head_ai",
					"parent": "head_correction",
					"pivot": [0, 17.25, -10.5]
				},
				{
					"name": "head_angle",
					"parent": "head_ai",
					"pivot": [0, 17.25, -10.5],
					"rotation": [20, 0, 0],
					"cubes": [
						{"origin": [-3, 13.75, -16.5], "size": [6, 6, 7], "uv": [35, 0]},
						{"origin": [-0.5, 19.75, -14.5], "size": [1, 0, 3], "inflate": 0.01, "uv": [77, 10]},
						{"origin": [-2, 14.75, -19.5], "size": [4, 3, 3], "pivot": [0, 17.75, -16.5], "rotation": [5, 0, 0], "uv": [32, 27]}
					]
				},
				{
					"name": "jaw",
					"parent": "head_angle",
					"pivot": [0, 14.85, -16.5],
					"rotation": [5, 0, 0],
					"cubes": [
						{"origin": [-1.5, 13.85, -19.25], "size": [3, 1, 3], "uv": [0, 9]}
					]
				},
				{
					"name": "horn_left",
					"parent": "head_angle",
					"pivot": [2.65, 17.95, -12.75],
					"rotation": [-15, 5, -15],
					"cubes": [
						{"origin": [2.65, 16.95, -13.75], "size": [3, 2, 2], "inflate": 0.1, "uv": [80, 5]},
						{"origin": [5.75, 19.05, -11.65], "size": [-3.2, -2.2, -2.2], "inflate": -0.1, "uv": [120, 43]}
					]
				},
				{
					"name": "horn_left2",
					"parent": "horn_left",
					"pivot": [5.65, 16.95, -12.75],
					"rotation": [0, 0, -45],
					"cubes": [
						{"origin": [5.65, 16.95, -13.75], "size": [3, 2, 2], "inflate": 0.01, "uv": [64, 45]},
						{"origin": [8.75, 19.05, -11.65], "size": [-3.2, -2.2, -2.2], "uv": [120, 43]}
					]
				},
				{
					"name": "horn_left3",
					"parent": "horn_left2",
					"pivot": [8.65, 16.95, -12.75],
					"rotation": [0, 0, -60],
					"cubes": [
						{"origin": [8.65, 16.95, -13.25], "size": [3, 1, 1], "uv": [69, 2]},
						{"origin": [11.75, 18.05, -12.15], "size": [-3.2, -1.2, -1.2], "uv": [121, 41]}
					]
				},
				{
					"name": "eye_right",
					"parent": "head_angle",
					"pivot": [-2.51, 17.75, -15.51],
					"cubes": [
						{"origin": [-3.01, 16.75, -16.51], "size": [1, 2, 2], "uv": [81, 15], "mirror": true}
					]
				},
				{
					"name": "eyelid_right",
					"parent": "eye_right",
					"pivot": [-2.41, 17.75, -14.91],
					"cubes": [
						{"origin": [-2.91, 16.75, -16.41], "size": [1, 2, 3], "inflate": 0.01, "uv": [80, 19], "mirror": true}
					]
				},
				{
					"name": "eye_left",
					"parent": "head_angle",
					"pivot": [2.51, 17.75, -15.51],
					"cubes": [
						{"origin": [2.01, 16.75, -16.51], "size": [1, 2, 2], "uv": [81, 15]}
					]
				},
				{
					"name": "eyelid_left",
					"parent": "eye_left",
					"pivot": [2.41, 17.75, -14.91],
					"cubes": [
						{"origin": [1.91, 16.75, -16.41], "size": [1, 2, 3], "inflate": 0.01, "uv": [80, 19]}
					]
				},
				{
					"name": "horn_right",
					"parent": "head_angle",
					"pivot": [-2.65, 17.95, -12.75],
					"rotation": [-15, -5, 15],
					"cubes": [
						{"origin": [-5.65, 16.95, -13.75], "size": [3, 2, 2], "inflate": 0.1, "uv": [80, 5], "mirror": true},
						{"origin": [-2.55, 19.05, -11.65], "size": [-3.2, -2.2, -2.2], "inflate": -0.1, "uv": [120, 43], "mirror": true}
					]
				},
				{
					"name": "horn_right2",
					"parent": "horn_right",
					"pivot": [-5.65, 16.95, -12.75],
					"rotation": [0, 0, 45],
					"cubes": [
						{"origin": [-8.65, 16.95, -13.75], "size": [3, 2, 2], "inflate": 0.01, "uv": [64, 45], "mirror": true},
						{"origin": [-5.55, 19.05, -11.65], "size": [-3.2, -2.2, -2.2], "uv": [120, 43], "mirror": true}
					]
				},
				{
					"name": "horn_right3",
					"parent": "horn_right2",
					"pivot": [-8.65, 16.95, -12.75],
					"rotation": [0, 0, 60],
					"cubes": [
						{"origin": [-11.65, 16.95, -13.25], "size": [3, 1, 1], "uv": [69, 2], "mirror": true},
						{"origin": [-8.55, 18.05, -12.15], "size": [-3.2, -1.2, -1.2], "uv": [121, 41], "mirror": true}
					]
				},
				{
					"name": "mane_top",
					"parent": "torso",
					"pivot": [0, 23.3, -5.5],
					"rotation": [-75, 0, 0]
				},
				{
					"name": "mane_bottom",
					"parent": "torso",
					"pivot": [0, 8.5, -8.75],
					"rotation": [20, 0, 0],
					"cubes": [
						{"origin": [-3.5, 4.5, -8.75], "size": [7, 4, 0], "uv": [61, 57]},
						{"origin": [-3.5, 4.6, -8.75], "size": [7, 4, 0], "pivot": [0, 16, -9.25], "rotation": [140, 0, 0], "uv": [61, 57]},
						{"origin": [-3.5, 3.6, -8.95], "size": [7, 4, 0], "pivot": [0, 16, -9.25], "rotation": [140, 0, 0], "uv": [61, 57]},
						{"origin": [-6.5, 4.9, -9.15], "size": [7, 4, 0], "pivot": [0, 16, -9.25], "rotation": [140, 0, 0], "uv": [61, 57]},
						{"origin": [-0.5, 4.9, -9.15], "size": [7, 4, 0], "pivot": [0, 16, -9.25], "rotation": [140, 0, 0], "uv": [61, 57]}
					]
				},
				{
					"name": "tail",
					"parent": "torso",
					"pivot": [-0.3, 18.5, 11],
					"cubes": [
						{"origin": [-0.8, 17, 10], "size": [2, 2, 5], "inflate": 0.01, "uv": [89, 44]}
					]
				},
				{
					"name": "tail2",
					"parent": "tail",
					"pivot": [-0.3, 18.5, 15],
					"cubes": [
						{"origin": [-0.8, 17, 15], "size": [2, 2, 4], "uv": [90, 48]}
					]
				},
				{
					"name": "tail3",
					"parent": "tail2",
					"pivot": [-0.3, 18.5, 19],
					"cubes": [
						{"origin": [-0.8, 17, 19], "size": [2, 2, 4], "inflate": 0.01, "uv": [93, 51]}
					]
				},
				{
					"name": "tail4",
					"parent": "tail3",
					"pivot": [-0.3, 18.3, 22.6],
					"rotation": [21.8707, -15.84003, -6.25262],
					"cubes": [
						{"origin": [-0.8, 17.8, 22.6], "size": [1, 1, 5], "uv": [37, 13]}
					]
				},
				{
					"name": "tail5",
					"parent": "tail4",
					"pivot": [-0.3, 18.3, 26.6],
					"cubes": [
						{"origin": [-1.3, 17.3, 26.6], "size": [2, 2, 3], "uv": [67, 7]}
					]
				},
				{
					"name": "tail6",
					"parent": "tail5",
					"pivot": [-0.3, 17.3, 29.6],
					"rotation": [15, 0, 0],
					"cubes": [
						{"origin": [-0.3, 17.3, 29.6], "size": [0, 2, 3], "uv": [0, 28]}
					]
				},
				{
					"name": "tail7",
					"parent": "tail3",
					"pivot": [0, 17.7, 22.7],
					"rotation": [-13.14521, 2.67656, -8.71064],
					"cubes": [
						{"origin": [-0.5, 17.2, 22.7], "size": [1, 1, 5], "uv": [36, 13]}
					]
				},
				{
					"name": "tail8",
					"parent": "tail7",
					"pivot": [0, 17.7, 26.7],
					"cubes": [
						{"origin": [-0.8752, 16.72737, 26.4982], "size": [2, 2, 3], "uv": [67, 7]}
					]
				},
				{
					"name": "tail9",
					"parent": "tail8",
					"pivot": [0, 16.7, 29.7],
					"rotation": [15, 0, 0],
					"cubes": [
						{"origin": [0, 16.7, 29.4], "size": [0, 2, 3], "uv": [0, 28]}
					]
				},
				{
					"name": "tail10",
					"parent": "tail3",
					"pivot": [-0.5, 17.6, 22.9],
					"rotation": [-38.59978, 34.58595, -26.07778],
					"cubes": [
						{"origin": [0.0248, 17.82737, 22.6982], "size": [1, 1, 5], "uv": [35, 15]}
					]
				},
				{
					"name": "tail11",
					"parent": "tail10",
					"pivot": [-0.5, 17.6, 26.9],
					"cubes": [
						{"origin": [-0.4752, 17.32737, 26.6982], "size": [2, 2, 3], "uv": [67, 7]}
					]
				},
				{
					"name": "tail12",
					"parent": "tail11",
					"pivot": [-0.5, 16.6, 29.9],
					"rotation": [15, 0, 0],
					"cubes": [
						{"origin": [0.5248, 17.35481, 29.89333], "size": [0, 2, 3], "uv": [0, 28]}
					]
				},
				{
					"name": "leg_front_right",
					"parent": "body",
					"pivot": [-4.25, 13.25, -5],
					"cubes": [
						{"origin": [-6.25, 7.25, -7], "size": [4, 8, 4], "uv": [48, 13]}
					]
				},
				{
					"name": "leg_front_right2",
					"parent": "leg_front_right",
					"pivot": [-4.25, 7.25, -6.25],
					"cubes": [
						{"origin": [-5.75, 1.5, -6.25], "size": [3, 6, 3], "uv": [38, 33]}
					]
				},
				{
					"name": "leg_front_right3",
					"parent": "leg_front_right2",
					"pivot": [-4.25, 2, -4.75],
					"cubes": [
						{"origin": [-5.75, 0, -6.5], "size": [3, 2, 3], "inflate": 0.01, "uv": [64, 14]}
					]
				},
				{
					"name": "leg_front_left",
					"parent": "body",
					"pivot": [4.25, 13.25, -5],
					"cubes": [
						{"origin": [2.25, 7.25, -7], "size": [4, 8, 4], "uv": [52, 45]}
					]
				},
				{
					"name": "leg_front_left2",
					"parent": "leg_front_left",
					"pivot": [4.25, 7.25, -6.25],
					"cubes": [
						{"origin": [2.75, 1.5, -6.25], "size": [3, 6, 3], "uv": [104, 17]}
					]
				},
				{
					"name": "leg_front_left3",
					"parent": "leg_front_left2",
					"pivot": [4.25, 2, -4.75],
					"cubes": [
						{"origin": [2.75, 0, -6.5], "size": [3, 2, 3], "inflate": 0.01, "uv": [64, 26]}
					]
				},
				{
					"name": "leg_back_right",
					"parent": "body",
					"pivot": [-4, 13.75, 7.25],
					"rotation": [5, 0, 0],
					"cubes": [
						{"origin": [-6, 6.75, 4.25], "size": [4, 9, 6], "inflate": 0.02, "uv": [32, 45]}
					]
				},
				{
					"name": "leg_back_right2",
					"parent": "leg_back_right",
					"pivot": [-4, 6.75, 9.75],
					"rotation": [-7.5, 0, 0],
					"cubes": [
						{"origin": [-5.5, 1, 7.75], "size": [3, 6, 3], "uv": [0, 0]}
					]
				},
				{
					"name": "leg_back_right3",
					"parent": "leg_back_right2",
					"pivot": [-4, 1.5, 9.25],
					"rotation": [2.5, 0, 0],
					"cubes": [
						{"origin": [-5.5, -0.25, 7.5], "size": [3, 2, 3], "inflate": 0.01, "uv": [116, 21]}
					]
				},
				{
					"name": "leg_back_left",
					"parent": "body",
					"pivot": [4, 13.75, 7.25],
					"rotation": [5, 0, 0],
					"cubes": [
						{"origin": [2, 6.75, 4.25], "size": [4, 9, 6], "uv": [0, 48]}
					]
				},
				{
					"name": "leg_back_left2",
					"parent": "leg_back_left",
					"pivot": [4, 6.75, 9.75],
					"rotation": [-7.5, 0, 0],
					"cubes": [
						{"origin": [2.5, 1, 7.75], "size": [3, 6, 3], "uv": [20, 48]}
					]
				},
				{
					"name": "leg_back_left3",
					"parent": "leg_back_left2",
					"pivot": [4, 1.5, 9.25],
					"rotation": [2.5, 0, 0],
					"cubes": [
						{"origin": [2.5, -0.25, 7.5], "size": [3, 2, 3], "inflate": 0.01, "uv": [80, 0]}
					]
				}
			]
		}
	]
}