{
	"format_version": "1.12.0",
	"minecraft:geometry": [
		{
			"description": {
				"identifier": "geometry.unown",
				"texture_width": 16,
				"texture_height": 16,
				"visible_bounds_width": 2,
				"visible_bounds_height": 2.5,
				"visible_bounds_offset": [0, 0.75, 0]
			},
			"bones": [
				{
					"name": "unown",
					"pivot": [0, 0, 0]
				},
				{
					"name": "bone",
					"parent": "unown",
					"pivot": [0, 3, 0],
					"cubes": [
						{"origin": [2.5, 7.6, -0.9], "size": [3, 1, 1], "uv": [0, 8]},
						{"origin": [2.5, 5.6, -0.9], "size": [2, 1, 1], "uv": [8, 5]},
						{"origin": [4.5, 6.6, -0.9], "size": [1, 1, 1], "uv": [13, 1]},
						{"origin": [0.5, 3.6, -0.9], "size": [2, 1, 1], "uv": [8, 0]},
						{"origin": [-0.5, 1.6, -0.9], "size": [1, 4, 1], "uv": [8, 6]},
						{"origin": [-1.5, 0.6, -0.9], "size": [1, 2, 1], "inflate": 0.011, "pivot": [-1, 1.6, -0.4], "rotation": [0, 0, 52.5], "uv": [10, 13]},
						{"origin": [0.5, 0.6, -0.9], "size": [1, 2, 1], "inflate": 0.01, "pivot": [1, 1.6, -0.4], "rotation": [0, 0, -55], "uv": [3, 13]}
					]
				},
				{
					"name": "body",
					"parent": "unown",
					"pivot": [0, 0, 0],
					"cubes": [
						{"origin": [-1.5, 6.6, -0.1], "size": [3, 3, 1], "uv": [0, 0]},
						{"origin": [1.5, 6.6, -0.9], "size": [1, 3, 1], "uv": [11, 9]},
						{"origin": [-2.5, 6.6, -0.9], "size": [1, 3, 1], "uv": [0, 10]},
						{"origin": [-1.5, 5.6, -0.9], "size": [3, 1, 1], "uv": [7, 7]},
						{"origin": [-1.5, 9.6, -0.9], "size": [3, 1, 1], "uv": [7, 3]}
					]
				},
				{
					"name": "eye",
					"parent": "unown",
					"pivot": [0, 0, 0.1],
					"cubes": [
						{"origin": [-1.5, 6.6, -0.9], "size": [3, 3, 1], "uv": [0, 0]}
					]
				}
			]
		}
	]
}