{
	"format_version": "1.12.0",
	"minecraft:geometry": [
		{
			"description": {
				"identifier": "geometry.cafe_litten",
				"texture_width": 64,
				"texture_height": 128,
				"visible_bounds_width": 4,
				"visible_bounds_height": 3.5,
				"visible_bounds_offset": [0, 1.25, 0]
			},
			"bones": [
				{
					"name": "litten",
					"pivot": [0, 0, 0]
				},
				{
					"name": "body",
					"parent": "litten",
					"pivot": [0, 8.5, 0]
				},
				{
					"name": "torso",
					"parent": "body",
					"pivot": [0, 7.6, 4.15],
					"cubes": [
						{"origin": [-2.5, 6.25, 0], "size": [5, 4, 5], "inflate": 0.01, "uv": [1, 19]}
					]
				},
				{
					"name": "cape",
					"parent": "torso",
					"pivot": [0, 0, 0],
					"cubes": [
						{"origin": [3, 4, -6], "size": [0, 6, 10], "pivot": [2, 8, -7], "rotation": [0, 10, -30], "uv": [44, 86]},
						{"origin": [-3, 4, -6], "size": [0, 6, 10], "pivot": [-2, 8, -7], "rotation": [0, -10, 30], "uv": [44, 86], "mirror": true},
						{"origin": [0, 7, -6], "size": [3, 4, 0], "pivot": [2, 9, -7], "rotation": [-20.04608, -1.08089, -115.11794], "uv": [58, 79]},
						{"origin": [-3, 7, -6], "size": [3, 4, 0], "pivot": [-2, 9, -7], "rotation": [-20.04608, 1.08089, 115.11794], "uv": [58, 79], "mirror": true},
						{"origin": [-1, 7, -6], "size": [2, 2, 0], "uv": [51, 81]},
						{"origin": [-3, 11, -1], "size": [6, 0, 6], "pivot": [0, 10, 1], "rotation": [12.5, 0, 0], "uv": [46, 87]}
					]
				},
				{
					"name": "chest",
					"parent": "torso",
					"pivot": [0, 10.25, 0],
					"cubes": [
						{"origin": [-2.5, 6.25, -5], "size": [5, 4, 5], "uv": [24, 18]}
					]
				},
				{
					"name": "neck",
					"parent": "chest",
					"pivot": [0, 7.5, -2.25],
					"cubes": [
						{"origin": [-2, 7.5, -4.25], "size": [4, 4, 4], "uv": [20, 28]}
					]
				},
				{
					"name": "head",
					"parent": "neck",
					"pivot": [0, 10.5, -3.25]
				},
				{
					"name": "head_correction",
					"parent": "head",
					"pivot": [0, 10.5, -3.25]
				},
				{
					"name": "head_ai",
					"parent": "head_correction",
					"pivot": [0, 10.5, -3.25]
				},
				{
					"name": "head_angle",
					"parent": "head_ai",
					"pivot": [0, 10.5, -3.25],
					"cubes": [
						{"origin": [-5, 10.5, -8.25], "size": [10, 8, 8], "inflate": 0.01, "uv": [0, 1]},
						{"origin": [-0.5, 13.5, -8.25], "size": [1, 5, 1], "inflate": 0.02, "uv": [60, 40]}
					]
				},
				{
					"name": "hat",
					"parent": "head_angle",
					"pivot": [4, -2, -2],
					"rotation": [0, -17.5, -22.5],
					"cubes": [
						{"origin": [4.5, 28, 0], "size": [0, 6, 2], "pivot": [4, 29, 1], "rotation": [-122.5, 0, 0], "uv": [14, 107]},
						{"origin": [3.5, 26, -4], "size": [2, 6, 3], "pivot": [4, 27, -3], "rotation": [-60, 0, 0], "uv": [21, 108]},
						{"origin": [3, 23, -7], "size": [3, 4, 5], "pivot": [4, 23, -4], "rotation": [-17.5, 0, 0], "uv": [31, 114]},
						{"origin": [2, 21, -8], "size": [5, 3, 6], "pivot": [4, 21, -6], "rotation": [-10, 0, 0], "uv": [43, 119]},
						{"origin": [1, 19, -9], "size": [7, 3, 8], "uv": [0, 91]}
					]
				},
				{
					"name": "mouth",
					"parent": "head_angle",
					"pivot": [0, 10.5, -4.25]
				},
				{
					"name": "mouth_open",
					"parent": "mouth",
					"pivot": [0, 10.6, -4.15],
					"cubes": [
						{"origin": [-1, 10.6, -8.15], "size": [2, 1, 1], "inflate": 0.02, "uv": [6, 17]}
					]
				},
				{
					"name": "mouth_closed",
					"parent": "mouth",
					"pivot": [0, 11, -7.75],
					"cubes": [
						{"origin": [-0.5, 10.5, -8.25], "size": [1, 1, 1], "inflate": 0.02, "uv": [12, 17]}
					]
				},
				{
					"name": "eyebrow_right_normal",
					"parent": "head_angle",
					"pivot": [-3, 15, -7.25],
					"cubes": [
						{"origin": [-5, 14.5, -8.25], "size": [4, 1, 2], "inflate": 0.06, "uv": [52, 7], "mirror": true}
					]
				},
				{
					"name": "eyebrow_left_normal",
					"parent": "head_angle",
					"pivot": [3, 15, -7.25],
					"cubes": [
						{"origin": [1, 14.5, -8.25], "size": [4, 1, 2], "inflate": 0.06, "uv": [52, 10]}
					]
				},
				{
					"name": "eyes",
					"parent": "head_angle",
					"pivot": [0.5, -3.75, -2]
				},
				{
					"name": "eye_right_normal",
					"parent": "eyes",
					"pivot": [-3, 13.25, -7.25],
					"cubes": [
						{"origin": [-5, 11.25, -8.25], "size": [4, 4, 2], "inflate": 0.02, "uv": [1, 56], "mirror": true}
					]
				},
				{
					"name": "pupil_right_normal",
					"parent": "eye_right_normal",
					"pivot": [-2.15, 13.45, -8.25],
					"cubes": [
						{"origin": [-2.65, 12.45, -8.25], "size": [1, 2, 0], "inflate": 0.03, "uv": [12, 45], "mirror": true}
					]
				},
				{
					"name": "eye_left_normal",
					"parent": "eyes",
					"pivot": [3, 13.25, -7.25],
					"cubes": [
						{"origin": [1, 11.25, -8.25], "size": [4, 4, 2], "inflate": 0.02, "uv": [13, 49]}
					]
				},
				{
					"name": "pupil_left_normal",
					"parent": "eye_left_normal",
					"pivot": [2.15, 13.45, -8.25],
					"cubes": [
						{"origin": [1.65, 12.45, -8.25], "size": [1, 2, 0], "inflate": 0.03, "uv": [10, 45]}
					]
				},
				{
					"name": "eyelid_right_normal",
					"parent": "eyes",
					"pivot": [-2.9, 13.25, -7.15],
					"cubes": [
						{"origin": [-4.9, 11.25, -8.15], "size": [4, 4, 2], "inflate": 0.05, "uv": [52, 19], "mirror": true}
					]
				},
				{
					"name": "eyelid_left_normal",
					"parent": "eyes",
					"pivot": [2.9, 13.25, -7.15],
					"cubes": [
						{"origin": [0.9, 11.25, -8.15], "size": [4, 4, 2], "inflate": 0.05, "uv": [52, 13]}
					]
				},
				{
					"name": "eyelid_right_happy",
					"parent": "eyes",
					"pivot": [-2.9, 13.25, -7.15],
					"cubes": [
						{"origin": [-4.9, 11.25, -8.15], "size": [4, 4, 2], "inflate": 0.05, "uv": [52, 25], "mirror": true}
					]
				},
				{
					"name": "eyelid_left_happy",
					"parent": "eyes",
					"pivot": [2.9, 13.25, -7.15],
					"cubes": [
						{"origin": [0.9, 11.25, -8.15], "size": [4, 4, 2], "inflate": 0.05, "uv": [52, 31]}
					]
				},
				{
					"name": "muzzle",
					"parent": "head_angle",
					"pivot": [0, 12.4, -8.25],
					"rotation": [5, 0, 0],
					"cubes": [
						{"origin": [-1.5, 10.65, -8.75], "size": [3, 2, 1], "uv": [40, 13]},
						{"origin": [-0.5, 11.55, -8.75], "size": [1, 1, 0], "inflate": 0.01, "uv": [37, 8]}
					]
				},
				{
					"name": "whisker_right",
					"parent": "head_angle",
					"pivot": [-4.75, 11.4, -6.6],
					"rotation": [0, 0, -20],
					"cubes": [
						{"origin": [-10.75, 9.4, -6.6], "size": [7, 4, 0], "uv": [0, 29]}
					]
				},
				{
					"name": "whisker_left",
					"parent": "head_angle",
					"pivot": [4.75, 11.4, -6.6],
					"rotation": [0, 0, 20],
					"cubes": [
						{"origin": [3.75, 9.4, -6.6], "size": [7, 4, 0], "uv": [31, 3]}
					]
				},
				{
					"name": "head_ruff",
					"parent": "head_angle",
					"pivot": [0, 18.5, -5.75]
				},
				{
					"name": "head_ruff_right",
					"parent": "head_ruff",
					"pivot": [-0.75, 18, -5.75],
					"rotation": [0, 0, -17.5],
					"cubes": [
						{"origin": [-1.75, 18, -5.75], "size": [2, 3, 0], "uv": [42, 36]}
					]
				},
				{
					"name": "head_ruff_left",
					"parent": "head_ruff",
					"pivot": [0.75, 18, -5.75],
					"rotation": [0, 0, 17.5],
					"cubes": [
						{"origin": [-0.25, 18, -5.75], "size": [2, 3, 0], "uv": [24, 43]}
					]
				},
				{
					"name": "ear_right1",
					"parent": "head_angle",
					"pivot": [-3.65, 18.5, -6],
					"cubes": [
						{"origin": [-5.65, 17.5, -6], "size": [4, 3, 0], "inflate": 0.01, "uv": [0, 0]}
					]
				},
				{
					"name": "ear_right2",
					"parent": "ear_right1",
					"pivot": [-2.65, 20.5, -6],
					"cubes": [
						{"origin": [-5.65, 20.5, -6], "size": [4, 3, 0], "uv": [41, 0]}
					]
				},
				{
					"name": "ear_left1",
					"parent": "head_angle",
					"pivot": [3.65, 18.5, -6],
					"cubes": [
						{"origin": [1.65, 17.5, -6], "size": [4, 3, 0], "inflate": 0.01, "uv": [8, 41]}
					]
				},
				{
					"name": "ear_left2",
					"parent": "ear_left1",
					"pivot": [2.65, 20.5, -6],
					"cubes": [
						{"origin": [1.65, 20.5, -6], "size": [4, 3, 0], "uv": [41, 20]}
					]
				},
				{
					"name": "fur_spike_back1",
					"parent": "torso",
					"pivot": [0, 6.25, 0.75],
					"cubes": [
						{"origin": [0, 6.25, -1.25], "size": [0, 3, 4], "inflate": 0.01, "uv": [0, 0]}
					]
				},
				{
					"name": "fur_spike_back2",
					"parent": "fur_spike_back1",
					"pivot": [0, 6.25, 0.75],
					"cubes": [
						{"origin": [0, 6.25, -1.25], "size": [0, 3, 4], "uv": [14, 25]}
					]
				},
				{
					"name": "tail1",
					"parent": "torso",
					"pivot": [0, 9.75, 5],
					"cubes": [
						{"origin": [0, 8.75, 4], "size": [0, 2, 3], "inflate": 0.01, "uv": [32, 25]}
					]
				},
				{
					"name": "tail2",
					"parent": "tail1",
					"pivot": [0, 10.25, 7],
					"cubes": [
						{"origin": [0, 8.75, 7], "size": [0, 2, 3], "uv": [31, 4]}
					]
				},
				{
					"name": "tail3",
					"parent": "tail2",
					"pivot": [0, 9.25, 10],
					"cubes": [
						{"origin": [0, 8.75, 10], "size": [0, 2, 3], "uv": [7, 30]}
					]
				},
				{
					"name": "tail4",
					"parent": "tail3",
					"pivot": [0, 9.5, 13],
					"cubes": [
						{"origin": [0, 8.75, 13], "size": [0, 2, 3], "uv": [18, 18]}
					]
				},
				{
					"name": "tail5",
					"parent": "tail4",
					"pivot": [0, 9.25, 16],
					"cubes": [
						{"origin": [0, 8.75, 16], "size": [0, 2, 3], "uv": [0, 4]}
					]
				},
				{
					"name": "tail_end",
					"parent": "tail5",
					"pivot": [0, 9.75, 18.75]
				},
				{
					"name": "tail_end_right",
					"parent": "tail_end",
					"pivot": [0, 9.75, 18.75],
					"rotation": [0, -45, 0],
					"cubes": [
						{"origin": [0, 7.25, 18.75], "size": [0, 5, 3], "uv": [20, 34]}
					]
				},
				{
					"name": "tail_end_top",
					"parent": "tail_end",
					"pivot": [0, 9.75, 18.75],
					"rotation": [40, 0, 0],
					"cubes": [
						{"origin": [-2.5, 9.75, 18.75], "size": [5, 0, 3], "uv": [28, 0]}
					]
				},
				{
					"name": "tail_end_left",
					"parent": "tail_end",
					"pivot": [0, 9.75, 18.75],
					"rotation": [0, 45, 0],
					"cubes": [
						{"origin": [0, 7.25, 18.75], "size": [0, 5, 3], "uv": [0, 15]}
					]
				},
				{
					"name": "tail_end_bottom",
					"parent": "tail_end",
					"pivot": [0, 9.75, 18.75],
					"rotation": [-40, 0, 0],
					"cubes": [
						{"origin": [-2.5, 9.75, 18.75], "size": [5, 0, 3], "uv": [15, 18]}
					]
				},
				{
					"name": "leg_front_right1",
					"parent": "body",
					"pivot": [-2.1, 8.15, -3.65],
					"cubes": [
						{"origin": [-3.1, 5.15, -4.65], "size": [2, 4, 2], "inflate": 0.01, "uv": [40, 7]}
					]
				},
				{
					"name": "leg_front_right2",
					"parent": "leg_front_right1",
					"pivot": [-2.1, 5.15, -2.65],
					"cubes": [
						{"origin": [-3.1, 1.15, -4.65], "size": [2, 4, 2], "uv": [26, 37]}
					]
				},
				{
					"name": "leg_front_right3",
					"parent": "leg_front_right2",
					"pivot": [-2.1, 1.15, -3.65],
					"cubes": [
						{"origin": [-3.1, -0.1, -4.9], "size": [2, 2, 2], "inflate": 0.01, "uv": [16, 42]},
						{"origin": [-2.6, -0.1, -4.4], "size": [1, 0, 1], "inflate": 0.02, "uv": [55, 1], "mirror": true}
					]
				},
				{
					"name": "leg_front_claws_right",
					"parent": "leg_front_right3",
					"pivot": [-2.1, 0.9, -3.65],
					"cubes": [
						{"origin": [-2.75, -0.1, -4.65], "size": [0, 1, 1], "uv": [18, 22]},
						{"origin": [-1.45, -0.1, -4.65], "size": [0, 1, 1], "uv": [4, 22]}
					]
				},
				{
					"name": "leg_front_left1",
					"parent": "body",
					"pivot": [2.1, 8.15, -3.65],
					"cubes": [
						{"origin": [1.1, 5.15, -4.65], "size": [2, 4, 2], "inflate": 0.01, "uv": [0, 41]}
					]
				},
				{
					"name": "leg_front_left2",
					"parent": "leg_front_left1",
					"pivot": [2.1, 5.15, -2.65],
					"cubes": [
						{"origin": [1.1, 1.15, -4.65], "size": [2, 4, 2], "uv": [40, 39]}
					]
				},
				{
					"name": "leg_front_left3",
					"parent": "leg_front_left2",
					"pivot": [2.1, 1.15, -3.65],
					"cubes": [
						{"origin": [1.6, -0.1, -4.4], "size": [1, 0, 1], "inflate": 0.02, "uv": [55, 0]},
						{"origin": [1.1, -0.1, -4.9], "size": [2, 2, 2], "inflate": 0.01, "uv": [42, 32]}
					]
				},
				{
					"name": "leg_front_claws_left",
					"parent": "leg_front_left3",
					"pivot": [2.1, 0.9, -3.65],
					"cubes": [
						{"origin": [2.75, -0.1, -4.65], "size": [0, 1, 1], "uv": [22, 22]},
						{"origin": [1.45, -0.1, -4.65], "size": [0, 1, 1], "uv": [20, 22]}
					]
				},
				{
					"name": "leg_back_right1",
					"parent": "body",
					"pivot": [-2.25, 8.1, 3.15],
					"cubes": [
						{"origin": [-3.25, 4.6, 1.65], "size": [2, 5, 3], "inflate": 0.01, "uv": [0, 33]}
					]
				},
				{
					"name": "leg_back_right2",
					"parent": "leg_back_right1",
					"pivot": [-2.25, 4.6, 4.15],
					"cubes": [
						{"origin": [-3.25, 0.85, 2.9], "size": [2, 4, 2], "uv": [34, 35]}
					]
				},
				{
					"name": "leg_back_right3",
					"parent": "leg_back_right2",
					"pivot": [-2.25, 1.35, 3.9],
					"cubes": [
						{"origin": [-3.25, -0.15, 2.65], "size": [2, 2, 2], "inflate": 0.01, "uv": [41, 16]},
						{"origin": [-2.75, -0.15, 3.15], "size": [1, 0, 1], "inflate": 0.02, "uv": [61, 1], "mirror": true}
					]
				},
				{
					"name": "leg_back_claws_right",
					"parent": "leg_back_right3",
					"pivot": [-2.2, 0.9, 3.85],
					"cubes": [
						{"origin": [-2.85, -0.1, 2.85], "size": [0, 1, 1], "uv": [6, 7]},
						{"origin": [-1.55, -0.1, 2.85], "size": [0, 1, 1], "uv": [6, 6]}
					]
				},
				{
					"name": "leg_back_left1",
					"parent": "body",
					"pivot": [2.25, 8.1, 3.15],
					"cubes": [
						{"origin": [1.25, 4.6, 1.65], "size": [2, 5, 3], "inflate": 0.01, "uv": [10, 33]}
					]
				},
				{
					"name": "leg_back_left2",
					"parent": "leg_back_left1",
					"pivot": [2.25, 4.6, 4.15],
					"cubes": [
						{"origin": [1.25, 0.85, 2.9], "size": [2, 4, 2], "uv": [36, 28]}
					]
				},
				{
					"name": "leg_back_left3",
					"parent": "leg_back_left2",
					"pivot": [2.25, 1.35, 3.9],
					"cubes": [
						{"origin": [1.25, -0.15, 2.65], "size": [2, 2, 2], "inflate": 0.01, "uv": [32, 41]},
						{"origin": [1.75, -0.15, 3.15], "size": [1, 0, 1], "inflate": 0.02, "uv": [61, 0]}
					]
				},
				{
					"name": "leg_back_claws_left",
					"parent": "leg_back_left3",
					"pivot": [2.2, 0.9, 3.85],
					"cubes": [
						{"origin": [2.85, -0.1, 2.85], "size": [0, 1, 1], "uv": [2, 22]},
						{"origin": [1.55, -0.1, 2.85], "size": [0, 1, 1], "uv": [0, 22]}
					]
				}
			]
		}
	]
}