{
	"format_version": "1.12.0",
	"minecraft:geometry": [
		{
			"description": {
				"identifier": "geometry.graveler_alolan",
				"texture_width": 64,
				"texture_height": 128,
				"visible_bounds_width": 5,
				"visible_bounds_height": 2.5,
				"visible_bounds_offset": [0, 0.75, 0]
			},
			"bones": [
				{
					"name": "graveler",
					"pivot": [0, 0, 0]
				},
				{
					"name": "body",
					"parent": "graveler",
					"pivot": [0, 0, 0]
				},
				{
					"name": "torso",
					"parent": "body",
					"pivot": [0, 4, -1],
					"cubes": [
						{"origin": [-7, 4, -7], "size": [14, 14, 14], "uv": [0, 0]},
						{"origin": [-1, 10.75, -7], "size": [2, 1, 0], "inflate": 0.025, "uv": [10, 8]},
						{"origin": [-1, 10, -7], "size": [2, 1, 0], "inflate": 0.02, "uv": [10, 9]},
						{"origin": [2.6, 17.8, -6.2], "size": [4, 1, 4], "uv": [42, 8]},
						{"origin": [4.5, 16.6, -7.3], "size": [3, 2, 3], "uv": [49, 71]},
						{"origin": [5, 15.9, -7.2], "size": [2.3, 2, 2.6], "uv": [51, 72]},
						{"origin": [5, 9.2, -6.6], "size": [2.3, 2, 2.1], "uv": [51, 72]},
						{"origin": [5, 17, -7.2], "size": [2.3, 2, 2.6], "uv": [51, 72]},
						{"origin": [-5, 12, 7], "size": [4, 4, 1], "uv": [32, 51]},
						{"origin": [0, 5, 6.75], "size": [3, 3, 1], "uv": [6, 45]},
						{"origin": [1, 14, 6.75], "size": [3, 3, 1], "uv": [14, 34]},
						{"origin": [-7.75, 7, 1], "size": [1, 3, 3], "uv": [0, 53]},
						{"origin": [6.5, 13, -5], "size": [1, 2, 2], "uv": [14, 58]},
						{"origin": [-7.5, 5, -4], "size": [1, 2, 2], "uv": [56, 57]},
						{"origin": [7, 5, 1], "size": [1, 4, 4], "uv": [0, 45]},
						{"origin": [4, 9, 6.5], "size": [2, 2, 1], "uv": [5, 53]},
						{"origin": [-6, 7, 6.5], "size": [2, 2, 1], "uv": [17, 28]},
						{"origin": [-6, 17.75, -1], "size": [3, 1, 3], "uv": [10, 49]},
						{"origin": [-2, 17.5, 3], "size": [2, 1, 2], "uv": [31, 36]},
						{"origin": [-5, 3.5, 2], "size": [2, 1, 2], "uv": [56, 23]},
						{"origin": [2, 3.25, 3], "size": [3, 1, 3], "uv": [48, 29]},
						{"origin": [5.4, 9.1, -7], "size": [2, 1, 0.5], "inflate": 0.01, "pivot": [10.4, 2.1, -1], "rotation": [0, 0, -6], "uv": [58, 84]},
						{"origin": [5.3, 10.3, -7], "size": [2.1, 1, 0.5], "inflate": 0.01, "pivot": [10.1, 3.3, -1], "rotation": [0, 0, -6], "uv": [58, 84]},
						{"origin": [-7.4, 10.3, -7], "size": [2.1, 1, 0.5], "inflate": 0.01, "pivot": [-10.1, 3.3, -1], "rotation": [0, 0, 6], "uv": [58, 84], "mirror": true},
						{"origin": [-7.4, 9.1, -7], "size": [2, 1, 0.5], "inflate": 0.01, "pivot": [-10.4, 2.1, -1], "rotation": [0, 0, 6], "uv": [58, 84], "mirror": true},
						{"origin": [-1, 10.75, -7.4], "size": [2, 1, 0], "inflate": 0.031, "uv": [21, 65]}
					]
				},
				{
					"name": "mouth",
					"parent": "torso",
					"pivot": [0, 9, -7],
					"cubes": [
						{"origin": [-5, 8, -7], "size": [10, 1, 0], "inflate": 0.01, "uv": [42, 13]},
						{"origin": [-5, 8.5, -7], "size": [9, 1, 0], "inflate": 0.01, "uv": [37, 28]}
					]
				},
				{
					"name": "mouth_open",
					"parent": "torso",
					"pivot": [0, 9, -6.9],
					"cubes": [
						{"origin": [-5, 7, -6.9], "size": [10, 2, 0], "inflate": 0.01, "uv": [0, 62]},
						{"origin": [-5, 8.5, -6.9], "size": [10, 1, 0], "inflate": 0.02, "uv": [0, 64]}
					]
				},
				{
					"name": "mouth_grin",
					"parent": "torso",
					"pivot": [0, 9, -6.9],
					"cubes": [
						{"origin": [-5, 7, -6.9], "size": [10, 2, 0], "inflate": 0.01, "uv": [0, 68]},
						{"origin": [-5, 8.5, -6.9], "size": [9, 1, 0], "inflate": 0.02, "uv": [0, 70]},
						{"origin": [4.03, 8.97, -6.9], "size": [1, 1, 0], "inflate": 0.02, "uv": [0, 71]}
					]
				},
				{
					"name": "eye_right",
					"parent": "torso",
					"pivot": [-2.29721, 11.38116, -7.05],
					"cubes": [
						{"origin": [-4.5, 10, -7], "size": [4, 2, 0], "inflate": 0.01, "uv": [19, 49]}
					]
				},
				{
					"name": "eyelid_right",
					"parent": "eye_right",
					"pivot": [-2.5, 11, -6.4],
					"cubes": [
						{"origin": [-4.5, 10, -6.9], "size": [3, 2, 1], "inflate": 0.025, "uv": [53, 0]},
						{"origin": [-2, 10, -6.9], "size": [1, 2, 1], "inflate": 0.02, "uv": [60, 5]}
					]
				},
				{
					"name": "eye_left",
					"parent": "torso",
					"pivot": [2.29721, 11.38116, -7.05],
					"cubes": [
						{"origin": [0.5, 10, -7], "size": [4, 2, 0], "inflate": 0.01, "uv": [53, 3]}
					]
				},
				{
					"name": "eyelid_left",
					"parent": "eye_left",
					"pivot": [2.5, 11, -6.4],
					"cubes": [
						{"origin": [1.5, 10, -6.9], "size": [3, 2, 1], "inflate": 0.025, "uv": [10, 65], "mirror": true},
						{"origin": [1, 10, -6.9], "size": [1, 2, 1], "inflate": 0.02, "uv": [18, 65], "mirror": true}
					]
				},
				{
					"name": "arm_right",
					"parent": "torso",
					"pivot": [-7, 13.5, 0],
					"cubes": [
						{"origin": [-13, 10.5, -1.5], "size": [7, 3, 3], "uv": [20, 28]},
						{"origin": [-9.5, 13, -1], "size": [2, 1, 2], "uv": [34, 56]}
					]
				},
				{
					"name": "arm_right2",
					"parent": "arm_right",
					"pivot": [-13, 12, 1],
					"cubes": [
						{"origin": [-19, 10.5, -2], "size": [5, 3, 4], "uv": [36, 36]},
						{"origin": [-14, 10.5, -1.5], "size": [1, 3, 3], "inflate": 0.01, "uv": [55, 5]},
						{"origin": [-15.5, 13, -1], "size": [3, 1, 2], "inflate": 0.01, "uv": [36, 62]},
						{"origin": [-15.3, 14, 0.2], "size": [0.3, 1, 0.4], "inflate": 0.01, "uv": [58, 84], "mirror": true},
						{"origin": [-15.3, 14, -0.9], "size": [0.3, 1, 0.4], "inflate": 0.01, "uv": [58, 84], "mirror": true},
						{"origin": [-13.2, 14, -0.9], "size": [0.3, 1, 0.4], "inflate": 0.01, "uv": [58, 84], "mirror": true},
						{"origin": [-14.2, 14, -0.9], "size": [0.3, 1, 0.4], "inflate": 0.01, "uv": [58, 84], "mirror": true},
						{"origin": [-13.2, 14, 0.2], "size": [0.3, 1, 0.4], "inflate": 0.01, "uv": [58, 84], "mirror": true},
						{"origin": [-14.2, 14, 0.2], "size": [0.3, 1, 0.4], "inflate": 0.01, "uv": [58, 84], "mirror": true},
						{"origin": [-17.1, 10.9, -5.1], "size": [3, 2, 3], "pivot": [-13.1, -7.1, -1.1], "rotation": [-6, 0, 0], "uv": [49, 71], "mirror": true}
					]
				},
				{
					"name": "hand_right",
					"parent": "arm_right2",
					"pivot": [-19, 12, 0.25],
					"cubes": [
						{"origin": [-21.5, 10.5, -2.5], "size": [3, 3, 5], "inflate": 0.01, "uv": [42, 0]}
					]
				},
				{
					"name": "finger_right_middle",
					"parent": "hand_right",
					"pivot": [-21.5, 13.5, 1.25],
					"cubes": [
						{"origin": [-23.5, 12.5, 0.25], "size": [2, 1, 2], "inflate": 0.01, "uv": [54, 61]}
					]
				},
				{
					"name": "finger_right_middle2",
					"parent": "finger_right_middle",
					"pivot": [-23.5, 13.5, 1.25],
					"cubes": [
						{"origin": [-24.5, 12.5, 0.25], "size": [1, 1, 2], "uv": [44, 59]}
					]
				},
				{
					"name": "finger_right_index",
					"parent": "hand_right",
					"pivot": [-21.5, 13.5, -1.25],
					"cubes": [
						{"origin": [-23.5, 12.5, -2.25], "size": [2, 1, 2], "inflate": 0.01, "uv": [55, 43]}
					]
				},
				{
					"name": "finger_right_index2",
					"parent": "finger_right_index",
					"pivot": [-23.5, 13.5, -1.25],
					"cubes": [
						{"origin": [-24.5, 12.5, -2.25], "size": [1, 1, 2], "uv": [50, 59]}
					]
				},
				{
					"name": "thumb_right",
					"parent": "hand_right",
					"pivot": [-21, 11, -2],
					"cubes": [
						{"origin": [-22.5, 10, -2.5], "size": [2, 2, 1], "inflate": 0.02, "uv": [20, 61]}
					]
				},
				{
					"name": "thumb_right2",
					"parent": "thumb_right",
					"pivot": [-22.5, 11, -2.5],
					"cubes": [
						{"origin": [-23.5, 10, -2.5], "size": [1, 2, 1], "inflate": 0.01, "uv": [10, 0]}
					]
				},
				{
					"name": "arm_left",
					"parent": "torso",
					"pivot": [7, 13.5, 0],
					"cubes": [
						{"origin": [6, 10.5, -1.5], "size": [7, 3, 3], "uv": [0, 28]},
						{"origin": [7.5, 13, -1], "size": [2, 1, 2], "uv": [42, 56]},
						{"origin": [9.4, 11.7, -4], "size": [3, 2, 3], "pivot": [8.4, -6.3, 0], "rotation": [-6, 0, 0], "uv": [49, 71]}
					]
				},
				{
					"name": "arm_left2",
					"parent": "arm_left",
					"pivot": [13, 12, 1],
					"cubes": [
						{"origin": [14, 10.5, -2], "size": [5, 3, 4], "uv": [0, 34]},
						{"origin": [13, 10.5, -1.5], "size": [1, 3, 3], "inflate": 0.01, "uv": [8, 53]},
						{"origin": [12.5, 13, -1], "size": [3, 1, 2], "inflate": 0.01, "uv": [24, 62]},
						{"origin": [12.9, 14, -0.9], "size": [0.3, 1, 0.4], "inflate": 0.01, "uv": [58, 84]},
						{"origin": [12.9, 14, 0.2], "size": [0.3, 1, 0.4], "inflate": 0.01, "uv": [58, 84]},
						{"origin": [13.9, 14, 0.2], "size": [0.3, 1, 0.4], "inflate": 0.01, "uv": [58, 84]},
						{"origin": [13.9, 14, -0.9], "size": [0.3, 1, 0.4], "inflate": 0.01, "uv": [58, 84]},
						{"origin": [15, 14, 0.2], "size": [0.3, 1, 0.4], "inflate": 0.01, "uv": [58, 84]},
						{"origin": [15, 14, -0.9], "size": [0.3, 1, 0.4], "inflate": 0.01, "uv": [58, 84]}
					]
				},
				{
					"name": "hand_left",
					"parent": "arm_left2",
					"pivot": [19, 12, 0.25],
					"cubes": [
						{"origin": [18.5, 10.5, -2.5], "size": [3, 3, 5], "inflate": 0.01, "uv": [15, 41]}
					]
				},
				{
					"name": "finger_left_middle",
					"parent": "hand_left",
					"pivot": [21.5, 13.5, 1.25],
					"cubes": [
						{"origin": [21.5, 12.5, 0.25], "size": [2, 1, 2], "inflate": 0.01, "uv": [48, 62]}
					]
				},
				{
					"name": "finger_left_middle2",
					"parent": "finger_left_middle",
					"pivot": [23.5, 13.5, 1.25],
					"cubes": [
						{"origin": [23.5, 12.5, 0.25], "size": [1, 1, 2], "uv": [38, 59]}
					]
				},
				{
					"name": "finger_left_index",
					"parent": "hand_left",
					"pivot": [21.5, 13.5, -1.25],
					"cubes": [
						{"origin": [21.5, 12.5, -2.25], "size": [2, 1, 2], "inflate": 0.01, "uv": [50, 56]}
					]
				},
				{
					"name": "finger_left_index2",
					"parent": "finger_left_index",
					"pivot": [23.5, 13.5, -1.25],
					"cubes": [
						{"origin": [23.5, 12.5, -2.25], "size": [1, 1, 2], "uv": [32, 59]}
					]
				},
				{
					"name": "thumb_left",
					"parent": "hand_left",
					"pivot": [21, 11, -2],
					"cubes": [
						{"origin": [20.5, 10, -2.5], "size": [2, 2, 1], "inflate": 0.02, "uv": [6, 59]}
					]
				},
				{
					"name": "thumb_left2",
					"parent": "thumb_left",
					"pivot": [22.5, 11, -2.5],
					"cubes": [
						{"origin": [22.5, 10, -2.5], "size": [1, 2, 1], "inflate": 0.01, "uv": [0, 0]}
					]
				},
				{
					"name": "arm_bottom_right",
					"parent": "torso",
					"pivot": [-6.25, 7.25, -5.5],
					"rotation": [0, -45, 0],
					"cubes": [
						{"origin": [-9.25, 5.75, -6.5], "size": [4, 3, 2], "uv": [45, 46]}
					]
				},
				{
					"name": "arm_bottom_right2",
					"parent": "arm_bottom_right",
					"pivot": [-9.25, 7.25, -4.5],
					"cubes": [
						{"origin": [-12.25, 5.75, -6.5], "size": [3, 3, 2], "inflate": 0.01, "uv": [52, 51]},
						{"origin": [-11.85, 6.75, -4.1], "size": [1, 1, 1], "inflate": 0.01, "pivot": [1.65, -0.5, -1.35], "rotation": [0, -6, 0], "uv": [54, 73]}
					]
				},
				{
					"name": "hand_bottom_right",
					"parent": "arm_bottom_right2",
					"pivot": [-12.25, 7.25, -4.5],
					"cubes": [
						{"origin": [-14.25, 5.75, -6.5], "size": [2, 3, 2], "uv": [26, 55]}
					]
				},
				{
					"name": "thumb_bottom_right",
					"parent": "hand_bottom_right",
					"pivot": [-13.75, 8.5, -6],
					"cubes": [
						{"origin": [-15.25, 8, -6.5], "size": [2, 1, 1], "inflate": 0.01, "uv": [44, 62]}
					]
				},
				{
					"name": "finger_bottom_right_index",
					"parent": "hand_bottom_right",
					"pivot": [-14.25, 7.5, -4.5],
					"cubes": [
						{"origin": [-16.25, 7, -5.5], "size": [2, 1, 1], "uv": [32, 62]}
					]
				},
				{
					"name": "finger_bottom_right_pinky",
					"parent": "hand_bottom_right",
					"pivot": [-14.25, 6.25, -4.5],
					"cubes": [
						{"origin": [-16.25, 5.75, -5.5], "size": [2, 1, 1], "uv": [25, 60]}
					]
				},
				{
					"name": "arm_bottom_left",
					"parent": "torso",
					"pivot": [6.25, 7.25, -5.5],
					"rotation": [0, 45, 0],
					"cubes": [
						{"origin": [5.25, 5.75, -6.5], "size": [4, 3, 2], "uv": [0, 8]}
					]
				},
				{
					"name": "arm_bottom_left2",
					"parent": "arm_bottom_left",
					"pivot": [9.25, 7.25, -4.5],
					"cubes": [
						{"origin": [9.25, 5.75, -6.5], "size": [3, 3, 2], "inflate": 0.01, "uv": [42, 51]}
					]
				},
				{
					"name": "hand_bottom_left",
					"parent": "arm_bottom_left2",
					"pivot": [12.25, 7.25, -4.5],
					"cubes": [
						{"origin": [12.25, 5.75, -6.5], "size": [2, 3, 2], "uv": [26, 41]}
					]
				},
				{
					"name": "thumb_bottom_left",
					"parent": "hand_bottom_left",
					"pivot": [13.75, 8.5, -6],
					"cubes": [
						{"origin": [13.25, 8, -6.5], "size": [2, 1, 1], "inflate": 0.01, "uv": [58, 11]}
					]
				},
				{
					"name": "finger_bottom_left_index",
					"parent": "hand_bottom_left",
					"pivot": [14.25, 7.5, -4.5],
					"cubes": [
						{"origin": [14.25, 7, -5.5], "size": [2, 1, 1], "uv": [57, 49]}
					]
				},
				{
					"name": "finger_bottom_left_pinky",
					"parent": "hand_bottom_left",
					"pivot": [14.25, 6.25, -4.5],
					"cubes": [
						{"origin": [14.25, 5.75, -5.5], "size": [2, 1, 1], "uv": [13, 53]}
					]
				},
				{
					"name": "crest",
					"parent": "torso",
					"pivot": [0, 11.75, -7],
					"rotation": [8, 0, 0],
					"cubes": [
						{"origin": [-3, 14.75, -7], "size": [6, 2, 1], "inflate": 0.01, "uv": [41, 43]},
						{"origin": [-4.5, 11.75, -7], "size": [9, 3, 1], "inflate": 0.01, "uv": [0, 41]}
					]
				},
				{
					"name": "left_crest",
					"parent": "crest",
					"pivot": [0, 11.75, -7]
				},
				{
					"name": "crest2",
					"parent": "left_crest",
					"pivot": [-4, 11.75, -7],
					"rotation": [0, 0, 55],
					"cubes": [
						{"origin": [-8.75, 14.75, -7], "size": [4, 2, 1], "pivot": [-5.75, 15.75, -6.5], "rotation": [0, -2.5, 0], "uv": [0, 65]}
					]
				},
				{
					"name": "crest3",
					"parent": "left_crest",
					"pivot": [-4, 11.75, -7],
					"rotation": [0, 0, 35],
					"cubes": [
						{"origin": [-7.75, 13.25, -7], "size": [4, 2, 1], "pivot": [-4.75, 14.25, -6.5], "rotation": [0, -4, 0], "uv": [16, 55]}
					]
				},
				{
					"name": "crest4",
					"parent": "left_crest",
					"pivot": [-4.5, 11.75, -7],
					"rotation": [0, 0, 12.5],
					"cubes": [
						{"origin": [-6.5, 11.75, -7], "size": [2, 2, 1], "pivot": [-4.5, 12.75, -6.5], "rotation": [0, -7.5, 0], "uv": [0, 59]}
					]
				},
				{
					"name": "right_crest",
					"parent": "crest",
					"pivot": [0, 11.75, -7]
				},
				{
					"name": "crest5",
					"parent": "right_crest",
					"pivot": [4, 11.75, -7],
					"rotation": [0, 0, -55],
					"cubes": [
						{"origin": [4.75, 14.75, -7], "size": [4, 2, 1], "pivot": [5.75, 15.75, -6.5], "rotation": [0, 2.5, 0], "uv": [54, 40]}
					]
				},
				{
					"name": "crest6",
					"parent": "right_crest",
					"pivot": [4, 11.75, -7],
					"rotation": [0, 0, -35],
					"cubes": [
						{"origin": [3.75, 13.25, -7], "size": [4, 2, 1], "pivot": [4.75, 14.25, -6.5], "rotation": [0, 4, 0], "uv": [53, 33]}
					]
				},
				{
					"name": "crest7",
					"parent": "right_crest",
					"pivot": [4.5, 11.75, -7],
					"rotation": [0, 0, -12.5],
					"cubes": [
						{"origin": [4.5, 11.75, -7], "size": [2, 2, 1], "pivot": [4.5, 12.75, -6.5], "rotation": [0, 7.5, 0], "uv": [20, 58]}
					]
				},
				{
					"name": "eyebrow_left",
					"parent": "torso",
					"pivot": [-1, 10.75, -7],
					"rotation": [0, 0, 22.5],
					"cubes": [
						{"origin": [-5, 10.75, -7.4], "size": [4, 1, 0], "inflate": 0.03, "uv": [21, 65]},
						{"origin": [-6.6, 10.95, -7.4], "size": [3, 1, 0], "inflate": 0.032, "pivot": [-1.6, 0.95, -1], "rotation": [0, 0, 9], "uv": [21, 65]},
						{"origin": [-3.6, 10.75, -7.4], "size": [1, 1, 0], "inflate": 0.032, "pivot": [-0.6, 0.75, -1], "rotation": [0, 0, 9], "uv": [21, 65]}
					]
				},
				{
					"name": "eyebrow_right",
					"parent": "torso",
					"pivot": [1, 10.75, -7],
					"rotation": [0, 0, -22.5],
					"cubes": [
						{"origin": [1, 10.75, -7.4], "size": [4, 1, 0], "inflate": 0.03, "uv": [0, 13]},
						{"origin": [3.6, 11.15, -7.4], "size": [3, 1, 0], "inflate": 0.031, "pivot": [2.6, 1.15, -1], "rotation": [0, 0, -9], "uv": [0, 13]},
						{"origin": [2.3, 10.95, -7.4], "size": [1.3, 1, 0], "inflate": 0.031, "pivot": [1.3, 0.95, -1], "rotation": [0, 0, -9], "uv": [0, 13]}
					]
				},
				{
					"name": "leg_right",
					"parent": "body",
					"pivot": [-3, 4, 0],
					"cubes": [
						{"origin": [-4.5, 1, -2], "size": [3, 4, 4], "uv": [31, 43]}
					]
				},
				{
					"name": "foot_right1",
					"parent": "leg_right",
					"pivot": [-3, 2, 0],
					"cubes": [
						{"origin": [-5, 0, -2.75], "size": [4, 2, 5], "uv": [35, 29]}
					]
				},
				{
					"name": "foot_right2",
					"parent": "foot_right1",
					"pivot": [-3, 0, -2.75],
					"cubes": [
						{"origin": [-5, 0, -4.75], "size": [4, 2, 2], "inflate": 0.01, "uv": [20, 51]}
					]
				},
				{
					"name": "leg_left",
					"parent": "body",
					"pivot": [3, 4, 0],
					"cubes": [
						{"origin": [1.5, 1, -2], "size": [3, 4, 4], "uv": [0, 0]}
					]
				},
				{
					"name": "foot_left1",
					"parent": "leg_left",
					"pivot": [3, 2, 0],
					"cubes": [
						{"origin": [1, 0, -2.75], "size": [4, 2, 5], "uv": [18, 34]}
					]
				},
				{
					"name": "foot_left2",
					"parent": "foot_left1",
					"pivot": [3, 0, -2.75],
					"cubes": [
						{"origin": [1, 0, -4.75], "size": [4, 2, 2], "inflate": 0.01, "uv": [50, 36]}
					]
				}
			]
		}
	]
}