{
	"format_version": "1.12.0",
	"minecraft:geometry": [
		{
			"description": {
				"identifier": "geometry.tentacool",
				"texture_width": 64,
				"texture_height": 64,
				"visible_bounds_width": 3,
				"visible_bounds_height": 3.5,
				"visible_bounds_offset": [0, 1.25, 0]
			},
			"bones": [
				{
					"name": "tentacool",
					"pivot": [0, 0, 0]
				},
				{
					"name": "body",
					"parent": "tentacool",
					"pivot": [0, 24.5, 0]
				},
				{
					"name": "torso",
					"parent": "body",
					"pivot": [0, 24.5, 0],
					"cubes": [
						{"origin": [-5, 24, -5], "size": [10, 12, 10], "uv": [24, 42]},
						{"origin": [-1.76777, 19, -5.51777], "size": [7, 10, 0], "pivot": [0, 24, -3.75], "rotation": [-10.54684, -44.5119, 7.43656], "uv": [50, 32], "mirror": true},
						{"origin": [-5.23223, 19, -5.51777], "size": [7, 10, 0], "pivot": [0, 24, -3.75], "rotation": [-10.54684, 44.5119, -7.43656], "uv": [36, 32]}
					]
				},
				{
					"name": "eyes",
					"parent": "torso",
					"pivot": [0, 23, -4]
				},
				{
					"name": "eye_left",
					"parent": "eyes",
					"pivot": [2.83346, 23, -3.56],
					"cubes": [
						{"origin": [0.83346, 22, -3.56], "size": [4, 2, 0], "pivot": [2.83346, 23, -3.56], "rotation": [-5.6153, -45.21586, 0.45017], "uv": [56, 48], "mirror": true}
					]
				},
				{
					"name": "eyelid_left",
					"parent": "eye_left",
					"pivot": [2.83346, 23, -3.46],
					"cubes": [
						{"origin": [0.83346, 22, -3.46], "size": [4, 2, 0], "inflate": 0.01, "pivot": [2.83346, 23, -3.46], "rotation": [-5.6153, -45.21586, 0.45017], "uv": [56, 44], "mirror": true}
					]
				},
				{
					"name": "eye_right",
					"parent": "eyes",
					"pivot": [-2.83346, 23, -3.56],
					"cubes": [
						{"origin": [-4.83346, 22, -3.56], "size": [4, 2, 0], "pivot": [-2.83346, 23, -3.56], "rotation": [-5.6153, 45.21586, -0.45017], "uv": [56, 50]}
					]
				},
				{
					"name": "eyelid_right",
					"parent": "eye_right",
					"pivot": [-2.83552, 23, -3.46],
					"cubes": [
						{"origin": [-4.83552, 22, -3.46], "size": [4, 2, 0], "inflate": 0.01, "pivot": [-2.83552, 23, -3.46], "rotation": [-5.6153, 45.21586, -0.45017], "uv": [56, 46]}
					]
				},
				{
					"name": "flap_left",
					"parent": "torso",
					"pivot": [5, 24, 1.5],
					"cubes": [
						{"origin": [5, 18, -2], "size": [0, 6, 8], "inflate": 0.01, "pivot": [5, 24, 1.5], "rotation": [0, 0, -45], "uv": [20, 28]}
					]
				},
				{
					"name": "flap_right",
					"parent": "torso",
					"pivot": [-5, 24, 1.5],
					"cubes": [
						{"origin": [-5, 18, -2], "size": [0, 6, 8], "inflate": 0.01, "pivot": [-5, 24, 1.5], "rotation": [0, 0, 45], "uv": [20, 22], "mirror": true}
					]
				},
				{
					"name": "flap_back",
					"parent": "torso",
					"pivot": [0, 24, 5],
					"cubes": [
						{"origin": [-5, 17, 5], "size": [10, 7, 0], "inflate": 0.01, "pivot": [0, 24, 5], "rotation": [45, 0, 0], "uv": [44, 25]}
					]
				},
				{
					"name": "tentacle_left",
					"parent": "body",
					"pivot": [3.5, 24.5, 0],
					"cubes": [
						{"origin": [3, 20, -0.5], "size": [1, 5, 1], "uv": [40, 18]}
					]
				},
				{
					"name": "tentacle_left_2",
					"parent": "tentacle_left",
					"pivot": [3.49, 20.01, 0.51],
					"cubes": [
						{"origin": [3, 15, -0.5], "size": [1, 5, 1], "inflate": 0.01, "uv": [44, 18]}
					]
				},
				{
					"name": "tentacle_left_3",
					"parent": "tentacle_left_2",
					"pivot": [3.48, 15.02, 0.52],
					"cubes": [
						{"origin": [3, 10, -0.5], "size": [1, 5, 1], "inflate": 0.02, "uv": [48, 18]}
					]
				},
				{
					"name": "tentacle_left_4",
					"parent": "tentacle_left_3",
					"pivot": [3.47, 10.03, 0.53],
					"cubes": [
						{"origin": [3, 5, -0.5], "size": [1, 5, 1], "inflate": 0.03, "uv": [52, 18]}
					]
				},
				{
					"name": "tentacle_left_5",
					"parent": "tentacle_left_4",
					"pivot": [3.5, 5.5, 0],
					"cubes": [
						{"origin": [2.5, 0, -1], "size": [2, 6, 2], "uv": [56, 17]}
					]
				},
				{
					"name": "tentacle_right",
					"parent": "body",
					"pivot": [-3.5, 24.5, 0],
					"cubes": [
						{"origin": [-4, 20, -0.5], "size": [1, 5, 1], "uv": [40, 10], "mirror": true}
					]
				},
				{
					"name": "tentacle_right_2",
					"parent": "tentacle_right",
					"pivot": [-3.51, 20.01, 0.51],
					"cubes": [
						{"origin": [-4, 15, -0.5], "size": [1, 5, 1], "inflate": 0.01, "uv": [44, 10], "mirror": true}
					]
				},
				{
					"name": "tentacle_right_3",
					"parent": "tentacle_right_2",
					"pivot": [-3.52, 15.02, 0.52],
					"cubes": [
						{"origin": [-4, 10, -0.5], "size": [1, 5, 1], "inflate": 0.02, "uv": [48, 10], "mirror": true}
					]
				},
				{
					"name": "tentacle_right_4",
					"parent": "tentacle_right_3",
					"pivot": [-3.53, 10.03, 0.53],
					"cubes": [
						{"origin": [-4, 5, -0.5], "size": [1, 5, 1], "inflate": 0.03, "uv": [52, 10], "mirror": true}
					]
				},
				{
					"name": "tentacle_right_5",
					"parent": "tentacle_right_4",
					"pivot": [-3.5, 5.5, 0],
					"cubes": [
						{"origin": [-4.5, 0, -1], "size": [2, 6, 2], "uv": [56, 9], "mirror": true}
					]
				}
			]
		}
	]
}