{
	"format_version": "1.12.0",
	"minecraft:geometry": [
		{
			"description": {
				"identifier": "geometry.unown",
				"texture_width": 16,
				"texture_height": 16,
				"visible_bounds_width": 2,
				"visible_bounds_height": 2.5,
				"visible_bounds_offset": [0, 0.75, 0]
			},
			"bones": [
				{
					"name": "unown",
					"pivot": [0, 0, 0]
				},
				{
					"name": "eye",
					"parent": "unown",
					"pivot": [0, 0, 0.1],
					"cubes": [
						{"origin": [-1.5, 6.6, -0.9], "size": [3, 3, 1], "uv": [0, 0]}
					]
				},
				{
					"name": "body",
					"parent": "unown",
					"pivot": [0, 0, 0],
					"cubes": [
						{"origin": [-1.5, 6.6, -0.1], "size": [3, 3, 1], "uv": [0, 0]},
						{"origin": [1.5, 6.6, -0.9], "size": [1, 3, 1], "uv": [8, 11]},
						{"origin": [-2.5, 6.6, -0.9], "size": [1, 3, 1], "uv": [4, 10]},
						{"origin": [-1.5, 5.6, -0.9], "size": [3, 1, 1], "inflate": 0.001, "uv": [8, 2]},
						{"origin": [-1.5, 9.6, -0.9], "size": [3, 1, 1], "uv": [7, 5]}
					]
				},
				{
					"name": "bone",
					"parent": "unown",
					"pivot": [0, 3, 0],
					"cubes": [
						{"origin": [-1.5, 3.6, -0.9], "size": [1, 3, 1], "inflate": 0.0001, "pivot": [-1, 4.6, -0.4], "rotation": [0, 0, 35], "uv": [0, 10]},
						{"origin": [-0.72873, 1.96036, -0.9], "size": [1, 3, 1], "pivot": [-0.22873, 3.46036, -0.4], "rotation": [0, 0, -55.5], "uv": [8, 7]},
						{"origin": [-2.5, 10.6, -0.9], "size": [1, 1, 1], "uv": [12, 7]},
						{"origin": [1.5, 10.6, -0.9], "size": [1, 1, 1], "uv": [11, 10]},
						{"origin": [-3.5, 11.6, -0.9], "size": [7, 1, 1], "uv": [0, 5]}
					]
				}
			]
		}
	]
}