{
	"format_version": "1.12.0",
	"minecraft:geometry": [
		{
			"description": {
				"identifier": "geometry.unknown",
				"texture_width": 128,
				"texture_height": 128,
				"visible_bounds_width": 6,
				"visible_bounds_height": 4.5,
				"visible_bounds_offset": [0, 1.75, 0]
			},
			"bones": [
				{
					"name": "base",
					"pivot": [0, 0, 0]
				},
				{
					"name": "swing",
					"parent": "base",
					"pivot": [-1, 0, 1],
					"cubes": [
						{"origin": [-5, 2.5, -5], "size": [10, 4, 10], "uv": [0, 23]}
					]
				},
				{
					"name": "base_in",
					"parent": "swing",
					"pivot": [0, 6.5, 0],
					"cubes": [
						{"origin": [-3, 6.5, -3], "size": [6, 1, 6], "uv": [0, 37]}
					]
				},
				{
					"name": "base_in_1",
					"parent": "base_in",
					"pivot": [0, 7, 0],
					"cubes": [
						{"origin": [-1.5, 6.5, -1.5], "size": [3, 3, 3], "uv": [61, 55]}
					]
				},
				{
					"name": "base_in_2",
					"parent": "base_in_1",
					"pivot": [0, 9.75, 0],
					"cubes": [
						{"origin": [-2.5, 9.5, -2.5], "size": [5, 3, 5], "uv": [19, 40]},
						{"origin": [-1.5, 12.5, -1.5], "size": [3, 4, 3], "uv": [33, 54]}
					]
				},
				{
					"name": "base_in_3",
					"parent": "base_in_2",
					"pivot": [0, 15.975, 0],
					"cubes": [
						{"origin": [-3, 15.475, -3], "size": [6, 5, 6], "uv": [33, 0]}
					]
				},
				{
					"name": "head",
					"parent": "base_in_3",
					"pivot": [0, 20.5, 0],
					"cubes": [
						{"origin": [-5.5, 20.5, -5.5], "size": [11, 12, 11], "uv": [0, 0]}
					]
				},
				{
					"name": "head_inside",
					"parent": "head",
					"pivot": [0, 26.5, -1.925],
					"cubes": [
						{"origin": [-3, 23.5, -4.925], "size": [6, 6, 6], "uv": [34, 33]}
					]
				},
				{
					"name": "bone",
					"parent": "head_inside",
					"pivot": [0.30848, 26.35, -4.71],
					"cubes": [
						{"origin": [-1.01652, 24.875, -5.16], "size": [1, 1, 1], "inflate": -0.225, "uv": [7, 5]},
						{"origin": [0.08348, 24.875, -5.16], "size": [1, 1, 1], "inflate": -0.225, "uv": [7, 5]},
						{"origin": [-0.46652, 25.175, -5.16], "size": [1, 1, 1], "inflate": -0.225, "uv": [7, 5]}
					]
				},
				{
					"name": "eye_left",
					"parent": "bone",
					"pivot": [-1.35, 26.45, -4.83],
					"rotation": [0, 0, 48.75],
					"cubes": [
						{"origin": [-1.85, 25.85, -5.21], "size": [1, 1, 1], "inflate": -0.25, "uv": [30, 29]},
						{"origin": [-1.85, 25.6, -4.95], "size": [1, 2, 0], "uv": [0, 0]},
						{"origin": [-1.85, 27.075, -4.958], "size": [1, 1, 0], "uv": [0, 10]}
					]
				},
				{
					"name": "eye_right",
					"parent": "bone",
					"pivot": [1.35, 26.45, -4.83],
					"rotation": [0, 0, -48.75],
					"cubes": [
						{"origin": [0.85, 25.85, -5.21], "size": [1, 1, 1], "inflate": -0.25, "uv": [30, 29], "mirror": true},
						{"origin": [0.85, 25.6, -4.95], "size": [1, 2, 0], "uv": [0, 0], "mirror": true},
						{"origin": [0.85, 27.075, -4.958], "size": [1, 1, 0], "uv": [0, 10], "mirror": true}
					]
				},
				{
					"name": "arm",
					"parent": "head",
					"pivot": [0, 30.50773, -4],
					"cubes": [
						{"origin": [-1, 24, 5.5], "size": [2, 2, 3], "uv": [0, 5]},
						{"origin": [-1, 21, 4.5], "size": [2, 2, 3], "uv": [0, 0]}
					]
				},
				{
					"name": "horn",
					"parent": "arm",
					"pivot": [0, 31.08273, -4],
					"cubes": [
						{"origin": [-6.13377, 29.83965, -5], "size": [6, 2, 2], "inflate": 0.03, "pivot": [0, 30.50773, -4], "rotation": [-90, -45, 90], "uv": [51, 0]}
					]
				},
				{
					"name": "arm_left4",
					"parent": "arm",
					"pivot": [4.30601, 22.251, -4.07159],
					"cubes": [
						{"origin": [4.70513, 20.98273, -8.83013], "size": [2, 2, 4], "pivot": [4.83013, 22.98273, -6.83013], "rotation": [14.06164, -41.12772, 1.37344], "uv": [42, 61]}
					]
				},
				{
					"name": "arm_right4",
					"parent": "arm",
					"pivot": [-4.83013, 22.98273, -6.83013],
					"cubes": [
						{"origin": [-6.70513, 20.98273, -8.83013], "size": [2, 2, 4], "pivot": [-4.83013, 22.98273, -6.83013], "rotation": [14.06164, 41.12772, -1.37344], "uv": [42, 61], "mirror": true}
					]
				},
				{
					"name": "arm_right3",
					"parent": "arm",
					"pivot": [-1.85254, 27.40031, 4.06487],
					"rotation": [81.70923, 40.75583, 35.80166],
					"cubes": [
						{"origin": [-2.85513, 26.50773, -1.93013], "size": [2, 2, 5], "inflate": 0.03, "pivot": [-1.85513, 27.50773, 4.06987], "rotation": [0, 90, 0], "uv": [13, 48]},
						{"origin": [-7.8674, 26.10255, -0.24013], "size": [2, 2, 4], "inflate": 0.02, "pivot": [-6.85741, 27.52755, 4.05987], "rotation": [0, 90, 32.5], "uv": [14, 55]},
						{"origin": [-7.8674, 29.10255, -2.46513], "size": [2, 2, 4], "inflate": 0.01, "pivot": [-6.85741, 27.52755, 4.05987], "rotation": [0, 90, -15], "uv": [52, 33]},
						{"origin": [-10.04027, 28.44877, 1.48272], "size": [1, 1, 3], "inflate": 0.01, "pivot": [-9.76527, 28.96069, 4.56987], "rotation": [180, 41.25, 165], "uv": [11, 44]}
					]
				},
				{
					"name": "arm_left3",
					"parent": "arm",
					"pivot": [1.85254, 27.40031, 4.06487],
					"rotation": [81.70923, -40.75583, -35.80166],
					"cubes": [
						{"origin": [0.85513, 26.50773, -1.93013], "size": [2, 2, 5], "inflate": 0.03, "pivot": [1.85513, 27.50773, 4.06987], "rotation": [0, -90, 0], "uv": [22, 50]},
						{"origin": [5.8674, 26.10255, -0.24013], "size": [2, 2, 4], "inflate": 0.02, "pivot": [6.85741, 27.52755, 4.05987], "rotation": [0, -90, -32.5], "uv": [57, 4]},
						{"origin": [5.8674, 29.10255, -2.46513], "size": [2, 2, 4], "inflate": 0.01, "pivot": [6.85741, 27.52755, 4.05987], "rotation": [0, -90, 15], "uv": [45, 55]}
					]
				},
				{
					"name": "arm_right2",
					"parent": "arm",
					"pivot": [-2.42754, 32.40031, 0.16487],
					"rotation": [71.71253, 19.55624, 61.81354],
					"cubes": [
						{"origin": [-3.43013, 31.50773, -5.83013], "size": [2, 2, 4], "inflate": 0.03, "pivot": [-2.43013, 32.50773, 0.16987], "rotation": [0, 90, 0], "uv": [0, 60], "mirror": true},
						{"origin": [-5.43013, 31.40773, -0.20513], "size": [2, 2, 3], "inflate": 0.04, "pivot": [-4.43013, 32.50773, 0.16987], "rotation": [0, 90, 25], "uv": [0, 28], "mirror": true},
						{"origin": [-6.58013, 32.50773, -5.63013], "size": [1, 1, 3], "pivot": [-2.43013, 32.50773, 0.16987], "rotation": [0, 32.5, 0], "uv": [8, 60]},
						{"origin": [-5.58013, 31.50773, 1.63013], "size": [1, 1, 3], "pivot": [-2.43013, 32.50773, 1.83013], "rotation": [0, -32.5, 0], "uv": [31, 48]},
						{"origin": [-8.4424, 31.12755, -4.14013], "size": [2, 2, 4], "inflate": 0.02, "pivot": [-7.43241, 32.52755, 0.15987], "rotation": [0, 90, 32.5], "uv": [58, 39], "mirror": true}
					]
				},
				{
					"name": "arm_left",
					"parent": "arm",
					"pivot": [5.85254, 25.40031, -0.83513],
					"rotation": [44, 0, -25],
					"cubes": [
						{"origin": [4.85513, 24.50773, -6.83013], "size": [2, 2, 7], "inflate": 0.03, "pivot": [5.85513, 25.50773, -0.83013], "rotation": [0, -90, 0], "uv": [32, 45]},
						{"origin": [6.75513, 24.50773, -6.63013], "size": [2, 2, 4], "pivot": [5.85513, 25.50773, -0.83013], "rotation": [0, -32.5, 0], "uv": [60, 29]},
						{"origin": [7.00513, 24.50773, 0.63013], "size": [2, 2, 3], "pivot": [5.85513, 25.50773, 0.83013], "rotation": [0, 32.5, 0], "uv": [54, 63]},
						{"origin": [9.8674, 24.82755, -5.34013], "size": [2, 2, 4], "inflate": 0.02, "pivot": [10.85741, 25.52755, -0.84013], "rotation": [0, -90, 25], "uv": [12, 61]}
					]
				},
				{
					"name": "arm_left2",
					"parent": "arm",
					"pivot": [2.42754, 32.40031, 0.16487],
					"rotation": [71.71253, -19.55624, -61.81354],
					"cubes": [
						{"origin": [1.43013, 31.50773, -5.83013], "size": [2, 2, 4], "inflate": 0.03, "pivot": [2.43013, 32.50773, 0.16987], "rotation": [0, -90, 0], "uv": [0, 60]},
						{"origin": [3.43013, 31.40773, -0.20513], "size": [2, 2, 3], "inflate": 0.04, "pivot": [4.43013, 32.50773, 0.16987], "rotation": [0, -90, -25], "uv": [0, 28]},
						{"origin": [3.58013, 32.50773, -5.63013], "size": [1, 1, 4], "pivot": [2.43013, 32.50773, 0.16987], "rotation": [0, -32.5, 0], "uv": [61, 61]},
						{"origin": [5.58013, 31.50773, 2.63013], "size": [1, 1, 3], "pivot": [2.43013, 32.50773, 1.83013], "rotation": [0, 32.5, 0], "uv": [38, 61]},
						{"origin": [6.4424, 31.12755, -4.14013], "size": [2, 2, 4], "inflate": 0.02, "pivot": [7.43241, 32.52755, 0.15987], "rotation": [0, -90, -32.5], "uv": [58, 39]}
					]
				},
				{
					"name": "arm_right",
					"parent": "arm",
					"pivot": [-5.82754, 25.40031, -0.83513],
					"rotation": [44, 0, 25],
					"cubes": [
						{"origin": [-6.83013, 24.50773, -6.83013], "size": [2, 2, 7], "inflate": 0.03, "pivot": [-5.83013, 25.50773, -0.83013], "rotation": [0, 90, 0], "uv": [32, 45], "mirror": true},
						{"origin": [-6.83013, 24.53273, -5.60513], "size": [1, 1, 3], "inflate": 0.03, "pivot": [-5.83013, 25.50773, -0.83013], "rotation": [0, 55, 0], "uv": [64, 35]},
						{"origin": [-8.98013, 24.50773, 0.63013], "size": [2, 2, 5], "pivot": [-5.83013, 25.50773, 0.83013], "rotation": [0, -32.5, 0], "uv": [54, 21]},
						{"origin": [-11.8424, 24.82755, -6.34013], "size": [2, 2, 5], "inflate": 0.02, "pivot": [-10.83241, 25.52755, -0.84013], "rotation": [0, 90, -25], "uv": [0, 53]},
						{"origin": [-12.8924, 24.82755, -4.89013], "size": [2, 2, 3], "inflate": 0.01, "pivot": [-10.83241, 25.52755, -0.84013], "rotation": [0, 22.5, -25], "uv": [63, 18]}
					]
				},
				{
					"name": "shell",
					"parent": "swing",
					"pivot": [0, 7, -5.5],
					"cubes": [
						{"origin": [0.5, 4.5, 0.5], "size": [11, 5, 0], "pivot": [0.5, 7, -5.5], "rotation": [0, -90, 0], "uv": [43, 45]},
						{"origin": [-11.5, 4.5, 0.5], "size": [11, 5, 0], "pivot": [-0.5, 7, -5.5], "rotation": [0, 90, 0], "uv": [44, 11]},
						{"origin": [-5.5, 4.5, 5.5], "size": [11, 5, 0], "uv": [44, 16]},
						{"origin": [-5.5, 4.5, -5.5], "size": [11, 5, 0], "inflate": 0.01, "uv": [50, 50]}
					]
				},
				{
					"name": "legs",
					"parent": "swing",
					"pivot": [0, 0, 0]
				},
				{
					"name": "left",
					"parent": "legs",
					"pivot": [3.9, 3, 0],
					"rotation": [0, 0, -20],
					"cubes": [
						{"origin": [2.9, 0, -4.5], "size": [2, 4, 2], "uv": [0, 66]},
						{"origin": [2.9, 0, 2.5], "size": [2, 4, 2], "uv": [22, 65]}
					]
				},
				{
					"name": "right",
					"parent": "legs",
					"pivot": [-3.9, 3, 0],
					"rotation": [0, 0, 20],
					"cubes": [
						{"origin": [-4.9, 0, -4.5], "size": [2, 4, 2], "uv": [65, 2]},
						{"origin": [-4.9, 0, 2.5], "size": [2, 4, 2], "uv": [30, 23]}
					]
				}
			]
		}
	]
}