{
	"format_version": "1.8.0",
	"animations": {
		"animation.cafe_mew.ground_idle": {
			"loop": true,
			"animation_length": 2.5,
			"bones": {
				"body": {
					"rotation": [15, 0, 0],
					"position": {
						"0.0": {
							"post": [0, 18, 0],
							"lerp_mode": "catmullrom"
						},
						"1.5": {
							"post": [0, 27, 0],
							"lerp_mode": "catmullrom"
						},
						"2.5": {
							"post": [0, 18, 0],
							"lerp_mode": "catmullrom"
						}
					}
				},
				"arm_left": {
					"rotation": {
						"0.0": {
							"post": [15, 15, 30],
							"lerp_mode": "catmullrom"
						},
						"1.0": {
							"post": [20.93579, 2.65154, 56.92105],
							"lerp_mode": "catmullrom"
						},
						"2.0": {
							"post": [10.95476, 18.14006, 5.68507],
							"lerp_mode": "catmullrom"
						},
						"2.5": {
							"post": [15, 15, 30],
							"lerp_mode": "catmullrom"
						}
					}
				},
				"tail2": {
					"rotation": {
						"0.0": {
							"post": [45, 0, 0],
							"lerp_mode": "catmullrom"
						},
						"1.0": {
							"post": [72.5, 0, 0],
							"lerp_mode": "catmullrom"
						},
						"2.0": {
							"post": [60, 0, 0],
							"lerp_mode": "catmullrom"
						},
						"2.5": {
							"post": [45, 0, 0],
							"lerp_mode": "catmullrom"
						}
					}
				},
				"tail3": {
					"rotation": {
						"0.0": {
							"post": [45, 0, 0],
							"lerp_mode": "catmullrom"
						},
						"1.0": {
							"post": [52.5, 0, 0],
							"lerp_mode": "catmullrom"
						},
						"2.0": {
							"post": [35, 0, 0],
							"lerp_mode": "catmullrom"
						},
						"2.5": {
							"post": [45, 0, 0],
							"lerp_mode": "catmullrom"
						}
					}
				},
				"tail4": {
					"rotation": {
						"0.0": {
							"post": [-55, 0, 0],
							"lerp_mode": "catmullrom"
						},
						"1.0": {
							"post": [-52.5, 0, 0],
							"lerp_mode": "catmullrom"
						},
						"2.0": {
							"post": [-40, 0, 0],
							"lerp_mode": "catmullrom"
						},
						"2.5": {
							"post": [-55, 0, 0],
							"lerp_mode": "catmullrom"
						}
					}
				},
				"leg_left": {
					"rotation": {
						"0.0": {
							"post": [15, 0, 0],
							"lerp_mode": "catmullrom"
						},
						"1.0": {
							"post": [-10, 0, 0],
							"lerp_mode": "catmullrom"
						},
						"2.0": {
							"post": [45, 0, 0],
							"lerp_mode": "catmullrom"
						},
						"2.5": {
							"post": [15, 0, 0],
							"lerp_mode": "catmullrom"
						}
					}
				},
				"foot_left": {
					"rotation": {
						"0.0": {
							"post": [15, 0, 0],
							"lerp_mode": "catmullrom"
						},
						"1.0": {
							"post": [60, 0, 0],
							"lerp_mode": "catmullrom"
						},
						"2.0": {
							"post": [-52.5, 0, 0],
							"lerp_mode": "catmullrom"
						},
						"2.5": {
							"post": [15, 0, 0],
							"lerp_mode": "catmullrom"
						}
					}
				},
				"tail": {
					"rotation": {
						"0.0": {
							"post": [17.5, 0, 0],
							"lerp_mode": "catmullrom"
						},
						"1.0": {
							"post": [-27.75499, -1.56639, -0.2572],
							"lerp_mode": "catmullrom"
						},
						"2.0": {
							"post": [7.5, 0, 0],
							"lerp_mode": "catmullrom"
						},
						"2.5": {
							"post": [17.5, 0, 0],
							"lerp_mode": "catmullrom"
						}
					}
				},
				"tail5": {
					"rotation": {
						"0.0": {
							"post": [-52.5, 0, 0],
							"lerp_mode": "catmullrom"
						},
						"1.0": {
							"post": [-70, 0, 0],
							"lerp_mode": "catmullrom"
						},
						"2.0": {
							"post": [-60, 0, 0],
							"lerp_mode": "catmullrom"
						},
						"2.5": {
							"post": [-52.5, 0, 0],
							"lerp_mode": "catmullrom"
						}
					}
				},
				"tail6": {
					"rotation": {
						"0.0": {
							"post": [-60, 0, 0],
							"lerp_mode": "catmullrom"
						},
						"1.0": {
							"post": [-70, 0, 0],
							"lerp_mode": "catmullrom"
						},
						"2.0": {
							"post": [-75, 0, 0],
							"lerp_mode": "catmullrom"
						},
						"2.5": {
							"post": [-60, 0, 0],
							"lerp_mode": "catmullrom"
						}
					}
				},
				"tail7": {
					"rotation": {
						"0.0": {
							"post": [-37.5, 0, 0],
							"lerp_mode": "catmullrom"
						},
						"1.0": {
							"post": [-35, 0, 0],
							"lerp_mode": "catmullrom"
						},
						"2.0": {
							"post": [2.5, 0, 0],
							"lerp_mode": "catmullrom"
						},
						"2.5": {
							"post": [-37.5, 0, 0],
							"lerp_mode": "catmullrom"
						}
					}
				},
				"leg_right": {
					"rotation": {
						"0.0": {
							"post": [15, 0, 0],
							"lerp_mode": "catmullrom"
						},
						"1.0": {
							"post": [-12.5, 0, 0],
							"lerp_mode": "catmullrom"
						},
						"2.0": {
							"post": [42.5, 0, 0],
							"lerp_mode": "catmullrom"
						},
						"2.5": {
							"post": [15, 0, 0],
							"lerp_mode": "catmullrom"
						}
					}
				},
				"foot_right": {
					"rotation": {
						"0.0": {
							"post": [15, 0, 0],
							"lerp_mode": "catmullrom"
						},
						"1.0": {
							"post": [65, 0, 0],
							"lerp_mode": "catmullrom"
						},
						"2.0": {
							"post": [-50, 0, 0],
							"lerp_mode": "catmullrom"
						},
						"2.5": {
							"post": [15, 0, 0],
							"lerp_mode": "catmullrom"
						}
					}
				},
				"head": {
					"rotation": [-15, 0, 0]
				},
				"arm_right": {
					"rotation": {
						"0.0": {
							"post": [15, -15, -30],
							"lerp_mode": "catmullrom"
						},
						"1.0": {
							"post": [20.73677, -3.93462, -63.73422],
							"lerp_mode": "catmullrom"
						},
						"2.0": {
							"post": [7.1594, -19.89054, -4.27099],
							"lerp_mode": "catmullrom"
						},
						"2.5": {
							"post": [15, -15, -30],
							"lerp_mode": "catmullrom"
						}
					}
				}
			}
		},
		"animation.cafe_mew.ground_walk": {
			"loop": true,
			"animation_length": 1.5,
			"bones": {
				"body": {
					"rotation": [45, 0, 0],
					"position": [0, 4, -3]
				},
				"arm_left": {
					"rotation": {
						"0.0": {
							"post": [15, 0, 30],
							"lerp_mode": "catmullrom"
						},
						"0.75": {
							"post": [14.97736, -9.50807, 17.12438],
							"lerp_mode": "catmullrom"
						},
						"1.25": {
							"post": [14.78217, 2.57594, 20.3342],
							"lerp_mode": "catmullrom"
						},
						"1.5": {
							"post": [15, 0, 30],
							"lerp_mode": "catmullrom"
						}
					}
				},
				"tail": {
					"rotation": {
						"0.0": {
							"post": [-45, 0, 0],
							"lerp_mode": "catmullrom"
						},
						"0.75": {
							"post": [-32.5, 0, 0],
							"lerp_mode": "catmullrom"
						},
						"1.25": {
							"post": [-20, 0, 0],
							"lerp_mode": "catmullrom"
						},
						"1.5": {
							"post": [-45, 0, 0],
							"lerp_mode": "catmullrom"
						}
					}
				},
				"tail2": {
					"rotation": {
						"0.0": {
							"post": [15, 0, 0],
							"lerp_mode": "catmullrom"
						},
						"0.75": {
							"post": [-2.5, 0, 0],
							"lerp_mode": "catmullrom"
						},
						"1.25": {
							"post": [5, 0, 0],
							"lerp_mode": "catmullrom"
						},
						"1.5": {
							"post": [15, 0, 0],
							"lerp_mode": "catmullrom"
						}
					}
				},
				"tail3": {
					"rotation": {
						"0.0": {
							"post": [15, 0, 0],
							"lerp_mode": "catmullrom"
						},
						"0.75": {
							"post": [7.5, 0, 0],
							"lerp_mode": "catmullrom"
						},
						"1.25": {
							"post": [-5, 0, 0],
							"lerp_mode": "catmullrom"
						},
						"1.5": {
							"post": [15, 0, 0],
							"lerp_mode": "catmullrom"
						}
					}
				},
				"tail4": {
					"rotation": {
						"0.0": {
							"post": [-10, 0, 0],
							"lerp_mode": "catmullrom"
						},
						"0.75": {
							"post": [-2.5, 0, 0],
							"lerp_mode": "catmullrom"
						},
						"1.25": {
							"post": [-12.5, 0, 0],
							"lerp_mode": "catmullrom"
						},
						"1.5": {
							"post": [-10, 0, 0],
							"lerp_mode": "catmullrom"
						}
					}
				},
				"leg_left": {
					"rotation": [15, 0, 0]
				},
				"foot_left": {
					"rotation": {
						"0.0": {
							"post": [77.5, 0, 0],
							"lerp_mode": "catmullrom"
						},
						"0.75": {
							"post": [97.5, 0, 0],
							"lerp_mode": "catmullrom"
						},
						"1.25": {
							"post": [82.5, 0, 0],
							"lerp_mode": "catmullrom"
						},
						"1.5": {
							"post": [77.5, 0, 0],
							"lerp_mode": "catmullrom"
						}
					}
				},
				"tail5": {
					"rotation": {
						"0.0": {
							"post": [-20, 0, 0],
							"lerp_mode": "catmullrom"
						},
						"0.75": {
							"post": [-25, 0, 0],
							"lerp_mode": "catmullrom"
						},
						"1.25": {
							"post": [-35, 0, 0],
							"lerp_mode": "catmullrom"
						},
						"1.5": {
							"post": [-20, 0, 0],
							"lerp_mode": "catmullrom"
						}
					}
				},
				"tail6": {
					"rotation": {
						"0.0": {
							"post": [-17.5, 0, 0],
							"lerp_mode": "catmullrom"
						},
						"0.75": {
							"post": [-5, 0, 0],
							"lerp_mode": "catmullrom"
						},
						"1.25": {
							"post": [5, 0, 0],
							"lerp_mode": "catmullrom"
						},
						"1.5": {
							"post": [-17.5, 0, 0],
							"lerp_mode": "catmullrom"
						}
					}
				},
				"tail7": {
					"rotation": {
						"0.0": {
							"post": [-15, 0, 0],
							"lerp_mode": "catmullrom"
						},
						"0.75": {
							"post": [2.5, 0, 0],
							"lerp_mode": "catmullrom"
						},
						"1.25": {
							"post": [-15, 0, 0],
							"lerp_mode": "catmullrom"
						},
						"1.5": {
							"post": [-15, 0, 0],
							"lerp_mode": "catmullrom"
						}
					}
				},
				"leg_right": {
					"rotation": [15, 0, 0]
				},
				"foot_right": {
					"rotation": {
						"0.0": {
							"post": [77.5, 0, 0],
							"lerp_mode": "catmullrom"
						},
						"0.75": {
							"post": [97.5, 0, 0],
							"lerp_mode": "catmullrom"
						},
						"1.25": {
							"post": [82.5, 0, 0],
							"lerp_mode": "catmullrom"
						},
						"1.5": {
							"post": [77.5, 0, 0],
							"lerp_mode": "catmullrom"
						}
					}
				},
				"head": {
					"rotation": [-30, 0, 0]
				},
				"arm_right": {
					"rotation": {
						"0.0": {
							"post": [15, 0, -30],
							"lerp_mode": "catmullrom"
						},
						"0.75": {
							"post": [14.9774, 9.5081, -17.1244],
							"lerp_mode": "catmullrom"
						},
						"1.25": {
							"post": [14.82446, -4.99295, -20.97433],
							"lerp_mode": "catmullrom"
						},
						"1.5": {
							"post": [15, 0, -30],
							"lerp_mode": "catmullrom"
						}
					}
				},
				"mew": {
					"position": {
						"0.0": {
							"post": [0, 13, 0],
							"lerp_mode": "catmullrom"
						},
						"0.75": {
							"post": [0, 15, 0],
							"lerp_mode": "catmullrom"
						},
						"1.25": {
							"post": [0, 12.75, 0],
							"lerp_mode": "catmullrom"
						},
						"1.5": {
							"post": [0, 13, 0],
							"lerp_mode": "catmullrom"
						}
					}
				}
			}
		},
		"animation.cafe_mew.blink": {
			"loop": true,
			"animation_length": 8.375,
			"bones": {
				"eyelid_left": {
					"position": {
						"0.0": [0.1, 0, -0.1],
						"0.125": [0.1, 0, -0.1],
						"0.1667": [0, 0, 0]
					}
				},
				"eyelid_right": {
					"position": {
						"0.0": [-0.1, 0, -0.1],
						"0.125": [-0.1, 0, -0.1],
						"0.1667": [0, 0, 0]
					}
				}
			}
		}
	}
}