{
	"format_version": "1.12.0",
	"minecraft:geometry": [
		{
			"description": {
				"identifier": "geometry.unknown",
				"texture_width": 256,
				"texture_height": 256,
				"visible_bounds_width": 13,
				"visible_bounds_height": 8,
				"visible_bounds_offset": [0, 3, 0]
			},
			"bones": [
				{
					"name": "root",
					"pivot": [0, 0, 0]
				},
				{
					"name": "ho_oh",
					"parent": "root",
					"pivot": [0, 0, 0],
					"rotation": [0, 0, 0]
				},
				{
					"name": "body",
					"parent": "ho_oh",
					"pivot": [0, 29.25, 1.625],
					"cubes": [
						{"origin": [-9.5, 0, -18], "size": [19, 26, 19], "pivot": [1.5, 29.25, -5.375], "rotation": [90, 0, 0], "uv": [129, 126]},
						{"origin": [-8, 22, -19], "size": [16, 8, 16], "pivot": [0, 29.25, -8.375], "rotation": [90, 0, 0], "uv": [134, 68]}
					]
				},
				{
					"name": "tail",
					"parent": "body",
					"pivot": [0, 25.125, 23.875],
					"cubes": [
						{"origin": [-6.5, 17, 9], "size": [13, 6, 13], "pivot": [1.5, 28.25, 18.625], "rotation": [90, 0, 0], "uv": [141, 46]}
					]
				},
				{
					"name": "ribbons",
					"parent": "tail",
					"pivot": [0, 29.25, 1.625]
				},
				{
					"name": "ribbon19",
					"parent": "ribbons",
					"pivot": [2, 19.75, 49.875],
					"cubes": [
						{"origin": [-1.5, 14.85, 44.475], "size": [3, 10, 0], "pivot": [0, 19.85, 44.475], "rotation": [112.5, 0, 180], "uv": [88, 196], "mirror": true},
						{"origin": [2.5, 21.75, 39.875], "size": [3, 10, 0], "pivot": [2, 21.75, 39.875], "rotation": [90, 0, 180], "uv": [82, 196], "mirror": true}
					]
				},
				{
					"name": "ribbon20",
					"parent": "ribbons",
					"pivot": [-3.025, 27.75, 52.875],
					"rotation": [0, 0, 45],
					"cubes": [
						{"origin": [-2.4, 25, 38], "size": [3, 13, 0], "pivot": [-6.4, 33.25, 34.625], "rotation": [90, 0, 90], "uv": [134, 0], "mirror": true},
						{"origin": [-6.225, 30.90926, 56.58681], "size": [3, 13, 0], "pivot": [-4.725, 27.75, 59.175], "rotation": [75, 0, 90], "uv": [111, 195]}
					]
				},
				{
					"name": "ribbon21",
					"parent": "ribbons",
					"pivot": [-3.4, 29.25, 34.625],
					"cubes": [
						{"origin": [0.6, 11, 41], "size": [3, 13, 0], "pivot": [-3.4, 29.25, 37.625], "rotation": [90, 0, 90], "uv": [104, 24], "mirror": true},
						{"origin": [0.6, 11, 28], "size": [3, 13, 0], "pivot": [-3.4, 29.25, 24.625], "rotation": [90, 0, 90], "uv": [70, 103], "mirror": true}
					]
				},
				{
					"name": "ribbon16",
					"parent": "ribbons",
					"pivot": [2, 31.25, 44.625],
					"cubes": [
						{"origin": [6, 16, 28], "size": [3, 10, 0], "pivot": [2, 31.25, 24.625], "rotation": [90, 0, 90], "uv": [145, 197], "mirror": true},
						{"origin": [5.8, 20.75, 44.475], "size": [3, 10, 0], "pivot": [7.3, 25.75, 44.475], "rotation": [112.5, 0, 90], "uv": [94, 196], "mirror": true}
					]
				},
				{
					"name": "ribbon18",
					"parent": "ribbons",
					"pivot": [3, 30.45, 34.625],
					"cubes": [
						{"origin": [5.83389, 22.45, 37.16851], "size": [3, 5, 0], "pivot": [7.33389, 24.95, 37.16851], "rotation": [112.5, 0, 90], "uv": [54, 145], "mirror": true},
						{"origin": [7, 20.2, 28], "size": [3, 5, 0], "pivot": [3, 30.45, 24.625], "rotation": [90, 0, 90], "uv": [148, 100], "mirror": true}
					]
				},
				{
					"name": "ribbon17",
					"parent": "ribbons",
					"pivot": [5.375, 20.95, 47.875],
					"rotation": [0, 0, 45],
					"cubes": [
						{"origin": [6, 23.2, 38], "size": [3, 8, 0], "pivot": [2, 26.45, 34.625], "rotation": [90, 0, 90], "uv": [134, 184], "mirror": true},
						{"origin": [5.4, 26.1888, 55.37683], "size": [3, 8, 0], "pivot": [6.9, 20.95, 51.55], "rotation": [112.5, 0, 90], "uv": [198, 80], "mirror": true}
					]
				},
				{
					"name": "ribbon14",
					"parent": "ribbons",
					"pivot": [2.375, 29.75, 50.625],
					"rotation": [0, 0, -40],
					"cubes": [
						{"origin": [3, 29, 38], "size": [3, 11, 0], "pivot": [-1, 35.25, 34.625], "rotation": [90, 0, 90], "uv": [142, 65], "mirror": true},
						{"origin": [2.775, 33.9888, 59.30183], "size": [3, 10, 0], "pivot": [4.275, 29.75, 55.475], "rotation": [112.5, 0, 90], "uv": [146, 0], "mirror": true}
					]
				},
				{
					"name": "ribbon15",
					"parent": "ribbons",
					"pivot": [5.375, 29.65, 47.875],
					"rotation": [0, 0, -45],
					"cubes": [
						{"origin": [6, 31.9, 38], "size": [3, 8, 0], "pivot": [2, 35.15, 34.625], "rotation": [90, 0, 90], "uv": [83, 149], "mirror": true},
						{"origin": [5.375, 34.8888, 55.37683], "size": [3, 8, 0], "pivot": [6.875, 29.65, 51.55], "rotation": [112.5, 0, 90], "uv": [126, 96], "mirror": true}
					]
				},
				{
					"name": "ribbon13",
					"parent": "ribbons",
					"pivot": [4.375, 25.75, 50.875],
					"cubes": [
						{"origin": [5, 15, 28], "size": [3, 11, 0], "pivot": [1, 31.25, 24.625], "rotation": [90, 0, 90], "uv": [64, 196], "mirror": true},
						{"origin": [4.975, 20.25, 45.925], "size": [3, 11, 0], "pivot": [6.475, 25.75, 45.925], "rotation": [112.5, 0, 90], "uv": [58, 196], "mirror": true}
					]
				},
				{
					"name": "ribbon12",
					"parent": "ribbons",
					"pivot": [2.775, 23.25, 49.875],
					"rotation": [0, 0, 45],
					"cubes": [
						{"origin": [3.4, 23.5, 38], "size": [3, 10, 0], "pivot": [-0.6, 28.75, 34.625], "rotation": [90, 0, 90], "uv": [70, 196], "mirror": true},
						{"origin": [3.175, 27.4888, 58.30183], "size": [3, 10, 0], "pivot": [4.675, 23.25, 54.475], "rotation": [112.5, 0, 90], "uv": [76, 196], "mirror": true}
					]
				},
				{
					"name": "ribbon11",
					"parent": "ribbons",
					"pivot": [-2, 19.75, 49.875],
					"cubes": [
						{"origin": [-5.5, 19.75, 39.875], "size": [3, 10, 0], "pivot": [-2, 19.75, 39.875], "rotation": [90, 0, -180], "uv": [82, 196]},
						{"origin": [-1.5, 12.85, 44.475], "size": [3, 10, 0], "pivot": [0, 17.85, 44.475], "rotation": [112.5, 0, -180], "uv": [88, 196]}
					]
				},
				{
					"name": "ribbon10",
					"parent": "ribbons",
					"pivot": [3.4, 34.25, 47.625],
					"cubes": [
						{"origin": [-3.6, 16, 28], "size": [3, 13, 0], "pivot": [3.4, 34.25, 24.625], "rotation": [90, 0, -90], "uv": [134, 0]},
						{"origin": [-3.6, 16, 41], "size": [3, 13, 0], "pivot": [3.4, 34.25, 37.625], "rotation": [90, 0, -90], "uv": [111, 195], "mirror": true}
					]
				},
				{
					"name": "ribbon6",
					"parent": "ribbons",
					"pivot": [-2.775, 23.15, 49.875],
					"rotation": [0, 0, -45],
					"cubes": [
						{"origin": [-6.4, 23.4, 38], "size": [3, 10, 0], "pivot": [0.6, 28.65, 34.625], "rotation": [90, 0, -90], "uv": [70, 196]},
						{"origin": [-6.175, 27.3888, 58.30183], "size": [3, 10, 0], "pivot": [-4.675, 23.15, 54.475], "rotation": [112.5, 0, -90], "uv": [76, 196]}
					]
				},
				{
					"name": "ribbon5",
					"parent": "ribbons",
					"pivot": [-2.375, 29.75, 50.625],
					"rotation": [0, 0, 35],
					"cubes": [
						{"origin": [-6, 29, 38], "size": [3, 11, 0], "pivot": [1, 35.25, 34.625], "rotation": [90, 0, -90], "uv": [142, 65]},
						{"origin": [-5.775, 33.9888, 59.30183], "size": [3, 10, 0], "pivot": [-4.275, 29.75, 55.475], "rotation": [112.5, 0, -90], "uv": [146, 0]}
					]
				},
				{
					"name": "ribbon9",
					"parent": "ribbons",
					"pivot": [3.025, 27.75, 52.875],
					"rotation": [0, 0, -47.5],
					"cubes": [
						{"origin": [-0.6, 25, 38], "size": [3, 13, 0], "pivot": [6.4, 33.25, 34.625], "rotation": [90, 0, -90], "uv": [70, 103]},
						{"origin": [3.5, 30.78717, 56.06794], "size": [3, 13, 0], "pivot": [5, 27.75, 59.075], "rotation": [72.5, 0, -90], "uv": [104, 24]}
					]
				},
				{
					"name": "ribbon2",
					"parent": "ribbons",
					"pivot": [-6.375, 24.95, 44.875],
					"cubes": [
						{"origin": [-10, 20.2, 28], "size": [3, 5, 0], "pivot": [-3, 30.45, 24.625], "rotation": [90, 0, -90], "uv": [148, 100]},
						{"origin": [-8.875, 22.45, 37.175], "size": [3, 5, 0], "pivot": [-7.375, 24.95, 37.175], "rotation": [112.5, 0, -90], "uv": [54, 145]}
					]
				},
				{
					"name": "ribbon4",
					"parent": "ribbons",
					"pivot": [-4.375, 25.75, 50.875],
					"cubes": [
						{"origin": [-7.975, 20.25, 45.975], "size": [3, 11, 0], "pivot": [-6.475, 25.75, 45.975], "rotation": [112.5, 0, -90], "uv": [58, 196]},
						{"origin": [-8, 15, 28], "size": [3, 11, 0], "pivot": [-1, 31.25, 24.625], "rotation": [90, 0, -90], "uv": [64, 196]}
					]
				},
				{
					"name": "ribbon7",
					"parent": "ribbons",
					"pivot": [5.5, 28.25, 44.625],
					"cubes": [
						{"origin": [-1.5, 13, 28], "size": [3, 10, 0], "pivot": [5.5, 28.25, 24.625], "rotation": [90, 0, 0], "uv": [157, 197]},
						{"origin": [-1.5, 28.525, 44.475], "size": [3, 10, 0], "pivot": [0, 33.525, 44.475], "rotation": [112.5, 0, 0], "uv": [151, 197]}
					]
				},
				{
					"name": "ribbon8",
					"parent": "ribbons",
					"pivot": [-2, 31.25, 34.625],
					"cubes": [
						{"origin": [-8.775, 20.75, 44.475], "size": [3, 10, 0], "pivot": [-7.275, 25.75, 44.475], "rotation": [112.5, 0, -90], "uv": [94, 196]},
						{"origin": [-9, 16, 28], "size": [3, 10, 0], "pivot": [-2, 31.25, 24.625], "rotation": [90, 0, -90], "uv": [145, 197]}
					]
				},
				{
					"name": "ribbon",
					"parent": "ribbons",
					"pivot": [-5.375, 20.95, 47.875],
					"rotation": [0, 0, -45],
					"cubes": [
						{"origin": [-9, 23.2, 38], "size": [3, 8, 0], "pivot": [-2, 26.45, 34.625], "rotation": [90, 0, -90], "uv": [134, 184]},
						{"origin": [-8.425, 26.1888, 55.37683], "size": [3, 8, 0], "pivot": [-6.925, 20.95, 51.55], "rotation": [112.5, 0, -90], "uv": [198, 80]}
					]
				},
				{
					"name": "ribbon3",
					"parent": "ribbons",
					"pivot": [-5.375, 29.65, 47.875],
					"rotation": [0, 0, 45],
					"cubes": [
						{"origin": [-9, 31.9, 38], "size": [3, 8, 0], "pivot": [-2, 35.15, 34.625], "rotation": [90, 0, -90], "uv": [83, 149]},
						{"origin": [-8.4, 34.8888, 55.40183], "size": [3, 8, 0], "pivot": [-6.9, 29.65, 51.575], "rotation": [112.5, 0, -90], "uv": [126, 96]}
					]
				},
				{
					"name": "neck",
					"parent": "body",
					"pivot": [0, 29.875, -9.125],
					"cubes": [
						{"origin": [-5, 30, -12.25], "size": [10, 6, 9], "pivot": [-1.5, 29.25, -8.375], "rotation": [90, 0, 0], "uv": [16, 22]}
					]
				},
				{
					"name": "neck2",
					"parent": "neck",
					"pivot": [0, 29.875, -15.125],
					"cubes": [
						{"origin": [-3.5, 36, -11.25], "size": [7, 8, 7], "pivot": [-1, 29.25, -8.375], "rotation": [90, 0, 0], "uv": [148, 100]}
					]
				},
				{
					"name": "neck3",
					"parent": "neck2",
					"pivot": [0, 29.875, -23.125],
					"cubes": [
						{"origin": [-2.5, 44, -10.25], "size": [5, 5, 5], "pivot": [-0.5, 29.25, -8.375], "rotation": [90, 0, 0], "uv": [150, 171]}
					]
				},
				{
					"name": "head",
					"parent": "neck3",
					"pivot": [0, 29.68411, -28.10579],
					"cubes": [
						{"origin": [-1, 35.175, -30.975], "size": [2, 2, 3], "pivot": [0, 36.175, -29.475], "rotation": [107.5, 0, 0], "uv": [194, 197]},
						{"origin": [-1.5, 40.875, -37.325], "size": [3, 3, 3], "pivot": [-0.5, 41.875, -35.825], "rotation": [82.5, 0, 0], "uv": [0, 196]},
						{"origin": [-1.5, 40.4, -34.425], "size": [3, 3, 3], "pivot": [-0.5, 41.4, -32.925], "rotation": [80, 0, 0], "uv": [195, 74]},
						{"origin": [-1.5, 39.775, -31.6], "size": [3, 3, 3], "pivot": [-0.5, 40.775, -30.1], "rotation": [77.5, 0, 0], "uv": [193, 57]},
						{"origin": [-1.5, 41.075, -28.725], "size": [3, 1, 3], "pivot": [-0.5, 40.075, -27.225], "rotation": [75, 0, 0], "uv": [193, 42]},
						{"origin": [-1, 37.675, -32.175], "size": [2, 2, 3], "pivot": [0, 38.675, -30.675], "rotation": [82.5, 0, 0], "uv": [194, 140]},
						{"origin": [-1, 37.975, -34.125], "size": [2, 2, 3], "pivot": [0, 38.975, -32.625], "rotation": [82.5, 0, 0], "uv": [196, 0]},
						{"origin": [-1, 37.975, -36.125], "size": [2, 2, 3], "pivot": [0, 38.975, -34.625], "rotation": [82.5, 0, 0], "uv": [196, 33]},
						{"origin": [-1, 37.975, -38.125], "size": [2, 2, 3], "pivot": [0, 38.975, -36.625], "rotation": [82.5, 0, 0], "uv": [194, 48]},
						{"origin": [-1, 35.475, -37.925], "size": [2, 2, 3], "pivot": [0, 36.475, -36.425], "rotation": [107.5, 0, 0], "uv": [198, 63]},
						{"origin": [-1, 35.475, -35.925], "size": [2, 2, 3], "pivot": [0, 36.475, -34.425], "rotation": [107.5, 0, 0], "uv": [37, 198]},
						{"origin": [-1, 35.475, -33.925], "size": [2, 2, 3], "pivot": [0, 36.475, -32.425], "rotation": [107.5, 0, 0], "uv": [12, 198]},
						{"origin": [-1, 35.175, -31.975], "size": [2, 2, 3], "pivot": [0, 36.175, -30.475], "rotation": [107.5, 0, 0], "uv": [194, 197]},
						{"origin": [-1, 37.675, -31.175], "size": [2, 2, 3], "pivot": [0, 38.675, -29.675], "rotation": [82.5, 0, 0], "uv": [194, 140]},
						{"origin": [-4, 43, -15.25], "size": [8, 10, 9], "pivot": [0, 28.25, -13.375], "rotation": [90, 0, 0], "uv": [9, 3]},
						{"origin": [-2, 42.1, -21.25], "size": [4, 3, 5], "pivot": [1, 27.35, -23.375], "rotation": [90, 0, 0], "uv": [176, 9]},
						{"origin": [-1.5, 28.875, -43.075], "size": [3, 4, 4], "pivot": [0, 30.375, -42.075], "rotation": [100, 0, 0], "uv": [184, 49]},
						{"origin": [-1.5, 28.575, -46.775], "size": [3, 4, 4], "pivot": [0, 30.075, -45.775], "rotation": [85, 0, 0], "uv": [100, 149]},
						{"origin": [-1, 29.58332, -49.77048], "size": [2, 3, 4], "pivot": [0, 30.58332, -48.27048], "rotation": [105, 0, 0], "uv": [186, 77]}
					]
				},
				{
					"name": "lower_beak",
					"parent": "head",
					"pivot": [0, 29.45034, -28.02035],
					"cubes": [
						{"origin": [-1, 29.225, -45.525], "size": [2, 3, 2], "pivot": [0, 28.975, -44.525], "rotation": [67.5, 0, 0], "uv": [140, 140]},
						{"origin": [-1.5, 24.325, -45.825], "size": [3, 5, 2], "pivot": [0, 29.075, -44.825], "rotation": [82.5, 0, 0], "uv": [106, 84]},
						{"origin": [-2, 43.1, -24.45], "size": [4, 3, 3], "pivot": [0, 28.35, -22.575], "rotation": [90, 0, 0], "uv": [135, 78]}
					]
				},
				{
					"name": "right_wing",
					"parent": "body",
					"pivot": [-8.08, 31.625, -5.775],
					"cubes": [
						{"origin": [-25, 18.5, -12], "size": [17, 4, 5], "pivot": [-19, 27.75, -13.375], "rotation": [90, 0, 0], "uv": [57, 8], "mirror": true},
						{"origin": [-25, 13.5, -4], "size": [15, 7, 1], "pivot": [-19, 25.75, -9.375], "rotation": [90, 0, 0], "uv": [90, 53], "mirror": true},
						{"origin": [-15, 8.5, 4], "size": [4, 12, 0], "pivot": [-20, 25.75, -2.375], "rotation": [90, 0, 0], "uv": [132, 132], "mirror": true},
						{"origin": [-19.9, 8.5, 4], "size": [4, 12, 0], "pivot": [-24.9, 25.75, -2.375], "rotation": [90, 0, 0], "uv": [132, 120], "mirror": true},
						{"origin": [-24.85, 8.5, 4], "size": [4, 12, 0], "pivot": [-29.85, 25.75, -2.375], "rotation": [90, 0, 0], "uv": [132, 108], "mirror": true},
						{"origin": [-26.4, -1, 3], "size": [5, 21, 0], "pivot": [-30.4, 25.25, -3.375], "rotation": [90, 0, 0], "uv": [110, 24], "mirror": true},
						{"origin": [-20.4, -1, 4], "size": [5, 21, 0], "pivot": [-24.4, 25.25, -2.375], "rotation": [90, 0, 0], "uv": [116, 84], "mirror": true},
						{"origin": [-24.85, 7.5, 4], "size": [4, 12, 0], "pivot": [-29.85, 24.75, -2.375], "rotation": [90, 0, 0], "uv": [127, 72], "mirror": true},
						{"origin": [-19.9, 7.5, 4], "size": [4, 12, 0], "pivot": [-24.9, 24.75, -2.375], "rotation": [90, 0, 0], "uv": [106, 126], "mirror": true},
						{"origin": [-15, 7.5, 4], "size": [4, 12, 0], "pivot": [-20, 24.75, -2.375], "rotation": [90, 0, 0], "uv": [126, 84], "mirror": true}
					]
				},
				{
					"name": "r_wing1",
					"parent": "right_wing",
					"pivot": [-25.05, 31.625, -6.575],
					"cubes": [
						{"origin": [-39, 19, -11], "size": [14, 3, 4], "pivot": [-36, 27.25, -13.375], "rotation": [90, 0, 0], "uv": [76, 17], "mirror": true},
						{"origin": [-39, 12.5, -5], "size": [14, 8, 1], "pivot": [-34, 25.75, -10.375], "rotation": [90, 0, 0], "uv": [97, 75], "mirror": true},
						{"origin": [-29.85, 8.5, 4], "size": [4, 12, 0], "pivot": [-34.85, 25.75, -2.375], "rotation": [90, 0, 0], "uv": [132, 96], "mirror": true},
						{"origin": [-34.85, 8.5, 4], "size": [4, 12, 0], "pivot": [-39.85, 25.75, -2.375], "rotation": [90, 0, 0], "uv": [131, 51], "mirror": true},
						{"origin": [-39.85, 8.5, 4], "size": [4, 12, 0], "pivot": [-44.85, 25.75, -2.375], "rotation": [90, 0, 0], "uv": [52, 130], "mirror": true},
						{"origin": [-39.85, 7.5, 4], "size": [4, 12, 0], "pivot": [-44.85, 24.75, -2.375], "rotation": [90, 0, 0], "uv": [60, 128], "mirror": true},
						{"origin": [-34.85, 7.5, 4], "size": [4, 12, 0], "pivot": [-39.85, 24.75, -2.375], "rotation": [90, 0, 0], "uv": [128, 27], "mirror": true},
						{"origin": [-29.85, 7.5, 4], "size": [4, 12, 0], "pivot": [-34.85, 24.75, -2.375], "rotation": [90, 0, 0], "uv": [128, 15], "mirror": true},
						{"origin": [-37.4, 4, 15], "size": [5, 27, 0], "pivot": [-41.4, 25.25, 8.625], "rotation": [90, 0, 0], "uv": [50, 103], "mirror": true},
						{"origin": [-32, 10, 16], "size": [5, 25, 0], "pivot": [-36, 25.25, 9.625], "rotation": [90, 0, 0], "uv": [106, 101], "mirror": true}
					]
				},
				{
					"name": "r_wing2",
					"parent": "r_wing1",
					"pivot": [-39.0729, 31.61591, -6.9822],
					"cubes": [
						{"origin": [-53, 18.5, -10], "size": [14, 3, 3], "pivot": [-50, 26.75, -13.375], "rotation": [90, 0, 0], "uv": [76, 39], "mirror": true},
						{"origin": [-53, 12.5, -5], "size": [14, 8, 1], "pivot": [-48, 25.75, -10.375], "rotation": [90, 0, 0], "uv": [86, 92], "mirror": true},
						{"origin": [-44.85, 8.5, 4], "size": [4, 12, 0], "pivot": [-49.85, 25.75, -2.375], "rotation": [90, 0, 0], "uv": [44, 130], "mirror": true},
						{"origin": [-49.85, 8.5, 4], "size": [4, 12, 0], "pivot": [-54.85, 25.75, -2.375], "rotation": [90, 0, 0], "uv": [130, 39], "mirror": true},
						{"origin": [-49.85, 7.5, 4], "size": [4, 12, 0], "pivot": [-54.85, 24.75, -2.375], "rotation": [90, 0, 0], "uv": [94, 129], "mirror": true},
						{"origin": [-44.85, 7.5, 4], "size": [4, 12, 0], "pivot": [-49.85, 24.75, -2.375], "rotation": [90, 0, 0], "uv": [86, 129], "mirror": true},
						{"origin": [-54.4, -1, 11], "size": [5, 35, 0], "pivot": [-58.4, 25.25, 4.625], "rotation": [90, -5, 0], "uv": [0, 88], "mirror": true},
						{"origin": [-49, -12, -1], "size": [5, 28, 0], "pivot": [-53, 25.25, -7.375], "rotation": [90, -2.5, 0], "uv": [96, 101], "mirror": true},
						{"origin": [-43.4, 3, 14], "size": [5, 29, 0], "pivot": [-47.4, 25.25, 7.625], "rotation": [90, -2.5, 0], "uv": [76, 92], "mirror": true},
						{"origin": [-54.85, 8.45, 4], "size": [4, 15, 0], "pivot": [-59.85, 25.7, -2.375], "rotation": [90, 0, 0], "uv": [126, 0], "mirror": true},
						{"origin": [-54.85, 7.45, 4], "size": [4, 15, 0], "pivot": [-59.85, 24.7, -2.375], "rotation": [90, 0, 0], "uv": [116, 125], "mirror": true}
					]
				},
				{
					"name": "r_wing3",
					"parent": "r_wing2",
					"pivot": [-52.89653, 31.622, -6.84371],
					"cubes": [
						{"origin": [-61, 19, -9], "size": [8, 2, 2], "pivot": [-64, 26.25, -13.375], "rotation": [90, 0, 0], "uv": [24, 69], "mirror": true},
						{"origin": [-77, 12.5, -7], "size": [24, 8, 0], "pivot": [-62, 25.75, -13.375], "rotation": [90, 0, 0], "uv": [57, 0], "mirror": true},
						{"origin": [-58.4, -1, 9], "size": [5, 33, 0], "pivot": [-62.4, 25.25, 2.625], "rotation": [90, -12.5, 0], "uv": [10, 88], "mirror": true},
						{"origin": [-59.6, 26.125, 9.875], "size": [4, 18, 0], "pivot": [-57.6, 32.125, 9.875], "rotation": [90, -5, 0], "uv": [124, 121], "mirror": true},
						{"origin": [-64.175, 26.125, 8.875], "size": [4, 16, 0], "pivot": [-62.175, 32.125, 8.875], "rotation": [90, -7.5, 0], "uv": [124, 105], "mirror": true},
						{"origin": [-63, -1, 7], "size": [5, 28, 0], "pivot": [-67, 25.25, 0.625], "rotation": [90, -17.5, 0], "uv": [86, 101], "mirror": true},
						{"origin": [-73.4, 21.125, 15.375], "size": [5, 31, 0], "pivot": [-70.9, 31.625, 15.375], "rotation": [90, -37.5, 0], "uv": [40, 90], "mirror": true},
						{"origin": [-69.6, 26.125, 9], "size": [4, 16, 0], "pivot": [-67.6, 32.125, 9], "rotation": [90, -5, 0], "uv": [123, 56], "mirror": true},
						{"origin": [-74.85, 26.125, 8.875], "size": [4, 19, 0], "pivot": [-72.85, 32.125, 8.875], "rotation": [90, -15, 0], "uv": [0, 123], "mirror": true},
						{"origin": [-71.4, 11.125, 4.575], "size": [5, 31, 0], "pivot": [-68.9, 31.625, 4.575], "rotation": [90, -47.5, 0], "uv": [30, 90], "mirror": true},
						{"origin": [-78.83236, 23.975, 5.94315], "size": [4, 20, 0], "pivot": [-76.83236, 31.975, 5.94315], "rotation": [90, -27.5, 0], "uv": [20, 119], "mirror": true},
						{"origin": [-82, 19.125, 5.375], "size": [5, 31, 0], "pivot": [-79.5, 31.625, 5.375], "rotation": [90, -65, 0], "uv": [20, 88], "mirror": true},
						{"origin": [-83.33236, 23.875, 2.94315], "size": [4, 20, 0], "pivot": [-81.33236, 31.875, 2.94315], "rotation": [90, -60, 0], "uv": [120, 20], "mirror": true},
						{"origin": [-84.4, 19.125, -0.625], "size": [5, 25, 0], "pivot": [-81.9, 31.625, -0.625], "rotation": [90, -82.5, 0], "uv": [60, 103], "mirror": true},
						{"origin": [-85.33236, 23.75, -3.05685], "size": [4, 23, 0], "pivot": [-83.33236, 31.75, -3.05685], "rotation": [90, -82.5, 0], "uv": [78, 121], "mirror": true},
						{"origin": [-86.4, 21.125, -5.625], "size": [5, 21, 0], "pivot": [-83.9, 31.625, -5.625], "rotation": [0, -90, 90], "uv": [140, 173]},
						{"origin": [-77, 32.125, -8.125], "size": [16, 1, 0], "pivot": [-62.5, 32.125, -8.125], "rotation": [180, 0, 0], "uv": [48, 53], "mirror": true},
						{"origin": [-77, 11.5, -7], "size": [24, 8, 0], "pivot": [-62, 24.75, -13.375], "rotation": [90, 0, 0], "uv": [48, 45], "mirror": true},
						{"origin": [-64.175, 25.25, 8.875], "size": [4, 16, 0], "pivot": [-62.175, 31.25, 8.875], "rotation": [90, -7.5, 0], "uv": [48, 0]},
						{"origin": [-59.6, 25.25, 9.875], "size": [4, 17, 0], "pivot": [-57.6, 31.25, 9.875], "rotation": [90, -5, 0], "uv": [40, 38]},
						{"origin": [-69.6, 25.25, 9], "size": [4, 16, 0], "pivot": [-67.6, 31.25, 9], "rotation": [90, -5, 0], "uv": [24, 42]},
						{"origin": [-74.85, 25.25, 8.875], "size": [4, 19, 0], "pivot": [-72.85, 31.25, 8.875], "rotation": [90, -15, 0], "uv": [28, 121], "mirror": true},
						{"origin": [-78.83236, 23.2, 5.94315], "size": [4, 20, 0], "pivot": [-76.83236, 31.2, 5.94315], "rotation": [90, -27.5, 0], "uv": [116, 105], "mirror": true},
						{"origin": [-83.33236, 23.2, 2.94315], "size": [4, 23, 0], "pivot": [-81.33236, 31.2, 2.94315], "rotation": [90, -60, 0], "uv": [118, 0], "mirror": true},
						{"origin": [-85.33236, 23.175, -3.05685], "size": [4, 25, 0], "pivot": [-83.33236, 31.175, -3.05685], "rotation": [90, -82.5, 0], "uv": [8, 22]}
					]
				},
				{
					"name": "r_leg",
					"parent": "body",
					"pivot": [-10.25, 17.875, 17.625],
					"cubes": [
						{"origin": [-13.5, -4, -20], "size": [7, 9, 10], "pivot": [-17.5, 25.25, -7.375], "rotation": [90, 0, 0], "uv": [0, 69], "mirror": true}
					]
				},
				{
					"name": "lower_r_leg",
					"parent": "r_leg",
					"pivot": [-10.5, 12.625, 17.875],
					"cubes": [
						{"origin": [-12.5, -14, -21], "size": [4, 4, 9], "pivot": [-19.5, 15.25, -9.375], "rotation": [90, 0, 0], "uv": [50, 90], "mirror": true}
					]
				},
				{
					"name": "r_foot",
					"parent": "lower_r_leg",
					"pivot": [-10.5, 3.625, 17.375],
					"cubes": [
						{"origin": [-13.5, -23, -14.5], "size": [6, 6, 3], "pivot": [-18.5, 6.25, -8.875], "rotation": [90, 0, 0], "uv": [0, 0], "mirror": true}
					]
				},
				{
					"name": "r_backtoe",
					"parent": "r_foot",
					"pivot": [-10.5, 1.375, 20.375],
					"cubes": [
						{"origin": [-11.5, -20.25, -7.5], "size": [2, 2, 2], "pivot": [-20.5, 5, -2.875], "rotation": [90, 0, 0], "uv": [42, 71], "mirror": true},
						{"origin": [-10.5, -20.25, -5.5], "size": [0, 2, 2], "pivot": [-20.5, 5, -0.875], "rotation": [90, 0, 0], "uv": [4, 15], "mirror": true}
					]
				},
				{
					"name": "r_fronttoe1",
					"parent": "r_foot",
					"pivot": [-8.025, 1.625, 14.375],
					"cubes": [
						{"origin": [-8.525, -25, -19.5], "size": [1, 2, 2], "pivot": [-18.525, 5.25, -14.875], "rotation": [90, 0, 0], "uv": [98, 61], "mirror": true}
					]
				},
				{
					"name": "r_fronttoe_1",
					"parent": "r_fronttoe1",
					"pivot": [-8.025, 1.875, 13.375],
					"cubes": [
						{"origin": [-8.525, -24, -20.5], "size": [1, 3, 3], "pivot": [-18.525, 5.25, -15.875], "rotation": [90, 0, 0], "uv": [0, 19], "mirror": true},
						{"origin": [-8.025, -24, -23.5], "size": [0, 3, 2], "pivot": [-18.025, 5.25, -18.875], "rotation": [90, 0, 0], "uv": [4, 7]}
					]
				},
				{
					"name": "r_fronttoe2",
					"parent": "r_foot",
					"pivot": [-10.5, 1.625, 14.375],
					"cubes": [
						{"origin": [-11, -25, -19.5], "size": [1, 2, 2], "pivot": [-21, 5.25, -14.875], "rotation": [90, 0, 0], "uv": [97, 24], "mirror": true}
					]
				},
				{
					"name": "r_fronttoe_2",
					"parent": "r_fronttoe2",
					"pivot": [-10.5, 1.875, 13.375],
					"cubes": [
						{"origin": [-11, -24, -20.5], "size": [1, 3, 3], "pivot": [-21, 5.25, -15.875], "rotation": [90, 0, 0], "uv": [67, 90], "mirror": true},
						{"origin": [-10.5, -24, -23.5], "size": [0, 3, 2], "pivot": [-20.5, 5.25, -18.875], "rotation": [90, 0, 0], "uv": [8, 7]}
					]
				},
				{
					"name": "r_fronttoe3",
					"parent": "r_foot",
					"pivot": [-12.975, 1.625, 14.375],
					"cubes": [
						{"origin": [-13.475, -25, -19.5], "size": [1, 2, 2], "pivot": [-23.475, 5.25, -14.875], "rotation": [90, 0, 0], "uv": [73, 75], "mirror": true}
					]
				},
				{
					"name": "r_fronttoe_3",
					"parent": "r_fronttoe3",
					"pivot": [-12.975, 1.875, 13.375],
					"cubes": [
						{"origin": [-13.475, -24, -20.5], "size": [1, 3, 3], "pivot": [-23.475, 5.25, -15.875], "rotation": [90, 0, 0], "uv": [50, 90], "mirror": true},
						{"origin": [-12.975, -24, -23.5], "size": [0, 3, 2], "pivot": [-22.975, 5.25, -18.875], "rotation": [90, 0, 0], "uv": [4, 10]}
					]
				},
				{
					"name": "left_wing",
					"parent": "body",
					"pivot": [7.90455, 31.57955, -5.625],
					"cubes": [
						{"origin": [8, 18.5, -12], "size": [17, 4, 5], "pivot": [19, 27.75, -13.375], "rotation": [90, 0, 0], "uv": [57, 8]},
						{"origin": [10, 13.5, -4], "size": [15, 7, 1], "pivot": [19, 25.75, -9.375], "rotation": [90, 0, 0], "uv": [90, 53]},
						{"origin": [11, 8.5, 4], "size": [4, 12, 0], "pivot": [20, 25.75, -2.375], "rotation": [90, 0, 0], "uv": [132, 132]},
						{"origin": [15.4, -1, 4], "size": [5, 21, 0], "pivot": [24.4, 25.25, -2.375], "rotation": [90, 0, 0], "uv": [116, 84]},
						{"origin": [15.9, 8.5, 4], "size": [4, 12, 0], "pivot": [24.9, 25.75, -2.375], "rotation": [90, 0, 0], "uv": [132, 120]},
						{"origin": [21.4, -1, 3], "size": [5, 21, 0], "pivot": [30.4, 25.25, -3.375], "rotation": [90, 0, 0], "uv": [110, 24]},
						{"origin": [20.85, 8.5, 4], "size": [4, 12, 0], "pivot": [29.85, 25.75, -2.375], "rotation": [90, 0, 0], "uv": [132, 108]},
						{"origin": [11, 7.5, 4], "size": [4, 12, 0], "pivot": [20, 24.75, -2.375], "rotation": [90, 0, 0], "uv": [126, 84]},
						{"origin": [15.9, 7.5, 4], "size": [4, 12, 0], "pivot": [24.9, 24.75, -2.375], "rotation": [90, 0, 0], "uv": [106, 126]},
						{"origin": [20.85, 7.5, 4], "size": [4, 12, 0], "pivot": [29.85, 24.75, -2.375], "rotation": [90, 0, 0], "uv": [127, 72]}
					]
				},
				{
					"name": "l_wing1",
					"parent": "left_wing",
					"pivot": [24.88942, 31.675, -6.89739],
					"cubes": [
						{"origin": [38.4, 3, 14], "size": [5, 29, 0], "pivot": [47.4, 25.25, 7.625], "rotation": [90, 2.5, 0], "uv": [76, 92]},
						{"origin": [32.4, 4, 15], "size": [5, 27, 0], "pivot": [41.4, 25.25, 8.625], "rotation": [90, 0, 0], "uv": [50, 103]},
						{"origin": [27, 10, 16], "size": [5, 25, 0], "pivot": [36, 25.25, 9.625], "rotation": [90, 0, 0], "uv": [106, 101]},
						{"origin": [25.85, 8.5, 4], "size": [4, 12, 0], "pivot": [34.85, 25.75, -2.375], "rotation": [90, 0, 0], "uv": [132, 96]},
						{"origin": [30.85, 8.5, 4], "size": [4, 12, 0], "pivot": [39.85, 25.75, -2.375], "rotation": [90, 0, 0], "uv": [131, 51]},
						{"origin": [35.85, 8.5, 4], "size": [4, 12, 0], "pivot": [44.85, 25.75, -2.375], "rotation": [90, 0, 0], "uv": [52, 130]},
						{"origin": [25, 12.5, -5], "size": [14, 8, 1], "pivot": [34, 25.75, -10.375], "rotation": [90, 0, 0], "uv": [97, 75]},
						{"origin": [25, 19, -11], "size": [14, 3, 4], "pivot": [36, 27.25, -13.375], "rotation": [90, 0, 0], "uv": [76, 17]},
						{"origin": [25.85, 7.5, 4], "size": [4, 12, 0], "pivot": [34.85, 24.75, -2.375], "rotation": [90, 0, 0], "uv": [128, 15]},
						{"origin": [30.85, 7.5, 4], "size": [4, 12, 0], "pivot": [39.85, 24.75, -2.375], "rotation": [90, 0, 0], "uv": [128, 27]},
						{"origin": [35.85, 7.5, 4], "size": [4, 12, 0], "pivot": [44.85, 24.75, -2.375], "rotation": [90, 0, 0], "uv": [60, 128]}
					]
				},
				{
					"name": "l_wing2",
					"parent": "l_wing1",
					"pivot": [38.93077, 31.615, -6.74554],
					"cubes": [
						{"origin": [49.4, -1, 11], "size": [5, 35, 0], "pivot": [58.4, 25.25, 4.625], "rotation": [90, 5, 0], "uv": [0, 88]},
						{"origin": [44, -12, -1], "size": [5, 28, 0], "pivot": [53, 25.25, -7.375], "rotation": [90, 2.5, 0], "uv": [96, 101]},
						{"origin": [40.85, 8.5, 4], "size": [4, 12, 0], "pivot": [49.85, 25.75, -2.375], "rotation": [90, 0, 0], "uv": [44, 130]},
						{"origin": [45.85, 8.5, 4], "size": [4, 12, 0], "pivot": [54.85, 25.75, -2.375], "rotation": [90, 0, 0], "uv": [130, 39]},
						{"origin": [50.85, 8.45, 4], "size": [4, 15, 0], "pivot": [59.85, 25.7, -2.375], "rotation": [90, 0, 0], "uv": [126, 0]},
						{"origin": [39, 12.5, -5], "size": [14, 8, 1], "pivot": [48, 25.75, -10.375], "rotation": [90, 0, 0], "uv": [86, 92]},
						{"origin": [39, 18.5, -10], "size": [14, 3, 3], "pivot": [50, 26.75, -13.375], "rotation": [90, 0, 0], "uv": [76, 39]},
						{"origin": [40.85, 7.5, 4], "size": [4, 12, 0], "pivot": [49.85, 24.75, -2.375], "rotation": [90, 0, 0], "uv": [86, 129]},
						{"origin": [45.85, 7.5, 4], "size": [4, 12, 0], "pivot": [54.85, 24.75, -2.375], "rotation": [90, 0, 0], "uv": [94, 129]},
						{"origin": [50.85, 7.45, 4], "size": [4, 15, 0], "pivot": [59.85, 24.7, -2.375], "rotation": [90, 0, 0], "uv": [116, 125]}
					]
				},
				{
					"name": "l_wing3",
					"parent": "l_wing2",
					"pivot": [52.89653, 31.622, -6.84371],
					"cubes": [
						{"origin": [53.4, -1, 9], "size": [5, 33, 0], "pivot": [62.4, 25.25, 2.625], "rotation": [90, 12.5, 0], "uv": [10, 88]},
						{"origin": [66.4, 11.125, 4.575], "size": [5, 31, 0], "pivot": [68.9, 31.625, 4.575], "rotation": [90, 47.5, 0], "uv": [30, 90]},
						{"origin": [68.4, 21.125, 15.375], "size": [5, 31, 0], "pivot": [70.9, 31.625, 15.375], "rotation": [90, 37.5, 0], "uv": [40, 90]},
						{"origin": [58, -1, 7], "size": [5, 28, 0], "pivot": [67, 25.25, 0.625], "rotation": [90, 17.5, 0], "uv": [86, 101]},
						{"origin": [81.4, 21.125, -5.625], "size": [5, 21, 0], "pivot": [83.9, 31.625, -5.625], "rotation": [0, 90, -90], "uv": [140, 173], "mirror": true},
						{"origin": [79.4, 19.125, -0.625], "size": [5, 25, 0], "pivot": [81.9, 31.625, -0.625], "rotation": [90, 82.5, 0], "uv": [60, 103]},
						{"origin": [77, 19.125, 5.375], "size": [5, 31, 0], "pivot": [79.5, 31.625, 5.375], "rotation": [90, 65, 0], "uv": [20, 88]},
						{"origin": [55.6, 26.125, 9.875], "size": [4, 18, 0], "pivot": [57.6, 32.125, 9.875], "rotation": [90, 5, 0], "uv": [124, 121]},
						{"origin": [60.175, 26.125, 8.875], "size": [4, 16, 0], "pivot": [62.175, 32.125, 8.875], "rotation": [90, 7.5, 0], "uv": [124, 105]},
						{"origin": [65.6, 26.125, 9], "size": [4, 16, 0], "pivot": [67.6, 32.125, 9], "rotation": [90, 5, 0], "uv": [123, 56]},
						{"origin": [70.85, 26.125, 8.875], "size": [4, 19, 0], "pivot": [72.85, 32.125, 8.875], "rotation": [90, 15, 0], "uv": [0, 123]},
						{"origin": [81.33236, 23.75, -3.05685], "size": [4, 23, 0], "pivot": [83.33236, 31.75, -3.05685], "rotation": [90, 82.5, 0], "uv": [78, 121]},
						{"origin": [79.33236, 23.875, 2.94315], "size": [4, 20, 0], "pivot": [81.33236, 31.875, 2.94315], "rotation": [90, 60, 0], "uv": [120, 20]},
						{"origin": [74.83236, 23.975, 5.94315], "size": [4, 20, 0], "pivot": [76.83236, 31.975, 5.94315], "rotation": [90, 27.5, 0], "uv": [20, 119]},
						{"origin": [55.6, 25.25, 9.875], "size": [4, 17, 0], "pivot": [57.6, 31.25, 9.875], "rotation": [90, 5, 0], "uv": [40, 38], "mirror": true},
						{"origin": [60.175, 25.25, 8.875], "size": [4, 16, 0], "pivot": [62.175, 31.25, 8.875], "rotation": [90, 7.5, 0], "uv": [48, 0], "mirror": true},
						{"origin": [65.6, 25.25, 9], "size": [4, 16, 0], "pivot": [67.6, 31.25, 9], "rotation": [90, 5, 0], "uv": [24, 42], "mirror": true},
						{"origin": [70.85, 25.25, 8.875], "size": [4, 19, 0], "pivot": [72.85, 31.25, 8.875], "rotation": [90, 15, 0], "uv": [28, 121]},
						{"origin": [74.83236, 23.2, 5.94315], "size": [4, 20, 0], "pivot": [76.83236, 31.2, 5.94315], "rotation": [90, 27.5, 0], "uv": [116, 105]},
						{"origin": [79.33236, 23.2, 2.94315], "size": [4, 23, 0], "pivot": [81.33236, 31.2, 2.94315], "rotation": [90, 60, 0], "uv": [118, 0]},
						{"origin": [81.33236, 23.175, -3.05685], "size": [4, 25, 0], "pivot": [83.33236, 31.175, -3.05685], "rotation": [90, 82.5, 0], "uv": [36, 121]},
						{"origin": [53, 12.5, -7], "size": [24, 8, 0], "pivot": [62, 25.75, -13.375], "rotation": [90, 0, 0], "uv": [57, 0]},
						{"origin": [61, 32.125, -8.125], "size": [16, 1, 0], "pivot": [62.5, 32.125, -8.125], "rotation": [180, 0, 0], "uv": [48, 53]},
						{"origin": [53, 11.5, -7], "size": [24, 8, 0], "pivot": [62, 24.75, -13.375], "rotation": [90, 0, 0], "uv": [48, 45]},
						{"origin": [53, 19, -9], "size": [8, 2, 2], "pivot": [64, 26.25, -13.375], "rotation": [90, 0, 0], "uv": [24, 69]}
					]
				},
				{
					"name": "l_leg",
					"parent": "body",
					"pivot": [10.25, 17.875, 17.625],
					"cubes": [
						{"origin": [6.5, -4, -20], "size": [7, 9, 10], "pivot": [17.5, 25.25, -7.375], "rotation": [90, 0, 0], "uv": [0, 69]}
					]
				},
				{
					"name": "lower_l_leg",
					"parent": "l_leg",
					"pivot": [10.5, 12.625, 17.875],
					"cubes": [
						{"origin": [8.5, -14, -21], "size": [4, 4, 9], "pivot": [19.5, 15.25, -9.375], "rotation": [90, 0, 0], "uv": [50, 90]}
					]
				},
				{
					"name": "l_foot",
					"parent": "lower_l_leg",
					"pivot": [10.5, 3.625, 17.375],
					"cubes": [
						{"origin": [7.5, -23, -14.5], "size": [6, 6, 3], "pivot": [18.5, 6.25, -8.875], "rotation": [90, 0, 0], "uv": [0, 0]}
					]
				},
				{
					"name": "l_backtoe",
					"parent": "l_foot",
					"pivot": [10.5, 1.375, 20.375],
					"cubes": [
						{"origin": [9.5, -20.25, -7.5], "size": [2, 2, 2], "pivot": [20.5, 5, -2.875], "rotation": [90, 0, 0], "uv": [42, 71]},
						{"origin": [10.5, -20.25, -5.5], "size": [0, 2, 2], "pivot": [20.5, 5, -0.875], "rotation": [90, 0, 0], "uv": [4, 15]}
					]
				},
				{
					"name": "l_fronttoe1",
					"parent": "l_foot",
					"pivot": [8.025, 1.625, 14.375],
					"cubes": [
						{"origin": [7.525, -25, -19.5], "size": [1, 2, 2], "pivot": [18.525, 5.25, -14.875], "rotation": [90, 0, 0], "uv": [98, 61]}
					]
				},
				{
					"name": "l_fronttoe_1",
					"parent": "l_fronttoe1",
					"pivot": [8.025, 1.875, 13.375],
					"cubes": [
						{"origin": [7.525, -24, -20.5], "size": [1, 3, 3], "pivot": [18.525, 5.25, -15.875], "rotation": [90, 0, 0], "uv": [0, 19]},
						{"origin": [8.025, -24, -23.5], "size": [0, 3, 2], "pivot": [18.025, 5.25, -18.875], "rotation": [90, 0, 0], "uv": [4, 7], "mirror": true}
					]
				},
				{
					"name": "l_fronttoe2",
					"parent": "l_foot",
					"pivot": [10.5, 1.625, 14.375],
					"cubes": [
						{"origin": [10, -25, -19.5], "size": [1, 2, 2], "pivot": [21, 5.25, -14.875], "rotation": [90, 0, 0], "uv": [97, 24]}
					]
				},
				{
					"name": "l_fronttoe_2",
					"parent": "l_fronttoe2",
					"pivot": [10.5, 1.875, 13.375],
					"cubes": [
						{"origin": [10.5, -24, -23.5], "size": [0, 3, 2], "pivot": [20.5, 5.25, -18.875], "rotation": [90, 0, 0], "uv": [8, 7], "mirror": true},
						{"origin": [10, -24, -20.5], "size": [1, 3, 3], "pivot": [21, 5.25, -15.875], "rotation": [90, 0, 0], "uv": [67, 90]}
					]
				},
				{
					"name": "l_fronttoe3",
					"parent": "l_foot",
					"pivot": [12.975, 1.625, 14.375],
					"cubes": [
						{"origin": [12.475, -25, -19.5], "size": [1, 2, 2], "pivot": [23.475, 5.25, -14.875], "rotation": [90, 0, 0], "uv": [73, 75]}
					]
				},
				{
					"name": "l_fronttoe_3",
					"parent": "l_fronttoe3",
					"pivot": [12.975, 1.875, 13.375],
					"cubes": [
						{"origin": [12.475, -24, -20.5], "size": [1, 3, 3], "pivot": [23.475, 5.25, -15.875], "rotation": [90, 0, 0], "uv": [50, 90]},
						{"origin": [12.975, -24, -23.5], "size": [0, 3, 2], "pivot": [22.975, 5.25, -18.875], "rotation": [90, 0, 0], "uv": [4, 10], "mirror": true}
					]
				}
			]
		}
	]
}