{
	"format_version": "1.12.0",
	"minecraft:geometry": [
		{
			"description": {
				"identifier": "geometry.bisharp",
				"texture_width": 128,
				"texture_height": 128,
				"visible_bounds_width": 4,
				"visible_bounds_height": 4.5,
				"visible_bounds_offset": [0, 1.75, 0]
			},
			"bones": [
				{
					"name": "bisharp",
					"pivot": [-0.425, 0.025, 0]
				},
				{
					"name": "body",
					"parent": "bisharp",
					"pivot": [-0.425, 0.025, 0]
				},
				{
					"name": "leg_upper_right",
					"parent": "body",
					"pivot": [-1.725, 14.425, -0.5],
					"cubes": [
						{"origin": [-6.185, 12.3, -2.66], "size": [5, 4, 5], "uv": [20, 41], "mirror": true},
						{"origin": [-5.64, 9.44, -2.31], "size": [4, 4, 4], "uv": [42, 27], "mirror": true},
						{"origin": [-7.17, 10.16, -3.115], "size": [6, 5, 6], "uv": [0, 30], "mirror": true}
					]
				},
				{
					"name": "bone13",
					"parent": "leg_upper_right",
					"pivot": [-3.2, 9.90112, -1.01732],
					"cubes": [
						{"origin": [-4.45, 7.325, -2.21], "size": [2, 3, 2], "inflate": 0, "pivot": [-4.435, 10.74, -1.595], "rotation": [22.5, 0, 0], "uv": [46, 59], "mirror": true}
					]
				},
				{
					"name": "bone16",
					"parent": "bone13",
					"pivot": [-3.3, 8.125, 0.325],
					"cubes": [
						{"origin": [-4.99, 5.75092, -1.18663], "size": [3, 3, 3], "inflate": -0.1, "pivot": [-3.49, 7.25092, 0.31337], "rotation": [22.5, 0, 0], "uv": [0, 51]},
						{"origin": [-4.99, 0.452, -1.71373], "size": [3, 7, 3], "inflate": -0.075, "pivot": [-3.765, 4.06095, -0.62645], "rotation": [-20, 0, 0], "uv": [48, 49]}
					]
				},
				{
					"name": "bone17",
					"parent": "bone16",
					"pivot": [-3.275, 2.21385, -0.64447],
					"cubes": [
						{"origin": [-4.99, 0.10122, -3.15526], "size": [3, 2, 3], "inflate": 0.125, "pivot": [-3.705, 0.72661, -3.05336], "rotation": [0, 0, 0], "uv": [54, 26]},
						{"origin": [-2.59, 0.00122, -5.28026], "size": [0, 2, 3], "pivot": [-4.305, 0.62661, -5.17836], "rotation": [0, 0, 0], "uv": [22, 19]},
						{"origin": [-4.465, -0.02378, -5.28026], "size": [0, 2, 3], "pivot": [-6.18, 0.60161, -5.17836], "rotation": [0, 0, 0], "uv": [22, 17]},
						{"origin": [-4.99, 0.45122, -2.88026], "size": [3, 2, 2], "inflate": -0.25, "pivot": [-3.705, 1.07661, -2.77836], "rotation": [27.5, 0, 0], "uv": [15, 41]}
					]
				},
				{
					"name": "torso",
					"parent": "body",
					"pivot": [0.075, 13.925, -0.15],
					"cubes": [
						{"origin": [-1.425, 25.35, -1.35], "size": [3, 3, 2], "uv": [0, 14]},
						{"origin": [-2.425, 12.25, -2.3], "size": [5, 14, 4], "inflate": -0.05, "uv": [0, 68]},
						{"origin": [-4.85, 17.25, -7.525], "size": [10, 0, 10], "uv": [0, 0]},
						{"origin": [-4.85, 21.225, -7.525], "size": [10, 0, 10], "uv": [0, 0]}
					]
				},
				{
					"name": "arm_right",
					"parent": "torso",
					"pivot": [-1.85, 25.225, -0.8],
					"rotation": [-0.74825, -0.40398, -4.92457],
					"cubes": [
						{"origin": [-6.45, 23.225, -1.8], "size": [6, 3, 3], "inflate": -0.125, "pivot": [-1.85, 25.225, -0.8], "rotation": [0, 0, 27.5], "uv": [48, 11], "mirror": true}
					]
				},
				{
					"name": "bone9",
					"parent": "arm_right",
					"pivot": [-3.25, 25.375, -0.3],
					"rotation": [0, 0, 82.5],
					"cubes": [
						{"origin": [-3.75, 19.85, -0.8], "size": [1, 6, 1], "uv": [14, 60]}
					]
				},
				{
					"name": "bone10",
					"parent": "bone9",
					"pivot": [-3.25, 20.85, -0.9],
					"cubes": [
						{"origin": [-4.65, 13.9, -2.35], "size": [2, 7, 4], "uv": [48, 0]},
						{"origin": [-4.025, 14.05, -3.45], "size": [1, 1, 2], "pivot": [-3.525, 14.55, -2.025], "rotation": [27.5, -12.5, 0], "uv": [18, 33]},
						{"origin": [-4.65, 19.6, -2.325], "size": [1, 3, 3], "inflate": -0.075, "pivot": [-4.15, 21.6, -0.325], "rotation": [45, 0, 0], "uv": [26, 57]}
					]
				},
				{
					"name": "bone11",
					"parent": "bone10",
					"pivot": [-4.1, 18.9, -1.5],
					"cubes": [
						{"origin": [-9, 15.95, -0.35], "size": [5, 7, 0], "uv": [0, 0], "mirror": true}
					]
				},
				{
					"name": "bone14",
					"parent": "bone10",
					"pivot": [-3.5, 14.025, -0.85],
					"cubes": [
						{"origin": [-4.125, 11.8, -1.875], "size": [1, 3, 3], "inflate": 0.05, "uv": [0, 57]}
					]
				},
				{
					"name": "bone18",
					"parent": "bone14",
					"pivot": [-3.5, 12.825, -0.85],
					"cubes": [
						{"origin": [-4.125, 9.95, -1.325], "size": [1, 3, 2], "inflate": -0.1, "uv": [29, 50]}
					]
				},
				{
					"name": "arm_left",
					"parent": "torso",
					"pivot": [1.85, 25.225, -0.8],
					"rotation": [-0.74825, 0.40398, 4.92457],
					"cubes": [
						{"origin": [0.45, 23.225, -1.8], "size": [6, 3, 3], "inflate": -0.125, "pivot": [1.85, 25.225, -0.8], "rotation": [0, 0, -27.5], "uv": [48, 11]}
					]
				},
				{
					"name": "bone2",
					"parent": "arm_left",
					"pivot": [3.25, 25.375, -0.3],
					"rotation": [0, 0, -82.5],
					"cubes": [
						{"origin": [2.75, 19.85, -0.8], "size": [1, 6, 1], "uv": [60, 4]}
					]
				},
				{
					"name": "bone3",
					"parent": "bone2",
					"pivot": [3.25, 20.85, -0.9],
					"cubes": [
						{"origin": [2.65, 13.9, -2.35], "size": [2, 7, 4], "uv": [48, 0]},
						{"origin": [3.025, 14.05, -3.45], "size": [1, 1, 2], "pivot": [3.525, 14.55, -2.025], "rotation": [27.5, 12.5, 0], "uv": [0, 32]},
						{"origin": [3.65, 19.6, -2.325], "size": [1, 3, 3], "inflate": -0.075, "pivot": [4.15, 21.6, -0.325], "rotation": [45, 0, 0], "uv": [9, 54]}
					]
				},
				{
					"name": "bone6",
					"parent": "bone3",
					"pivot": [4.1, 18.9, -1.5],
					"cubes": [
						{"origin": [4, 15.75, -0.35], "size": [5, 7, 0], "uv": [0, 0]}
					]
				},
				{
					"name": "bone7",
					"parent": "bone3",
					"pivot": [3.5, 14.025, -0.85],
					"cubes": [
						{"origin": [3.125, 11.8, -1.875], "size": [1, 3, 3], "inflate": 0.05, "uv": [0, 57]}
					]
				},
				{
					"name": "bone8",
					"parent": "bone7",
					"pivot": [3.5, 12.825, -0.85],
					"cubes": [
						{"origin": [3.125, 9.95, -1.325], "size": [1, 3, 2], "inflate": -0.1, "uv": [29, 50]}
					]
				},
				{
					"name": "head",
					"parent": "torso",
					"pivot": [0.45, 27.525, -1.075],
					"cubes": [
						{"origin": [-2.625, 27.075, -3.85], "size": [5, 5, 5], "inflate": -0.175, "pivot": [-0.625, 27.075, -0.85], "rotation": [0, -45, 0], "uv": [0, 41]},
						{"origin": [-0.55, 27.525, -2.075], "size": [2, 2, 2], "uv": [0, 0]}
					]
				},
				{
					"name": "helm",
					"parent": "head",
					"pivot": [0.075, 31.175, -0.5],
					"rotation": [12.5, 0, 0],
					"cubes": [
						{"origin": [3.075, 27.175, -3.6], "size": [0, 2, 6], "pivot": [0.075, 29.175, -0.6], "rotation": [0, -45, 0], "uv": [18, 25]},
						{"origin": [2.19632, 29.175, -1.47868], "size": [0, 5, 6], "pivot": [2.19632, 31.675, 1.52132], "rotation": [0, 135, 0], "uv": [116, 42]},
						{"origin": [2.19632, 29.175, -1.47868], "size": [0, 5, 6], "pivot": [2.19632, 31.675, 1.52132], "rotation": [0, 135, 0], "uv": [116, 42]},
						{"origin": [-2.925, 29.175, -3.6], "size": [6, 5, 6], "pivot": [0.075, 31.175, -0.6], "rotation": [0, -45, 0], "uv": [104, 42]},
						{"origin": [-5.04632, 29.175, 1.52132], "size": [6, 5, 0], "pivot": [-2.04632, 31.675, 1.52132], "rotation": [0, 135, 0], "uv": [116, 48]},
						{"origin": [-5.04632, 29.175, 1.52132], "size": [6, 5, 0], "pivot": [-2.04632, 31.675, 1.52132], "rotation": [0, -45, 0], "uv": [116, 48]},
						{"origin": [1.075, 27.175, -3.6], "size": [2, 2, 0], "pivot": [0.075, 31.175, -0.6], "rotation": [0, -45, 0], "uv": [30, 0]},
						{"origin": [-2.925, 27.175, 0.4], "size": [0, 2, 2], "pivot": [0.075, 31.175, -0.6], "rotation": [0, -45, 0], "uv": [30, 0]},
						{"origin": [-2.925, 27.175, 2.4], "size": [6, 2, 0], "pivot": [0.075, 31.175, -0.6], "rotation": [0, -45, 0], "uv": [30, 17]},
						{"origin": [0.075, 29.175, -8.5], "size": [0, 11, 11], "uv": [66, -11]}
					]
				},
				{
					"name": "bone12",
					"parent": "head",
					"pivot": [-1.90355, 30.075, -2.28566],
					"cubes": [
						{"origin": [-3.01789, 29.1, -2.04289], "size": [2, 2, 0], "pivot": [-2.01789, 29.6, -2.04289], "rotation": [-12.2127, 43.65747, -17.40744], "uv": [22, 33]},
						{"origin": [-2.35355, 29.575, -2.21066], "size": [1, 1, 0], "pivot": [-1.85355, 30.075, -2.21066], "rotation": [-36.40051, 28.53623, -57.05902], "uv": [0, 14]}
					]
				},
				{
					"name": "bone",
					"parent": "head",
					"pivot": [1.97855, 30.125, -2.38566],
					"cubes": [
						{"origin": [1.09289, 29.15, -2.14289], "size": [2, 2, 0], "pivot": [2.09289, 29.65, -2.14289], "rotation": [-12.2127, -43.65747, 17.40744], "uv": [26, 33]},
						{"origin": [1.40355, 29.625, -2.33566], "size": [1, 1, 0], "pivot": [1.90355, 30.125, -2.33566], "rotation": [-36.40051, -28.53623, 57.05902], "uv": [8, 14]}
					]
				},
				{
					"name": "bone19",
					"parent": "bone",
					"pivot": [2.11789, 29.65, -1.69289],
					"cubes": [
						{"origin": [1.09289, 29.15, -1.69289], "size": [2, 2, 0], "pivot": [2.09289, 29.65, -1.69289], "rotation": [-12.2127, -43.65747, 17.40744], "uv": [30, 33]}
					]
				},
				{
					"name": "bone20",
					"parent": "bone19",
					"pivot": [-2.04289, 29.575, -1.54289],
					"cubes": [
						{"origin": [-3.04289, 29.075, -1.54289], "size": [2, 2, 0], "pivot": [-2.04289, 29.575, -1.54289], "rotation": [-12.2127, 43.65747, -17.40744], "uv": [30, 33]}
					]
				},
				{
					"name": "leg_upper_left",
					"parent": "body",
					"pivot": [1.75, 14.425, -0.5],
					"cubes": [
						{"origin": [1.21, 12.3, -2.66], "size": [5, 4, 5], "uv": [20, 41]},
						{"origin": [1.665, 9.44, -2.31], "size": [4, 4, 4], "uv": [42, 27]},
						{"origin": [1.195, 10.16, -3.115], "size": [6, 5, 6], "uv": [0, 30]}
					]
				},
				{
					"name": "bone4",
					"parent": "leg_upper_left",
					"pivot": [3.225, 9.90112, -1.01732],
					"cubes": [
						{"origin": [2.475, 7.325, -2.21], "size": [2, 3, 2], "inflate": 0, "pivot": [4.46, 10.74, -1.595], "rotation": [22.5, 0, 0], "uv": [46, 59]}
					]
				},
				{
					"name": "bone15",
					"parent": "bone4",
					"pivot": [3.325, 8.125, 0.325],
					"cubes": [
						{"origin": [2.015, 5.75092, -1.18663], "size": [3, 3, 3], "inflate": -0.1, "pivot": [3.515, 7.25092, 0.31337], "rotation": [22.5, 0, 0], "uv": [56, 41]},
						{"origin": [2.015, 0.452, -1.71373], "size": [3, 7, 3], "inflate": -0.075, "pivot": [3.79, 4.06095, -0.62645], "rotation": [-20, 0, 0], "uv": [17, 50]}
					]
				},
				{
					"name": "bone5",
					"parent": "bone15",
					"pivot": [3.3, 2.21385, -0.64447],
					"cubes": [
						{"origin": [2.015, 0.10122, -3.15526], "size": [3, 2, 3], "inflate": 0.125, "pivot": [3.73, 0.72661, -3.05336], "rotation": [0, 0, 0], "uv": [55, 17]},
						{"origin": [2.615, 0.00122, -5.28026], "size": [0, 2, 3], "pivot": [4.33, 0.62661, -5.17836], "rotation": [0, 0, 0], "uv": [0, 27]},
						{"origin": [4.49, -0.02378, -5.28026], "size": [0, 2, 3], "pivot": [6.205, 0.60161, -5.17836], "rotation": [0, 0, 0], "uv": [22, 21]},
						{"origin": [2.015, 0.45122, -2.88026], "size": [3, 2, 2], "inflate": -0.25, "pivot": [3.73, 1.07661, -2.77836], "rotation": [27.5, 0, 0], "uv": [56, 0]}
					]
				}
			]
		}
	]
}