{
  "implemented": true,
  "name": "Miraidon",
  "nationalPokedexNumber": 1008,
  "primaryType": "electric",
  "secondaryType": "dragon",
  "abilities": [
    "hadronengine"
  ],
  "baseStats": {
    "hp": 100,
    "attack": 85,
    "defence": 100,
    "special_attack": 135,
    "special_defence": 115,
    "speed": 135
  },
  "catchRate": 3,
  "maleRatio": -1,
  "baseExperienceYield": 335,
  "baseFriendship": 0,
  "evYield": {
    "hp": 0,
    "attack": 0,
    "defence": 0,
    "special_attack": 3,
    "special_defence": 0,
    "speed": 0
  },
  "experienceGroup": "slow",
  "eggCycles": 50,
  "eggGroups": [
    "undiscovered"
  ],
  "moves": [
    "1:dragonbreath",
    "1:electricterrain",
    "1:thundershock",
    "7:shockwave",
    "14:charge",
    "21:paraboliccharge",
    "28:discharge",
    "35:agility",
    "42:dragonpulse",
    "56:electrodrift",
    "63:metalsound",
    "70:mirrorcoat",
    "77:outrage",
    "84:thunder",
    "91:overheat",
    "98:hyperbeam",
    "tm:acrobatics",
    "tm:agility",
    "tm:bodyslam",
    "tm:calmmind",
    "tm:charge",
    "tm:chargebeam",
    "tm:confuseray",
    "tm:crunch",
    "tm:dazzlinggleam",
    "tm:dracometeor",
    "tm:dragoncheer",
    "tm:dragonclaw",
    "tm:dragonpulse",
    "tm:dragontail",
    "tm:eerieimpulse",
    "tm:electricterrain",
    "tm:electroball",
    "tm:endure",
    "tm:facade",
    "tm:flashcannon",
    "tm:gigaimpact",
    "tm:heavyslam",
    "tm:helpinghand",
    "tm:hyperbeam",
    "tm:lightscreen",
    "tm:metalsound",
    "tm:outrage",
    "tm:overheat",
    "tm:powergem",
    "tm:protect",
    "tm:reflect",
    "tm:rest",
    "tm:scaryface",
    "tm:sleeptalk",
    "tm:snarl",
    "tm:solarbeam",
    "tm:substitute",
    "tm:supercellslam",
    "tm:swordsdance",
    "tm:takedown",
    "tm:taunt",
    "tm:terablast",
    "tm:thunder",
    "tm:thunderbolt",
    "tm:thunderwave",
    "tm:uturn",
    "tm:voltswitch",
    "tm:wildcharge",
    "tm:zenheadbutt"
  ],
  "labels": [
    "gen9",
    "legendary"
  ],
  "aspects": [],
  "height": 35,
  "weight": 2400,
  "evolutions": [
    {
      "id": "miraidon_miraidonpd",
      "variant": "level_up",
      "result": "miraidonpd",
      "consumeHeldItem": false,
      "learnableMoves": [],
      "requirements": [
        {
          "variant": "level",
          "minLevel": 1
        }
      ]
    }
  ],
  "baseScale": 1.5,
  "hitbox": {
    "width": 2,
    "height": 3,
    "fixed": false
  },
  "cannotDynamax": false,
  "pokedex": [
    "cobblemon.species.miraidon.desc"
  ]
}
