{
	"format_version": "1.8.0",
	"animations": {
		"animation.absol.cry": {
			"animation_length": 1,
			"bones": {
				"neck_upper": {
					"rotation": {
						"0.0": [0, 0, 0],
						"0.3333": [-17.5, 0, 0],
						"0.6667": [-17.5, 0, 0],
						"1.0": [0, 0, 0]
					}
				},
				"mouth_closed": {
					"position": {
						"0.0": [0, 0, 0],
						"0.25": [0, 0, 0],
						"0.2917": [0, 0, 1],
						"0.7083": [0, 0, 1],
						"0.75": [0, 0, 0],
						"1.0": [0, 0, 0]
					}
				},
				"mouth_open": {
					"position": {
						"0.0": [0, 0, 0],
						"0.3333": [0, 0, -1],
						"0.6667": [0, 0, -1],
						"1.0": [0, 0, 0]
					}
				}
			}
		},
		"animation.absol.ground_idle": {
			"loop": true,
			"bones": {
				"leg_back_left2": {
					"rotation": [0, 0, 0]
				},
				"leg_back_left3": {
					"rotation": ["0+0.4*(math.sin(q.anim_time*90)*4)", 0, 7.5]
				},
				"foot_back_left": {
					"rotation": [0, 0, 0]
				},
				"foot_back_left2": {
					"rotation": [-5, 0, 0]
				},
				"body": {
					"position": [0, "0+0.1*(math.sin(q.anim_time*90)*1)", 0]
				},
				"neck_fluff_front": {
					"rotation": ["0+0.2*(math.sin(q.anim_time*90-40)*4)", 0, 0]
				},
				"neck_fluff_front2": {
					"rotation": ["0+0.3*(math.sin(q.anim_time*90-80)*4)", 0, 0]
				},
				"neck_fluff_front3": {
					"rotation": ["-7.5+0.4*(math.sin(q.anim_time*90-120)*4)", 0, 0]
				},
				"leg_front_left": {
					"rotation": ["-5+0.4*(math.sin(q.anim_time*90)*4)", 0, 0],
					"position": [0, 0.5, "-1-0.05*(math.sin(q.anim_time*90)*4)"]
				},
				"leg_front_left3": {
					"rotation": ["7.4906-0.4*(math.sin(q.anim_time*90)*4)", -2.46124, 0.43865]
				},
				"leg_front_right": {
					"rotation": ["5+0.4*(math.sin(q.anim_time*90)*4)", 0, 0],
					"position": [0, 0, "0-0.05*(math.sin(q.anim_time*90)*4)"]
				},
				"leg_front_right3": {
					"rotation": ["-5-0.4*(math.sin(q.anim_time*90)*4)", 0, 0]
				},
				"foot_front_right": {
					"rotation": ["5+0.7*(math.sin(q.anim_time*90)*4)", 0, 0]
				},
				"foot_front_right2": {
					"rotation": ["-5-0.75*(math.sin(q.anim_time*90)*4)", 0, 0]
				},
				"leg_back_left": {
					"rotation": ["5-0.4*(math.sin(q.anim_time*90)*4)", 0, -5],
					"position": [0, "0+0.02*(math.sin(q.anim_time*90)*4)", "0+0.05*(math.sin(q.anim_time*90)*4)"]
				},
				"leg_back_right": {
					"rotation": ["0-0.4*(math.sin(q.anim_time*90)*4)", 0, 5],
					"position": [0, "0+0.02*(math.sin(q.anim_time*90)*4)", "0+0.05*(math.sin(q.anim_time*90)*4)"]
				},
				"leg_back_right3": {
					"rotation": ["0+0.4*(math.sin(q.anim_time*90)*4)", 0, -7.5]
				},
				"tail": {
					"rotation": ["0-0.4*(math.sin(q.anim_time*90-80)*4)", "0-1*(math.sin(q.anim_time*45-80)*4)+2*(math.sin(q.anim_time*45-40)*4)", 0]
				},
				"neck_lower": {
					"rotation": ["0-0.2*(math.sin(q.anim_time*90)*4)", 0, 0]
				},
				"neck_upper": {
					"rotation": [0, 0, 0]
				},
				"head": {
					"rotation": [0, 0, 0]
				},
				"hair_side": {
					"rotation": [0, "0+0.2*(math.sin(q.anim_time*90-10)*4)", 0]
				},
				"hair_side2": {
					"rotation": [0, "0+0.3*(math.sin(q.anim_time*90-20)*4)", 0]
				},
				"hair_side3": {
					"rotation": [0, "0+0.4*(math.sin(q.anim_time*90-30)*4)", 0]
				},
				"hair_side4": {
					"rotation": [0, "0+0.5*(math.sin(q.anim_time*90-40)*4)", 0]
				},
				"neck_fluff_back_left_bot": {
					"rotation": ["0+0.4*(math.sin(q.anim_time*90-80)*4)", 0, 0]
				},
				"neck_fluff_back_right_bot": {
					"rotation": ["0+0.4*(math.sin(q.anim_time*90-80)*4)", 0, 0]
				},
				"neck_fluff_back_left_top": {
					"rotation": ["0+0.4*(math.sin(q.anim_time*90-100)*4)", 0, 0]
				},
				"neck_fluff_back_midleft": {
					"rotation": ["0+0.4*(math.sin(q.anim_time*90-80)*4)", 0, 0]
				},
				"neck_fluff_back_midright": {
					"rotation": ["0+0.4*(math.sin(q.anim_time*90-80)*4)", 0, 0]
				},
				"neck_fluff_back_mid_top": {
					"rotation": ["0+0.4*(math.sin(q.anim_time*90-140)*4)", 0, 0]
				},
				"neck_fluff_back_mid_bot": {
					"rotation": ["0+0.4*(math.sin(q.anim_time*90-80)*4)", 0, 0]
				},
				"neck_fluff_back_right_top": {
					"rotation": ["0+0.4*(math.sin(q.anim_time*90-100)*4)", 0, 0]
				},
				"neck_fluff_left": {
					"rotation": [0, 0, "0+0.4*(math.sin(q.anim_time*90-40)*4)"]
				},
				"neck_fluff_right": {
					"rotation": [0, 0, "0-0.4*(math.sin(q.anim_time*90-40)*4)"]
				},
				"neck_fluff_left_back": {
					"rotation": [0, 0, "0+0.4*(math.sin(q.anim_time*90-60)*4)"]
				},
				"neck_fluff_right_back": {
					"rotation": [0, 0, "0-0.4*(math.sin(q.anim_time*90-60)*4)"]
				},
				"foot_front_left2": {
					"rotation": ["0+0.4*(math.sin(q.anim_time*90)*4)", 0, 0]
				}
			}
		},
		"animation.absol.battle_idle": {
			"loop": true,
			"bones": {
				"head": {
					"rotation": [-5, 0, 0]
				},
				"body": {
					"rotation": ["5+2*(math.sin(q.anim_time*480)*1)", 0, 0],
					"position": [0, "-4+0.6*(math.sin(q.anim_time*480)*1)", "0+0.2*(math.sin(q.anim_time*480-180)*1)"]
				},
				"body2": {
					"rotation": ["4-2*(math.sin(q.anim_time*480-20)*1)", 7.5, 0]
				},
				"body3": {
					"rotation": ["-4.9619-2*(math.sin(q.anim_time*480+20)*1)", -0.02825, -0.43317],
					"position": [0, 0, "0-0.5*(math.sin(q.anim_time*480-20)*1)"]
				},
				"tail": {
					"rotation": ["0+6*(math.sin(q.anim_time*480-120)*1)", "0+3*(math.sin(q.anim_time*480)*1)", "0-1*(math.sin(q.anim_time*480)*1)"]
				},
				"neck_fluff": {
					"rotation": [2.5, 0, 0]
				},
				"neck_fluff_left": {
					"rotation": [-0.30548, -6.07159, "-40.5047+6*(math.sin(q.anim_time*480-60)*1)"]
				},
				"neck_fluff_left_back": {
					"rotation": [0, 0, "-22.5+4*(math.sin(q.anim_time*480-45)*1)"]
				},
				"neck_fluff_right_back": {
					"rotation": [0, 0, "25-4*(math.sin(q.anim_time*480)*1)"]
				},
				"neck_fluff_front": {
					"rotation": ["-12.5-4*(math.sin(q.anim_time*480-50)*1)", 0, 0]
				},
				"neck_fluff_front_left": {
					"rotation": [0, 20, 0]
				},
				"neck_fluff_front_right": {
					"rotation": [0, -17.5, 0]
				},
				"neck_fluff_front_left2": {
					"rotation": [0, 20, 0]
				},
				"neck_fluff_front_right2": {
					"rotation": [0, -17.5, 0]
				},
				"leg_front_left": {
					"rotation": ["13.5666-2*(math.sin(q.anim_time*480)*1)", 9.08661, "-17.8924+2*(math.sin(q.anim_time*480)*1)"],
					"position": [1.75, "-1.85+0.8*(math.sin(q.anim_time*480)*1)", "0.5-0.1*(math.sin(q.anim_time*480)*1)"]
				},
				"leg_front_left2": {
					"rotation": [-2.5, 0, 0]
				},
				"leg_front_left3": {
					"rotation": ["-34.2514+4.2*(math.sin(q.anim_time*480)*1)", "-10.2227-2*(math.sin(q.anim_time*480)*1)", "12.8427-2*(math.sin(q.anim_time*480)*1)"],
					"position": [-0.5, 0, 0]
				},
				"foot_front_left": {
					"rotation": ["29.7534-6*(math.sin(q.anim_time*480-180)*1)", -2.48261, 9.7416],
					"position": ["0+0.1*(math.sin(q.anim_time*480)*1)", "0-0*(math.sin(q.anim_time*480)*1)", "0+0.1*(math.sin(q.anim_time*480)*1)"]
				},
				"leg_front_right": {
					"rotation": ["30.6168-2*(math.sin(q.anim_time*480)*1)", 0, "7.5741-2*(math.sin(q.anim_time*480)*1)"],
					"position": [-1, "-2.65+0.8*(math.sin(q.anim_time*480)*1)", "0-0.1*(math.sin(q.anim_time*480)*1)"]
				},
				"leg_front_right2": {
					"rotation": [0, 0, 0]
				},
				"leg_front_right3": {
					"rotation": ["-44.2581+4*(math.sin(q.anim_time*480)*1)", "-5.7332+2*(math.sin(q.anim_time*480)*1)", "0+2*(math.sin(q.anim_time*480)*1)"]
				},
				"foot_front_right": {
					"rotation": ["19.0141-6*(math.sin(q.anim_time*480-180)*1)", -0.54409, -2.66588]
				},
				"leg_back_left": {
					"rotation": ["7.812+2*(math.sin(q.anim_time*480-20)*1)", 9.71, -8.3216],
					"position": ["2.752-0.08*(math.sin(q.anim_time*480-20)*1)", "-2+0.4*(math.sin(q.anim_time*480-20)*1)", "-1.2-0.5*(math.sin(q.anim_time*480-20)*1)"]
				},
				"leg_back_left2": {
					"rotation": ["20-3*(math.sin(q.anim_time*480-20)*1)", 0, 0]
				},
				"leg_back_left3": {
					"rotation": ["-10+3*(math.sin(q.anim_time*480-20)*1)", 0, 0]
				},
				"foot_back_left": {
					"rotation": ["2.3593+4*(math.sin(q.anim_time*480-20)*1)", -2.2494, "7.1566+1*(math.sin(q.anim_time*480-20)*1)"]
				},
				"leg_back_right": {
					"rotation": ["-0.6847+2*(math.sin(q.anim_time*480-20)*1)", -3.63311, 9.61374],
					"position": ["0.25+0.08*(math.sin(q.anim_time*480-20)*1)", "-1.55+0.4*(math.sin(q.anim_time*480-20)*1)", "-0.5-0.65*(math.sin(q.anim_time*480-20)*1)"]
				},
				"leg_back_right2": {
					"rotation": ["22.6026-3*(math.sin(q.anim_time*480-20)*1)", -2.86544, 0]
				},
				"leg_back_right3": {
					"rotation": ["10+3*(math.sin(q.anim_time*480-20)*1)", 0, 0]
				},
				"foot_back_right": {
					"rotation": ["7.3423+4*(math.sin(q.anim_time*480-20)*1)", -2.55868, "-7.9476+1*(math.sin(q.anim_time*480-20)*1)"],
					"position": [0, 0, 0]
				},
				"claw_right_back_right": {
					"rotation": [0, 0, 0]
				},
				"neck_upper": {
					"rotation": ["2.5-4*(math.sin(q.anim_time*480-30)*1)", 0, 0],
					"position": [0, 0, 0]
				},
				"mouth_closed": {
					"position": [0, 0.25, 0]
				},
				"mouth_closed_edge": {
					"position": [0, -0.25, 0]
				},
				"foot_back_left2": {
					"rotation": ["-19.0389-6.98*(math.sin(q.anim_time*480-20)*1)", 0.31943, "0.3093-1*(math.sin(q.anim_time*480-20)*1)"],
					"position": [0, "0+0.03*(math.sin(q.anim_time*480-20)*1)", 0]
				},
				"foot_back_right2": {
					"rotation": ["-38-6*(math.sin(q.anim_time*480-20)*1)", "0-0.6*(math.sin(q.anim_time*480-20)*1)", "0-0.6*(math.sin(q.anim_time*480-20)*1)"],
					"position": [0, "0-0.06*(math.sin(q.anim_time*480-20)*1)", "0+0.04*(math.sin(q.anim_time*480-20)*1)"]
				},
				"foot_front_right2": {
					"rotation": ["-2.5-7*(math.sin(q.anim_time*480)*1)", 0, "0-1*(math.sin(q.anim_time*480)*1)"]
				},
				"neck_fluff_right": {
					"rotation": [-0.30548, 6.07159, "40.5047-4*(math.sin(q.anim_time*480)*1)"]
				},
				"hair_side": {
					"rotation": [0, "0+2*(math.sin(q.anim_time*480-160)*1)", 0]
				},
				"hair_side2": {
					"rotation": [0, "0+4*(math.sin(q.anim_time*480-180)*1)", 0]
				},
				"hair_side3": {
					"rotation": [0, "0+4*(math.sin(q.anim_time*480-200)*1)", 0]
				},
				"hair_side4": {
					"rotation": [0, "-7.5+4*(math.sin(q.anim_time*480-240)*1)", 0]
				},
				"neck_fluff_back_left_bot": {
					"rotation": ["0-4*(math.sin(q.anim_time*480-60)*1)", 0, 0]
				},
				"neck_fluff_back_right_bot": {
					"rotation": ["0-4*(math.sin(q.anim_time*480-60)*1)", 0, 0]
				},
				"neck_fluff_back_left_top": {
					"rotation": ["0-4*(math.sin(q.anim_time*480-45)*1)", 0, 0]
				},
				"neck_fluff_back_midleft": {
					"rotation": ["0-4*(math.sin(q.anim_time*480)*1)", 0, 0]
				},
				"neck_fluff_back_midright": {
					"rotation": ["0-4*(math.sin(q.anim_time*480)*1)", 0, 0]
				},
				"neck_fluff_back_mid_top": {
					"rotation": ["0-4*(math.sin(q.anim_time*480-90)*1)", 0, 0]
				},
				"neck_fluff_back_mid_bot": {
					"rotation": ["0-4*(math.sin(q.anim_time*480-60)*1)", 0, 0]
				},
				"neck_fluff_back_right_top": {
					"rotation": ["0-4*(math.sin(q.anim_time*480-45)*1)", 0, 0]
				},
				"neck_fluff_front2": {
					"rotation": ["0+4*(math.sin(q.anim_time*480)*1)", 0, 0]
				},
				"neck_fluff_front3": {
					"rotation": ["0+8*(math.sin(q.anim_time*480)*1)", 0, 0]
				},
				"foot_front_left2": {
					"rotation": ["-7-8*(math.sin(q.anim_time*480)*1)", "0+1*(math.sin(q.anim_time*480)*1)", 0],
					"position": [0, 0, 0]
				}
			}
		},
		"animation.absol.ground_walk": {
			"loop": true,
			"animation_length": 1,
			"bones": {
				"body": {
					"rotation": ["0-0.15*(math.sin(q.anim_time*720)*4)", 0, "0-1*(math.sin(q.anim_time*360)*4)"],
					"position": [0, "0+0.2*(math.sin(q.anim_time*720)*4)", 0]
				},
				"body2": {
					"rotation": {
						"0.0": ["0-0.15*(math.sin(q.anim_time*720)*4)", "0-0.5*(math.sin(q.anim_time*360)*4)", 0],
						"0.5": ["0-0.15*(math.sin(q.anim_time*720)*4)", "0-0.5*(math.sin(q.anim_time*360)*4)", 0],
						"1.0": ["0-0.15*(math.sin(q.anim_time*720)*4)", "0-0.5*(math.sin(q.anim_time*360)*4)", 0]
					}
				},
				"body3": {
					"rotation": ["0-0.25*(math.sin(q.anim_time*720)*4)", "0-0.5*(math.sin(q.anim_time*360)*4)", 0]
				},
				"neck_upper": {
					"rotation": ["0+3*(math.sin(q.anim_time*720)*1)", 0, "0+4*(math.sin(q.anim_time*360)*1)"]
				},
				"hair_side": {
					"rotation": [0, "2+1*(math.sin(q.anim_time*720)*2)", 0]
				},
				"hair_side2": {
					"rotation": [0, "0+1*(math.sin(q.anim_time*720-40)*1)", 0]
				},
				"hair_side3": {
					"rotation": [0, "0+1*(math.sin(q.anim_time*720-80)*1)", 0]
				},
				"hair_side4": {
					"rotation": [0, "0+1*(math.sin(q.anim_time*720-120)*1)", 0]
				},
				"neck_fluff_back_left_bot": {
					"rotation": ["0-4*(math.sin(q.anim_time*720-40)*1)-2*(math.sin(q.anim_time*360-40)*1)", 0, 0]
				},
				"neck_fluff_back_right_bot": {
					"rotation": ["0-4*(math.sin(q.anim_time*720-40)*1)-2*(math.sin(q.anim_time*360-40)*1)", 0, 0]
				},
				"neck_fluff_back_left_top": {
					"rotation": ["0-4*(math.sin(q.anim_time*720-40)*1)-2*(math.sin(q.anim_time*360-40)*1)", 0, 0]
				},
				"neck_fluff_back_midleft": {
					"rotation": ["0-4*(math.sin(q.anim_time*720-40)*1)-2*(math.sin(q.anim_time*360-40)*1)", 0, 0]
				},
				"neck_fluff_back_midright": {
					"rotation": ["0-4*(math.sin(q.anim_time*720-40)*1)-2*(math.sin(q.anim_time*360-40)*1)", 0, 0]
				},
				"neck_fluff_back_mid_top": {
					"rotation": ["0-4*(math.sin(q.anim_time*720-80)*1)-2*(math.sin(q.anim_time*360-80)*1)", 0, 0]
				},
				"neck_fluff_back_mid_bot": {
					"rotation": ["0-4*(math.sin(q.anim_time*720)*1)-2*(math.sin(q.anim_time*360)*1)", 0, 0]
				},
				"neck_fluff_back_right_top": {
					"rotation": ["0-4*(math.sin(q.anim_time*720-40)*1)-2*(math.sin(q.anim_time*360-40)*1)", 0, 0]
				},
				"neck_fluff_left": {
					"rotation": [0, 0, "0+4*(math.sin(q.anim_time*720-40)*1)+2*(math.sin(q.anim_time*360-40)*1)"]
				},
				"neck_fluff_right": {
					"rotation": [0, 0, "0-4*(math.sin(q.anim_time*720-40)*1)-2*(math.sin(q.anim_time*360-40)*1)"]
				},
				"neck_fluff_left_back": {
					"rotation": [0, 0, "0+4*(math.sin(q.anim_time*720-40)*1)+2*(math.sin(q.anim_time*360-40)*1)"]
				},
				"neck_fluff_right_back": {
					"rotation": [0, 0, "0-4*(math.sin(q.anim_time*720-40)*1)-2*(math.sin(q.anim_time*360-40)*1)"]
				},
				"neck_fluff_front": {
					"rotation": ["-2-1*(math.sin(q.anim_time*720)*1)", 0, 0]
				},
				"neck_fluff_front2": {
					"rotation": ["-2-4*(math.sin(q.anim_time*720-40)*1)", 0, 0]
				},
				"neck_fluff_front3": {
					"rotation": ["-2-4*(math.sin(q.anim_time*720-80)*1)", 0, 0]
				},
				"leg_front_left": {
					"rotation": {
						"0.0": {
							"post": [12.5, 0, 0],
							"lerp_mode": "catmullrom"
						},
						"0.2917": {
							"post": [42.5, 0, 0],
							"lerp_mode": "catmullrom"
						},
						"0.5": {
							"post": [10, 0, 0],
							"lerp_mode": "catmullrom"
						},
						"0.75": {
							"post": [-5, 0, 0],
							"lerp_mode": "catmullrom"
						},
						"0.875": {
							"post": [0, 0, 0],
							"lerp_mode": "catmullrom"
						},
						"1.0": {
							"post": [12.5, 0, 0],
							"lerp_mode": "catmullrom"
						}
					},
					"position": {
						"0.0": {
							"post": [0, 0, -1],
							"lerp_mode": "catmullrom"
						},
						"0.2917": {
							"post": [0.5, 1, -1],
							"lerp_mode": "catmullrom"
						},
						"0.75": {
							"post": [0, 0, -1],
							"lerp_mode": "catmullrom"
						},
						"1.0": {
							"post": [0, 0, -1],
							"lerp_mode": "catmullrom"
						}
					}
				},
				"leg_front_left2": {
					"rotation": {
						"0.0": {
							"post": [0, 0, 0],
							"lerp_mode": "catmullrom"
						},
						"0.5": {
							"post": [12.5, 0, 0],
							"lerp_mode": "catmullrom"
						},
						"0.75": {
							"post": [0, 0, 0],
							"lerp_mode": "catmullrom"
						},
						"1.0": {
							"post": [0, 0, 0],
							"lerp_mode": "catmullrom"
						}
					}
				},
				"leg_front_left3": {
					"rotation": {
						"0.0": {
							"post": [0, 0, 0],
							"lerp_mode": "catmullrom"
						},
						"0.2083": {
							"post": [-11.71, 0, 0],
							"lerp_mode": "catmullrom"
						},
						"0.5": {
							"post": [-110, 0, 0],
							"lerp_mode": "catmullrom"
						},
						"0.75": {
							"post": [-35, 0, 0],
							"lerp_mode": "catmullrom"
						},
						"0.875": {
							"post": [0, 0, 0],
							"lerp_mode": "catmullrom"
						},
						"1.0": {
							"post": [0, 0, 0],
							"lerp_mode": "catmullrom"
						}
					}
				},
				"foot_front_left": {
					"rotation": {
						"0.0": {
							"post": [0, 0, 0],
							"lerp_mode": "catmullrom"
						},
						"0.2083": {
							"post": [41.21, 0, 0],
							"lerp_mode": "catmullrom"
						},
						"0.5": {
							"post": [145, 0, 0],
							"lerp_mode": "catmullrom"
						},
						"0.75": {
							"post": [44.63, 0, 0],
							"lerp_mode": "catmullrom"
						},
						"0.875": {
							"post": [0, 0, 0],
							"lerp_mode": "catmullrom"
						},
						"1.0": {
							"post": [0, 0, 0],
							"lerp_mode": "catmullrom"
						}
					}
				},
				"foot_front_left2": {
					"rotation": {
						"0.0": {
							"post": [-12.5, 0, 0],
							"lerp_mode": "catmullrom"
						},
						"0.2083": {
							"post": [-35.13, 0, 0],
							"lerp_mode": "catmullrom"
						},
						"0.5": {
							"post": [37.5, 0, 0],
							"lerp_mode": "catmullrom"
						},
						"0.75": {
							"post": [-2.5, 0, 0],
							"lerp_mode": "catmullrom"
						},
						"0.875": {
							"post": [0, 0, 0],
							"lerp_mode": "catmullrom"
						},
						"1.0": {
							"post": [-12.5, 0, 0],
							"lerp_mode": "catmullrom"
						}
					}
				},
				"leg_front_right": {
					"rotation": {
						"0.0": {
							"post": [7.15, 0, 0],
							"lerp_mode": "catmullrom"
						},
						"0.25": {
							"post": [-5, 0, 0],
							"lerp_mode": "catmullrom"
						},
						"0.375": {
							"post": [0, 0, 0],
							"lerp_mode": "catmullrom"
						},
						"0.5": {
							"post": [12.5, 0, 0],
							"lerp_mode": "catmullrom"
						},
						"0.75": {
							"post": [42.5, 0, 0],
							"lerp_mode": "catmullrom"
						},
						"1.0": {
							"post": [7.15, 0, 0],
							"lerp_mode": "catmullrom"
						}
					},
					"position": {
						"0.0": {
							"post": [0, 0.61, -1],
							"lerp_mode": "catmullrom"
						},
						"0.25": {
							"post": [0, 0, -1],
							"lerp_mode": "catmullrom"
						},
						"0.5": {
							"post": [0, 0, -1],
							"lerp_mode": "catmullrom"
						},
						"0.75": {
							"post": [-0.5, 1, -1],
							"lerp_mode": "catmullrom"
						},
						"1.0": {
							"post": [0, 0.61, -1],
							"lerp_mode": "catmullrom"
						}
					}
				},
				"leg_front_right2": {
					"rotation": {
						"0.0": {
							"post": [12.05, 0, 0],
							"lerp_mode": "catmullrom"
						},
						"0.25": {
							"post": [0, 0, 0],
							"lerp_mode": "catmullrom"
						},
						"0.5": {
							"post": [0, 0, 0],
							"lerp_mode": "catmullrom"
						},
						"1.0": {
							"post": [12.05, 0, 0],
							"lerp_mode": "catmullrom"
						}
					}
				},
				"leg_front_right3": {
					"rotation": {
						"0.0": {
							"post": [-108.73, 0, 0],
							"lerp_mode": "catmullrom"
						},
						"0.25": {
							"post": [-35, 0, 0],
							"lerp_mode": "catmullrom"
						},
						"0.375": {
							"post": [0, 0, 0],
							"lerp_mode": "catmullrom"
						},
						"0.5": {
							"post": [0, 0, 0],
							"lerp_mode": "catmullrom"
						},
						"0.6667": {
							"post": [-11.71, 0, 0],
							"lerp_mode": "catmullrom"
						},
						"1.0": {
							"post": [-109.73, 0, 0],
							"lerp_mode": "catmullrom"
						}
					}
				},
				"foot_front_right": {
					"rotation": {
						"0.0": {
							"post": [143.27, 0, 0],
							"lerp_mode": "catmullrom"
						},
						"0.25": {
							"post": [44.63, 0, 0],
							"lerp_mode": "catmullrom"
						},
						"0.375": {
							"post": [0, 0, 0],
							"lerp_mode": "catmullrom"
						},
						"0.5": {
							"post": [0, 0, 0],
							"lerp_mode": "catmullrom"
						},
						"0.6667": {
							"post": [41.21, 0, 0],
							"lerp_mode": "catmullrom"
						},
						"1.0": {
							"post": [146.27, 0, 0],
							"lerp_mode": "catmullrom"
						}
					}
				},
				"foot_front_right2": {
					"rotation": {
						"0.0": {
							"post": [34.46, 0, 0],
							"lerp_mode": "catmullrom"
						},
						"0.25": {
							"post": [-2.5, 0, 0],
							"lerp_mode": "catmullrom"
						},
						"0.375": {
							"post": [0, 0, 0],
							"lerp_mode": "catmullrom"
						},
						"0.5": {
							"post": [-12.5, 0, 0],
							"lerp_mode": "catmullrom"
						},
						"0.6667": {
							"post": [-35.13, 0, 0],
							"lerp_mode": "catmullrom"
						},
						"1.0": {
							"post": [36.46, 0, 0],
							"lerp_mode": "catmullrom"
						},
						"1.25": {
							"post": [-2.5, 0, 0],
							"lerp_mode": "catmullrom"
						}
					}
				},
				"tail": {
					"rotation": [0, "0-2*(math.sin(q.anim_time*360-40)*4)", 0]
				},
				"leg_back_left": {
					"rotation": {
						"0.0": {
							"post": [-32.5, 0, 0],
							"lerp_mode": "catmullrom"
						},
						"0.1667": {
							"post": [0, 0, 0],
							"lerp_mode": "catmullrom"
						},
						"0.3333": {
							"post": [10, 0, 0],
							"lerp_mode": "catmullrom"
						},
						"0.7083": {
							"post": [34.79031, 0, 0],
							"lerp_mode": "catmullrom"
						},
						"1.0": {
							"post": [-32.5, 0, 0],
							"lerp_mode": "catmullrom"
						}
					},
					"position": {
						"0.0": {
							"post": [0, 0, 0],
							"lerp_mode": "catmullrom"
						},
						"0.1667": {
							"post": [0, 1.25, 0],
							"lerp_mode": "catmullrom"
						},
						"0.3333": {
							"post": [0, 0, 0],
							"lerp_mode": "catmullrom"
						},
						"1.0": {
							"post": [0, 0, 0],
							"lerp_mode": "catmullrom"
						}
					}
				},
				"leg_back_left2": {
					"rotation": {
						"0.0": {
							"post": [0, 0, 0],
							"lerp_mode": "catmullrom"
						},
						"0.1667": {
							"post": [-7.5, 0, 0],
							"lerp_mode": "catmullrom"
						},
						"0.3333": {
							"post": [5, 0, 0],
							"lerp_mode": "catmullrom"
						},
						"0.7083": {
							"post": [23.45, 0, 0],
							"lerp_mode": "catmullrom"
						},
						"0.875": {
							"post": [18.56, 0, 0],
							"lerp_mode": "catmullrom"
						},
						"1.0": {
							"post": [0, 0, 0],
							"lerp_mode": "catmullrom"
						}
					}
				},
				"leg_back_left3": {
					"rotation": {
						"0.0": {
							"post": [12.5, 0, 0],
							"lerp_mode": "catmullrom"
						},
						"0.1667": {
							"post": [-5, 0, 0],
							"lerp_mode": "catmullrom"
						},
						"0.3333": {
							"post": [-15, 0, 0],
							"lerp_mode": "catmullrom"
						},
						"0.7083": {
							"post": [-20, 0, 0],
							"lerp_mode": "catmullrom"
						},
						"0.875": {
							"post": [-51.14, 0, 0],
							"lerp_mode": "catmullrom"
						},
						"1.0": {
							"post": [12.5, 0, 0],
							"lerp_mode": "catmullrom"
						}
					}
				},
				"foot_back_left": {
					"rotation": {
						"0.0": {
							"post": [12.5, 0, 0],
							"lerp_mode": "catmullrom"
						},
						"0.1667": {
							"post": [20, 0, 0],
							"lerp_mode": "catmullrom"
						},
						"0.4167": {
							"post": [18.56, 0, 0],
							"lerp_mode": "catmullrom"
						},
						"0.7083": {
							"post": [17.5, 0, 0],
							"lerp_mode": "catmullrom"
						},
						"0.875": {
							"post": [24.42, 0, 0],
							"lerp_mode": "catmullrom"
						},
						"1.0": {
							"post": [12.5, 0, 0],
							"lerp_mode": "catmullrom"
						}
					}
				},
				"foot_back_left2": {
					"rotation": {
						"0.0": {
							"post": [7.5, 0, 0],
							"lerp_mode": "catmullrom"
						},
						"0.1667": {
							"post": [-7.5, 0, 0],
							"lerp_mode": "catmullrom"
						},
						"0.3333": {
							"post": [-20, 0, 0],
							"lerp_mode": "catmullrom"
						},
						"0.4167": {
							"post": [-23.66, 0, 0],
							"lerp_mode": "catmullrom"
						},
						"0.7083": {
							"post": [22.5, 0, 0],
							"lerp_mode": "catmullrom"
						},
						"0.875": {
							"post": [40.73, 0, 0],
							"lerp_mode": "catmullrom"
						},
						"1.0": {
							"post": [7.5, 0, 0],
							"lerp_mode": "catmullrom"
						}
					}
				},
				"leg_back_right": {
					"rotation": {
						"0.0": {
							"post": [25.06, 0, 0],
							"lerp_mode": "catmullrom"
						},
						"0.2083": {
							"post": [34.79031, 0, 0],
							"lerp_mode": "catmullrom"
						},
						"0.5": {
							"post": [-32.5, 0, 0],
							"lerp_mode": "catmullrom"
						},
						"0.6667": {
							"post": [0, 0, 0],
							"lerp_mode": "catmullrom"
						},
						"0.8333": {
							"post": [10, 0, 0],
							"lerp_mode": "catmullrom"
						},
						"1.0": {
							"post": [25.06, 0, 0],
							"lerp_mode": "catmullrom"
						}
					},
					"position": {
						"0.0": {
							"post": [0, -0.09, 0],
							"lerp_mode": "catmullrom"
						},
						"0.5": {
							"post": [0, 0, 0],
							"lerp_mode": "catmullrom"
						},
						"0.6667": {
							"post": [0, 1.25, 0],
							"lerp_mode": "catmullrom"
						},
						"0.8333": {
							"post": [0, 0, 0],
							"lerp_mode": "catmullrom"
						},
						"1.0": {
							"post": [0, -0.09, 0],
							"lerp_mode": "catmullrom"
						}
					}
				},
				"leg_back_right2": {
					"rotation": {
						"0.0": {
							"post": [14.07, 0, 0],
							"lerp_mode": "catmullrom"
						},
						"0.2083": {
							"post": [23.45, 0, 0],
							"lerp_mode": "catmullrom"
						},
						"0.375": {
							"post": [18.56, 0, 0],
							"lerp_mode": "catmullrom"
						},
						"0.5": {
							"post": [0, 0, 0],
							"lerp_mode": "catmullrom"
						},
						"0.6667": {
							"post": [-7.5, 0, 0],
							"lerp_mode": "catmullrom"
						},
						"0.8333": {
							"post": [5, 0, 0],
							"lerp_mode": "catmullrom"
						},
						"1.0": {
							"post": [14.07, 0, 0],
							"lerp_mode": "catmullrom"
						}
					}
				},
				"leg_back_right3": {
					"rotation": {
						"0.0": {
							"post": [-16.13, 0, 0],
							"lerp_mode": "catmullrom"
						},
						"0.2083": {
							"post": [-20, 0, 0],
							"lerp_mode": "catmullrom"
						},
						"0.375": {
							"post": [-51.14, 0, 0],
							"lerp_mode": "catmullrom"
						},
						"0.5": {
							"post": [12.5, 0, 0],
							"lerp_mode": "catmullrom"
						},
						"0.6667": {
							"post": [-5, 0, 0],
							"lerp_mode": "catmullrom"
						},
						"0.8333": {
							"post": [-15, 0, 0],
							"lerp_mode": "catmullrom"
						},
						"1.0": {
							"post": [-16.13, 0, 0],
							"lerp_mode": "catmullrom"
						}
					}
				},
				"foot_back_right": {
					"rotation": {
						"0.0": {
							"post": [18, 0, 0],
							"lerp_mode": "catmullrom"
						},
						"0.2083": {
							"post": [17.5, 0, 0],
							"lerp_mode": "catmullrom"
						},
						"0.375": {
							"post": [24.42, 0, 0],
							"lerp_mode": "catmullrom"
						},
						"0.5": {
							"post": [12.5, 0, 0],
							"lerp_mode": "catmullrom"
						},
						"0.6667": {
							"post": [20, 0, 0],
							"lerp_mode": "catmullrom"
						},
						"0.9167": {
							"post": [18.56, 0, 0],
							"lerp_mode": "catmullrom"
						},
						"1.0": {
							"post": [18, 0, 0],
							"lerp_mode": "catmullrom"
						}
					}
				},
				"foot_back_right2": {
					"rotation": {
						"0.0": {
							"post": [-13.29, 0, 0],
							"lerp_mode": "catmullrom"
						},
						"0.2083": {
							"post": [22.5, 0, 0],
							"lerp_mode": "catmullrom"
						},
						"0.375": {
							"post": [40.73, 0, 0],
							"lerp_mode": "catmullrom"
						},
						"0.5": {
							"post": [7.5, 0, 0],
							"lerp_mode": "catmullrom"
						},
						"0.6667": {
							"post": [-7.5, 0, 0],
							"lerp_mode": "catmullrom"
						},
						"0.8333": {
							"post": [-20, 0, 0],
							"lerp_mode": "catmullrom"
						},
						"0.9167": {
							"post": [-23.66, 0, 0],
							"lerp_mode": "catmullrom"
						},
						"1.0": {
							"post": [-13.29, 0, 0],
							"lerp_mode": "catmullrom"
						}
					}
				}
			}
		},
		"animation.absol.water_idle": {
			"loop": true,
			"bones": {
				"body2": {
					"rotation": [-5, 0, 0]
				},
				"body3": {
					"rotation": ["7.5+2*(math.sin(q.anim_time*168+40)*4)", 0, 0]
				},
				"neck_lower": {
					"rotation": [-5, 0, 0]
				},
				"head": {
					"rotation": [-12.5, 0, 0]
				},
				"leg_front_left": {
					"rotation": ["10+4*(math.sin(q.anim_time*168)*4)", 0, 0],
					"position": [0, "0+0.1*(math.sin(q.anim_time*168+60)*4)", "0-0.1*(math.sin(q.anim_time*168+60)*4)"]
				},
				"leg_front_left3": {
					"rotation": ["-45-15*(math.sin(q.anim_time*168-90)*4)", 0, 0]
				},
				"foot_front_left": {
					"rotation": ["100+10*(math.sin(q.anim_time*168)*4)", 0, 0]
				},
				"foot_front_left2": {
					"rotation": ["37.5+10*(math.sin(q.anim_time*168-90)*4)", 0, 0]
				},
				"leg_back_right": {
					"rotation": ["10+4*(math.sin(q.anim_time*168)*4)", 0, 0],
					"position": [0, "0+0.2*(math.sin(q.anim_time*168+120)*4)", "0-0.1*(math.sin(q.anim_time*168+120)*4)"]
				},
				"leg_back_right2": {
					"rotation": ["0+6*(math.sin(q.anim_time*168)*4)", 0, 0]
				},
				"leg_back_right3": {
					"rotation": ["0+6*(math.sin(q.anim_time*168+90)*4)", 0, 0]
				},
				"foot_back_right": {
					"rotation": ["15+10*(math.sin(q.anim_time*168+90)*4)", 0, 0]
				},
				"foot_back_right2": {
					"rotation": ["0+4*(math.sin(q.anim_time*168+90)*4)", 0, 0]
				},
				"body": {
					"rotation": ["0-1*(math.sin(q.anim_time*168)*4)", 0, 0],
					"position": [0, "0+0.1*(math.sin(q.anim_time*168+60)*4)+0.05*math.sin(q.anim_time*336-80)*4", "0-0.1*(math.sin(q.anim_time*168+60)*4)"]
				},
				"tail": {
					"rotation": ["0+2*(math.sin(q.anim_time*168+40)*2)", 0, 0]
				},
				"neck_upper": {
					"rotation": ["0+2*(math.sin(q.anim_time*168-60)*4)", 0, 0]
				},
				"hair_side": {
					"rotation": [0, "0.5-0.5*(math.sin(q.anim_time*168-60)*4)", 0]
				},
				"hair_side2": {
					"rotation": [0, "-0.5*(math.sin(q.anim_time*168-80)*4)", 0]
				},
				"hair_side3": {
					"rotation": [0, "0-0.5*(math.sin(q.anim_time*168-100)*4)", 0]
				},
				"hair_side4": {
					"rotation": [0, "0-1*(math.sin(q.anim_time*168-120)*4)", 0]
				},
				"neck_fluff_front": {
					"rotation": ["-3-0.5*(math.sin(q.anim_time*168-40)*4)", 0, 0]
				},
				"neck_fluff_front2": {
					"rotation": ["0+1.5*(math.sin(q.anim_time*168-60)*4)", 0, 0]
				},
				"neck_fluff_front3": {
					"rotation": ["0+1.5*(math.sin(q.anim_time*168-120)*4)", 0, 0]
				},
				"leg_front_right": {
					"rotation": ["10+4*(math.sin(q.anim_time*168-60)*4)", 0, 0],
					"position": [0, "0+0.1*(math.sin(q.anim_time*168+60)*4)", "0-0.1*(math.sin(q.anim_time*168+60)*4)"]
				},
				"leg_front_right3": {
					"rotation": ["-45-15*(math.sin(q.anim_time*168-150)*4)", 0, 0]
				},
				"foot_front_right": {
					"rotation": ["100+10*(math.sin(q.anim_time*168-60)*4)", 0, 0]
				},
				"foot_front_right2": {
					"rotation": ["37.5+10*(math.sin(q.anim_time*168-150)*4)", 0, 0]
				},
				"leg_back_left": {
					"rotation": ["10+4*(math.sin(q.anim_time*168-60)*4)", 0, 0],
					"position": [0, "0+0.2*(math.sin(q.anim_time*168+120)*4)", "0-0.1*(math.sin(q.anim_time*168+120)*4)"]
				},
				"leg_back_left2": {
					"rotation": ["0+6*(math.sin(q.anim_time*168-60)*4)", 0, 0]
				},
				"leg_back_left3": {
					"rotation": ["0+6*(math.sin(q.anim_time*168+30)*4)", 0, 0]
				},
				"foot_back_left": {
					"rotation": ["62.5+10*(math.sin(q.anim_time*168+30)*4)", 0, 0]
				},
				"foot_back_left2": {
					"rotation": ["5+4*(math.sin(q.anim_time*168-30)*4)", 0, 0]
				}
			}
		},
		"animation.absol.surfacewater_idle": {
			"loop": true,
			"bones": {
				"body2": {
					"rotation": [-5, 0, 0]
				},
				"body3": {
					"rotation": ["7.5+2*(math.sin(q.anim_time*168+40)*4)", 0, 0]
				},
				"neck_lower": {
					"rotation": [-5, 0, 0]
				},
				"head": {
					"rotation": [-12.5, 0, 0]
				},
				"leg_front_left": {
					"rotation": ["10+4*(math.sin(q.anim_time*168)*4)", 0, 0],
					"position": [0, "0+0.1*(math.sin(q.anim_time*168+60)*4)", "0-0.1*(math.sin(q.anim_time*168+60)*4)"]
				},
				"leg_front_left3": {
					"rotation": ["-45-15*(math.sin(q.anim_time*168-90)*4)", 0, 0]
				},
				"foot_front_left": {
					"rotation": ["100+10*(math.sin(q.anim_time*168)*4)", 0, 0]
				},
				"foot_front_left2": {
					"rotation": ["37.5+10*(math.sin(q.anim_time*168-90)*4)", 0, 0]
				},
				"leg_back_right": {
					"rotation": ["10+4*(math.sin(q.anim_time*168)*4)", 0, 0],
					"position": [0, "0+0.2*(math.sin(q.anim_time*168+120)*4)", "0-0.1*(math.sin(q.anim_time*168+120)*4)"]
				},
				"leg_back_right2": {
					"rotation": ["0+6*(math.sin(q.anim_time*168)*4)", 0, 0]
				},
				"leg_back_right3": {
					"rotation": ["0+6*(math.sin(q.anim_time*168+90)*4)", 0, 0]
				},
				"foot_back_right": {
					"rotation": ["15+10*(math.sin(q.anim_time*168+90)*4)", 0, 0]
				},
				"foot_back_right2": {
					"rotation": ["0+4*(math.sin(q.anim_time*168+90)*4)", 0, 0]
				},
				"body": {
					"rotation": ["0-1*(math.sin(q.anim_time*168)*4)", 0, 0],
					"position": [0, "0+0.1*(math.sin(q.anim_time*168+60)*4)+0.05*math.sin(q.anim_time*336-80)*4", "0-0.1*(math.sin(q.anim_time*168+60)*4)"]
				},
				"tail": {
					"rotation": ["0+2*(math.sin(q.anim_time*168+40)*2)", 0, 0]
				},
				"neck_upper": {
					"rotation": ["0+2*(math.sin(q.anim_time*168-60)*4)", 0, 0]
				},
				"hair_side": {
					"rotation": [0, "0.5-0.5*(math.sin(q.anim_time*168-60)*4)", 0]
				},
				"hair_side2": {
					"rotation": [0, "-0.5*(math.sin(q.anim_time*168-80)*4)", 0]
				},
				"hair_side3": {
					"rotation": [0, "0-0.5*(math.sin(q.anim_time*168-100)*4)", 0]
				},
				"hair_side4": {
					"rotation": [0, "0-1*(math.sin(q.anim_time*168-120)*4)", 0]
				},
				"neck_fluff_front": {
					"rotation": ["-3-0.5*(math.sin(q.anim_time*168-40)*4)", 0, 0]
				},
				"neck_fluff_front2": {
					"rotation": ["0+1.5*(math.sin(q.anim_time*168-60)*4)", 0, 0]
				},
				"neck_fluff_front3": {
					"rotation": ["0+1.5*(math.sin(q.anim_time*168-120)*4)", 0, 0]
				},
				"leg_front_right": {
					"rotation": ["10+4*(math.sin(q.anim_time*168-60)*4)", 0, 0],
					"position": [0, "0+0.1*(math.sin(q.anim_time*168+60)*4)", "0-0.1*(math.sin(q.anim_time*168+60)*4)"]
				},
				"leg_front_right3": {
					"rotation": ["-45-15*(math.sin(q.anim_time*168-150)*4)", 0, 0]
				},
				"foot_front_right": {
					"rotation": ["100+10*(math.sin(q.anim_time*168-60)*4)", 0, 0]
				},
				"foot_front_right2": {
					"rotation": ["37.5+10*(math.sin(q.anim_time*168-150)*4)", 0, 0]
				},
				"leg_back_left": {
					"rotation": ["10+4*(math.sin(q.anim_time*168-60)*4)", 0, 0],
					"position": [0, "0+0.2*(math.sin(q.anim_time*168+120)*4)", "0-0.1*(math.sin(q.anim_time*168+120)*4)"]
				},
				"leg_back_left2": {
					"rotation": ["0+6*(math.sin(q.anim_time*168-60)*4)", 0, 0]
				},
				"leg_back_left3": {
					"rotation": ["0+6*(math.sin(q.anim_time*168+30)*4)", 0, 0]
				},
				"foot_back_left": {
					"rotation": ["62.5+10*(math.sin(q.anim_time*168+30)*4)", 0, 0]
				},
				"foot_back_left2": {
					"rotation": ["5+4*(math.sin(q.anim_time*168-30)*4)", 0, 0]
				},
				"torso": {
					"position": [0, -21, 0]
				}
			}
		},
		"animation.absol.water_swim": {
			"loop": true,
			"bones": {
				"body2": {
					"rotation": [-5, 0, 0]
				},
				"body3": {
					"rotation": ["7.5+2*(math.sin(q.anim_time*360+40)*4)", 0, 0]
				},
				"neck_lower": {
					"rotation": [-5, 0, 0]
				},
				"head": {
					"rotation": [-12.5, 0, 0]
				},
				"leg_front_left": {
					"rotation": ["0+6*(math.sin(q.anim_time*360)*4)", 0, 0],
					"position": [0, "0+0.1*(math.sin(q.anim_time*360+60)*4)", "0-0.1*(math.sin(q.anim_time*360+60)*4)"]
				},
				"leg_front_left3": {
					"rotation": ["-45-15*(math.sin(q.anim_time*360-90)*4)", 0, 0]
				},
				"foot_front_left": {
					"rotation": ["100+10*(math.sin(q.anim_time*360)*4)", 0, 0]
				},
				"foot_front_left2": {
					"rotation": ["37.5+10*(math.sin(q.anim_time*360-90)*4)", 0, 0]
				},
				"leg_back_right": {
					"rotation": ["15+4*(math.sin(q.anim_time*360)*4)", 0, 0],
					"position": [0, "3+0.1*(math.sin(q.anim_time*360+60)*4)", "0-0.1*(math.sin(q.anim_time*360+60)*4)"]
				},
				"leg_back_right2": {
					"rotation": ["0+6*(math.sin(q.anim_time*360)*4)", 0, 0]
				},
				"leg_back_right3": {
					"rotation": ["0+6*(math.sin(q.anim_time*360+90)*4)", 0, 0]
				},
				"foot_back_right": {
					"rotation": ["15+10*(math.sin(q.anim_time*360+90)*4)", 0, 0]
				},
				"foot_back_right2": {
					"rotation": ["0+4*(math.sin(q.anim_time*360+90)*4)", 0, 0]
				},
				"body": {
					"rotation": ["7.3499-1*(math.sin(q.anim_time*360)*4)", -1.08915, 0.95476],
					"position": [0, "0+0.1*(math.sin(q.anim_time*360+60)*4)", "0-0.1*(math.sin(q.anim_time*360+60)*4)"]
				},
				"neck_upper": {
					"rotation": ["0+2*(math.sin(q.anim_time*360)*4)", 0, 0]
				},
				"hair_side": {
					"rotation": [0, "0.5+0.5*(math.sin(q.anim_time*360-60)*4)", 0]
				},
				"hair_side2": {
					"rotation": [0, "0+0.5*(math.sin(q.anim_time*360-80)*4)", 0]
				},
				"hair_side3": {
					"rotation": [0, "0+0.5*(math.sin(q.anim_time*360-100)*4)", 0]
				},
				"hair_side4": {
					"rotation": [0, "0+1*(math.sin(q.anim_time*360-120)*4)", 0]
				},
				"leg_front_right": {
					"rotation": ["0+6*(math.sin(q.anim_time*360-60)*4)", 0, 0],
					"position": [0, "0+0.1*(math.sin(q.anim_time*360+60)*4)", "0-0.1*(math.sin(q.anim_time*360+60)*4)"]
				},
				"leg_front_right3": {
					"rotation": ["-45-15*(math.sin(q.anim_time*360-150)*4)", 0, 0]
				},
				"foot_front_right": {
					"rotation": ["100+10*(math.sin(q.anim_time*360-60)*4)", 0, 0]
				},
				"foot_front_right2": {
					"rotation": ["37.5+10*(math.sin(q.anim_time*360-150)*4)", 0, 0]
				},
				"leg_back_left": {
					"rotation": ["15+4*(math.sin(q.anim_time*360-60)*4)", 0, 0],
					"position": [0, "3+0.1*(math.sin(q.anim_time*360+60)*4)", "0-0.1*(math.sin(q.anim_time*360+60)*4)"]
				},
				"leg_back_left2": {
					"rotation": ["0+6*(math.sin(q.anim_time*360-60)*4)", 0, 0]
				},
				"leg_back_left3": {
					"rotation": ["0+6*(math.sin(q.anim_time*360+30)*4)", 0, 0]
				},
				"foot_back_left": {
					"rotation": ["15+10*(math.sin(q.anim_time*360+30)*4)", 0, 0]
				},
				"foot_back_left2": {
					"rotation": ["0+4*(math.sin(q.anim_time*360-30)*4)", 0, 0]
				},
				"tail": {
					"rotation": ["-25+2*(math.sin(q.anim_time*360+40)*2)", 0, 0]
				},
				"neck_fluff_front": {
					"rotation": ["-3-0.5*(math.sin(q.anim_time*360-40)*4)", 0, 0]
				},
				"neck_fluff_front2": {
					"rotation": ["0+1.5*(math.sin(q.anim_time*360-60)*4)", 0, 0]
				},
				"neck_fluff_front3": {
					"rotation": ["0+1.5*(math.sin(q.anim_time*360-120)*4)", 0, 0]
				}
			}
		},
		"animation.absol.surfacewater_swim": {
			"loop": true,
			"bones": {
				"body2": {
					"rotation": [-5, 0, 0]
				},
				"body3": {
					"rotation": ["7.5+2*(math.sin(q.anim_time*360+40)*4)", 0, 0]
				},
				"neck_lower": {
					"rotation": [-5, 0, 0]
				},
				"head": {
					"rotation": [-12.5, 0, 0]
				},
				"leg_front_left": {
					"rotation": ["0+6*(math.sin(q.anim_time*360)*4)", 0, 0],
					"position": [0, "0+0.1*(math.sin(q.anim_time*360+60)*4)", "0-0.1*(math.sin(q.anim_time*360+60)*4)"]
				},
				"leg_front_left3": {
					"rotation": ["-45-15*(math.sin(q.anim_time*360-90)*4)", 0, 0]
				},
				"foot_front_left": {
					"rotation": ["100+10*(math.sin(q.anim_time*360)*4)", 0, 0]
				},
				"foot_front_left2": {
					"rotation": ["37.5+10*(math.sin(q.anim_time*360-90)*4)", 0, 0]
				},
				"leg_back_right": {
					"rotation": ["15+4*(math.sin(q.anim_time*360)*4)", 0, 0],
					"position": [0, "3+0.1*(math.sin(q.anim_time*360+60)*4)", "0-0.1*(math.sin(q.anim_time*360+60)*4)"]
				},
				"leg_back_right2": {
					"rotation": ["0+6*(math.sin(q.anim_time*360)*4)", 0, 0]
				},
				"leg_back_right3": {
					"rotation": ["0+6*(math.sin(q.anim_time*360+90)*4)", 0, 0]
				},
				"foot_back_right": {
					"rotation": ["15+10*(math.sin(q.anim_time*360+90)*4)", 0, 0]
				},
				"foot_back_right2": {
					"rotation": ["0+4*(math.sin(q.anim_time*360+90)*4)", 0, 0]
				},
				"body": {
					"rotation": ["7.3499-1*(math.sin(q.anim_time*360)*4)", -1.08915, 0.95476],
					"position": [0, "0+0.1*(math.sin(q.anim_time*360+60)*4)", "0-0.1*(math.sin(q.anim_time*360+60)*4)"]
				},
				"neck_upper": {
					"rotation": ["0+2*(math.sin(q.anim_time*360)*4)", 0, 0]
				},
				"hair_side": {
					"rotation": [0, "0.5+0.5*(math.sin(q.anim_time*360-60)*4)", 0]
				},
				"hair_side2": {
					"rotation": [0, "0+0.5*(math.sin(q.anim_time*360-80)*4)", 0]
				},
				"hair_side3": {
					"rotation": [0, "0+0.5*(math.sin(q.anim_time*360-100)*4)", 0]
				},
				"hair_side4": {
					"rotation": [0, "0+1*(math.sin(q.anim_time*360-120)*4)", 0]
				},
				"leg_front_right": {
					"rotation": ["0+6*(math.sin(q.anim_time*360-60)*4)", 0, 0],
					"position": [0, "0+0.1*(math.sin(q.anim_time*360+60)*4)", "0-0.1*(math.sin(q.anim_time*360+60)*4)"]
				},
				"leg_front_right3": {
					"rotation": ["-45-15*(math.sin(q.anim_time*360-150)*4)", 0, 0]
				},
				"foot_front_right": {
					"rotation": ["100+10*(math.sin(q.anim_time*360-60)*4)", 0, 0]
				},
				"foot_front_right2": {
					"rotation": ["37.5+10*(math.sin(q.anim_time*360-150)*4)", 0, 0]
				},
				"leg_back_left": {
					"rotation": ["15+4*(math.sin(q.anim_time*360-60)*4)", 0, 0],
					"position": [0, "3+0.1*(math.sin(q.anim_time*360+60)*4)", "0-0.1*(math.sin(q.anim_time*360+60)*4)"]
				},
				"leg_back_left2": {
					"rotation": ["0+6*(math.sin(q.anim_time*360-60)*4)", 0, 0]
				},
				"leg_back_left3": {
					"rotation": ["0+6*(math.sin(q.anim_time*360+30)*4)", 0, 0]
				},
				"foot_back_left": {
					"rotation": ["15+10*(math.sin(q.anim_time*360+30)*4)", 0, 0]
				},
				"foot_back_left2": {
					"rotation": ["0+4*(math.sin(q.anim_time*360-30)*4)", 0, 0]
				},
				"tail": {
					"rotation": ["-25+2*(math.sin(q.anim_time*360+40)*2)", 0, 0]
				},
				"neck_fluff_front": {
					"rotation": ["-3-0.5*(math.sin(q.anim_time*360-40)*4)", 0, 0]
				},
				"neck_fluff_front2": {
					"rotation": ["0+1.5*(math.sin(q.anim_time*360-60)*4)", 0, 0]
				},
				"neck_fluff_front3": {
					"rotation": ["0+1.5*(math.sin(q.anim_time*360-120)*4)", 0, 0]
				},
				"torso": {
					"position": [0, -21, 0]
				}
			}
		},
		"animation.absol.blink": {
			"animation_length": 0.125,
			"bones": {
				"eyelid_left": {
					"position": {
						"0.0": [1, 0, -1],
						"0.0833": [1, 0, -1],
						"0.125": [0, 0, 0]
					}
				},
				"eyelid_right": {
					"position": {
						"0.0": [-1, 0, -1],
						"0.0833": [-1, 0, -1],
						"0.125": [0, 0, 0]
					}
				}
			}
		},
		"animation.absol.sleep": {
			"loop": true,
			"bones": {
				"body": {
					"rotation": ["0-0.15*(math.sin(q.anim_time*-90)*4)", -7.5, 0],
					"position": [0, -14, 0],
					"scale": "1+0.001*(math.sin(q.anim_time*-90)*4)"
				},
				"body2": {
					"rotation": ["5-0.15*(math.sin(q.anim_time*90)*4)", 10, 0]
				},
				"body3": {
					"rotation": [0, 0, 0],
					"position": [0, 0.6, -0.3]
				},
				"tail": {
					"rotation": ["-15-0.25*(math.sin(q.anim_time*90+40)*4)", 0, 0]
				},
				"neck_lower": {
					"rotation": ["25-0.15*(math.sin(q.anim_time*90)*4)", 0, 0]
				},
				"head": {
					"rotation": ["7.5+0.25*(math.sin(q.anim_time*90-40)*4)", 0, 0]
				},
				"head_inner": {
					"rotation": [5, 0, 0]
				},
				"eyelid_left": {
					"position": [1, 0, -0.975]
				},
				"eyelid_right": {
					"position": [-1, 0, -0.975]
				},
				"neck_fluff": {
					"rotation": [-7.5, 0, 0],
					"position": [-0.26105, -0.16506, -0.96463]
				},
				"neck_fluff_front": {
					"rotation": [-7.5, 0, 0]
				},
				"neck_fluff_front2": {
					"rotation": [29.83239, 0, 0]
				},
				"neck_fluff_front3": {
					"rotation": [15.19704, 0, 0]
				},
				"leg_front_left": {
					"rotation": [17.5, 0, 0],
					"position": [0.9, -11, -1]
				},
				"leg_front_left2": {
					"rotation": [-121.21038, -13.83295, 10.73505],
					"position": [0, -3.56699, -0.75]
				},
				"leg_front_left3": {
					"rotation": [17.50235, 0.02148, 12.49998]
				},
				"foot_front_left": {
					"rotation": [87.34941, -0.85481, 19.98247]
				},
				"leg_front_right": {
					"rotation": [17.5, 0, 0],
					"position": [-0.9, -11, -1]
				},
				"leg_front_right2": {
					"rotation": [-120.25701, 3.07706, -4.28615],
					"position": [0, -3.56699, -0.75]
				},
				"leg_front_right3": {
					"rotation": [17.50151, -0.01723, -9.99999]
				},
				"foot_front_right": {
					"rotation": [87.26603, 1.05627, -24.97911]
				},
				"leg_back_left": {
					"rotation": [-7.4409, 7.32646, 1.60622],
					"position": [1, -11, -0.25]
				},
				"leg_back_left2": {
					"rotation": [47.5, 0, 0],
					"position": [0, 0, 0]
				},
				"leg_back_left_heelspike": {
					"rotation": [-40, 0, 0],
					"position": [0, -1, -1]
				},
				"leg_back_left3": {
					"rotation": [-117.88942, -3.81174, 17.00074],
					"position": [-0.03151, -2.27764, 0.72966]
				},
				"foot_back_left": {
					"rotation": [77.5, 0, 0]
				},
				"leg_back_right": {
					"rotation": [-7.4409, -7.32646, -1.60622],
					"position": [-1, -11, -0.25]
				},
				"leg_back_right2": {
					"rotation": [47.5, 0, 0],
					"position": [0, 0, 0]
				},
				"leg_back_right_heelspike": {
					"rotation": [-40, 0, 0],
					"position": [0, -1, -1]
				},
				"leg_back_right3": {
					"rotation": [-117.88942, 3.81174, -17.00074],
					"position": [0.02521, -2.32211, 0.48373]
				},
				"foot_back_right": {
					"rotation": [77.65146, 1.50159, -0.17787]
				},
				"leg_front_left_heelspike": {
					"rotation": [77.7873, 2.68507, 12.2127],
					"position": [1.5, 3.75, -1.25]
				},
				"leg_front_right_heelspike": {
					"rotation": [77.7873, -2.68507, -12.2127],
					"position": [-1.5, 3.75, -1.25]
				},
				"hair_side": {
					"rotation": [0, "0+0.15*(math.sin(q.anim_time*90)*4)", 0]
				},
				"hair_side2": {
					"rotation": [0, "0+0.15*(math.sin(q.anim_time*90-40)*4)", 0]
				},
				"hair_side3": {
					"rotation": [0, "0+0.15*(math.sin(q.anim_time*90-80)*4)", 0]
				},
				"hair_side4": {
					"rotation": [0, "0+0.15*(math.sin(q.anim_time*90-120)*4)", 0]
				},
				"mouth_closed_edge": {
					"position": [0, -0.45, 0]
				}
			}
		},
		"animation.absol.faint": {
			"animation_length": 5,
			"bones": {
				"body": {
					"rotation": {
						"0.0": {
							"post": [0, 0, 0],
							"lerp_mode": "catmullrom"
						},
						"0.6667": {
							"post": [0, 0, -7.5],
							"lerp_mode": "catmullrom"
						},
						"1.5": {
							"post": [0, 0, 12.5],
							"lerp_mode": "catmullrom"
						},
						"1.9167": {
							"post": [12.5, 0, 0],
							"lerp_mode": "catmullrom"
						},
						"2.0833": {
							"post": [12.5, 0, 0],
							"lerp_mode": "catmullrom"
						},
						"2.4167": [12.5, 0, 90]
					},
					"position": {
						"0.0": {
							"post": [0, 0, 0],
							"lerp_mode": "catmullrom"
						},
						"0.6667": {
							"post": [-3, 0, 0],
							"lerp_mode": "catmullrom"
						},
						"1.5": {
							"post": [1, 0, 0],
							"lerp_mode": "catmullrom"
						},
						"1.9167": {
							"post": [1, -8, 5],
							"lerp_mode": "catmullrom"
						},
						"2.0833": {
							"post": [1, -8, 5],
							"lerp_mode": "catmullrom"
						},
						"2.4167": {
							"post": [6, -14, 3],
							"lerp_mode": "catmullrom"
						},
						"2.5833": {
							"post": [7.27, -13, 3],
							"lerp_mode": "catmullrom"
						},
						"2.75": [8, -14, 3]
					}
				},
				"neck_upper": {
					"rotation": {
						"0.0": {
							"post": [0, 0, 0],
							"lerp_mode": "catmullrom"
						},
						"0.3333": {
							"post": [-17.5, 0, 0],
							"lerp_mode": "catmullrom"
						},
						"0.9583": {
							"post": [-25, 0, 0],
							"lerp_mode": "catmullrom"
						},
						"1.3333": {
							"post": [-7.5, 0, 0],
							"lerp_mode": "catmullrom"
						},
						"1.625": {
							"post": [1.60572, -1.19358, 7.55014],
							"lerp_mode": "catmullrom"
						},
						"1.9583": {
							"post": [10, 0, 0],
							"lerp_mode": "catmullrom"
						},
						"2.25": {
							"post": [10, 0, -2.5],
							"lerp_mode": "catmullrom"
						},
						"2.5": {
							"post": [10, 0, 0],
							"lerp_mode": "catmullrom"
						},
						"2.7083": {
							"post": [10, 0, -15],
							"lerp_mode": "catmullrom"
						},
						"2.875": [10, 0, 0]
					}
				},
				"head": {
					"rotation": {
						"0.0": {
							"post": [0, 0, 0],
							"lerp_mode": "catmullrom"
						},
						"0.6667": {
							"post": [0, 0, 5],
							"lerp_mode": "catmullrom"
						},
						"1.25": {
							"post": [0, 0, -10],
							"lerp_mode": "catmullrom"
						},
						"1.625": {
							"post": [0, 0, -3.94],
							"lerp_mode": "catmullrom"
						},
						"2.25": {
							"post": [0, 0, -10],
							"lerp_mode": "catmullrom"
						},
						"2.5": [0, 0, 7.5]
					}
				},
				"leg_front_left": {
					"rotation": {
						"0.0": {
							"post": [0, 0, 0],
							"lerp_mode": "catmullrom"
						},
						"0.6667": {
							"post": [0, 0, -12.5],
							"lerp_mode": "catmullrom"
						},
						"1.5": {
							"post": [0, 0, 17.5],
							"lerp_mode": "catmullrom"
						},
						"1.8333": {
							"post": [37.5, 12.5, -5],
							"lerp_mode": "catmullrom"
						},
						"2.0417": {
							"post": [37.5, 12.5, -2.5],
							"lerp_mode": "catmullrom"
						},
						"2.125": {
							"post": [37.5, 12.5, 25],
							"lerp_mode": "catmullrom"
						},
						"2.2917": {
							"post": [37.5, 12.5, 90],
							"lerp_mode": "catmullrom"
						},
						"2.4583": [23.28158, -4.29335, 90.16866]
					},
					"position": {
						"0.0": {
							"post": [0, 0, 0],
							"lerp_mode": "catmullrom"
						},
						"0.6667": {
							"post": [-2, -0.35, 0],
							"lerp_mode": "catmullrom"
						},
						"1.5": {
							"post": [1, -0.35, 0],
							"lerp_mode": "catmullrom"
						},
						"1.8333": {
							"post": [2, -4.35, 2],
							"lerp_mode": "catmullrom"
						},
						"2.0417": {
							"post": [2.07, -5.75, 5.14],
							"lerp_mode": "catmullrom"
						},
						"2.125": {
							"post": [2.05, -5.7, 4.44],
							"lerp_mode": "catmullrom"
						},
						"2.2917": {
							"post": [2, -12.35, 2],
							"lerp_mode": "catmullrom"
						},
						"2.4583": {
							"post": [2, -15.35, 2],
							"lerp_mode": "catmullrom"
						},
						"2.5833": {
							"post": [2, -14.35, 2],
							"lerp_mode": "catmullrom"
						},
						"2.7917": [2, -14.35, 2]
					}
				},
				"leg_front_left3": {
					"rotation": {
						"0.0": {
							"post": [0, 0, 0],
							"lerp_mode": "catmullrom"
						},
						"0.6667": {
							"post": [0, 0, 12.5],
							"lerp_mode": "catmullrom"
						},
						"1.8333": {
							"post": [-67.43952, -0.53517, 12.62323],
							"lerp_mode": "catmullrom"
						},
						"2.0": {
							"post": [-72.2717, 13.58314, 9.34374],
							"lerp_mode": "catmullrom"
						},
						"2.4583": [-67.44, 6.96, -2.38]
					}
				},
				"foot_front_left": {
					"rotation": {
						"0.0": {
							"post": [0, 0, 0],
							"lerp_mode": "catmullrom"
						},
						"0.6667": {
							"post": [0.36, 0, 0],
							"lerp_mode": "catmullrom"
						},
						"0.9167": {
							"post": [12.76, 0, 0],
							"lerp_mode": "catmullrom"
						},
						"1.25": {
							"post": [39.29, 0, 0],
							"lerp_mode": "catmullrom"
						},
						"1.6667": {
							"post": [42.84, 0, 0],
							"lerp_mode": "catmullrom"
						},
						"1.8333": {
							"post": [25.76329, -13.41514, 21.29382],
							"lerp_mode": "catmullrom"
						},
						"2.0": {
							"post": [30.28664, -20.20435, 26.01349],
							"lerp_mode": "catmullrom"
						},
						"2.625": [112.5, 0, 0]
					}
				},
				"foot_front_left2": {
					"rotation": {
						"0.0": {
							"post": [0, 0, 0],
							"lerp_mode": "catmullrom"
						},
						"0.5833": {
							"post": [2.89, 0, 0],
							"lerp_mode": "catmullrom"
						},
						"0.9167": {
							"post": [0.6, 0, 0],
							"lerp_mode": "catmullrom"
						},
						"1.25": {
							"post": [32.03, 0, 0],
							"lerp_mode": "catmullrom"
						},
						"1.6667": {
							"post": [-8.53, 0, 0],
							"lerp_mode": "catmullrom"
						},
						"1.9167": {
							"post": [5.86, 0, 0],
							"lerp_mode": "catmullrom"
						},
						"2.0": {
							"post": [-1.41, 0, 0],
							"lerp_mode": "catmullrom"
						},
						"2.5": [40, 0, 0]
					}
				},
				"leg_front_right": {
					"rotation": {
						"0.0": {
							"post": [0, 0, 0],
							"lerp_mode": "catmullrom"
						},
						"0.3333": {
							"post": [37.5, 0, 10],
							"lerp_mode": "catmullrom"
						},
						"0.6667": {
							"post": [25, 0, 1.25],
							"lerp_mode": "catmullrom"
						},
						"0.875": {
							"post": [1.58, 0, 3.12],
							"lerp_mode": "catmullrom"
						},
						"1.375": {
							"post": [0, 0, 16.25],
							"lerp_mode": "catmullrom"
						},
						"1.625": {
							"post": [15, 0, 16.25],
							"lerp_mode": "catmullrom"
						},
						"1.8333": {
							"post": [35, 0, 16.25],
							"lerp_mode": "catmullrom"
						},
						"2.0": {
							"post": [36.44, 0, -6.51],
							"lerp_mode": "catmullrom"
						},
						"2.25": {
							"post": [35, 0, 68.75],
							"lerp_mode": "catmullrom"
						},
						"2.4583": {
							"post": [15.44545, -2.904, 88.98638],
							"lerp_mode": "catmullrom"
						},
						"2.5833": {
							"post": [2.95, -2.9, 81.49],
							"lerp_mode": "catmullrom"
						},
						"2.6667": {
							"post": [7.95, -2.9, 88.99],
							"lerp_mode": "catmullrom"
						},
						"3.0": [17.95, 2.1, 68.99]
					},
					"position": {
						"0.0": {
							"post": [0, 0, 0],
							"lerp_mode": "catmullrom"
						},
						"0.6667": {
							"post": [-4, -2, 0],
							"lerp_mode": "catmullrom"
						},
						"0.8333": {
							"post": [-3.9, 0.61, 0],
							"lerp_mode": "catmullrom"
						},
						"1.375": {
							"post": [-2, 0, 0],
							"lerp_mode": "catmullrom"
						},
						"1.625": {
							"post": [0, 0, 0],
							"lerp_mode": "catmullrom"
						},
						"1.8333": {
							"post": [0, -4, 3],
							"lerp_mode": "catmullrom"
						},
						"2.0": {
							"post": [-1.25, -3.66, 3.22],
							"lerp_mode": "catmullrom"
						},
						"2.25": {
							"post": [3, -5, 3],
							"lerp_mode": "catmullrom"
						},
						"2.4583": {
							"post": [9, -6.25, 3],
							"lerp_mode": "catmullrom"
						},
						"2.5833": {
							"post": [10, -5.25, 3],
							"lerp_mode": "catmullrom"
						},
						"2.6667": {
							"post": [10.5, -5.25, 3],
							"lerp_mode": "catmullrom"
						},
						"3.0": [9, -5.75, 2.5]
					}
				},
				"leg_front_right3": {
					"rotation": {
						"0.0": {
							"post": [0, 0, 0],
							"lerp_mode": "catmullrom"
						},
						"0.3333": {
							"post": [-85, 0, 0],
							"lerp_mode": "catmullrom"
						},
						"0.6667": {
							"post": [-25.12, 0, 0],
							"lerp_mode": "catmullrom"
						},
						"0.875": {
							"post": [12.38, 0, 0],
							"lerp_mode": "catmullrom"
						},
						"1.375": {
							"post": [12.38, 0, -12.5],
							"lerp_mode": "catmullrom"
						},
						"1.625": {
							"post": [-7.62, 0, 0],
							"lerp_mode": "catmullrom"
						},
						"1.8333": {
							"post": [-50.12, 0, 0],
							"lerp_mode": "catmullrom"
						},
						"2.0": {
							"post": [-50.12, 12.5, 2.5],
							"lerp_mode": "catmullrom"
						},
						"2.5": {
							"post": [0, 0, 0],
							"lerp_mode": "catmullrom"
						},
						"2.75": {
							"post": [-20, 0, 0],
							"lerp_mode": "catmullrom"
						},
						"3.0": [-12.5, 0, 0]
					}
				},
				"foot_front_right": {
					"rotation": {
						"0.0": {
							"post": [0, 0, 0],
							"lerp_mode": "catmullrom"
						},
						"0.3333": {
							"post": [27.5, 0, 0],
							"lerp_mode": "catmullrom"
						},
						"0.625": {
							"post": [0, 0, 0],
							"lerp_mode": "catmullrom"
						},
						"0.8333": {
							"post": [-3.96496, -0.39942, -3.7604],
							"lerp_mode": "catmullrom"
						},
						"1.625": {
							"post": [1.04, -0.4, -3.76],
							"lerp_mode": "catmullrom"
						},
						"1.8333": {
							"post": [15.74, -0.18, -1.67],
							"lerp_mode": "catmullrom"
						},
						"2.0": {
							"post": [15, 0, 0],
							"lerp_mode": "catmullrom"
						},
						"2.5": [32.5, 0, 0]
					}
				},
				"foot_front_right2": {
					"rotation": {
						"0.0": {
							"post": [0, 0, 0],
							"lerp_mode": "catmullrom"
						},
						"0.3333": {
							"post": [35, 0, 0],
							"lerp_mode": "catmullrom"
						},
						"0.625": {
							"post": [0, 0, 0],
							"lerp_mode": "catmullrom"
						},
						"0.8333": {
							"post": [-2.41733, 0.6271, -0.95901],
							"lerp_mode": "catmullrom"
						},
						"1.4583": {
							"post": [-2.41733, 0.6271, -0.95901],
							"lerp_mode": "catmullrom"
						},
						"1.625": {
							"post": [22.58, 0.63, -0.96],
							"lerp_mode": "catmullrom"
						},
						"1.8333": {
							"post": [0, 0, 0],
							"lerp_mode": "catmullrom"
						},
						"2.0": {
							"post": [0, 0, 0],
							"lerp_mode": "catmullrom"
						},
						"2.5": [37.5, 0, 0]
					}
				},
				"leg_back_left": {
					"rotation": {
						"0.0": {
							"post": [0, 0, 0],
							"lerp_mode": "catmullrom"
						},
						"0.5": {
							"post": [-19.21395, 1.83853, -9.83057],
							"lerp_mode": "catmullrom"
						},
						"0.9583": {
							"post": [-10.85759, 1.78431, -5.08518],
							"lerp_mode": "catmullrom"
						},
						"1.0833": {
							"post": [-10.28524, 2.0091, 2.01682],
							"lerp_mode": "catmullrom"
						},
						"1.8333": {
							"post": [-29.80332, 0.85726, 1.48912],
							"lerp_mode": "catmullrom"
						},
						"2.0833": {
							"post": [-10.8417, 1.02441, 10.82313],
							"lerp_mode": "catmullrom"
						},
						"2.2083": {
							"post": [-2.18741, -5.32648, 55.02067],
							"lerp_mode": "catmullrom"
						},
						"2.4167": {
							"post": [0, 0, 95],
							"lerp_mode": "catmullrom"
						},
						"2.5833": {
							"post": [0, 0, 87.5],
							"lerp_mode": "catmullrom"
						},
						"2.6667": {
							"post": [0, 0, 81.96],
							"lerp_mode": "catmullrom"
						},
						"2.7917": [0, 0, 90]
					},
					"position": {
						"0.0": {
							"post": [0, 0, 0],
							"lerp_mode": "catmullrom"
						},
						"0.5": {
							"post": [-1.61, -0.03, 0],
							"lerp_mode": "catmullrom"
						},
						"0.9583": {
							"post": [-0.42, -1.35, 0],
							"lerp_mode": "catmullrom"
						},
						"1.1667": {
							"post": [0.22, -0.67, -0.2],
							"lerp_mode": "catmullrom"
						},
						"1.3333": {
							"post": [1.31, -1.02, -0.21],
							"lerp_mode": "catmullrom"
						},
						"1.625": {
							"post": [1.49, -2.19, 0.93],
							"lerp_mode": "catmullrom"
						},
						"1.8333": {
							"post": [1.62, -3.02, 3],
							"lerp_mode": "catmullrom"
						},
						"2.2083": {
							"post": [1.88, -9.72, 1.06],
							"lerp_mode": "catmullrom"
						},
						"2.4167": {
							"post": [1.88, -14.97, 1.06],
							"lerp_mode": "catmullrom"
						},
						"2.5833": [2.38, -14.47, 1.06]
					}
				},
				"leg_back_left2": {
					"rotation": {
						"0.0": {
							"post": [0, 0, 0],
							"lerp_mode": "catmullrom"
						},
						"0.5": {
							"post": [27.9, 0, 0],
							"lerp_mode": "catmullrom"
						},
						"1.0": {
							"post": [8.37, 0, 0],
							"lerp_mode": "catmullrom"
						},
						"1.8333": {
							"post": [23.82, 0, 0],
							"lerp_mode": "catmullrom"
						},
						"2.4167": {
							"post": [0, 0, 0],
							"lerp_mode": "catmullrom"
						},
						"2.7917": [-5, 0, 0]
					}
				},
				"leg_back_left3": {
					"rotation": {
						"0.0": {
							"post": [0, 0, 0],
							"lerp_mode": "catmullrom"
						},
						"0.5": {
							"post": [-27.22185, 0.00851, 0.35147],
							"lerp_mode": "catmullrom"
						},
						"1.0": {
							"post": [-15.61663, 0.01513, 0.62484],
							"lerp_mode": "catmullrom"
						},
						"1.8333": {
							"post": [-30.14236, 0.00624, 0.25757],
							"lerp_mode": "catmullrom"
						},
						"2.4167": {
							"post": [-35, 0, 0],
							"lerp_mode": "catmullrom"
						},
						"2.6667": {
							"post": [-34.96301, 9.99113, 0.42319],
							"lerp_mode": "catmullrom"
						},
						"2.7917": [-25, 0, 0]
					}
				},
				"foot_back_left": {
					"rotation": {
						"0.0": {
							"post": [0, 0, 0],
							"lerp_mode": "catmullrom"
						},
						"0.5": {
							"post": [39.65, 0, 0],
							"lerp_mode": "catmullrom"
						},
						"1.0": {
							"post": [24.35, 0, 0],
							"lerp_mode": "catmullrom"
						},
						"2.4167": {
							"post": [50, 0, 0],
							"lerp_mode": "catmullrom"
						},
						"2.625": [55, 0, 0]
					}
				},
				"body2": {
					"rotation": {
						"0.0": {
							"post": [0, 0, 0],
							"lerp_mode": "catmullrom"
						},
						"0.4583": {
							"post": [0, 2.5, 0],
							"lerp_mode": "catmullrom"
						},
						"1.2917": {
							"post": [0, 5, 0],
							"lerp_mode": "catmullrom"
						},
						"1.75": {
							"post": [0, 0, -5],
							"lerp_mode": "catmullrom"
						},
						"2.0": {
							"post": [0, 0, 5],
							"lerp_mode": "catmullrom"
						},
						"2.4583": {
							"post": [0, 0, 5],
							"lerp_mode": "catmullrom"
						},
						"2.5833": {
							"post": [0, 0, 15],
							"lerp_mode": "catmullrom"
						},
						"2.75": {
							"post": [0, 0, 0],
							"lerp_mode": "catmullrom"
						},
						"2.875": [0, 0, -5]
					}
				},
				"body3": {
					"rotation": {
						"0.0": {
							"post": [0, 0, 0],
							"lerp_mode": "catmullrom"
						},
						"0.4583": {
							"post": [0, -6.63, 0],
							"lerp_mode": "catmullrom"
						},
						"0.75": {
							"post": [0, -5, 0],
							"lerp_mode": "catmullrom"
						},
						"1.5": {
							"post": [0, 0.08, 0],
							"lerp_mode": "catmullrom"
						},
						"1.75": {
							"post": [0, -14.92, 0],
							"lerp_mode": "catmullrom"
						},
						"2.0": {
							"post": [0.42301, 4.62555, 4.99724],
							"lerp_mode": "catmullrom"
						},
						"2.4583": {
							"post": [0.42, 4.63, 5],
							"lerp_mode": "catmullrom"
						},
						"2.875": {
							"post": [-0.22971, 5.29703, -2.49848],
							"lerp_mode": "catmullrom"
						},
						"3.0": [0.42, 4.63, 5]
					}
				},
				"tail": {
					"rotation": {
						"0.0": {
							"post": [0, 0, 0],
							"lerp_mode": "catmullrom"
						},
						"0.75": {
							"post": [-7.04448, 12.91316, 14.83363],
							"lerp_mode": "catmullrom"
						},
						"1.5": {
							"post": [-14.38715, -24.24717, -12.11383],
							"lerp_mode": "catmullrom"
						},
						"2.0": {
							"post": [-1.84288, 12.67029, 10.27703],
							"lerp_mode": "catmullrom"
						},
						"2.4167": {
							"post": [0.83837, -19.54476, -28.53215],
							"lerp_mode": "catmullrom"
						},
						"2.5833": {
							"post": [1.85294, -16.82557, -28.35661],
							"lerp_mode": "catmullrom"
						},
						"2.75": {
							"post": [3.68813, -15.97589, -31.27886],
							"lerp_mode": "catmullrom"
						},
						"3.0": [0, 15, 0]
					}
				},
				"mouth_closed": {
					"position": {
						"0.0": [0, 0.25, 0],
						"0.1667": [0, 0, 0],
						"0.25": [0, 0, 1],
						"1.1667": [0, 0, 1],
						"1.25": [0, 0.25, 0]
					}
				},
				"mouth_closed_edge": {
					"position": {
						"0.0": [0, -0.75, 0],
						"1.25": [0, -0.75, 0]
					}
				},
				"mouth_open": {
					"position": {
						"0.0": [0, 0, 0],
						"0.25": [0, 0, -1],
						"1.2083": [0, 0, -1],
						"1.4167": [0, 0, 0]
					}
				},
				"eye_left": {
					"rotation": [0, 0, 0]
				},
				"eyelid_left": {
					"position": {
						"0.0": [0, 0, 0],
						"0.25": [1, 0, -1],
						"0.3333": [1, 0, -1],
						"0.4167": [0, 0, 0],
						"0.5": [1, 0, -1],
						"0.5833": [1, 0, -1],
						"0.75": [0, 0, 0],
						"1.0": [1, 0, -1]
					}
				},
				"eyelid_right": {
					"position": {
						"0.0": [0, 0, 0],
						"0.25": [-1, 0, -1],
						"0.3333": [-1, 0, -1],
						"0.4167": [0, 0, 0],
						"0.5": [-1, 0, -1],
						"0.5833": [-1, 0, -1],
						"0.75": [0, 0, 0],
						"1.0": [-1, 0, -1]
					}
				},
				"hair_side": {
					"rotation": {
						"0.0": {
							"post": [0, 0, 0],
							"lerp_mode": "catmullrom"
						},
						"0.6667": {
							"post": [0, 0, -5],
							"lerp_mode": "catmullrom"
						},
						"1.5": {
							"post": [-0.03478, 4.99057, 5.30906],
							"lerp_mode": "catmullrom"
						},
						"1.75": {
							"post": [1.762, 3.06788, -2.30165],
							"lerp_mode": "catmullrom"
						},
						"2.0": {
							"post": [2.70118, 4.07605, -12.29495],
							"lerp_mode": "catmullrom"
						},
						"2.25": {
							"post": [1.22915, 2.62875, 2.70744],
							"lerp_mode": "catmullrom"
						},
						"2.4583": {
							"post": [-0.25541, 1.74743, 15.26418],
							"lerp_mode": "catmullrom"
						},
						"2.625": {
							"post": [0.94859, 2.42697, 5.21503],
							"lerp_mode": "catmullrom"
						},
						"3.0": [-0.25541, 1.74743, 15.26418]
					}
				},
				"hair_side2": {
					"rotation": {
						"0.0": {
							"post": [0, 0, 0],
							"lerp_mode": "catmullrom"
						},
						"0.75": {
							"post": [-0.05358, -4.98008, -17.94928],
							"lerp_mode": "catmullrom"
						},
						"1.0833": {
							"post": [0.46964, -5.68101, -10.46377],
							"lerp_mode": "catmullrom"
						},
						"1.5833": {
							"post": [3.45377, 2.70013, 3.25784],
							"lerp_mode": "catmullrom"
						},
						"1.8333": {
							"post": [3.35392, -7.55816, 4.243],
							"lerp_mode": "catmullrom"
						},
						"2.0833": {
							"post": [0.81688, -3.01089, -30.55926],
							"lerp_mode": "catmullrom"
						},
						"2.3333": {
							"post": [3.38275, 0.228, 2.87882],
							"lerp_mode": "catmullrom"
						},
						"2.5417": {
							"post": [1.32707, 9.29656, -8.86395],
							"lerp_mode": "catmullrom"
						},
						"2.7083": {
							"post": [-0.37525, 9.78682, -14.12284],
							"lerp_mode": "catmullrom"
						},
						"3.0": [-7.87525, 9.78682, -14.12284]
					}
				},
				"neck_fluff": {
					"rotation": {
						"0.0": {
							"post": [0, 0, 0],
							"lerp_mode": "catmullrom"
						},
						"0.75": {
							"post": [0, 0, -5],
							"lerp_mode": "catmullrom"
						},
						"1.5": {
							"post": [0, 0, 7.5],
							"lerp_mode": "catmullrom"
						},
						"1.9583": {
							"post": [-5, 0, 7.5],
							"lerp_mode": "catmullrom"
						},
						"2.1667": {
							"post": [0, 0, 7.5],
							"lerp_mode": "catmullrom"
						},
						"2.5": {
							"post": [0, 0, 17.5],
							"lerp_mode": "catmullrom"
						},
						"2.6667": {
							"post": [0, 0, 3.89],
							"lerp_mode": "catmullrom"
						},
						"2.7917": {
							"post": [0, 0, 7.5],
							"lerp_mode": "catmullrom"
						},
						"3.0417": [0, 0, -2.5]
					}
				},
				"neck_fluff_front": {
					"rotation": {
						"0.0": {
							"post": [0, 0, 0],
							"lerp_mode": "catmullrom"
						},
						"0.75": {
							"post": [-2.87234, 0, 0],
							"lerp_mode": "catmullrom"
						},
						"1.9583": {
							"post": [-7.5, 0, 0],
							"lerp_mode": "catmullrom"
						},
						"2.5": [-2.5, 0, 0]
					}
				},
				"neck_fluff_front2": {
					"rotation": {
						"0.0": {
							"post": [0, 0, 0],
							"lerp_mode": "catmullrom"
						},
						"0.75": {
							"post": [-5.53, 0, 0],
							"lerp_mode": "catmullrom"
						},
						"1.5": {
							"post": [-29.17, 0, 0],
							"lerp_mode": "catmullrom"
						},
						"1.9583": {
							"post": [-27.5, 0, 0],
							"lerp_mode": "catmullrom"
						},
						"2.1667": {
							"post": [10, 0, 0],
							"lerp_mode": "catmullrom"
						},
						"2.5": {
							"post": [2.5, 0, 0],
							"lerp_mode": "catmullrom"
						},
						"3.0417": [10, 0, 0]
					}
				},
				"neck_fluff_front3": {
					"rotation": {
						"0.0": {
							"post": [0, 0, 0],
							"lerp_mode": "catmullrom"
						},
						"0.75": {
							"post": [-4.36, 0, 0],
							"lerp_mode": "catmullrom"
						},
						"1.9583": {
							"post": [-37.5, 0, 0],
							"lerp_mode": "catmullrom"
						},
						"2.1667": {
							"post": [0, 0, 0],
							"lerp_mode": "catmullrom"
						},
						"2.5": {
							"post": [-35, 0, 0],
							"lerp_mode": "catmullrom"
						},
						"3.0417": [-15, 0, 0]
					}
				},
				"foot_back_left2": {
					"rotation": {
						"0.0": {
							"post": [0, 0, 0],
							"lerp_mode": "catmullrom"
						},
						"0.5": {
							"post": [25, 0, 0],
							"lerp_mode": "catmullrom"
						},
						"1.0": {
							"post": [-2.5, 0, 0],
							"lerp_mode": "catmullrom"
						},
						"1.5": {
							"post": [-2.53, 0, 0],
							"lerp_mode": "catmullrom"
						},
						"2.4167": {
							"post": [-30, 0, 0],
							"lerp_mode": "catmullrom"
						},
						"2.625": [12.5, 0, 0]
					}
				},
				"leg_back_right": {
					"rotation": {
						"0.0": {
							"post": [0, 0, 0],
							"lerp_mode": "catmullrom"
						},
						"0.6667": {
							"post": [0, 0, -12.5],
							"lerp_mode": "catmullrom"
						},
						"1.0417": {
							"post": [0, 0, -5],
							"lerp_mode": "catmullrom"
						},
						"1.5": {
							"post": [0, 0, 12.5],
							"lerp_mode": "catmullrom"
						},
						"1.9583": {
							"post": [12.5, 0, 0],
							"lerp_mode": "catmullrom"
						},
						"2.4167": {
							"post": [0, 0, 97.5],
							"lerp_mode": "catmullrom"
						},
						"2.5833": {
							"post": [0, 0, 85],
							"lerp_mode": "catmullrom"
						},
						"2.75": {
							"post": [0, 0, 92.5],
							"lerp_mode": "catmullrom"
						},
						"2.875": [0, 0, 75]
					},
					"position": {
						"0.0": {
							"post": [0, 0, 0],
							"lerp_mode": "catmullrom"
						},
						"0.6667": {
							"post": [-3.5, 0, 0],
							"lerp_mode": "catmullrom"
						},
						"1.0417": {
							"post": [-1.25, 0, 0],
							"lerp_mode": "catmullrom"
						},
						"1.5": {
							"post": [0.5, 0, 0],
							"lerp_mode": "catmullrom"
						},
						"1.7917": {
							"post": [0.24, -2.66, 2.49],
							"lerp_mode": "catmullrom"
						},
						"1.9583": {
							"post": [0, -4, 1],
							"lerp_mode": "catmullrom"
						},
						"2.0833": {
							"post": [-0.06, -4.2, 3.35],
							"lerp_mode": "catmullrom"
						},
						"2.25": {
							"post": [4.35, -4.17, 1.71],
							"lerp_mode": "catmullrom"
						},
						"2.4167": {
							"post": [11, -7, 2],
							"lerp_mode": "catmullrom"
						},
						"2.5833": {
							"post": [11.5, -6, 2],
							"lerp_mode": "catmullrom"
						},
						"2.75": [12.5, -7, 2],
						"2.875": [12.5, -8, 2],
						"3.0": [12.5, -7.8, 2]
					}
				},
				"leg_back_right2": {
					"rotation": {
						"0.0": {
							"post": [0, 0, 0],
							"lerp_mode": "catmullrom"
						},
						"0.5417": {
							"post": [-1.52, 0, 0],
							"lerp_mode": "catmullrom"
						},
						"1.0833": {
							"post": [0.63, 0, 0],
							"lerp_mode": "catmullrom"
						},
						"1.5": {
							"post": [15.19, 0, 0],
							"lerp_mode": "catmullrom"
						},
						"1.7917": {
							"post": [15.21, 0, 0],
							"lerp_mode": "catmullrom"
						},
						"1.9583": {
							"post": [22.5, 0, 0],
							"lerp_mode": "catmullrom"
						},
						"2.4167": [-5, 0, 0]
					}
				},
				"leg_back_right3": {
					"rotation": {
						"0.0": {
							"post": [0, 0, 0],
							"lerp_mode": "catmullrom"
						},
						"0.5": {
							"post": [0.02567, -3.17289, -2.42711],
							"lerp_mode": "catmullrom"
						},
						"1.0833": {
							"post": [0, 0, 0],
							"lerp_mode": "catmullrom"
						},
						"1.5": {
							"post": [-10, -10, -7.5],
							"lerp_mode": "catmullrom"
						},
						"1.7917": {
							"post": [-41.44252, -3.74155, -2.80616],
							"lerp_mode": "catmullrom"
						},
						"1.9583": {
							"post": [-37.5, 0, 0],
							"lerp_mode": "catmullrom"
						},
						"2.4167": [32.5, 0, 0]
					}
				},
				"foot_back_right": {
					"rotation": {
						"0.0": {
							"post": [0, 0, 0],
							"lerp_mode": "catmullrom"
						},
						"0.5": {
							"post": [0, 0, 15],
							"lerp_mode": "catmullrom"
						},
						"1.0": {
							"post": [0, 0, 7],
							"lerp_mode": "catmullrom"
						},
						"1.5": {
							"post": [19.95216, -1.77347, 0.12247],
							"lerp_mode": "catmullrom"
						},
						"1.7917": {
							"post": [19.40829, 2.1534, 1.96533],
							"lerp_mode": "catmullrom"
						},
						"2.0": {
							"post": [0.04624, 4.88119, 3.58482],
							"lerp_mode": "catmullrom"
						},
						"2.4167": [32.54624, 4.88119, 3.58482]
					}
				},
				"foot_back_right2": {
					"rotation": {
						"0.0": {
							"post": [0, 0, 0],
							"lerp_mode": "catmullrom"
						},
						"0.75": {
							"post": [0, 0, 0],
							"lerp_mode": "catmullrom"
						},
						"1.25": {
							"post": [-12.5, 0, 0],
							"lerp_mode": "catmullrom"
						},
						"1.5": {
							"post": [-19.08, 0, 0],
							"lerp_mode": "catmullrom"
						},
						"2.0": {
							"post": [0, 0, 0],
							"lerp_mode": "catmullrom"
						},
						"2.4167": [22.5, 0, 0]
					}
				}
			}
		},
		"animation.absol.move": {
			"loop": true,
			"animation_length": 10,
			"bones": {
				"absol": {
					"position": {
						"0.0": {
							"post": [0, 0, 161],
							"lerp_mode": "catmullrom"
						},
						"10.0": {
							"post": [0, 0, -168],
							"lerp_mode": "catmullrom"
						}
					}
				}
			}
		}
	}
}