{
	"format_version": "1.12.0",
	"minecraft:geometry": [
		{
			"description": {
				"identifier": "geometry.unknown",
				"texture_width": 128,
				"texture_height": 128,
				"visible_bounds_width": 3,
				"visible_bounds_height": 3.5,
				"visible_bounds_offset": [0, 1.25, 0]
			},
			"bones": [
				{
					"name": "gogoat",
					"pivot": [0, 0, 0]
				},
				{
					"name": "body",
					"parent": "gogoat",
					"pivot": [0, 0, 0]
				},
				{
					"name": "torso",
					"parent": "body",
					"pivot": [0, 8.5, 3.75],
					"cubes": [
						{"origin": [-4, 15.975, -4], "size": [8, 0, 13], "uv": [0, 0]},
						{"origin": [-4, 15.85, -4], "size": [8, 0, 13], "uv": [-13, 67]},
						{"origin": [-4, 7.75, 1], "size": [8, 8, 8], "uv": [26, 21]},
						{"origin": [-4, 7.75, -6], "size": [8, 8, 7], "inflate": 0.01, "uv": [29, 0]}
					]
				},
				{
					"name": "tail",
					"parent": "torso",
					"pivot": [0.005, 15.755, 8.74496],
					"rotation": [27.5, 0, 0],
					"cubes": [
						{"origin": [-1.475, 15.725, 9], "size": [3, 0, 7], "uv": [0, 0]},
						{"origin": [-0.475, 15.75, 9], "size": [2, 0, 4], "pivot": [0.025, 15.775, 9.025], "rotation": [0, 55, 0], "uv": [41, 15]},
						{"origin": [-2.475, 15.75, 11], "size": [2, 0, 4], "pivot": [0.025, 15.775, 9.025], "rotation": [0, 42.5, 0], "uv": [25, 0]},
						{"origin": [0.475, 15.75, 11], "size": [2, 0, 4], "pivot": [-0.025, 15.775, 9.025], "rotation": [0, -42.5, 0], "uv": [4, 7]},
						{"origin": [-1.525, 15.75, 9], "size": [2, 0, 4], "pivot": [-0.025, 15.775, 9.025], "rotation": [0, -52.5, 0], "uv": [34, 37]}
					]
				},
				{
					"name": "neck",
					"parent": "torso",
					"pivot": [0, 13, -6],
					"rotation": [47.5, 0, 0],
					"cubes": [
						{"origin": [-2, 11, -8], "size": [4, 6, 4], "uv": [50, 15]}
					]
				},
				{
					"name": "neck_wool",
					"parent": "neck",
					"pivot": [0.0125, 14.10977, -5.60287],
					"rotation": [-62.5, 0, 0],
					"cubes": [
						{"origin": [-5, 9.65246, -9.18191], "size": [10, 9, 7], "inflate": 0.025, "pivot": [0, 13.65246, -5.73191], "rotation": [-14.25, 0, 0], "uv": [0, 13]},
						{"origin": [-4.475, 10.10246, -8.75691], "size": [9, 8, 6], "inflate": 0.325, "pivot": [0, 13.65246, -5.73191], "rotation": [-14.25, 0, 0], "uv": [0, 31]}
					]
				},
				{
					"name": "head",
					"parent": "neck",
					"pivot": [0, 17, -6]
				},
				{
					"name": "head_correction",
					"parent": "head",
					"pivot": [0, 17, -6],
					"rotation": [-47.5, 0, 0]
				},
				{
					"name": "head_ai",
					"parent": "head_correction",
					"pivot": [0, 17, -6]
				},
				{
					"name": "head_angle",
					"parent": "head_ai",
					"pivot": [0, 17, -6],
					"rotation": [47.5, 0, 0],
					"cubes": [
						{"origin": [-2.5, 17, -8.5], "size": [5, 4, 5], "uv": [38, 37]},
						{"origin": [-2.5, 18, -10.5], "size": [5, 3, 2], "uv": [27, 15]},
						{"origin": [-1, 20, -10.5], "size": [2, 1, 1], "inflate": 0.01, "uv": [0, 17]}
					]
				},
				{
					"name": "eye_right",
					"parent": "head_angle",
					"pivot": [-2.525, 19.725, -7.5],
					"rotation": [-50, 0, 0]
				},
				{
					"name": "eyebrow_right",
					"parent": "eye_right",
					"pivot": [-2.56, 20.35926, -7.96193],
					"rotation": [-40.25, 0, 0],
					"cubes": [
						{"origin": [-2.51, 18.73426, -7.46193], "size": [0, 3, 2], "uv": [67, -2], "mirror": true},
						{"origin": [-2.56, 19.18426, -8.46193], "size": [0, 2, 1], "uv": [4, 11], "mirror": true}
					]
				},
				{
					"name": "eyelid_right",
					"parent": "eye_right",
					"pivot": [-1.885, 19.725, -7.5],
					"cubes": [
						{"origin": [-2.84, 18.925, -8.3], "size": [1, 1, 2], "inflate": -0.3, "pivot": [1.485, 19.725, -7.5], "rotation": [-90, 0, 0], "uv": [9, 10], "mirror": true},
						{"origin": [-3.01, 18.7, -8.525], "size": [2, 2, 2], "inflate": -0.475, "uv": [74, 11], "mirror": true}
					]
				},
				{
					"name": "eyes",
					"parent": "head_angle",
					"pivot": [0, 13, -4]
				},
				{
					"name": "eye_left",
					"parent": "eyes",
					"pivot": [2.525, 19.725, -7.5],
					"rotation": [-50, 0, 0]
				},
				{
					"name": "eyebrow_left",
					"parent": "eye_left",
					"pivot": [2.56, 20.35926, -7.96193],
					"rotation": [-40.25, 0, 0],
					"cubes": [
						{"origin": [2.51, 18.73426, -7.46193], "size": [0, 3, 2], "uv": [67, -2]},
						{"origin": [2.56, 19.18426, -8.46193], "size": [0, 2, 1], "uv": [4, 11]}
					]
				},
				{
					"name": "eyelid_left",
					"parent": "eye_left",
					"pivot": [1.885, 19.725, -7.5],
					"cubes": [
						{"origin": [1.84, 18.925, -8.3], "size": [1, 1, 2], "inflate": -0.3, "pivot": [-1.485, 19.725, -7.5], "rotation": [-90, 0, 0], "uv": [9, 10]},
						{"origin": [1.01, 18.7, -8.525], "size": [2, 2, 2], "inflate": -0.475, "uv": [74, 11]}
					]
				},
				{
					"name": "mouth",
					"parent": "head_angle",
					"pivot": [0, 13.5, -4],
					"cubes": [
						{"origin": [-1, 18, -10.41], "size": [2, 2, 0], "uv": [0, 29]}
					]
				},
				{
					"name": "horns",
					"parent": "head_angle",
					"pivot": [1.5, 21.775, -5],
					"rotation": [-28.25, 0, 0],
					"cubes": [
						{"origin": [-0.95, 20.025, -6], "size": [2, 2, 3], "pivot": [1.5, 21.775, -5], "rotation": [27.5, 0, 0], "uv": [52, 0]},
						{"origin": [-0.475, 19.625, -7], "size": [1, 2, 2], "pivot": [1.5, 21.775, -5], "rotation": [27.5, 0, 0], "uv": [0, 0]}
					]
				},
				{
					"name": "horn_top_left",
					"parent": "horns",
					"pivot": [1.5, 21.775, -5],
					"rotation": [-55, 15, 7.5],
					"cubes": [
						{"origin": [0.5, 21.775, -5], "size": [2, 6, 2], "inflate": 0.01, "uv": [42, 58]}
					]
				},
				{
					"name": "horn_top_left2",
					"parent": "horn_top_left",
					"pivot": [1.5, 27.775, -5],
					"rotation": [-50, 0, 0],
					"cubes": [
						{"origin": [0.5, 27.775, -5], "size": [2, 5, 2], "uv": [8, 59]}
					]
				},
				{
					"name": "horn_top_left3",
					"parent": "horn_top_left2",
					"pivot": [1.5, 32.775, -4.75],
					"rotation": [-25, 0, 0],
					"cubes": [
						{"origin": [1, 32.775, -4.75], "size": [1, 4, 1], "inflate": 0.01, "uv": [0, 12]}
					]
				},
				{
					"name": "horn_top_right",
					"parent": "horns",
					"pivot": [-1.5, 21.775, -5],
					"rotation": [-55, -15, -7.5],
					"cubes": [
						{"origin": [-2.5, 21.775, -5], "size": [2, 6, 2], "inflate": 0.01, "uv": [42, 58], "mirror": true}
					]
				},
				{
					"name": "horn_top_right2",
					"parent": "horn_top_right",
					"pivot": [-1.5, 27.775, -5],
					"rotation": [-50, 0, 0],
					"cubes": [
						{"origin": [-2.5, 27.775, -5], "size": [2, 5, 2], "uv": [8, 59], "mirror": true}
					]
				},
				{
					"name": "horn_top_right3",
					"parent": "horn_top_right2",
					"pivot": [-1.5, 32.775, -4.75],
					"rotation": [-25, 0, 0],
					"cubes": [
						{"origin": [-2, 32.775, -4.75], "size": [1, 4, 1], "inflate": 0.01, "uv": [0, 12], "mirror": true}
					]
				},
				{
					"name": "ear_right2",
					"parent": "head_angle",
					"pivot": [-1.68474, 18.50825, -4.86995],
					"rotation": [124.88928, 42.14994, 122.66465]
				},
				{
					"name": "ear_left3",
					"parent": "head_angle",
					"pivot": [-1.68474, 18.50825, -4.86995],
					"rotation": [124.88928, 42.14994, 122.66465],
					"cubes": [
						{"origin": [-2.44797, 17.99133, -8.5713], "size": [2, 1, 4], "inflate": 0.01, "uv": [37, 16], "mirror": true}
					]
				},
				{
					"name": "ear_left2",
					"parent": "head_angle",
					"pivot": [1.68474, 18.50825, -4.86995],
					"rotation": [124.88928, -42.14994, -122.66465],
					"cubes": [
						{"origin": [0.44797, 17.99133, -8.5713], "size": [2, 1, 4], "inflate": 0.01, "uv": [37, 16]}
					]
				},
				{
					"name": "leg_front_right",
					"parent": "body",
					"pivot": [-3.2, 12.5, -4],
					"cubes": [
						{"origin": [-4.7, 6, -5.5], "size": [3, 8, 4], "uv": [28, 49]},
						{"origin": [-4.699, 5, -1.5], "size": [3, 1, 0], "uv": [74, 0], "mirror": true},
						{"origin": [-4.699, 4, -5.5], "size": [0, 2, 4], "uv": [73, -1], "mirror": true},
						{"origin": [-4.699, 5, -5.5], "size": [3, 1, 0], "uv": [74, 0]},
						{"origin": [-1.699, 4, -5.5], "size": [0, 2, 4], "uv": [73, -1], "mirror": true}
					]
				},
				{
					"name": "leg_front_right2",
					"parent": "leg_front_right",
					"pivot": [-3.2, 7, -4.75],
					"cubes": [
						{"origin": [-4.2, 1.25, -4.75], "size": [2, 6, 2], "uv": [58, 33]}
					]
				},
				{
					"name": "leg_front_right3",
					"parent": "leg_front_right2",
					"pivot": [-3.2, 1.25, -3.75],
					"cubes": [
						{"origin": [-4.2, 0, -5], "size": [2, 2, 2], "inflate": 0.01, "uv": [59, 49]}
					]
				},
				{
					"name": "leg_front_left",
					"parent": "body",
					"pivot": [3.2, 12.5, -4],
					"cubes": [
						{"origin": [1.7, 6, -5.5], "size": [3, 8, 4], "uv": [14, 49]},
						{"origin": [1.7, 4, -5.5], "size": [0, 2, 4], "uv": [73, -1]},
						{"origin": [4.7, 4, -5.5], "size": [0, 2, 4], "uv": [73, -1]},
						{"origin": [1.7, 5, -5.5], "size": [3, 1, 0], "uv": [74, 0], "mirror": true},
						{"origin": [1.7, 5, -1.5], "size": [3, 1, 0], "uv": [74, 0]}
					]
				},
				{
					"name": "leg_front_left2",
					"parent": "leg_front_left",
					"pivot": [3.2, 7, -4.75],
					"cubes": [
						{"origin": [2.2, 1.25, -4.75], "size": [2, 6, 2], "uv": [58, 25]}
					]
				},
				{
					"name": "leg_front_left3",
					"parent": "leg_front_left2",
					"pivot": [3.2, 1.25, -3.75],
					"cubes": [
						{"origin": [2.2, 0, -5], "size": [2, 2, 2], "inflate": 0.01, "uv": [50, 25]}
					]
				},
				{
					"name": "leg_back_right",
					"parent": "body",
					"pivot": [-3.25, 12.5, 6.5],
					"cubes": [
						{"origin": [-4.75, 6, 4.5], "size": [3, 8, 4], "uv": [45, 46]},
						{"origin": [-1.75, 5, 4.5], "size": [0, 1, 4], "uv": [74, 2]},
						{"origin": [-4.75, 5, 4.5], "size": [0, 1, 4], "uv": [74, 2]}
					]
				},
				{
					"name": "leg_back_right2",
					"parent": "leg_back_right",
					"pivot": [-3.25, 7.2, 8],
					"cubes": [
						{"origin": [-4.25, 1.25, 6.75], "size": [2, 6, 2], "uv": [58, 33]}
					]
				},
				{
					"name": "leg_back_right3",
					"parent": "leg_back_right2",
					"pivot": [-3.25, 1.25, 7.75],
					"cubes": [
						{"origin": [-4.25, 0, 6.5], "size": [2, 2, 2], "inflate": 0.01, "uv": [59, 49]}
					]
				},
				{
					"name": "leg_back_left",
					"parent": "body",
					"pivot": [3.25, 12.5, 6.5],
					"cubes": [
						{"origin": [1.75, 6, 4.5], "size": [3, 8, 4], "uv": [0, 45]},
						{"origin": [4.75, 5, 4.5], "size": [0, 1, 4], "uv": [74, 2]},
						{"origin": [1.75, 5, 4.5], "size": [0, 1, 4], "uv": [74, 2]}
					]
				},
				{
					"name": "leg_back_left2",
					"parent": "leg_back_left",
					"pivot": [3.25, 7.2, 8],
					"cubes": [
						{"origin": [2.25, 1.25, 6.75], "size": [2, 6, 2], "uv": [58, 25]}
					]
				},
				{
					"name": "leg_back_left3",
					"parent": "leg_back_left2",
					"pivot": [3.25, 1.25, 7.75],
					"cubes": [
						{"origin": [2.25, 0, 6.5], "size": [2, 2, 2], "inflate": 0.01, "uv": [59, 49]}
					]
				}
			]
		}
	]
}