{
	"format_version": "1.8.0",
	"animations": {
		"animation.ogerpon.ground_idle": {
			"loop": true,
			"animation_length": 4,
			"bones": {
				"body": {
					"rotation": ["-2.5-4*math.sin(q.anim_time*90*4-90)*1", "0+4*math.sin(q.anim_time*90*2-90)*1", "0-8*math.sin(q.anim_time*90*2-90)*1"],
					"position": [0, "0.8*math.sin(q.anim_time*90*4+20)", 0]
				},
				"tealmask": {
					"rotation": [0, 0, "0-8*math.sin(q.anim_time*90*2-180)*0.2"],
					"position": [0, 0, 4],
					"scale": [0.1, 0.1, 1]
				},
				"knot": {
					"rotation": [0, 0, "0-8*math.sin(q.anim_time*90*2-90)*3"]
				},
				"knot_2": {
					"rotation": [0, 0, "0-8*math.sin(q.anim_time*90*2-180)*2"]
				},
				"knot_3": {
					"rotation": [0, 0, "0-8*math.sin(q.anim_time*90*2-270)*1"]
				},
				"arm_right": {
					"rotation": [0, 0, "-7.5+5*math.sin(q.anim_time*90*4-150)*0.5"]
				},
				"bone15": {
					"rotation": [0, 0, "-7.5+5*math.sin(q.anim_time*90*4-170)*0.5"]
				},
				"arm_left": {
					"rotation": [0, 0, "7.5-5*math.sin(q.anim_time*90*4-150)*0.5"]
				},
				"bone13": {
					"rotation": [0, 0, "7.5-5*math.sin(q.anim_time*90*4-170)*0.5"]
				},
				"skirt_left": {
					"rotation": ["-2.5-4*math.sin(q.anim_time*90*4-180)*1", 0, 0]
				},
				"skirt_right": {
					"rotation": ["-2.5-4*math.sin(q.anim_time*90*4-180)*1", 0, 0]
				},
				"skirt_back": {
					"rotation": ["-2.5-4*math.sin(q.anim_time*90*4-180)*2", 0, 0]
				},
				"skirt_front": {
					"rotation": ["-2.5-4*math.sin(q.anim_time*90*4-180)*2", 0, 0]
				},
				"leg_right_1": {
					"rotation": ["2.3567+math.clamp(math.sin(q.anim_time*90*2-90)*10,-100,0)", "17.3649-math.clamp(math.sin(q.anim_time*90*2-90)*5,-10,0)", 7.85035],
					"position": [
						"-(math.clamp(-1*math.sin(q.anim_time*90*2-90),0,1))",
						"math.clamp(-0.5*math.sin(q.anim_time*90*2-80),0,1)",
						"1+math.clamp(2*math.sin(q.anim_time*90*2-90),-2,0)"
					]
				},
				"feet_right": {
					"rotation": {
						"0.0": ["10.5052+10*math.sin(q.anim_time*90*12-80)", -1.92623, -11.50943],
						"0.5": [0, 10, -7.5],
						"1.0": [0, 10, -7.5],
						"1.5417": [0, 10, -7.5],
						"2.0": ["10.5052+10*math.sin(q.anim_time*90*12-80)", -1.92623, -11.50943],
						"2.5": [0, 10, -7.5],
						"3.0": [0, 10, -7.5],
						"3.5417": [0, 10, -7.5],
						"4.0": ["10.5052+10*math.sin(q.anim_time*90*12-80)", -1.92623, -11.50943]
					}
				},
				"leg_left_1": {
					"rotation": ["2.3567+math.clamp(-math.sin(q.anim_time*90*2-90)*10,-100,0)", "-17.3649+math.clamp(-math.sin(q.anim_time*90*2-90)*5,-10,0)", -7.85035],
					"position": [
						"math.clamp(1*math.sin(q.anim_time*90*2-90),0,1)",
						"math.clamp(0.5*math.sin(q.anim_time*90*2-80),0,1)",
						"1+math.clamp(-2*math.sin(q.anim_time*90*2-90),-2,0)"
					]
				},
				"feet_left": {
					"rotation": {
						"0.0": [0, -10, 7.5],
						"0.5417": [0, -10, 7.5],
						"0.875": ["10.0572+10*math.sin(q.anim_time*90*12-80)", 4.81216, 8.85922],
						"1.5": [0, -10, 7.5],
						"2.0": [0, -10, 7.5],
						"2.5417": [0, -10, 7.5],
						"2.875": ["10.0572+10*math.sin(q.anim_time*90*12-80)", 4.81216, 8.85922],
						"3.5": [0, -10, 7.5],
						"4.0": [0, -10, 7.5]
					}
				}
			}
		},
		"animation.ogerpon.sleep": {
			"loop": true,
			"bones": {
				"body_position": {
					"position": [0, -12, 0]
				},
				"body": {
					"rotation": ["5-math.cos(q.anim_time*90*1)*1", 0, 0]
				},
				"eye_right": {
					"scale": [1, 0, 1]
				},
				"eye_left": {
					"scale": [1, 0, 1]
				},
				"skirt_left": {
					"rotation": [0, 0, -55]
				},
				"skirt_right": {
					"rotation": [0, 0, 52.5]
				},
				"skirt_back": {
					"rotation": ["39.7+math.cos(q.anim_time*90*1)*5", 0, 0]
				},
				"skirt_front": {
					"rotation": [-72.5, 0, 0]
				},
				"knot": {
					"rotation": ["5-math.cos(q.anim_time*90*1)*5", 0, 0]
				},
				"knot_2": {
					"rotation": ["5-math.cos(q.anim_time*90*1)*1", 0, 0]
				},
				"arm_right": {
					"rotation": [0, -5, "-1-math.cos(q.anim_time*90*1-60)*2"]
				},
				"arm_left": {
					"rotation": [0, 0, "1+math.cos(q.anim_time*90*1-60)*2"]
				},
				"tealmask": {
					"scale": 0
				},
				"leg_right_1": {
					"rotation": [-90, 20, 0]
				},
				"leg_left_1": {
					"rotation": [-89.93795, -17.48791, -0.55958]
				}
			}
		},
		"animation.ogerpon.blink": {
			"animation_length": 0.625,
			"bones": {
				"eye_right": {
					"scale": {
						"0.0": [1, 1, 1],
						"0.2083": [1, 1, 1],
						"0.2917": [1, 0, 1],
						"0.375": [1, 0, 1],
						"0.4583": [1, 1.1, 1],
						"0.5": [1, 1, 1],
						"0.625": [1, 1, 1]
					}
				},
				"eye_left": {
					"scale": {
						"0.0": [1, 1, 1],
						"0.2083": [1, 1, 1],
						"0.2917": [1, 0, 1],
						"0.375": [1, 0, 1],
						"0.4583": [1, 1.1, 1],
						"0.5": [1, 1, 1],
						"0.625": [1, 1, 1]
					}
				}
			}
		},
		"animation.ogerpon.battle_idle": {
			"loop": true,
			"bones": {
				"body": {
					"rotation": ["10-math.cos(q.anim_time*90*3/2)*1", 2.5, 0],
					"position": [0, "-0.825-math.sin(q.anim_time*90*3/2)*0.3", 0]
				},
				"skirt_back": {
					"rotation": ["0+math.cos(q.anim_time*90*3/2-260)*4", 0, 0]
				},
				"skirt_front": {
					"rotation": ["0+math.cos(q.anim_time*90*3/2-260)*4", 0, 0]
				},
				"knot": {
					"rotation": ["7.5-math.cos(q.anim_time*90*3/2-60)*5", 0, 0]
				},
				"knot_2": {
					"rotation": ["0-math.cos(q.anim_time*90*3/2-120)*3/2", 0, 0]
				},
				"arm_right": {
					"rotation": [0, "30-math.cos(q.anim_time*90*3/2-160)*2", "0-math.cos(q.anim_time*90*3/2-130)*1"]
				},
				"bone15": {
					"rotation": [0, 0, "0-math.cos(q.anim_time*90*3/2-210)*4"]
				},
				"arm_left": {
					"rotation": [0, "-22.5+math.cos(q.anim_time*90*3/2-160)*2", "0-math.cos(q.anim_time*90*3/2-130)*1"]
				},
				"bone13": {
					"rotation": [0, 0, "0-math.cos(q.anim_time*90*3/2-210)*-4"]
				},
				"leg_right_1": {
					"rotation": [0, 0, 10],
					"position": [0, -0.55, 0]
				},
				"leg_right_2": {
					"rotation": [17.5, 0, 0]
				},
				"feet_right": {
					"rotation": [-17.44447, 8.94248, -13.2712]
				},
				"leg_left_1": {
					"rotation": [-22.5, 0, -15],
					"position": [0, -0.825, 0]
				},
				"leg_left_2": {
					"rotation": [20, 0, 0]
				},
				"feet_left": {
					"rotation": [3.17802, -15.61486, 14.24992]
				}
			}
		},
		"animation.ogerpon.ground_walk": {
			"loop": true,
			"animation_length": 1,
			"bones": {
				"body": {
					"rotation": ["-2.5+Math.cos((query.anim_time-0.4) * 90 * 4*2) * 3", 0, 0],
					"position": [0, "Math.cos((query.anim_time) * 90 * 4*2) * 0.3", 0]
				},
				"skirt_left": {
					"rotation": [0, 0, "5+Math.cos((query.anim_time-0.3) * 90 * 4*2) * -7"]
				},
				"skirt_right": {
					"rotation": [0, 0, "-5+Math.cos((query.anim_time-0.3) * 90 * 4*2) * -7"]
				},
				"skirt_back": {
					"rotation": ["5+Math.cos((query.anim_time-0.3) * 90 * 4*2) * -8", 0, 0]
				},
				"skirt_front": {
					"rotation": [0, 0, "0+Math.cos((query.anim_time-0.3) * 90 * 4*2) * -2"]
				},
				"knot": {
					"rotation": ["5+Math.cos((query.anim_time-0.3) * 90 * 4*2) * -4", 0, 0]
				},
				"knot_2": {
					"rotation": ["5+Math.cos((query.anim_time-0.3) * 90 * 4*2) * -3", 0, 0]
				},
				"arm_right": {
					"rotation": [0, "0-10*math.sin(q.anim_time*90*4)", "Math.cos((query.anim_time-0.6) * 90 * 2*2) * 2"]
				},
				"bone15": {
					"rotation": [0, "0-10*math.sin(q.anim_time*90*4)*0.3", "Math.cos((query.anim_time-0.6) * 90 * 2*2) * 2"]
				},
				"arm_left": {
					"rotation": [0, "0-10*math.sin(q.anim_time*90*4)", "Math.cos((query.anim_time-0.6) * 90 * 2*2) * 2"]
				},
				"bone13": {
					"rotation": [0, "0-10*math.sin(q.anim_time*90*4)*0.3", "Math.cos((query.anim_time-0.6) * 90 * 2*2) * 2"]
				},
				"tealmask": {
					"position": [0, 0, 4],
					"scale": [0.1, 0.1, 1]
				},
				"leg_right_1": {
					"rotation": {
						"0.0": [31.94, -4.07, 5.92],
						"0.0417": [34.01816, -4.75113, 8.57518],
						"0.125": [28.23141, -3.47957, 13.25477],
						"0.2917": [0.08439, 1.60667, 17.97314],
						"0.4167": [-31.76625, 0.64267, 17.18925],
						"0.5": [-37, 0, 12],
						"0.5833": [-33.42857, 0, 4.57143],
						"0.7917": [2, 0, 0],
						"0.9583": [29.87012, -3.39366, 3.26799],
						"1.0": [31.94, -4.07, 5.92]
					},
					"position": {
						"0.0": [0, 0, 0],
						"0.0833": [0, 0, 0],
						"0.25": [0, 1, 0],
						"0.5": [0, 0, 0],
						"1.0": [0, 0, 0]
					}
				},
				"leg_right_2": {
					"rotation": {
						"0.0": [12.92, 0, 0],
						"0.0417": [15, 0, 0],
						"0.2917": [25, 0, 0],
						"0.5": [7.5, 0, 0],
						"0.7917": [2.5, 0, 0],
						"1.0": [12.92, 0, 0]
					}
				},
				"feet_right": {
					"rotation": {
						"0.0": [-5.42, 0, 0],
						"0.0417": [-7.5, 0, 0],
						"0.2917": [15.91527, 19.291, 5.38152],
						"0.5": [15, 5, 0],
						"0.7917": [5, 0, 0],
						"1.0": [-5.42, 0, 0]
					}
				},
				"toe_right": {
					"rotation": {
						"0.0": [-14.91, 0, 0],
						"0.0833": [-20, 0, 0],
						"0.5": [-22.5, 0, 0],
						"0.5417": [-24, 0, 0],
						"0.625": [-32.5, 0, 0],
						"0.75": [-2.5, 0, 0],
						"0.7917": [-2.19, 0, 0],
						"1.0": [-14.91, 0, 0]
					}
				},
				"leg_left_1": {
					"rotation": {
						"0.0": [-38, 0, -12],
						"0.0833": [-34.42857, 0, -4.57143],
						"0.2917": [2, 0, 0],
						"0.4583": [29.87012, 3.39366, -3.26799],
						"0.5417": [34.01816, 4.75113, -8.57518],
						"0.625": [28.23141, 3.47957, -13.25477],
						"0.7917": [0.08439, -1.60667, -17.97314],
						"0.9167": [-32.76625, -0.64267, -17.18925],
						"1.0": [-38, 0, -12]
					},
					"position": {
						"0.0": [0, 0, 0],
						"0.5833": [0, 0, 0],
						"0.75": [0, 1, 0],
						"1.0": [0, 0, 0]
					}
				},
				"leg_left_2": {
					"rotation": {
						"0.0": [7.5, 0, 0],
						"0.2917": [2.5, 0, 0],
						"0.5417": [15, 0, 0],
						"0.7917": [25, 0, 0],
						"1.0": [7.5, 0, 0]
					}
				},
				"feet_left": {
					"rotation": {
						"0.0": [15, -5, 0],
						"0.2917": [5, 0, 0],
						"0.5417": [-7.5, 0, 0],
						"0.7917": [15.91527, -19.291, -5.38152],
						"1.0": [15, -5, 0]
					}
				},
				"bone": {
					"rotation": {
						"0.0": [-22.5, 0, 0],
						"0.0417": [-24, 0, 0],
						"0.125": [-32.5, 0, 0],
						"0.25": [-2.5, 0, 0],
						"0.2917": [-2.19, 0, 0],
						"0.5833": [-20, 0, 0],
						"1.0": [-22.5, 0, 0]
					}
				}
			}
		},
		"animation.ogerpon.ground_run": {
			"loop": true,
			"animation_length": 0.5,
			"bones": {
				"body_position": {
					"position": {
						"0.0": [0, 1.85, 0],
						"0.0417": [0, 1.67, 0],
						"0.125": [0, 0, 0],
						"0.2083": {
							"pre": [0, 1.67, 0],
							"post": [0, 1.67, 0],
							"lerp_mode": "catmullrom"
						},
						"0.25": {
							"post": [0, 1.85, 0],
							"lerp_mode": "catmullrom"
						},
						"0.2917": {
							"post": [0, 1.67, 0],
							"lerp_mode": "catmullrom"
						},
						"0.375": [0, 0, 0],
						"0.4583": [0, 1.67, 0],
						"0.5": [0, 1.85, 0]
					}
				},
				"body": {
					"rotation": ["15+Math.cos((query.anim_time) * 90 * 8*2 - 90) * 2", 0, "Math.cos((query.anim_time) * 90 * 8 - 90) * 2"],
					"position": [0, "Math.cos((query.anim_time) * 90 * 8*2 - 10) * 0.2", 0]
				},
				"skirt_left": {
					"rotation": [0, 0, "0+Math.cos((query.anim_time) * 90 * 8*2 - 90) * -20"]
				},
				"skirt_right": {
					"rotation": [0, 0, "0+Math.cos((query.anim_time) * 90 * 8*2 - 90) * -20"]
				},
				"skirt_back": {
					"rotation": ["0+Math.cos((query.anim_time) * 90 * 8*2 - 90) * 20", 0, 0]
				},
				"skirt_front": {
					"rotation": ["-55+Math.cos((query.anim_time) * 90 * 8*2 - 90) * 20", 0, 0]
				},
				"knot": {
					"rotation": ["-5+Math.cos((query.anim_time) * 90 * 8*2 - 120) * 6", 0, 0]
				},
				"arm_right": {
					"rotation": [0, "10+Math.cos((query.anim_time) * 90 * 8) * 15", "0+Math.cos((query.anim_time) * 90 * 8*2 - 90) * 5"],
					"position": [0, 0, 1]
				},
				"bone15": {
					"rotation": [0, "-0+Math.cos((query.anim_time) * 90 * 8) * -0.2", "0+Math.cos((query.anim_time) * 90 * 8*2 - 90) * -2"]
				},
				"arm_left": {
					"rotation": [0, "-10+Math.cos((query.anim_time) * 90 * 8) * -15", "0+Math.cos((query.anim_time) * 90 * 8*2 - 90) * -5"],
					"position": [0, 0, 1]
				},
				"bone13": {
					"rotation": [0, "-0+Math.cos((query.anim_time) * 90 * 8) * -0.2", "0+Math.cos((query.anim_time) * 90 * 8*2 - 90) * -2"]
				},
				"tealmask": {
					"scale": 1
				},
				"leg_right_1": {
					"rotation": {
						"0.0": [55, 0, 0],
						"0.0833": [36.67, 0, 0],
						"0.1667": [-32.08, 0, 0],
						"0.25": [-55, 0, 0],
						"0.3333": [-32.08, 0, 0],
						"0.4167": [36.67, 0, 0],
						"0.5": [55, 0, 0]
					}
				},
				"leg_right_2": {
					"rotation": {
						"0.0": [17.5, 0, 0],
						"0.125": {
							"pre": [43.75, 0, 0],
							"post": [43.75, 0, 0],
							"lerp_mode": "catmullrom"
						},
						"0.25": {
							"post": [10, 0, 0],
							"lerp_mode": "catmullrom"
						},
						"0.4167": {
							"post": [-20, 0, 0],
							"lerp_mode": "catmullrom"
						},
						"0.5": [17.5, 0, 0]
					}
				},
				"leg_left_1": {
					"rotation": {
						"0.0": [-55, 0, 0],
						"0.0833": [-32.08, 0, 0],
						"0.1667": [36.67, 0, 0],
						"0.25": [55, 0, 0],
						"0.3333": [36.67, 0, 0],
						"0.4167": [-32.08, 0, 0],
						"0.5": [-55, 0, 0]
					}
				},
				"leg_left_2": {
					"rotation": {
						"0.0": [10, 0, 0],
						"0.1667": {
							"pre": [-20, 0, 0],
							"post": [-20, 0, 0],
							"lerp_mode": "catmullrom"
						},
						"0.25": {
							"post": [17.5, 0, 0],
							"lerp_mode": "catmullrom"
						},
						"0.375": {
							"post": [43.75, 0, 0],
							"lerp_mode": "catmullrom"
						},
						"0.5": [10, 0, 0]
					}
				}
			}
		}
	}
}