{
	"format_version": "1.8.0",
	"animations": {
		"animation.reshiram.ground_idle": {
			"loop": true,
			"bones": {
				"reshiram": {
					"position": [0, -1.9, 0]
				},
				"tail": {
					"rotation": ["-math.cos((query.anim_time-0.1)*90)*0.5", 0, 0]
				},
				"tail2": {
					"rotation": ["7.5+math.cos((query.anim_time-0.1)*90)*2", "math.cos((query.anim_time-0.1)*90)*2", "math.cos((query.anim_time-0.1)*90)*3"]
				},
				"tail3": {
					"rotation": ["60-math.cos((query.anim_time-0.2)*180)*4", "0+math.cos((query.anim_time-0.2)*180)*2", "0-math.cos((query.anim_time-0.2)*180)*4"],
					"position": [0, -1, -2]
				},
				"tail4": {
					"rotation": ["-42.5+math.cos((query.anim_time-0.3)*90)*4", "0+math.cos((query.anim_time-0.3)*180)*5", "0+math.cos((query.anim_time-0.3)*90)*3"],
					"position": [0, 1, -1]
				},
				"tail5": {
					"rotation": ["-2.5+math.cos((query.anim_time-0.4)*180)*5", "math.cos((query.anim_time-0.4)*360)*4", "math.cos((query.anim_time-0.4)*180)*3"]
				},
				"body": {
					"rotation": ["-math.cos(query.anim_time*180)*1", 0, 0]
				},
				"neck": {
					"rotation": ["math.cos((query.anim_time-0.1)*180)*1", 0, 0]
				},
				"head": {
					"rotation": ["5+math.cos((query.anim_time-0.2)*180)*1", 0, 0]
				},
				"right_head2": {
					"rotation": ["math.cos(query.anim_time*90)*4", 0, 0]
				},
				"right_head3": {
					"rotation": ["-math.cos((query.anim_time-0.1)*90)*7", 0, 0]
				},
				"right_head4": {
					"rotation": ["math.cos((query.anim_time-0.2)*180)*8", 0, 0]
				},
				"right_head5": {
					"rotation": ["-math.cos((query.anim_time-0.3)*180)*9", 0, 0]
				},
				"right_head6": {
					"rotation": ["math.cos((query.anim_time-0.4)*180)*10", 0, 0]
				},
				"left_leg": {
					"rotation": ["math.cos(query.anim_time*180)*2", 0, -10]
				},
				"left_leg2": {
					"rotation": ["0.0752-math.cos(query.anim_time*180)*4", 2.52181, 3.24979],
					"position": [0, 1, 0]
				},
				"left_leg3": {
					"rotation": ["math.cos(query.anim_time*180)*1", 0, 0],
					"position": [0, 0, 0]
				},
				"left_leg4": {
					"rotation": [0.32652, -2.4786, 4.99294]
				},
				"left_arm": {
					"rotation": [13.9042, -5.68422, "-18.1937+math.cos((query.anim_time-0.1)*180)*1"],
					"position": [0, -1, 0]
				},
				"left_arm2": {
					"rotation": [-12.90805, 12.0318, "-10.1204+math.cos((query.anim_time-0.2)*180)*1"]
				},
				"left_arm3": {
					"rotation": [-1.18176, 0.60211, "26.9736+math.cos((query.anim_time-0.3)*180)*1"],
					"position": [-1, 0, 0]
				},
				"left_arm4": {
					"rotation": ["-math.cos((query.anim_time-0.4)*180)*3", 0, 0]
				},
				"left_arm5": {
					"rotation": ["-math.cos((query.anim_time-0.5)*180)*3", 0, 0]
				},
				"right_arm": {
					"rotation": [13.36964, 6.86378, "13.3054-math.cos((query.anim_time-0.1)*180)*1"],
					"position": [0, -1, 0]
				},
				"right_arm2": {
					"rotation": [-14.77085, -9.63372, "20.006-math.cos((query.anim_time-0.2)*180)*1"]
				},
				"right_arm3": {
					"rotation": [2.18979, 0.96475, "-35.7409-math.cos((query.anim_time-0.3)*180)*1"]
				},
				"right_arm4": {
					"rotation": ["-math.cos((query.anim_time-0.4)*180)*3", 0, 0]
				},
				"right_arm5": {
					"rotation": ["-math.cos((query.anim_time-0.5)*180)*3", 0, 0]
				},
				"right_leg": {
					"rotation": ["math.cos(query.anim_time*180)*2", 0, 10]
				},
				"right_leg2": {
					"rotation": ["0.0752-math.cos(query.anim_time*180)*4", -2.52181, -3.24979],
					"position": [0, 1, 0]
				},
				"right_leg3": {
					"rotation": ["math.cos(query.anim_time*180)*1", 0, 0]
				},
				"right_leg4": {
					"rotation": [0.32652, 2.4786, -4.99294]
				},
				"left_head2": {
					"rotation": ["-math.cos(query.anim_time*90)*4", 0, 0]
				},
				"left_head3": {
					"rotation": ["math.cos((query.anim_time-0.1)*90)*7", 0, 0]
				},
				"left_head4": {
					"rotation": ["-math.cos((query.anim_time-0.2)*180)*8", 0, 0]
				},
				"left_head5": {
					"rotation": ["math.cos((query.anim_time-0.3)*180)*9", 0, 0]
				},
				"left_head6": {
					"rotation": ["-math.cos((query.anim_time-0.4)*90)*10", 0, 0]
				},
				"upper": {
					"rotation": ["math.cos(query.anim_time*180)*1", 0, 0]
				},
				"left_arm2half": {
					"rotation": [0, 0, 15]
				},
				"right_arm2half": {
					"rotation": [0, 0, -10]
				}
			}
		},
		"animation.reshiram.cry": {
			"animation_length": 4,
			"bones": {
				"body": {
					"rotation": {
						"0.0": [0, 0, 0],
						"0.5": [10, 0, 0],
						"2.0": [0, 0, 0]
					}
				},
				"tail": {
					"rotation": {
						"0.0": {
							"post": [0, 0, 0],
							"lerp_mode": "catmullrom"
						},
						"0.5": {
							"post": [12.5, 0, 0],
							"lerp_mode": "catmullrom"
						},
						"1.0": {
							"post": [12.5, 0, 0],
							"lerp_mode": "catmullrom"
						},
						"2.0": [0, 0, 0]
					}
				},
				"tail2": {
					"rotation": {
						"0.0": {
							"post": [0, 0, 0],
							"lerp_mode": "catmullrom"
						},
						"0.5": {
							"post": [10, 0, 0],
							"lerp_mode": "catmullrom"
						},
						"1.0": {
							"post": [10, 0, 0],
							"lerp_mode": "catmullrom"
						},
						"2.0": [0, 0, 0]
					}
				},
				"tail3": {
					"rotation": {
						"0.0": {
							"post": [0, 0, 0],
							"lerp_mode": "catmullrom"
						},
						"0.5": {
							"post": [15, 0, 0],
							"lerp_mode": "catmullrom"
						},
						"1.0": {
							"post": [15, 0, 0],
							"lerp_mode": "catmullrom"
						},
						"2.0": [0, 0, 0]
					}
				},
				"tail4": {
					"rotation": {
						"0.0": {
							"post": [0, 0, 0],
							"lerp_mode": "catmullrom"
						},
						"0.5": {
							"post": [5, 0, 0],
							"lerp_mode": "catmullrom"
						},
						"1.0": {
							"post": [5, 0, 0],
							"lerp_mode": "catmullrom"
						},
						"2.0": [0, 0, 0]
					}
				},
				"neck": {
					"rotation": {
						"0.0": {
							"post": [0, 0, 0],
							"lerp_mode": "catmullrom"
						},
						"0.5": {
							"post": [-10, 0, 0],
							"lerp_mode": "catmullrom"
						},
						"1.0": {
							"post": [-10, 0, 0],
							"lerp_mode": "catmullrom"
						},
						"2.0": [0, 0, 0]
					},
					"position": {
						"0.0": {
							"post": [0, 0, 0],
							"lerp_mode": "catmullrom"
						},
						"0.5": {
							"post": [0, -1, 0],
							"lerp_mode": "catmullrom"
						},
						"1.0": {
							"post": [0, -1, 0],
							"lerp_mode": "catmullrom"
						},
						"2.0": [0, 0, 0]
					}
				},
				"head": {
					"rotation": {
						"0.0": {
							"post": [0, 0, 0],
							"lerp_mode": "catmullrom"
						},
						"0.5": {
							"post": [-7.5, 0, 0],
							"lerp_mode": "catmullrom"
						},
						"1.0": {
							"post": [-7.5, 0, 0],
							"lerp_mode": "catmullrom"
						},
						"2.0": [0, 0, 0]
					}
				},
				"bottomjaw": {
					"rotation": {
						"0.0": {
							"post": [0, 0, 0],
							"lerp_mode": "catmullrom"
						},
						"0.5": {
							"post": [42.5, 0, 0],
							"lerp_mode": "catmullrom"
						},
						"0.7083": {
							"post": [35.16, 0, 0],
							"lerp_mode": "catmullrom"
						},
						"1.0": {
							"post": [42.5, 0, 0],
							"lerp_mode": "catmullrom"
						},
						"2.0": [0, 0, 0]
					}
				},
				"body2": {
					"rotation": {
						"0.0": {
							"post": [0, 0, 0],
							"lerp_mode": "catmullrom"
						},
						"0.5": {
							"post": [-7.5, 0, 0],
							"lerp_mode": "catmullrom"
						},
						"1.0": {
							"post": [-7.5, 0, 0],
							"lerp_mode": "catmullrom"
						},
						"2.0": [0, 0, 0]
					}
				},
				"body3": {
					"rotation": {
						"0.0": {
							"post": [0, 0, 0],
							"lerp_mode": "catmullrom"
						},
						"0.5": {
							"post": [-2.5, 0, 0],
							"lerp_mode": "catmullrom"
						},
						"1.0": {
							"post": [-2.5, 0, 0],
							"lerp_mode": "catmullrom"
						},
						"2.0": [0, 0, 0]
					}
				}
			}
		},
		"animation.reshiram.blink": {
			"animation_length": 1,
			"bones": {
				"left_eyes": {
					"position": {
						"0.0": [0, 0, 0],
						"0.0833": [-1, 0, 0],
						"0.1667": [0, 0, 0]
					}
				},
				"right_eyes": {
					"position": {
						"0.0": [0, 0, 0],
						"0.0833": [1, 0, 0],
						"0.1667": [0, 0, 0]
					}
				}
			}
		},
		"animation.reshiram.fly": {
			"loop": true,
			"animation_length": 4,
			"bones": {
				"mainthing": {
					"rotation": {
						"0.0": {
							"post": [33.24, 0, 0],
							"lerp_mode": "catmullrom"
						},
						"0.75": {
							"post": [30, 0, 0],
							"lerp_mode": "catmullrom"
						},
						"1.5": {
							"post": [35, 0, 0],
							"lerp_mode": "catmullrom"
						},
						"2.0": {
							"post": [33.24, 0, 0],
							"lerp_mode": "catmullrom"
						},
						"2.75": {
							"post": [30, 0, 0],
							"lerp_mode": "catmullrom"
						},
						"3.5": {
							"post": [35, 0, 0],
							"lerp_mode": "catmullrom"
						},
						"4.0": {
							"post": [33.24, 0, 0],
							"lerp_mode": "catmullrom"
						}
					},
					"position": {
						"0.0": {
							"post": [0, 4.24, 0],
							"lerp_mode": "catmullrom"
						},
						"0.75": {
							"post": [0, 1, 0],
							"lerp_mode": "catmullrom"
						},
						"1.5": {
							"post": [0, 6, 0],
							"lerp_mode": "catmullrom"
						},
						"2.0": {
							"post": [0, 4.24, 0],
							"lerp_mode": "catmullrom"
						},
						"2.75": {
							"post": [0, 1, 0],
							"lerp_mode": "catmullrom"
						},
						"3.5": {
							"post": [0, 6, 0],
							"lerp_mode": "catmullrom"
						},
						"4.0": {
							"post": [0, 4.24, 0],
							"lerp_mode": "catmullrom"
						}
					}
				},
				"neck": {
					"rotation": {
						"0.0": {
							"post": [-0.6, 0, 0],
							"lerp_mode": "catmullrom"
						},
						"0.75": {
							"post": [7.5, 0, 0],
							"lerp_mode": "catmullrom"
						},
						"1.5": {
							"post": [-5, 0, 0],
							"lerp_mode": "catmullrom"
						},
						"2.0": {
							"post": [-0.6, 0, 0],
							"lerp_mode": "catmullrom"
						},
						"2.75": {
							"post": [7.5, 0, 0],
							"lerp_mode": "catmullrom"
						},
						"3.5": {
							"post": [-5, 0, 0],
							"lerp_mode": "catmullrom"
						},
						"4.0": {
							"post": [-0.6, 0, 0],
							"lerp_mode": "catmullrom"
						}
					}
				},
				"head": {
					"rotation": {
						"0.0": {
							"post": [-11.76, 0, 0],
							"lerp_mode": "catmullrom"
						},
						"0.75": {
							"post": [-15, 0, 0],
							"lerp_mode": "catmullrom"
						},
						"1.5": {
							"post": [-10, 0, 0],
							"lerp_mode": "catmullrom"
						},
						"2.0": {
							"post": [-11.76, 0, 0],
							"lerp_mode": "catmullrom"
						},
						"2.75": {
							"post": [-15, 0, 0],
							"lerp_mode": "catmullrom"
						},
						"3.5": {
							"post": [-10, 0, 0],
							"lerp_mode": "catmullrom"
						},
						"4.0": {
							"post": [-11.76, 0, 0],
							"lerp_mode": "catmullrom"
						}
					}
				},
				"bottomjaw": {
					"rotation": {
						"0.0": {
							"post": [5.28, 0, 0],
							"lerp_mode": "catmullrom"
						},
						"0.75": {
							"post": [15, 0, 0],
							"lerp_mode": "catmullrom"
						},
						"1.5": {
							"post": [0, 0, 0],
							"lerp_mode": "catmullrom"
						},
						"2.0": {
							"post": [5.28, 0, 0],
							"lerp_mode": "catmullrom"
						},
						"2.75": {
							"post": [15, 0, 0],
							"lerp_mode": "catmullrom"
						},
						"3.5": {
							"post": [0, 0, 0],
							"lerp_mode": "catmullrom"
						},
						"4.0": {
							"post": [5.28, 0, 0],
							"lerp_mode": "catmullrom"
						}
					}
				},
				"left_head2": {
					"rotation": {
						"0.0": ["-math.cos(query.anim_time*90)*4", 0, 0],
						"4.0": ["-math.cos(query.anim_time*90)*4", 0, 0]
					}
				},
				"left_head3": {
					"rotation": {
						"0.0": ["math.cos((query.anim_time-0.1)*90)*7", 0, 0],
						"4.0": ["math.cos((query.anim_time-0.1)*90)*7", 0, 0]
					}
				},
				"left_head4": {
					"rotation": {
						"0.0": ["-math.cos((query.anim_time-0.2)*180)*8", 0, 0],
						"4.0": ["-math.cos((query.anim_time-0.2)*180)*8", 0, 0]
					}
				},
				"left_head5": {
					"rotation": {
						"0.0": ["math.cos((query.anim_time-0.3)*180)*9", 0, 0],
						"4.0": ["math.cos((query.anim_time-0.3)*180)*9", 0, 0]
					}
				},
				"left_head6": {
					"rotation": {
						"0.0": ["-math.cos((query.anim_time-0.4)*90)*10", 0, 0],
						"4.0": ["-math.cos((query.anim_time-0.4)*90)*10", 0, 0]
					}
				},
				"right_head2": {
					"rotation": {
						"0.0": ["math.cos(query.anim_time*90)*4", 0, 0],
						"4.0": ["math.cos(query.anim_time*90)*4", 0, 0]
					}
				},
				"right_head3": {
					"rotation": {
						"0.0": ["-math.cos((query.anim_time-0.1)*90)*7", 0, 0],
						"4.0": ["-math.cos((query.anim_time-0.1)*90)*7", 0, 0]
					}
				},
				"right_head4": {
					"rotation": {
						"0.0": ["math.cos((query.anim_time-0.2)*180)*8", 0, 0],
						"4.0": ["math.cos((query.anim_time-0.2)*180)*8", 0, 0]
					}
				},
				"right_head5": {
					"rotation": {
						"0.0": ["-math.cos((query.anim_time-0.3)*180)*9", 0, 0],
						"4.0": ["-math.cos((query.anim_time-0.3)*180)*9", 0, 0]
					}
				},
				"right_head6": {
					"rotation": {
						"0.0": ["math.cos((query.anim_time-0.4)*180)*10", 0, 0],
						"4.0": ["math.cos((query.anim_time-0.4)*180)*10", 0, 0]
					}
				},
				"body2": {
					"rotation": {
						"0.0": {
							"post": [6.76, 0, 0],
							"lerp_mode": "catmullrom"
						},
						"0.75": {
							"post": [10, 0, 0],
							"lerp_mode": "catmullrom"
						},
						"1.5": {
							"post": [5, 0, 0],
							"lerp_mode": "catmullrom"
						},
						"2.0": {
							"post": [6.76, 0, 0],
							"lerp_mode": "catmullrom"
						},
						"2.75": {
							"post": [10, 0, 0],
							"lerp_mode": "catmullrom"
						},
						"3.5": {
							"post": [5, 0, 0],
							"lerp_mode": "catmullrom"
						},
						"4.0": {
							"post": [6.76, 0, 0],
							"lerp_mode": "catmullrom"
						}
					}
				},
				"body3": {
					"rotation": {
						"0.0": {
							"post": [-1.02, 0, 0],
							"lerp_mode": "catmullrom"
						},
						"0.75": {
							"post": [-7.5, 0, 0],
							"lerp_mode": "catmullrom"
						},
						"1.5": {
							"post": [2.5, 0, 0],
							"lerp_mode": "catmullrom"
						},
						"2.0": {
							"post": [-1.02, 0, 0],
							"lerp_mode": "catmullrom"
						},
						"2.75": {
							"post": [-7.5, 0, 0],
							"lerp_mode": "catmullrom"
						},
						"3.5": {
							"post": [2.5, 0, 0],
							"lerp_mode": "catmullrom"
						},
						"4.0": {
							"post": [-1.02, 0, 0],
							"lerp_mode": "catmullrom"
						}
					}
				},
				"right_arm": {
					"rotation": {
						"0.0": {
							"post": [-28.45285, -4.53086, -8.18893],
							"lerp_mode": "catmullrom"
						},
						"0.75": {
							"post": [-29.14743, 7.43547, 13.06431],
							"lerp_mode": "catmullrom"
						},
						"1.5": {
							"post": [-28.07555, -11.0311, -19.7339],
							"lerp_mode": "catmullrom"
						},
						"2.0": {
							"post": [-28.45285, -4.53086, -8.18893],
							"lerp_mode": "catmullrom"
						},
						"2.75": {
							"post": [-29.14743, 7.43547, 13.06431],
							"lerp_mode": "catmullrom"
						},
						"3.5": {
							"post": [-28.07555, -11.0311, -19.7339],
							"lerp_mode": "catmullrom"
						},
						"4.0": {
							"post": [-28.45285, -4.53086, -8.18893],
							"lerp_mode": "catmullrom"
						}
					}
				},
				"right_arm2": {
					"rotation": {
						"0.0": {
							"post": [0, 0, -5.12],
							"lerp_mode": "catmullrom"
						},
						"0.75": {
							"post": [0, 0, 22.28],
							"lerp_mode": "catmullrom"
						},
						"1.5": {
							"post": [0, 0, -20],
							"lerp_mode": "catmullrom"
						},
						"2.0": {
							"post": [0, 0, -5.12],
							"lerp_mode": "catmullrom"
						},
						"2.75": {
							"post": [0, 0, 22.28],
							"lerp_mode": "catmullrom"
						},
						"3.5": {
							"post": [0, 0, -20],
							"lerp_mode": "catmullrom"
						},
						"4.0": {
							"post": [0, 0, -5.12],
							"lerp_mode": "catmullrom"
						}
					}
				},
				"right_arm2half": {
					"rotation": {
						"0.0": {
							"post": [0, 0, -13.17],
							"lerp_mode": "catmullrom"
						},
						"0.9583": {
							"post": [0, 0, 24.69],
							"lerp_mode": "catmullrom"
						},
						"1.5": {
							"post": [0, 0, -9.44],
							"lerp_mode": "catmullrom"
						},
						"1.75": {
							"post": [0, 0, -20],
							"lerp_mode": "catmullrom"
						},
						"2.0": {
							"post": [0, 0, -13.17],
							"lerp_mode": "catmullrom"
						},
						"3.0": {
							"post": [0, 0, 24.69],
							"lerp_mode": "catmullrom"
						},
						"3.5": {
							"post": [0, 0, -9.44],
							"lerp_mode": "catmullrom"
						},
						"4.0": {
							"post": [0, 0, -13.17],
							"lerp_mode": "catmullrom"
						}
					}
				},
				"right_arm3": {
					"rotation": {
						"0.0": {
							"post": [0, 0, -12.5],
							"lerp_mode": "catmullrom"
						},
						"1.25": {
							"post": [0, 0, 17.22],
							"lerp_mode": "catmullrom"
						},
						"1.5": {
							"post": [0, 0, 9.51],
							"lerp_mode": "catmullrom"
						},
						"2.0": {
							"post": [0, 0, -12.5],
							"lerp_mode": "catmullrom"
						},
						"3.25": {
							"post": [0, 0, 17.22],
							"lerp_mode": "catmullrom"
						},
						"3.5": {
							"post": [0, 0, 9.51],
							"lerp_mode": "catmullrom"
						},
						"4.0": {
							"post": [0, 0, -12.5],
							"lerp_mode": "catmullrom"
						}
					}
				},
				"left_arm": {
					"rotation": {
						"0.0": {
							"post": [-30.764, 5.11023, 9.99992],
							"lerp_mode": "catmullrom"
						},
						"0.75": {
							"post": [-31.53901, -8.47913, -11.89017],
							"lerp_mode": "catmullrom"
						},
						"1.5": {
							"post": [-30.34301, 12.4921, 21.89083],
							"lerp_mode": "catmullrom"
						},
						"2.0": {
							"post": [-30.764, 5.11023, 9.99992],
							"lerp_mode": "catmullrom"
						},
						"2.75": {
							"post": [-31.53901, -8.47913, -11.89017],
							"lerp_mode": "catmullrom"
						},
						"3.5": {
							"post": [-30.34301, 12.4921, 21.89083],
							"lerp_mode": "catmullrom"
						},
						"4.0": {
							"post": [-30.764, 5.11023, 9.99992],
							"lerp_mode": "catmullrom"
						}
					}
				},
				"left_arm2": {
					"rotation": {
						"0.0": {
							"post": [0, 0, -0.63],
							"lerp_mode": "catmullrom"
						},
						"0.75": {
							"post": [0, 0, -24.8],
							"lerp_mode": "catmullrom"
						},
						"1.5": {
							"post": [0, 0, 12.5],
							"lerp_mode": "catmullrom"
						},
						"2.0": {
							"post": [0, 0, -0.63],
							"lerp_mode": "catmullrom"
						},
						"2.75": {
							"post": [0, 0, -24.8],
							"lerp_mode": "catmullrom"
						},
						"3.5": {
							"post": [0, 0, 12.5],
							"lerp_mode": "catmullrom"
						},
						"4.0": {
							"post": [0, 0, -0.63],
							"lerp_mode": "catmullrom"
						}
					}
				},
				"left_arm2half": {
					"rotation": {
						"0.0": {
							"post": [0, 0, 10.29],
							"lerp_mode": "catmullrom"
						},
						"1.0": {
							"post": [0, 0, -20],
							"lerp_mode": "catmullrom"
						},
						"1.5": {
							"post": [0, 0, 9.68],
							"lerp_mode": "catmullrom"
						},
						"1.7083": {
							"post": [0, 0, 17.5],
							"lerp_mode": "catmullrom"
						},
						"2.0": {
							"post": [0, 0, 10.29],
							"lerp_mode": "catmullrom"
						},
						"2.9583": {
							"post": [0, 0, -20],
							"lerp_mode": "catmullrom"
						},
						"3.5": {
							"post": [0, 0, 9.68],
							"lerp_mode": "catmullrom"
						},
						"4.0": {
							"post": [0, 0, 10.29],
							"lerp_mode": "catmullrom"
						}
					}
				},
				"left_arm3": {
					"rotation": {
						"0.0": {
							"post": [0, 0, 17.5],
							"lerp_mode": "catmullrom"
						},
						"1.25": {
							"post": [0, 0, -22.5],
							"lerp_mode": "catmullrom"
						},
						"1.5": {
							"post": [0, 0, -12.13],
							"lerp_mode": "catmullrom"
						},
						"2.0": {
							"post": [0, 0, 17.5],
							"lerp_mode": "catmullrom"
						},
						"3.25": {
							"post": [0, 0, -22.5],
							"lerp_mode": "catmullrom"
						},
						"3.5": {
							"post": [0, 0, -12.13],
							"lerp_mode": "catmullrom"
						},
						"4.0": {
							"post": [0, 0, 17.5],
							"lerp_mode": "catmullrom"
						}
					}
				},
				"right_leg": {
					"rotation": {
						"0.0": {
							"post": [25, 0, 0],
							"lerp_mode": "catmullrom"
						},
						"0.75": {
							"post": [25, 0, 0],
							"lerp_mode": "catmullrom"
						},
						"1.5": {
							"post": [25, 0, 0],
							"lerp_mode": "catmullrom"
						},
						"2.0": {
							"post": [25, 0, 0],
							"lerp_mode": "catmullrom"
						},
						"2.75": {
							"post": [25, 0, 0],
							"lerp_mode": "catmullrom"
						},
						"3.5": {
							"post": [25, 0, 0],
							"lerp_mode": "catmullrom"
						},
						"4.0": {
							"post": [25, 0, 0],
							"lerp_mode": "catmullrom"
						}
					}
				},
				"right_leg2": {
					"rotation": {
						"0.0": {
							"post": [-1.76, 0, 0],
							"lerp_mode": "catmullrom"
						},
						"0.75": {
							"post": [-5, 0, 0],
							"lerp_mode": "catmullrom"
						},
						"1.5833": {
							"post": [0, 0, 0],
							"lerp_mode": "catmullrom"
						},
						"2.0833": {
							"post": [-1.76, 0, 0],
							"lerp_mode": "catmullrom"
						},
						"2.8333": {
							"post": [-5, 0, 0],
							"lerp_mode": "catmullrom"
						},
						"3.5": {
							"post": [0, 0, 0],
							"lerp_mode": "catmullrom"
						},
						"4.0": {
							"post": [-1.76, 0, 0],
							"lerp_mode": "catmullrom"
						}
					}
				},
				"right_leg3": {
					"rotation": {
						"0.0": {
							"post": [41.76, 0, 0],
							"lerp_mode": "catmullrom"
						},
						"0.8333": {
							"post": [45, 0, 0],
							"lerp_mode": "catmullrom"
						},
						"1.6667": {
							"post": [40, 0, 0],
							"lerp_mode": "catmullrom"
						},
						"2.1667": {
							"post": [41.76, 0, 0],
							"lerp_mode": "catmullrom"
						},
						"2.9167": {
							"post": [45, 0, 0],
							"lerp_mode": "catmullrom"
						},
						"3.5": {
							"post": [40, 0, 0],
							"lerp_mode": "catmullrom"
						},
						"4.0": {
							"post": [41.76, 0, 0],
							"lerp_mode": "catmullrom"
						}
					}
				},
				"right_leg4": {
					"rotation": {
						"0.0": {
							"post": [13.98, 0, 0],
							"lerp_mode": "catmullrom"
						},
						"0.9167": {
							"post": [7.5, 0, 0],
							"lerp_mode": "catmullrom"
						},
						"1.75": {
							"post": [17.5, 0, 0],
							"lerp_mode": "catmullrom"
						},
						"2.25": {
							"post": [13.98, 0, 0],
							"lerp_mode": "catmullrom"
						},
						"3.0": {
							"post": [7.5, 0, 0],
							"lerp_mode": "catmullrom"
						},
						"3.5": {
							"post": [17.5, 0, 0],
							"lerp_mode": "catmullrom"
						},
						"4.0": {
							"post": [13.98, 0, 0],
							"lerp_mode": "catmullrom"
						}
					}
				},
				"left_leg": {
					"rotation": {
						"0.0": {
							"post": [25, 0, 0],
							"lerp_mode": "catmullrom"
						},
						"0.75": {
							"post": [25, 0, 0],
							"lerp_mode": "catmullrom"
						},
						"1.5": {
							"post": [25, 0, 0],
							"lerp_mode": "catmullrom"
						},
						"2.0": {
							"post": [25, 0, 0],
							"lerp_mode": "catmullrom"
						},
						"2.75": {
							"post": [25, 0, 0],
							"lerp_mode": "catmullrom"
						},
						"3.5": {
							"post": [25, 0, 0],
							"lerp_mode": "catmullrom"
						},
						"4.0": {
							"post": [25, 0, 0],
							"lerp_mode": "catmullrom"
						}
					}
				},
				"left_leg2": {
					"rotation": {
						"0.0": {
							"post": [-1.76, 0, 0],
							"lerp_mode": "catmullrom"
						},
						"0.8333": {
							"post": [-5, 0, 0],
							"lerp_mode": "catmullrom"
						},
						"1.5833": {
							"post": [0, 0, 0],
							"lerp_mode": "catmullrom"
						},
						"2.0833": {
							"post": [-1.76, 0, 0],
							"lerp_mode": "catmullrom"
						},
						"2.8333": {
							"post": [-5, 0, 0],
							"lerp_mode": "catmullrom"
						},
						"3.5": {
							"post": [0, 0, 0],
							"lerp_mode": "catmullrom"
						},
						"4.0": {
							"post": [-1.76, 0, 0],
							"lerp_mode": "catmullrom"
						}
					}
				},
				"left_leg3": {
					"rotation": {
						"0.0": {
							"post": [41.76, 0, 0],
							"lerp_mode": "catmullrom"
						},
						"0.9167": {
							"post": [45, 0, 0],
							"lerp_mode": "catmullrom"
						},
						"1.6667": {
							"post": [40, 0, 0],
							"lerp_mode": "catmullrom"
						},
						"2.1667": {
							"post": [41.76, 0, 0],
							"lerp_mode": "catmullrom"
						},
						"2.9167": {
							"post": [45, 0, 0],
							"lerp_mode": "catmullrom"
						},
						"3.5": {
							"post": [40, 0, 0],
							"lerp_mode": "catmullrom"
						},
						"4.0": {
							"post": [41.76, 0, 0],
							"lerp_mode": "catmullrom"
						}
					}
				},
				"left_leg4": {
					"rotation": {
						"0.0": {
							"post": [13.98, 0, 0],
							"lerp_mode": "catmullrom"
						},
						"1.0": {
							"post": [7.5, 0, 0],
							"lerp_mode": "catmullrom"
						},
						"1.75": {
							"post": [17.5, 0, 0],
							"lerp_mode": "catmullrom"
						},
						"2.25": {
							"post": [13.98, 0, 0],
							"lerp_mode": "catmullrom"
						},
						"3.0": {
							"post": [7.5, 0, 0],
							"lerp_mode": "catmullrom"
						},
						"3.5": {
							"post": [17.5, 0, 0],
							"lerp_mode": "catmullrom"
						},
						"4.0": {
							"post": [13.98, 0, 0],
							"lerp_mode": "catmullrom"
						}
					}
				},
				"body": {
					"rotation": {
						"0.0": {
							"post": [-18.24, 0, 0],
							"lerp_mode": "catmullrom"
						},
						"0.75": {
							"post": [-15, 0, 0],
							"lerp_mode": "catmullrom"
						},
						"1.5": {
							"post": [-20, 0, 0],
							"lerp_mode": "catmullrom"
						},
						"2.0": {
							"post": [-18.24, 0, 0],
							"lerp_mode": "catmullrom"
						},
						"2.75": {
							"post": [-15, 0, 0],
							"lerp_mode": "catmullrom"
						},
						"3.5": {
							"post": [-20, 0, 0],
							"lerp_mode": "catmullrom"
						},
						"4.0": {
							"post": [-18.24, 0, 0],
							"lerp_mode": "catmullrom"
						}
					}
				},
				"tail": {
					"rotation": {
						"0.0": ["-math.cos((query.anim_time-0.1)*90)*0.5", 0, 0],
						"4.0": ["-math.cos((query.anim_time-0.1)*90)*0.5", 0, 0]
					}
				},
				"tail2": {
					"rotation": {
						"0.0": ["7.5+math.cos((query.anim_time-0.1)*90)*2", "math.cos((query.anim_time-0.1)*90)*2", "math.cos((query.anim_time-0.1)*90)*3"],
						"4.0": ["7.5+math.cos((query.anim_time-0.1)*90)*2", "math.cos((query.anim_time-0.1)*90)*2", "math.cos((query.anim_time-0.1)*90)*3"]
					}
				},
				"tail3": {
					"rotation": {
						"0.0": ["25-math.cos((query.anim_time-0.2)*180)*4", "0+math.cos((query.anim_time-0.2)*180)*2", "0-math.cos((query.anim_time-0.2)*180)*4"],
						"4.0": ["25-math.cos((query.anim_time-0.2)*180)*4", "0+math.cos((query.anim_time-0.2)*180)*2", "0-math.cos((query.anim_time-0.2)*180)*4"]
					},
					"position": {
						"0.0": [0, -1, -2],
						"4.0": [0, -1, -2]
					}
				},
				"tail4": {
					"rotation": {
						"0.0": ["-35+math.cos((query.anim_time-0.3)*90)*4", "math.cos((query.anim_time-0.3)*180)*5", "math.cos((query.anim_time-0.3)*90)*3"],
						"4.0": ["-35+math.cos((query.anim_time-0.3)*90)*4", "math.cos((query.anim_time-0.3)*180)*5", "math.cos((query.anim_time-0.3)*90)*3"]
					},
					"position": {
						"0.0": [0, 1, -1],
						"4.0": [0, 1, -1]
					}
				}
			}
		},
		"animation.reshiram.ground_walk": {
			"loop": true,
			"animation_length": 4,
			"bones": {
				"mainthing": {
					"rotation": {
						"0.0": {
							"post": [-11.76, 0, 0],
							"lerp_mode": "catmullrom"
						},
						"0.75": {
							"post": [-11.76, 0, 0],
							"lerp_mode": "catmullrom"
						},
						"1.5": {
							"post": [-11.76, 0, 0],
							"lerp_mode": "catmullrom"
						},
						"2.75": {
							"post": [-11.76, 0, 0],
							"lerp_mode": "catmullrom"
						},
						"3.5": {
							"post": [-11.76, 0, 0],
							"lerp_mode": "catmullrom"
						},
						"4.0": {
							"post": [-11.76, 0, 0],
							"lerp_mode": "catmullrom"
						}
					},
					"position": {
						"0.0": {
							"post": [0, 9.24, 0],
							"lerp_mode": "catmullrom"
						},
						"0.75": {
							"post": [0, 4.24, 0],
							"lerp_mode": "catmullrom"
						},
						"1.5": {
							"post": [0, 13.24, 0],
							"lerp_mode": "catmullrom"
						},
						"2.75": {
							"post": [0, 4.24, 0],
							"lerp_mode": "catmullrom"
						},
						"3.5": {
							"post": [0, 13.24, 0],
							"lerp_mode": "catmullrom"
						},
						"4.0": {
							"post": [0, 9.24, 0],
							"lerp_mode": "catmullrom"
						}
					}
				},
				"neck": {
					"rotation": {
						"0.0": {
							"post": [11.9, 0, 0],
							"lerp_mode": "catmullrom"
						},
						"0.75": {
							"post": [11.9, 0, 0],
							"lerp_mode": "catmullrom"
						},
						"1.5": {
							"post": [11.9, 0, 0],
							"lerp_mode": "catmullrom"
						},
						"2.0": {
							"post": [11.9, 0, 0],
							"lerp_mode": "catmullrom"
						},
						"2.75": {
							"post": [11.9, 0, 0],
							"lerp_mode": "catmullrom"
						},
						"3.5": {
							"post": [11.9, 0, 0],
							"lerp_mode": "catmullrom"
						},
						"4.0": {
							"post": [11.9, 0, 0],
							"lerp_mode": "catmullrom"
						}
					}
				},
				"head": {
					"rotation": {
						"0.0": {
							"post": [15.74, 0, 0],
							"lerp_mode": "catmullrom"
						},
						"0.75": {
							"post": [15.74, 0, 0],
							"lerp_mode": "catmullrom"
						},
						"1.5": {
							"post": [15.74, 0, 0],
							"lerp_mode": "catmullrom"
						},
						"2.0": {
							"post": [15.74, 0, 0],
							"lerp_mode": "catmullrom"
						},
						"2.75": {
							"post": [15.74, 0, 0],
							"lerp_mode": "catmullrom"
						},
						"3.5": {
							"post": [15.74, 0, 0],
							"lerp_mode": "catmullrom"
						},
						"4.0": {
							"post": [15.74, 0, 0],
							"lerp_mode": "catmullrom"
						}
					}
				},
				"bottomjaw": {
					"rotation": {
						"0.0": {
							"post": [5.28, 0, 0],
							"lerp_mode": "catmullrom"
						},
						"0.75": {
							"post": [27.78, 0, 0],
							"lerp_mode": "catmullrom"
						},
						"1.5": {
							"post": [5.28, 0, 0],
							"lerp_mode": "catmullrom"
						},
						"2.0": {
							"post": [5.28, 0, 0],
							"lerp_mode": "catmullrom"
						},
						"2.75": {
							"post": [27.78, 0, 0],
							"lerp_mode": "catmullrom"
						},
						"3.5": {
							"post": [5.28, 0, 0],
							"lerp_mode": "catmullrom"
						},
						"4.0": {
							"post": [5.28, 0, 0],
							"lerp_mode": "catmullrom"
						}
					}
				},
				"left_head2": {
					"rotation": {
						"0.0": ["-math.cos(query.anim_time*90)*4", 0, 0],
						"4.0": ["-math.cos(query.anim_time*90)*4", 0, 0]
					}
				},
				"left_head3": {
					"rotation": {
						"0.0": ["math.cos((query.anim_time-0.1)*90)*7", 0, 0],
						"4.0": ["math.cos((query.anim_time-0.1)*90)*7", 0, 0]
					}
				},
				"left_head4": {
					"rotation": {
						"0.0": ["-math.cos((query.anim_time-0.2)*180)*8", 0, 0],
						"4.0": ["-math.cos((query.anim_time-0.2)*180)*8", 0, 0]
					}
				},
				"left_head5": {
					"rotation": {
						"0.0": ["math.cos((query.anim_time-0.3)*180)*9", 0, 0],
						"4.0": ["math.cos((query.anim_time-0.3)*180)*9", 0, 0]
					}
				},
				"left_head6": {
					"rotation": {
						"0.0": ["-math.cos((query.anim_time-0.4)*90)*10", 0, 0],
						"4.0": ["-math.cos((query.anim_time-0.4)*90)*10", 0, 0]
					}
				},
				"right_head2": {
					"rotation": {
						"0.0": ["math.cos(query.anim_time*90)*4", 0, 0],
						"4.0": ["math.cos(query.anim_time*90)*4", 0, 0]
					}
				},
				"right_head3": {
					"rotation": {
						"0.0": ["-math.cos((query.anim_time-0.1)*90)*7", 0, 0],
						"4.0": ["-math.cos((query.anim_time-0.1)*90)*7", 0, 0]
					}
				},
				"right_head4": {
					"rotation": {
						"0.0": ["math.cos((query.anim_time-0.2)*180)*8", 0, 0],
						"4.0": ["math.cos((query.anim_time-0.2)*180)*8", 0, 0]
					}
				},
				"right_head5": {
					"rotation": {
						"0.0": ["-math.cos((query.anim_time-0.3)*180)*9", 0, 0],
						"4.0": ["-math.cos((query.anim_time-0.3)*180)*9", 0, 0]
					}
				},
				"right_head6": {
					"rotation": {
						"0.0": ["math.cos((query.anim_time-0.4)*180)*10", 0, 0],
						"4.0": ["math.cos((query.anim_time-0.4)*180)*10", 0, 0]
					}
				},
				"body2": {
					"rotation": {
						"0.0": {
							"post": [14.26, 0, 0],
							"lerp_mode": "catmullrom"
						},
						"0.75": {
							"post": [14.26, 0, 0],
							"lerp_mode": "catmullrom"
						},
						"1.5": {
							"post": [14.26, 0, 0],
							"lerp_mode": "catmullrom"
						},
						"2.0": {
							"post": [14.26, 0, 0],
							"lerp_mode": "catmullrom"
						},
						"2.75": {
							"post": [14.26, 0, 0],
							"lerp_mode": "catmullrom"
						},
						"3.5": {
							"post": [14.26, 0, 0],
							"lerp_mode": "catmullrom"
						},
						"4.0": {
							"post": [14.26, 0, 0],
							"lerp_mode": "catmullrom"
						}
					}
				},
				"body3": {
					"rotation": {
						"0.0": {
							"post": [-1.02, 0, 0],
							"lerp_mode": "catmullrom"
						},
						"0.75": {
							"post": [-1.02, 0, 0],
							"lerp_mode": "catmullrom"
						},
						"1.5": {
							"post": [-1.02, 0, 0],
							"lerp_mode": "catmullrom"
						},
						"2.0": {
							"post": [-1.02, 0, 0],
							"lerp_mode": "catmullrom"
						},
						"2.75": {
							"post": [-1.02, 0, 0],
							"lerp_mode": "catmullrom"
						},
						"3.5": {
							"post": [-1.02, 0, 0],
							"lerp_mode": "catmullrom"
						},
						"4.0": {
							"post": [-1.02, 0, 0],
							"lerp_mode": "catmullrom"
						}
					}
				},
				"right_arm": {
					"rotation": {
						"0.0": {
							"post": [-28.45285, -4.53086, -8.18893],
							"lerp_mode": "catmullrom"
						},
						"0.75": {
							"post": [-27.11771, 13.34855, 24.26701],
							"lerp_mode": "catmullrom"
						},
						"1.5": {
							"post": [-27.11771, -13.34855, -24.26701],
							"lerp_mode": "catmullrom"
						},
						"2.0": {
							"post": [-28.45285, -4.53086, -8.18893],
							"lerp_mode": "catmullrom"
						},
						"2.75": {
							"post": [-27.11771, 13.34855, 24.26701],
							"lerp_mode": "catmullrom"
						},
						"3.5": {
							"post": [-27.11771, -13.34855, -24.26701],
							"lerp_mode": "catmullrom"
						},
						"4.0": {
							"post": [-28.45285, -4.53086, -8.18893],
							"lerp_mode": "catmullrom"
						}
					}
				},
				"right_arm2": {
					"rotation": {
						"0.0": {
							"post": [0, 0, -5.12],
							"lerp_mode": "catmullrom"
						},
						"0.75": {
							"post": [0, 0, 22.28],
							"lerp_mode": "catmullrom"
						},
						"1.5": {
							"post": [0, 0, -20],
							"lerp_mode": "catmullrom"
						},
						"2.0": {
							"post": [0, 0, -5.12],
							"lerp_mode": "catmullrom"
						},
						"2.75": {
							"post": [0, 0, 22.28],
							"lerp_mode": "catmullrom"
						},
						"3.5": {
							"post": [0, 0, -20],
							"lerp_mode": "catmullrom"
						},
						"4.0": {
							"post": [0, 0, -5.12],
							"lerp_mode": "catmullrom"
						}
					}
				},
				"right_arm2half": {
					"rotation": {
						"0.0": {
							"post": [0, 0, -13.17],
							"lerp_mode": "catmullrom"
						},
						"0.9583": {
							"post": [0, 0, 24.69],
							"lerp_mode": "catmullrom"
						},
						"1.5": {
							"post": [0, 0, -9.44],
							"lerp_mode": "catmullrom"
						},
						"1.75": {
							"post": [0, 0, -20],
							"lerp_mode": "catmullrom"
						},
						"2.0": {
							"post": [0, 0, -13.17],
							"lerp_mode": "catmullrom"
						},
						"3.0": {
							"post": [0, 0, 24.69],
							"lerp_mode": "catmullrom"
						},
						"3.5": {
							"post": [0, 0, -9.44],
							"lerp_mode": "catmullrom"
						},
						"4.0": {
							"post": [0, 0, -13.17],
							"lerp_mode": "catmullrom"
						}
					}
				},
				"right_arm3": {
					"rotation": {
						"0.0": {
							"post": [0, 0, -12.5],
							"lerp_mode": "catmullrom"
						},
						"1.25": {
							"post": [0, 0, 17.22],
							"lerp_mode": "catmullrom"
						},
						"1.5": {
							"post": [0, 0, 9.51],
							"lerp_mode": "catmullrom"
						},
						"2.0": {
							"post": [0, 0, -12.5],
							"lerp_mode": "catmullrom"
						},
						"3.25": {
							"post": [0, 0, 17.22],
							"lerp_mode": "catmullrom"
						},
						"3.5": {
							"post": [0, 0, 9.51],
							"lerp_mode": "catmullrom"
						},
						"4.0": {
							"post": [0, 0, -12.5],
							"lerp_mode": "catmullrom"
						}
					}
				},
				"left_arm": {
					"rotation": {
						"0.0": {
							"post": [-30.764, 5.11023, 9.99992],
							"lerp_mode": "catmullrom"
						},
						"0.75": {
							"post": [-29.30684, -14.82879, -22.89102],
							"lerp_mode": "catmullrom"
						},
						"1.5": {
							"post": [-29.2819, 14.97921, 26.35655],
							"lerp_mode": "catmullrom"
						},
						"2.0": {
							"post": [-30.764, 5.11023, 9.99992],
							"lerp_mode": "catmullrom"
						},
						"2.75": {
							"post": [-29.30684, -14.82879, -22.89102],
							"lerp_mode": "catmullrom"
						},
						"3.5": {
							"post": [-29.2819, 14.97921, 26.35655],
							"lerp_mode": "catmullrom"
						},
						"4.0": {
							"post": [-30.764, 5.11023, 9.99992],
							"lerp_mode": "catmullrom"
						}
					}
				},
				"left_arm2": {
					"rotation": {
						"0.0": {
							"post": [0, 0, -0.63],
							"lerp_mode": "catmullrom"
						},
						"0.75": {
							"post": [0, 0, -24.8],
							"lerp_mode": "catmullrom"
						},
						"1.5": {
							"post": [0, 0, 12.5],
							"lerp_mode": "catmullrom"
						},
						"2.0": {
							"post": [0, 0, -0.63],
							"lerp_mode": "catmullrom"
						},
						"2.75": {
							"post": [0, 0, -24.8],
							"lerp_mode": "catmullrom"
						},
						"3.5": {
							"post": [0, 0, 12.5],
							"lerp_mode": "catmullrom"
						},
						"4.0": {
							"post": [0, 0, -0.63],
							"lerp_mode": "catmullrom"
						}
					}
				},
				"left_arm2half": {
					"rotation": {
						"0.0": {
							"post": [0, 0, 10.29],
							"lerp_mode": "catmullrom"
						},
						"1.0": {
							"post": [0, 0, -20],
							"lerp_mode": "catmullrom"
						},
						"1.5": {
							"post": [0, 0, 9.68],
							"lerp_mode": "catmullrom"
						},
						"1.7083": {
							"post": [0, 0, 17.5],
							"lerp_mode": "catmullrom"
						},
						"2.0": {
							"post": [0, 0, 10.29],
							"lerp_mode": "catmullrom"
						},
						"2.9583": {
							"post": [0, 0, -20],
							"lerp_mode": "catmullrom"
						},
						"3.5": {
							"post": [0, 0, 9.68],
							"lerp_mode": "catmullrom"
						},
						"4.0": {
							"post": [0, 0, 10.29],
							"lerp_mode": "catmullrom"
						}
					}
				},
				"left_arm3": {
					"rotation": {
						"0.0": {
							"post": [0, 0, 17.5],
							"lerp_mode": "catmullrom"
						},
						"1.25": {
							"post": [0, 0, -22.5],
							"lerp_mode": "catmullrom"
						},
						"1.5": {
							"post": [0, 0, -12.13],
							"lerp_mode": "catmullrom"
						},
						"2.0": {
							"post": [0, 0, 17.5],
							"lerp_mode": "catmullrom"
						},
						"3.25": {
							"post": [0, 0, -22.5],
							"lerp_mode": "catmullrom"
						},
						"3.5": {
							"post": [0, 0, -12.13],
							"lerp_mode": "catmullrom"
						},
						"4.0": {
							"post": [0, 0, 17.5],
							"lerp_mode": "catmullrom"
						}
					}
				},
				"right_leg": {
					"rotation": {
						"0.0": {
							"post": [4.47761, -5.24826, 11.36081],
							"lerp_mode": "catmullrom"
						},
						"2.0": {
							"post": [11.97761, -5.24826, 11.36081],
							"lerp_mode": "catmullrom"
						},
						"4.0": {
							"post": [4.47761, -5.24826, 11.36081],
							"lerp_mode": "catmullrom"
						}
					}
				},
				"right_leg2": {
					"rotation": {
						"0.0": {
							"post": [-1.76, 0, 0],
							"lerp_mode": "catmullrom"
						},
						"0.75": {
							"post": [-5, 0, 0],
							"lerp_mode": "catmullrom"
						},
						"1.5833": {
							"post": [0, 0, 0],
							"lerp_mode": "catmullrom"
						},
						"2.0833": {
							"post": [-1.76, 0, 0],
							"lerp_mode": "catmullrom"
						},
						"2.8333": {
							"post": [-5, 0, 0],
							"lerp_mode": "catmullrom"
						},
						"3.5": {
							"post": [0, 0, 0],
							"lerp_mode": "catmullrom"
						},
						"4.0": {
							"post": [-1.76, 0, 0],
							"lerp_mode": "catmullrom"
						}
					}
				},
				"right_leg3": {
					"rotation": {
						"0.0": {
							"post": [41.76, 0, 0],
							"lerp_mode": "catmullrom"
						},
						"0.8333": {
							"post": [45, 0, 0],
							"lerp_mode": "catmullrom"
						},
						"1.6667": {
							"post": [40, 0, 0],
							"lerp_mode": "catmullrom"
						},
						"2.1667": {
							"post": [41.76, 0, 0],
							"lerp_mode": "catmullrom"
						},
						"2.9167": {
							"post": [45, 0, 0],
							"lerp_mode": "catmullrom"
						},
						"3.5": {
							"post": [40, 0, 0],
							"lerp_mode": "catmullrom"
						},
						"4.0": {
							"post": [41.76, 0, 0],
							"lerp_mode": "catmullrom"
						}
					}
				},
				"right_leg4": {
					"rotation": {
						"0.0": {
							"post": [13.98, 0, 0],
							"lerp_mode": "catmullrom"
						},
						"0.9167": {
							"post": [7.5, 0, 0],
							"lerp_mode": "catmullrom"
						},
						"1.75": {
							"post": [17.5, 0, 0],
							"lerp_mode": "catmullrom"
						},
						"2.25": {
							"post": [13.98, 0, 0],
							"lerp_mode": "catmullrom"
						},
						"3.0": {
							"post": [7.5, 0, 0],
							"lerp_mode": "catmullrom"
						},
						"3.5": {
							"post": [17.5, 0, 0],
							"lerp_mode": "catmullrom"
						},
						"4.0": {
							"post": [13.98, 0, 0],
							"lerp_mode": "catmullrom"
						}
					}
				},
				"left_leg": {
					"rotation": {
						"0.0": {
							"post": [0, 0, -12.5],
							"lerp_mode": "catmullrom"
						},
						"2.0": {
							"post": [7.5, 0, -12.5],
							"lerp_mode": "catmullrom"
						},
						"4.0": {
							"post": [0, 0, -12.5],
							"lerp_mode": "catmullrom"
						}
					}
				},
				"left_leg2": {
					"rotation": {
						"0.0": {
							"post": [-1.76, 0, 0],
							"lerp_mode": "catmullrom"
						},
						"0.8333": {
							"post": [-5, 0, 0],
							"lerp_mode": "catmullrom"
						},
						"1.5833": {
							"post": [0, 0, 0],
							"lerp_mode": "catmullrom"
						},
						"2.0833": {
							"post": [-1.76, 0, 0],
							"lerp_mode": "catmullrom"
						},
						"2.8333": {
							"post": [-5, 0, 0],
							"lerp_mode": "catmullrom"
						},
						"3.5": {
							"post": [0, 0, 0],
							"lerp_mode": "catmullrom"
						},
						"4.0": {
							"post": [-1.76, 0, 0],
							"lerp_mode": "catmullrom"
						}
					}
				},
				"left_leg3": {
					"rotation": {
						"0.0": {
							"post": [41.76, 0, 0],
							"lerp_mode": "catmullrom"
						},
						"0.9167": {
							"post": [45, 0, 0],
							"lerp_mode": "catmullrom"
						},
						"1.6667": {
							"post": [40, 0, 0],
							"lerp_mode": "catmullrom"
						},
						"2.1667": {
							"post": [41.76, 0, 0],
							"lerp_mode": "catmullrom"
						},
						"2.9167": {
							"post": [45, 0, 0],
							"lerp_mode": "catmullrom"
						},
						"3.5": {
							"post": [40, 0, 0],
							"lerp_mode": "catmullrom"
						},
						"4.0": {
							"post": [41.76, 0, 0],
							"lerp_mode": "catmullrom"
						}
					}
				},
				"left_leg4": {
					"rotation": {
						"0.0": {
							"post": [13.98, 0, 0],
							"lerp_mode": "catmullrom"
						},
						"1.0": {
							"post": [7.5, 0, 0],
							"lerp_mode": "catmullrom"
						},
						"1.75": {
							"post": [17.5, 0, 0],
							"lerp_mode": "catmullrom"
						},
						"2.25": {
							"post": [13.98, 0, 0],
							"lerp_mode": "catmullrom"
						},
						"3.0": {
							"post": [7.5, 0, 0],
							"lerp_mode": "catmullrom"
						},
						"3.5": {
							"post": [17.5, 0, 0],
							"lerp_mode": "catmullrom"
						},
						"4.0": {
							"post": [13.98, 0, 0],
							"lerp_mode": "catmullrom"
						}
					}
				},
				"body": {
					"rotation": {
						"0.0": {
							"post": [-23.24, 0, 0],
							"lerp_mode": "catmullrom"
						},
						"0.75": {
							"post": [-15.74, 0, 0],
							"lerp_mode": "catmullrom"
						},
						"1.5": {
							"post": [-23.24, 0, 0],
							"lerp_mode": "catmullrom"
						},
						"2.75": {
							"post": [-15.74, 0, 0],
							"lerp_mode": "catmullrom"
						},
						"3.5": {
							"post": [-23.24, 0, 0],
							"lerp_mode": "catmullrom"
						},
						"4.0": {
							"post": [-23.24, 0, 0],
							"lerp_mode": "catmullrom"
						}
					}
				},
				"tail": {
					"rotation": {
						"0.0": ["-math.cos((query.anim_time-0.1)*90)*0.5", 0, 0],
						"4.0": ["-math.cos((query.anim_time-0.1)*90)*0.5", 0, 0]
					}
				},
				"tail2": {
					"rotation": {
						"0.0": ["7.5+math.cos((query.anim_time-0.1)*90)*2", "math.cos((query.anim_time-0.1)*90)*2", "math.cos((query.anim_time-0.1)*90)*3"],
						"4.0": ["7.5+math.cos((query.anim_time-0.1)*90)*2", "math.cos((query.anim_time-0.1)*90)*2", "math.cos((query.anim_time-0.1)*90)*3"]
					}
				},
				"tail3": {
					"rotation": {
						"0.0": ["25-math.cos((query.anim_time-0.2)*180)*4", "0+math.cos((query.anim_time-0.2)*180)*2", "0-math.cos((query.anim_time-0.2)*180)*4"],
						"4.0": ["25-math.cos((query.anim_time-0.2)*180)*4", "0+math.cos((query.anim_time-0.2)*180)*2", "0-math.cos((query.anim_time-0.2)*180)*4"]
					},
					"position": {
						"0.0": [0, -1, -2],
						"4.0": [0, -1, -2]
					}
				},
				"tail4": {
					"rotation": {
						"0.0": ["-35+math.cos((query.anim_time-0.3)*90)*4", "math.cos((query.anim_time-0.3)*180)*5", "math.cos((query.anim_time-0.3)*90)*3"],
						"4.0": ["-35+math.cos((query.anim_time-0.3)*90)*4", "math.cos((query.anim_time-0.3)*180)*5", "math.cos((query.anim_time-0.3)*90)*3"]
					},
					"position": {
						"0.0": [0, 1, -1],
						"4.0": [0, 1, -1]
					}
				}
			}
		},
		"animation.reshiram.special_attack": {
			"animation_length": 3.5,
			"bones": {
				"mainthing": {
					"rotation": {
						"0.0": {
							"post": [0, 0, 0],
							"lerp_mode": "catmullrom"
						},
						"1.6667": {
							"post": [0, 0, 0],
							"lerp_mode": "catmullrom"
						},
						"1.875": {
							"post": [2.5, 0, 0],
							"lerp_mode": "catmullrom"
						},
						"2.75": {
							"post": [2.5, 0, 0],
							"lerp_mode": "catmullrom"
						},
						"3.5": {
							"post": [0, 0, 0],
							"lerp_mode": "catmullrom"
						}
					},
					"position": {
						"0.0": {
							"post": [0, -2, 0],
							"lerp_mode": "catmullrom"
						},
						"0.25": {
							"post": [0, 42, 0],
							"lerp_mode": "catmullrom"
						},
						"0.75": {
							"post": [0, 42, 0],
							"lerp_mode": "catmullrom"
						},
						"1.1667": {
							"post": [0, 52, 0],
							"lerp_mode": "catmullrom"
						},
						"1.6667": {
							"post": [0, 66, 0],
							"lerp_mode": "catmullrom"
						},
						"1.875": {
							"post": [0, 69, 7],
							"lerp_mode": "catmullrom"
						},
						"2.5": {
							"post": [0, 69, 0],
							"lerp_mode": "catmullrom"
						},
						"2.75": {
							"post": [0, 69, 0],
							"lerp_mode": "catmullrom"
						},
						"3.5": {
							"post": [0, -2, 0],
							"lerp_mode": "catmullrom"
						}
					}
				},
				"upper": {
					"rotation": {
						"0.0": {
							"post": [0, 0, 0],
							"lerp_mode": "catmullrom"
						},
						"1.1667": {
							"post": [0, 0, 0],
							"lerp_mode": "catmullrom"
						},
						"1.6667": {
							"post": [0, 0, 0],
							"lerp_mode": "catmullrom"
						},
						"3.5": {
							"post": [0, 0, 0],
							"lerp_mode": "catmullrom"
						}
					}
				},
				"body2": {
					"rotation": {
						"0.0": {
							"post": [0, 0, 0],
							"lerp_mode": "catmullrom"
						},
						"1.1667": {
							"post": [0, 0, 0],
							"lerp_mode": "catmullrom"
						},
						"1.6667": {
							"post": [0, 0, 0],
							"lerp_mode": "catmullrom"
						},
						"1.875": {
							"post": [0, 0, 0],
							"lerp_mode": "catmullrom"
						},
						"3.5": {
							"post": [0, 0, 0],
							"lerp_mode": "catmullrom"
						}
					}
				},
				"body3": {
					"rotation": {
						"0.0": {
							"post": [0, 0, 0],
							"lerp_mode": "catmullrom"
						},
						"1.1667": {
							"post": [0, 0, 0],
							"lerp_mode": "catmullrom"
						},
						"1.6667": {
							"post": [-12.5, 0, 0],
							"lerp_mode": "catmullrom"
						},
						"1.875": {
							"post": [30, 0, 0],
							"lerp_mode": "catmullrom"
						},
						"3.5": {
							"post": [0, 0, 0],
							"lerp_mode": "catmullrom"
						}
					},
					"position": {
						"0.0": {
							"post": [0, 0, 0],
							"lerp_mode": "catmullrom"
						},
						"1.6667": {
							"post": [0, -2, 0],
							"lerp_mode": "catmullrom"
						},
						"1.875": {
							"post": [0, -2, 4],
							"lerp_mode": "catmullrom"
						},
						"3.5": {
							"post": [0, 0, 0],
							"lerp_mode": "catmullrom"
						}
					}
				},
				"right_arm": {
					"rotation": {
						"0.0": {
							"post": [13.36964, 6.86378, 13.3054],
							"lerp_mode": "catmullrom"
						},
						"0.25": {
							"post": [3.84332, 2.0063, -35.35444],
							"lerp_mode": "catmullrom"
						},
						"1.1667": {
							"post": [-83.73095, -5.61497, 13.86137],
							"lerp_mode": "catmullrom"
						},
						"1.6667": {
							"post": [-83.73095, -5.61497, 13.86137],
							"lerp_mode": "catmullrom"
						},
						"1.875": {
							"post": [-122.56432, -11.61157, 8.11672],
							"lerp_mode": "catmullrom"
						},
						"2.0": {
							"post": [-120.74518, -26.8105, 22.18262],
							"lerp_mode": "catmullrom"
						},
						"2.375": {
							"post": [-72.05382, 20.76014, 28.27448],
							"lerp_mode": "catmullrom"
						},
						"2.875": {
							"post": [-122.56432, -11.61157, 8.11672],
							"lerp_mode": "catmullrom"
						},
						"3.0": {
							"post": [-120.74518, -26.8105, 22.18262],
							"lerp_mode": "catmullrom"
						},
						"3.5": {
							"post": [13.36964, 6.86378, 13.3054],
							"lerp_mode": "catmullrom"
						}
					},
					"position": {
						"0.0": {
							"post": [0, -1, 0],
							"lerp_mode": "catmullrom"
						},
						"2.375": {
							"post": [0, -1, 0],
							"lerp_mode": "catmullrom"
						},
						"3.5": {
							"post": [0, -1, 0],
							"lerp_mode": "catmullrom"
						}
					}
				},
				"right_arm2": {
					"rotation": {
						"0.0": {
							"post": [-14.77085, -9.63372, 20.006],
							"lerp_mode": "catmullrom"
						},
						"0.25": {
							"post": [-5.84199, -16.60573, -17.89233],
							"lerp_mode": "catmullrom"
						},
						"1.1667": {
							"post": [-10.17868, -27.26591, -2.74678],
							"lerp_mode": "catmullrom"
						},
						"1.6667": {
							"post": [-10.69619, -32.18333, -1.70404],
							"lerp_mode": "catmullrom"
						},
						"1.875": {
							"post": [2.37965, -33.65798, -25.51776],
							"lerp_mode": "catmullrom"
						},
						"2.375": {
							"post": [-15.87175, -7.64926, 27.32225],
							"lerp_mode": "catmullrom"
						},
						"2.875": {
							"post": [2.37965, -33.65798, -25.51776],
							"lerp_mode": "catmullrom"
						},
						"3.5": {
							"post": [-14.77085, -9.63372, 20.006],
							"lerp_mode": "catmullrom"
						}
					}
				},
				"right_arm2half": {
					"rotation": {
						"0.0": {
							"post": [0, 0, -10],
							"lerp_mode": "catmullrom"
						},
						"0.375": {
							"post": [0, 0, 20],
							"lerp_mode": "catmullrom"
						},
						"1.25": {
							"post": [0, -12.5, 15.58824],
							"lerp_mode": "catmullrom"
						},
						"1.6667": {
							"post": [0, -12.5, 15.58824],
							"lerp_mode": "catmullrom"
						},
						"2.0": {
							"post": [3.72612, -17.90311, -22.82691],
							"lerp_mode": "catmullrom"
						},
						"2.5": {
							"post": [0, 0, 15],
							"lerp_mode": "catmullrom"
						},
						"3.0": {
							"post": [3.72612, -17.90311, -22.82691],
							"lerp_mode": "catmullrom"
						},
						"3.5": {
							"post": [0, 0, -10],
							"lerp_mode": "catmullrom"
						}
					}
				},
				"right_arm3": {
					"rotation": {
						"0.0": {
							"post": [2.18979, 0.96475, -35.7409],
							"lerp_mode": "catmullrom"
						},
						"0.5": {
							"post": [3.28919, 0.61509, 27.2726],
							"lerp_mode": "catmullrom"
						},
						"1.4167": {
							"post": [-0.00558, -1.74327, 18.30953],
							"lerp_mode": "catmullrom"
						},
						"1.6667": {
							"post": [-0.00558, -1.74327, 18.30953],
							"lerp_mode": "catmullrom"
						},
						"2.125": {
							"post": [-6.11049, -4.43646, -29.48726],
							"lerp_mode": "catmullrom"
						},
						"2.6667": {
							"post": [-2.29749, 1.98892, 19.15134],
							"lerp_mode": "catmullrom"
						},
						"3.125": {
							"post": [-6.11049, -4.43646, -29.48726],
							"lerp_mode": "catmullrom"
						},
						"3.5": {
							"post": [2.18979, 0.96475, -35.7409],
							"lerp_mode": "catmullrom"
						}
					}
				},
				"left_arm": {
					"rotation": {
						"0.0": {
							"post": [13.9042, -5.68422, -18.1937],
							"lerp_mode": "catmullrom"
						},
						"0.25": {
							"post": [3.85286, -4.50066, 35.18636],
							"lerp_mode": "catmullrom"
						},
						"1.1667": {
							"post": [-72.25588, 5.80462, -12.85872],
							"lerp_mode": "catmullrom"
						},
						"1.6667": {
							"post": [-72.25588, 5.80462, -12.85872],
							"lerp_mode": "catmullrom"
						},
						"1.875": {
							"post": [-118.66904, 20.05565, -8.04184],
							"lerp_mode": "catmullrom"
						},
						"2.0": {
							"post": [-118.94347, 29.25575, -18.47458],
							"lerp_mode": "catmullrom"
						},
						"2.375": {
							"post": [-79.96459, -27.88632, -22.03624],
							"lerp_mode": "catmullrom"
						},
						"2.875": {
							"post": [-118.66904, 20.05565, -8.04184],
							"lerp_mode": "catmullrom"
						},
						"3.0": {
							"post": [-118.94347, 29.25575, -18.47458],
							"lerp_mode": "catmullrom"
						},
						"3.5": {
							"post": [13.9042, -5.68422, -18.1937],
							"lerp_mode": "catmullrom"
						}
					},
					"position": {
						"0.0": {
							"post": [0, -1, 0],
							"lerp_mode": "catmullrom"
						},
						"2.375": {
							"post": [0, -1, 0],
							"lerp_mode": "catmullrom"
						},
						"3.5": {
							"post": [0, -1, 0],
							"lerp_mode": "catmullrom"
						}
					}
				},
				"left_arm2": {
					"rotation": {
						"0.0": {
							"post": [-12.90805, 12.0318, -10.1204],
							"lerp_mode": "catmullrom"
						},
						"0.25": {
							"post": [-5.84199, 16.60573, 17.89236],
							"lerp_mode": "catmullrom"
						},
						"1.1667": {
							"post": [-11.91007, 23.40059, -4.71186],
							"lerp_mode": "catmullrom"
						},
						"1.6667": {
							"post": [-11.91007, 23.40059, -4.71186],
							"lerp_mode": "catmullrom"
						},
						"1.875": {
							"post": [-2.68698, 25.97539, 17.14336],
							"lerp_mode": "catmullrom"
						},
						"2.375": {
							"post": [-12.90805, 12.0318, -10.1204],
							"lerp_mode": "catmullrom"
						},
						"2.875": {
							"post": [-2.68698, 25.97539, 17.14336],
							"lerp_mode": "catmullrom"
						},
						"3.5": {
							"post": [-12.90805, 12.0318, -10.1204],
							"lerp_mode": "catmullrom"
						}
					}
				},
				"left_arm2half": {
					"rotation": {
						"0.0": {
							"post": [0, 0, 15],
							"lerp_mode": "catmullrom"
						},
						"0.375": {
							"post": [0, 0, -25],
							"lerp_mode": "catmullrom"
						},
						"1.2917": {
							"post": [-5.16118, 24.98039, -21.30436],
							"lerp_mode": "catmullrom"
						},
						"1.6667": {
							"post": [-5.16118, 24.98039, -21.30436],
							"lerp_mode": "catmullrom"
						},
						"2.0": {
							"post": [9.33203, 23.65508, 16.4684],
							"lerp_mode": "catmullrom"
						},
						"2.5": {
							"post": [0, 0, -17.5],
							"lerp_mode": "catmullrom"
						},
						"3.0": {
							"post": [9.33203, 23.65508, 16.4684],
							"lerp_mode": "catmullrom"
						},
						"3.5": {
							"post": [0, 0, 15],
							"lerp_mode": "catmullrom"
						}
					}
				},
				"left_arm3": {
					"rotation": {
						"0.0": {
							"post": [-1.18176, 0.60211, 26.9736],
							"lerp_mode": "catmullrom"
						},
						"0.5": {
							"post": [6.77379, 3.36482, -26.01666],
							"lerp_mode": "catmullrom"
						},
						"1.4167": {
							"post": [6.33218, 12.92776, -21.57461],
							"lerp_mode": "catmullrom"
						},
						"1.6667": {
							"post": [6.33218, 12.92776, -21.57461],
							"lerp_mode": "catmullrom"
						},
						"2.125": {
							"post": [5.14314, 5.28395, 45.55147],
							"lerp_mode": "catmullrom"
						},
						"2.6667": {
							"post": [5.5195, 2.29132, -15.99569],
							"lerp_mode": "catmullrom"
						},
						"3.125": {
							"post": [5.14314, 5.28395, 45.55147],
							"lerp_mode": "catmullrom"
						},
						"3.5": {
							"post": [-1.18176, 0.60211, 26.9736],
							"lerp_mode": "catmullrom"
						}
					},
					"position": {
						"0.0": {
							"post": [-1, 0, 0],
							"lerp_mode": "catmullrom"
						},
						"2.6667": {
							"post": [-1, 0, 0],
							"lerp_mode": "catmullrom"
						},
						"3.5": {
							"post": [-1, 0, 0],
							"lerp_mode": "catmullrom"
						}
					}
				},
				"neck": {
					"rotation": {
						"0.0": {
							"post": [0, 0, 0],
							"lerp_mode": "catmullrom"
						},
						"1.1667": {
							"post": [-15, 0, 0],
							"lerp_mode": "catmullrom"
						},
						"1.6667": {
							"post": [-15, 0, 0],
							"lerp_mode": "catmullrom"
						},
						"1.875": {
							"post": [20, 0, 0],
							"lerp_mode": "catmullrom"
						},
						"3.5": {
							"post": [0, 0, 0],
							"lerp_mode": "catmullrom"
						}
					},
					"position": {
						"0.0": {
							"post": [0, 0, 0],
							"lerp_mode": "catmullrom"
						},
						"2.5": {
							"post": [0, -1, 0],
							"lerp_mode": "catmullrom"
						},
						"3.5": {
							"post": [0, 0, 0],
							"lerp_mode": "catmullrom"
						}
					}
				},
				"head": {
					"rotation": {
						"0.0": {
							"post": [25, 0, 0],
							"lerp_mode": "catmullrom"
						},
						"0.25": {
							"post": [25, 0, 0],
							"lerp_mode": "catmullrom"
						},
						"1.1667": {
							"post": [-32.5, 0, 0],
							"lerp_mode": "catmullrom"
						},
						"1.6667": {
							"post": [-32.5, 0, 0],
							"lerp_mode": "catmullrom"
						},
						"1.875": {
							"post": [-15, 0, 0],
							"lerp_mode": "catmullrom"
						},
						"3.5": {
							"post": [25, 0, 0],
							"lerp_mode": "catmullrom"
						}
					},
					"position": {
						"0.0": {
							"post": [0, 0, 0],
							"lerp_mode": "catmullrom"
						},
						"3.5": {
							"post": [0, 0, 0],
							"lerp_mode": "catmullrom"
						}
					}
				},
				"bottomjaw": {
					"rotation": {
						"0.0": {
							"post": [5, 0, 0],
							"lerp_mode": "catmullrom"
						},
						"1.1667": {
							"post": [50, 0, 0],
							"lerp_mode": "catmullrom"
						},
						"1.4583": {
							"post": [45, 0, 0],
							"lerp_mode": "catmullrom"
						},
						"1.5": {
							"post": [50, 0, 0],
							"lerp_mode": "catmullrom"
						},
						"1.5417": {
							"post": [45, 0, 0],
							"lerp_mode": "catmullrom"
						},
						"1.5833": {
							"post": [50, 0, 0],
							"lerp_mode": "catmullrom"
						},
						"1.6667": {
							"post": [45, 0, 0],
							"lerp_mode": "catmullrom"
						},
						"1.7083": {
							"post": [50, 0, 0],
							"lerp_mode": "catmullrom"
						},
						"1.8333": {
							"post": [45, 0, 0],
							"lerp_mode": "catmullrom"
						},
						"1.875": {
							"post": [50, 0, 0],
							"lerp_mode": "catmullrom"
						},
						"1.9167": {
							"post": [45, 0, 0],
							"lerp_mode": "catmullrom"
						},
						"1.9583": {
							"post": [50, 0, 0],
							"lerp_mode": "catmullrom"
						},
						"2.0": {
							"post": [45, 0, 0],
							"lerp_mode": "catmullrom"
						},
						"2.0417": {
							"post": [50, 0, 0],
							"lerp_mode": "catmullrom"
						},
						"2.0833": {
							"post": [45, 0, 0],
							"lerp_mode": "catmullrom"
						},
						"2.125": {
							"post": [50, 0, 0],
							"lerp_mode": "catmullrom"
						},
						"2.1667": {
							"post": [45, 0, 0],
							"lerp_mode": "catmullrom"
						},
						"2.2083": {
							"post": [45, 0, 0],
							"lerp_mode": "catmullrom"
						},
						"2.25": {
							"post": [50, 0, 0],
							"lerp_mode": "catmullrom"
						},
						"2.2917": {
							"post": [45, 0, 0],
							"lerp_mode": "catmullrom"
						},
						"2.3333": {
							"post": [50, 0, 0],
							"lerp_mode": "catmullrom"
						},
						"2.375": {
							"post": [45, 0, 0],
							"lerp_mode": "catmullrom"
						},
						"2.4167": {
							"post": [50, 0, 0],
							"lerp_mode": "catmullrom"
						},
						"2.4583": {
							"post": [45, 0, 0],
							"lerp_mode": "catmullrom"
						},
						"2.5": {
							"post": [50, 0, 0],
							"lerp_mode": "catmullrom"
						},
						"2.5417": {
							"post": [45, 0, 0],
							"lerp_mode": "catmullrom"
						},
						"2.5833": {
							"post": [50, 0, 0],
							"lerp_mode": "catmullrom"
						},
						"2.625": {
							"post": [45, 0, 0],
							"lerp_mode": "catmullrom"
						},
						"2.6667": {
							"post": [50, 0, 0],
							"lerp_mode": "catmullrom"
						},
						"3.5": {
							"post": [5, 0, 0],
							"lerp_mode": "catmullrom"
						}
					}
				},
				"right_leg": {
					"rotation": {
						"0.0": {
							"post": [0, 0, 10],
							"lerp_mode": "catmullrom"
						},
						"1.6667": {
							"post": [7.5, 0, 10],
							"lerp_mode": "catmullrom"
						},
						"3.5": {
							"post": [0, 0, 10],
							"lerp_mode": "catmullrom"
						}
					}
				},
				"right_leg2": {
					"rotation": {
						"0.0": {
							"post": [0.0752, -2.52181, -3.24979],
							"lerp_mode": "catmullrom"
						},
						"1.875": {
							"post": [12.5752, -2.52181, -3.24979],
							"lerp_mode": "catmullrom"
						},
						"3.5": {
							"post": [0.0752, -2.52181, -3.24979],
							"lerp_mode": "catmullrom"
						}
					},
					"position": {
						"0.0": {
							"post": [0, 1, 0],
							"lerp_mode": "catmullrom"
						},
						"3.5": {
							"post": [0, 1, 0],
							"lerp_mode": "catmullrom"
						}
					}
				},
				"right_leg3": {
					"rotation": {
						"0.0": {
							"post": [0, 0, 0],
							"lerp_mode": "catmullrom"
						},
						"2.0": {
							"post": [52.47, 0, 0],
							"lerp_mode": "catmullrom"
						},
						"3.5": {
							"post": [0, 0, 0],
							"lerp_mode": "catmullrom"
						}
					}
				},
				"right_leg4": {
					"rotation": {
						"0.0": {
							"post": [0.32652, 2.4786, -4.99294],
							"lerp_mode": "catmullrom"
						},
						"0.25": {
							"post": [42.82652, 2.4786, -4.99294],
							"lerp_mode": "catmullrom"
						},
						"2.75": {
							"post": [42.82652, 2.4786, -4.99294],
							"lerp_mode": "catmullrom"
						},
						"3.5": {
							"post": [0.32652, 2.4786, -4.99294],
							"lerp_mode": "catmullrom"
						}
					}
				},
				"right_leg5": {
					"rotation": {
						"0.0": {
							"post": [0, 0, 0],
							"lerp_mode": "catmullrom"
						},
						"3.5": {
							"post": [0, 0, 0],
							"lerp_mode": "catmullrom"
						}
					}
				},
				"left_leg": {
					"rotation": {
						"0.0": {
							"post": [0, 0, -10],
							"lerp_mode": "catmullrom"
						},
						"1.6667": {
							"post": [20, 0, -10],
							"lerp_mode": "catmullrom"
						},
						"3.5": {
							"post": [0, 0, -10],
							"lerp_mode": "catmullrom"
						}
					}
				},
				"left_leg2": {
					"rotation": {
						"0.0": {
							"post": [0.0752, 2.52181, 3.24979],
							"lerp_mode": "catmullrom"
						},
						"1.8333": {
							"post": [20.0752, 2.52181, 3.24979],
							"lerp_mode": "catmullrom"
						},
						"3.5": {
							"post": [0.0752, 2.52181, 3.24979],
							"lerp_mode": "catmullrom"
						}
					},
					"position": {
						"0.0": {
							"post": [0, 1, 0],
							"lerp_mode": "catmullrom"
						},
						"3.5": {
							"post": [0, 1, 0],
							"lerp_mode": "catmullrom"
						}
					}
				},
				"left_leg3": {
					"rotation": {
						"0.0": {
							"post": [0, 0, 0],
							"lerp_mode": "catmullrom"
						},
						"2.0": {
							"post": [37.5, 0, 0],
							"lerp_mode": "catmullrom"
						},
						"3.5": {
							"post": [0, 0, 0],
							"lerp_mode": "catmullrom"
						}
					},
					"position": {
						"0.0": {
							"post": [0, 0, 0],
							"lerp_mode": "catmullrom"
						},
						"3.5": {
							"post": [0, 0, 0],
							"lerp_mode": "catmullrom"
						}
					}
				},
				"left_leg4": {
					"rotation": {
						"0.0": {
							"post": [0.32652, -2.4786, 4.99294],
							"lerp_mode": "catmullrom"
						},
						"0.25": {
							"post": [42.82652, -2.4786, 4.99294],
							"lerp_mode": "catmullrom"
						},
						"2.75": {
							"post": [42.82652, -2.4786, 4.99294],
							"lerp_mode": "catmullrom"
						},
						"3.5": {
							"post": [0.32652, -2.4786, 4.99294],
							"lerp_mode": "catmullrom"
						}
					}
				},
				"left_leg5": {
					"rotation": {
						"0.0": {
							"post": [0, 0, 0],
							"lerp_mode": "catmullrom"
						},
						"3.5": {
							"post": [0, 0, 0],
							"lerp_mode": "catmullrom"
						}
					}
				},
				"body": {
					"rotation": {
						"0.0": {
							"post": [0, 0, 0],
							"lerp_mode": "catmullrom"
						},
						"0.25": {
							"post": [-27.5, 0, 0],
							"lerp_mode": "catmullrom"
						},
						"1.875": {
							"post": [-57.67982, 1.31364, -1.25095],
							"lerp_mode": "catmullrom"
						},
						"3.5": {
							"post": [0, 0, 0],
							"lerp_mode": "catmullrom"
						}
					}
				},
				"tail": {
					"rotation": {
						"0.0": {
							"post": [0, 0, 0],
							"lerp_mode": "catmullrom"
						},
						"0.25": {
							"post": [10, 0, 0],
							"lerp_mode": "catmullrom"
						},
						"0.75": {
							"post": [-5, 0, 0],
							"lerp_mode": "catmullrom"
						},
						"1.4167": {
							"post": [0, 0, 1832.5],
							"lerp_mode": "catmullrom"
						},
						"1.6667": {
							"post": [-5, 0, 7.5],
							"lerp_mode": "catmullrom"
						},
						"3.5": {
							"post": [0, 0, 0],
							"lerp_mode": "catmullrom"
						}
					},
					"position": {
						"0.0": {
							"post": [0, 0, 0],
							"lerp_mode": "catmullrom"
						},
						"0.25": {
							"post": [0, 0, 0],
							"lerp_mode": "catmullrom"
						},
						"0.75": {
							"post": [0, 0, 0],
							"lerp_mode": "catmullrom"
						},
						"3.5": {
							"post": [0, 0, 0],
							"lerp_mode": "catmullrom"
						}
					}
				},
				"tail2": {
					"rotation": {
						"0.0": {
							"post": [0, 0, 0],
							"lerp_mode": "catmullrom"
						},
						"1.6667": {
							"post": [0, 0, 0],
							"lerp_mode": "catmullrom"
						},
						"1.9583": {
							"post": [-15, 0, 0],
							"lerp_mode": "catmullrom"
						},
						"3.5": {
							"post": [0, 0, 0],
							"lerp_mode": "catmullrom"
						}
					}
				},
				"tail3": {
					"rotation": {
						"0.0": {
							"post": [0, 0, 0],
							"lerp_mode": "catmullrom"
						},
						"1.6667": {
							"post": [0, 0, 0],
							"lerp_mode": "catmullrom"
						},
						"2.0": {
							"post": [-22.5, 0, 0],
							"lerp_mode": "catmullrom"
						},
						"3.5": {
							"post": [0, 0, 0],
							"lerp_mode": "catmullrom"
						}
					}
				},
				"tail4": {
					"rotation": {
						"0.0": {
							"post": [0, 0, 0],
							"lerp_mode": "catmullrom"
						},
						"1.6667": {
							"post": [0, 0, 0],
							"lerp_mode": "catmullrom"
						},
						"2.125": {
							"post": [-27.5, 0, 0],
							"lerp_mode": "catmullrom"
						},
						"3.5": {
							"post": [0, 0, 0],
							"lerp_mode": "catmullrom"
						}
					}
				},
				"rarm1memb": {
					"position": {
						"0.0": {
							"post": [0, 0, 0],
							"lerp_mode": "catmullrom"
						},
						"1.1667": {
							"post": [-2, 0, 0],
							"lerp_mode": "catmullrom"
						},
						"1.6667": {
							"post": [-2, 0, 0],
							"lerp_mode": "catmullrom"
						},
						"2.0": {
							"post": [-2, 0, 0],
							"lerp_mode": "catmullrom"
						},
						"2.5": {
							"post": [0, 0, 0],
							"lerp_mode": "catmullrom"
						},
						"3.0": {
							"post": [-2, 0, 0],
							"lerp_mode": "catmullrom"
						},
						"3.25": {
							"post": [0, 0, 0],
							"lerp_mode": "catmullrom"
						},
						"3.5": {
							"post": [0, 0, 0],
							"lerp_mode": "catmullrom"
						}
					},
					"scale": {
						"0.0": {
							"post": [1, 1, 1],
							"lerp_mode": "catmullrom"
						},
						"1.1667": {
							"post": [1.6, 1, 1],
							"lerp_mode": "catmullrom"
						},
						"1.6667": {
							"post": [1.6, 1, 1],
							"lerp_mode": "catmullrom"
						},
						"2.0": {
							"post": [1.6, 1, 1],
							"lerp_mode": "catmullrom"
						},
						"2.5": {
							"post": [1, 1, 1],
							"lerp_mode": "catmullrom"
						},
						"3.0": {
							"post": [1.6, 1, 1],
							"lerp_mode": "catmullrom"
						},
						"3.25": {
							"post": [1, 1, 1],
							"lerp_mode": "catmullrom"
						},
						"3.5": {
							"post": [1, 1, 1],
							"lerp_mode": "catmullrom"
						}
					}
				},
				"rarm2memb": {
					"position": {
						"0.0": {
							"post": [0, 0, 0],
							"lerp_mode": "catmullrom"
						},
						"1.1667": {
							"post": [-3, 0, 0],
							"lerp_mode": "catmullrom"
						},
						"1.6667": {
							"post": [-3, 0, 0],
							"lerp_mode": "catmullrom"
						},
						"2.0": {
							"post": [-3, 0, 0],
							"lerp_mode": "catmullrom"
						},
						"2.5": {
							"post": [0, 0, 0],
							"lerp_mode": "catmullrom"
						},
						"3.0": {
							"post": [-3, 0, 0],
							"lerp_mode": "catmullrom"
						},
						"3.25": {
							"post": [0, 0, 0],
							"lerp_mode": "catmullrom"
						},
						"3.5": {
							"post": [0, 0, 0],
							"lerp_mode": "catmullrom"
						}
					},
					"scale": {
						"0.0": {
							"post": [1, 1, 1],
							"lerp_mode": "catmullrom"
						},
						"1.1667": {
							"post": [1.3, 1, 1],
							"lerp_mode": "catmullrom"
						},
						"1.6667": {
							"post": [1.3, 1, 1],
							"lerp_mode": "catmullrom"
						},
						"2.0": {
							"post": [1.3, 1, 1],
							"lerp_mode": "catmullrom"
						},
						"2.5": {
							"post": [1, 1, 1],
							"lerp_mode": "catmullrom"
						},
						"3.0": {
							"post": [1.3, 1, 1],
							"lerp_mode": "catmullrom"
						},
						"3.25": {
							"post": [1, 1, 1],
							"lerp_mode": "catmullrom"
						},
						"3.5": {
							"post": [1, 1, 1],
							"lerp_mode": "catmullrom"
						}
					}
				},
				"larm1memb": {
					"rotation": {
						"0.0": {
							"post": [0, 0, 0],
							"lerp_mode": "catmullrom"
						},
						"1.1667": {
							"post": [7.5, 0, 0],
							"lerp_mode": "catmullrom"
						},
						"1.6667": {
							"post": [7.5, 0, 0],
							"lerp_mode": "catmullrom"
						},
						"2.0": {
							"post": [7.5, 0, 0],
							"lerp_mode": "catmullrom"
						},
						"2.5": {
							"post": [0, 0, 0],
							"lerp_mode": "catmullrom"
						},
						"3.0": {
							"post": [7.5, 0, 0],
							"lerp_mode": "catmullrom"
						},
						"3.25": {
							"post": [0, 0, 0],
							"lerp_mode": "catmullrom"
						},
						"3.5": {
							"post": [0, 0, 0],
							"lerp_mode": "catmullrom"
						}
					},
					"position": {
						"0.0": {
							"post": [0, 0, 0],
							"lerp_mode": "catmullrom"
						},
						"1.1667": {
							"post": [3, 0, 0],
							"lerp_mode": "catmullrom"
						},
						"1.6667": {
							"post": [3, 0, 0],
							"lerp_mode": "catmullrom"
						},
						"2.0": {
							"post": [3, 0, 0],
							"lerp_mode": "catmullrom"
						},
						"2.5": {
							"post": [0, 0, 0],
							"lerp_mode": "catmullrom"
						},
						"3.0": {
							"post": [3, 0, 0],
							"lerp_mode": "catmullrom"
						},
						"3.25": {
							"post": [0, 0, 0],
							"lerp_mode": "catmullrom"
						},
						"3.5": {
							"post": [0, 0, 0],
							"lerp_mode": "catmullrom"
						}
					},
					"scale": {
						"0.0": {
							"post": [1, 1, 1],
							"lerp_mode": "catmullrom"
						},
						"1.1667": {
							"post": [1.8, 1, 1],
							"lerp_mode": "catmullrom"
						},
						"1.6667": {
							"post": [1.8, 1, 1],
							"lerp_mode": "catmullrom"
						},
						"2.0": {
							"post": [1.8, 1, 1],
							"lerp_mode": "catmullrom"
						},
						"2.5": {
							"post": [1, 1, 1],
							"lerp_mode": "catmullrom"
						},
						"3.0": {
							"post": [1.8, 1, 1],
							"lerp_mode": "catmullrom"
						},
						"3.25": {
							"post": [1, 1, 1],
							"lerp_mode": "catmullrom"
						},
						"3.5": {
							"post": [1, 1, 1],
							"lerp_mode": "catmullrom"
						}
					}
				},
				"larm2memb": {
					"rotation": {
						"0.0": {
							"post": [0, 0, 0],
							"lerp_mode": "catmullrom"
						},
						"1.1667": {
							"post": [7.5, 0, 0],
							"lerp_mode": "catmullrom"
						},
						"1.6667": {
							"post": [7.5, 0, 0],
							"lerp_mode": "catmullrom"
						},
						"2.0": {
							"post": [7.5, 0, 0],
							"lerp_mode": "catmullrom"
						},
						"2.5": {
							"post": [0, 0, 0],
							"lerp_mode": "catmullrom"
						},
						"3.0": {
							"post": [7.5, 0, 0],
							"lerp_mode": "catmullrom"
						},
						"3.25": {
							"post": [0, 0, 0],
							"lerp_mode": "catmullrom"
						},
						"3.5": {
							"post": [0, 0, 0],
							"lerp_mode": "catmullrom"
						}
					},
					"position": {
						"0.0": {
							"post": [0, 0, 0],
							"lerp_mode": "catmullrom"
						},
						"1.1667": {
							"post": [3, 0, 0],
							"lerp_mode": "catmullrom"
						},
						"1.6667": {
							"post": [3, 0, 0],
							"lerp_mode": "catmullrom"
						},
						"2.0": {
							"post": [3, 0, 0],
							"lerp_mode": "catmullrom"
						},
						"2.5": {
							"post": [0, 0, 0],
							"lerp_mode": "catmullrom"
						},
						"3.0": {
							"post": [3, 0, 0],
							"lerp_mode": "catmullrom"
						},
						"3.25": {
							"post": [0, 0, 0],
							"lerp_mode": "catmullrom"
						},
						"3.5": {
							"post": [0, 0, 0],
							"lerp_mode": "catmullrom"
						}
					},
					"scale": {
						"0.0": {
							"post": [1, 1, 1],
							"lerp_mode": "catmullrom"
						},
						"1.1667": {
							"post": [1.5, 1, 1],
							"lerp_mode": "catmullrom"
						},
						"1.6667": {
							"post": [1.5, 1, 1],
							"lerp_mode": "catmullrom"
						},
						"2.0": {
							"post": [1.5, 1, 1],
							"lerp_mode": "catmullrom"
						},
						"2.5": {
							"post": [1, 1, 1],
							"lerp_mode": "catmullrom"
						},
						"3.0": {
							"post": [1.5, 1, 1],
							"lerp_mode": "catmullrom"
						},
						"3.25": {
							"post": [1, 1, 1],
							"lerp_mode": "catmullrom"
						},
						"3.5": {
							"post": [1, 1, 1],
							"lerp_mode": "catmullrom"
						}
					}
				}
			}
		},
		"animation.reshiram.faint": {
			"loop": true,
			"animation_length": 4,
			"bones": {
				"mainthing": {
					"rotation": {
						"0.0": {
							"post": [-11.76, 0, 0],
							"lerp_mode": "catmullrom"
						},
						"0.75": {
							"post": [-11.76, 0, 0],
							"lerp_mode": "catmullrom"
						},
						"1.5": {
							"post": [-11.76, 0, 0],
							"lerp_mode": "catmullrom"
						},
						"2.75": {
							"post": [-11.76, 0, 0],
							"lerp_mode": "catmullrom"
						},
						"3.5": {
							"post": [-11.76, 0, 0],
							"lerp_mode": "catmullrom"
						},
						"4.0": {
							"post": [-11.76, 0, 0],
							"lerp_mode": "catmullrom"
						}
					},
					"position": {
						"0.0": {
							"post": [0, 9.24, 0],
							"lerp_mode": "catmullrom"
						},
						"0.75": {
							"post": [0, 4.24, 0],
							"lerp_mode": "catmullrom"
						},
						"1.5": {
							"post": [0, 13.24, 0],
							"lerp_mode": "catmullrom"
						},
						"2.75": {
							"post": [0, 4.24, 0],
							"lerp_mode": "catmullrom"
						},
						"3.5": {
							"post": [0, 13.24, 0],
							"lerp_mode": "catmullrom"
						},
						"4.0": {
							"post": [0, 9.24, 0],
							"lerp_mode": "catmullrom"
						}
					}
				},
				"neck": {
					"rotation": {
						"0.0": {
							"post": [11.9, 0, 0],
							"lerp_mode": "catmullrom"
						},
						"0.75": {
							"post": [11.9, 0, 0],
							"lerp_mode": "catmullrom"
						},
						"2.0": [-18.1, 0, 0]
					}
				},
				"head": {
					"rotation": {
						"0.0": {
							"post": [15.74, 0, 0],
							"lerp_mode": "catmullrom"
						},
						"0.75": {
							"post": [15.74, 0, 0],
							"lerp_mode": "catmullrom"
						},
						"2.0": [-19.26, 0, 0]
					}
				},
				"bottomjaw": {
					"rotation": {
						"0.0": {
							"post": [5.28, 0, 0],
							"lerp_mode": "catmullrom"
						},
						"0.75": {
							"post": [27.78, 0, 0],
							"lerp_mode": "catmullrom"
						},
						"1.0": {
							"post": [67.78, 0, 0],
							"lerp_mode": "catmullrom"
						},
						"2.0": [0.28, 0, 0]
					}
				},
				"left_head2": {
					"rotation": {
						"0.0": ["-math.cos(query.anim_time*90)*4", 0, 0],
						"4.0": ["-math.cos(query.anim_time*90)*4", 0, 0]
					}
				},
				"left_head3": {
					"rotation": {
						"0.0": ["math.cos((query.anim_time-0.1)*90)*7", 0, 0],
						"4.0": ["math.cos((query.anim_time-0.1)*90)*7", 0, 0]
					}
				},
				"left_head4": {
					"rotation": {
						"0.0": ["-math.cos((query.anim_time-0.2)*180)*8", 0, 0],
						"4.0": ["-math.cos((query.anim_time-0.2)*180)*8", 0, 0]
					}
				},
				"left_head5": {
					"rotation": {
						"0.0": ["math.cos((query.anim_time-0.3)*180)*9", 0, 0],
						"4.0": ["math.cos((query.anim_time-0.3)*180)*9", 0, 0]
					}
				},
				"left_head6": {
					"rotation": {
						"0.0": ["-math.cos((query.anim_time-0.4)*90)*10", 0, 0],
						"4.0": ["-math.cos((query.anim_time-0.4)*90)*10", 0, 0]
					}
				},
				"right_head2": {
					"rotation": {
						"0.0": ["math.cos(query.anim_time*90)*4", 0, 0],
						"4.0": ["math.cos(query.anim_time*90)*4", 0, 0]
					}
				},
				"right_head3": {
					"rotation": {
						"0.0": ["-math.cos((query.anim_time-0.1)*90)*7", 0, 0],
						"4.0": ["-math.cos((query.anim_time-0.1)*90)*7", 0, 0]
					}
				},
				"right_head4": {
					"rotation": {
						"0.0": ["math.cos((query.anim_time-0.2)*180)*8", 0, 0],
						"4.0": ["math.cos((query.anim_time-0.2)*180)*8", 0, 0]
					}
				},
				"right_head5": {
					"rotation": {
						"0.0": ["-math.cos((query.anim_time-0.3)*180)*9", 0, 0],
						"4.0": ["-math.cos((query.anim_time-0.3)*180)*9", 0, 0]
					}
				},
				"right_head6": {
					"rotation": {
						"0.0": ["math.cos((query.anim_time-0.4)*180)*10", 0, 0],
						"4.0": ["math.cos((query.anim_time-0.4)*180)*10", 0, 0]
					}
				},
				"body2": {
					"rotation": {
						"0.0": {
							"post": [14.26, 0, 0],
							"lerp_mode": "catmullrom"
						},
						"0.75": {
							"post": [14.26, 0, 0],
							"lerp_mode": "catmullrom"
						},
						"1.5": {
							"post": [14.26, 0, 0],
							"lerp_mode": "catmullrom"
						},
						"2.0": {
							"post": [14.26, 0, 0],
							"lerp_mode": "catmullrom"
						},
						"2.75": {
							"post": [14.26, 0, 0],
							"lerp_mode": "catmullrom"
						},
						"3.5": {
							"post": [14.26, 0, 0],
							"lerp_mode": "catmullrom"
						},
						"4.0": {
							"post": [14.26, 0, 0],
							"lerp_mode": "catmullrom"
						}
					}
				},
				"body3": {
					"rotation": {
						"0.0": {
							"post": [-1.02, 0, 0],
							"lerp_mode": "catmullrom"
						},
						"0.75": {
							"post": [-1.02, 0, 0],
							"lerp_mode": "catmullrom"
						},
						"1.5": {
							"post": [-1.02, 0, 0],
							"lerp_mode": "catmullrom"
						},
						"2.0": {
							"post": [-1.02, 0, 0],
							"lerp_mode": "catmullrom"
						},
						"2.75": {
							"post": [-1.02, 0, 0],
							"lerp_mode": "catmullrom"
						},
						"3.5": {
							"post": [-1.02, 0, 0],
							"lerp_mode": "catmullrom"
						},
						"4.0": {
							"post": [-1.02, 0, 0],
							"lerp_mode": "catmullrom"
						}
					}
				},
				"right_arm": {
					"rotation": {
						"0.0": {
							"post": [-28.45285, -4.53086, -8.18893],
							"lerp_mode": "catmullrom"
						},
						"0.75": {
							"post": [-27.11771, 13.34855, 24.26701],
							"lerp_mode": "catmullrom"
						},
						"1.5": {
							"post": [-27.11771, -13.34855, -24.26701],
							"lerp_mode": "catmullrom"
						},
						"2.0": {
							"post": [-28.45285, -4.53086, -8.18893],
							"lerp_mode": "catmullrom"
						},
						"2.75": {
							"post": [-27.11771, 13.34855, 24.26701],
							"lerp_mode": "catmullrom"
						},
						"3.5": {
							"post": [-27.11771, -13.34855, -24.26701],
							"lerp_mode": "catmullrom"
						},
						"4.0": {
							"post": [-28.45285, -4.53086, -8.18893],
							"lerp_mode": "catmullrom"
						}
					}
				},
				"right_arm2": {
					"rotation": {
						"0.0": {
							"post": [0, 0, -5.12],
							"lerp_mode": "catmullrom"
						},
						"0.75": {
							"post": [0, 0, 22.28],
							"lerp_mode": "catmullrom"
						},
						"1.5": {
							"post": [0, 0, -20],
							"lerp_mode": "catmullrom"
						},
						"2.0": {
							"post": [0, 0, -5.12],
							"lerp_mode": "catmullrom"
						},
						"2.75": {
							"post": [0, 0, 22.28],
							"lerp_mode": "catmullrom"
						},
						"3.5": {
							"post": [0, 0, -20],
							"lerp_mode": "catmullrom"
						},
						"4.0": {
							"post": [0, 0, -5.12],
							"lerp_mode": "catmullrom"
						}
					}
				},
				"right_arm2half": {
					"rotation": {
						"0.0": {
							"post": [0, 0, -13.17],
							"lerp_mode": "catmullrom"
						},
						"0.9583": {
							"post": [0, 0, 24.69],
							"lerp_mode": "catmullrom"
						},
						"1.5": {
							"post": [0, 0, -9.44],
							"lerp_mode": "catmullrom"
						},
						"1.75": {
							"post": [0, 0, -20],
							"lerp_mode": "catmullrom"
						},
						"2.0": {
							"post": [0, 0, -13.17],
							"lerp_mode": "catmullrom"
						},
						"3.0": {
							"post": [0, 0, 24.69],
							"lerp_mode": "catmullrom"
						},
						"3.5": {
							"post": [0, 0, -9.44],
							"lerp_mode": "catmullrom"
						},
						"4.0": {
							"post": [0, 0, -13.17],
							"lerp_mode": "catmullrom"
						}
					}
				},
				"right_arm3": {
					"rotation": {
						"0.0": {
							"post": [0, 0, -12.5],
							"lerp_mode": "catmullrom"
						},
						"1.25": {
							"post": [0, 0, 17.22],
							"lerp_mode": "catmullrom"
						},
						"1.5": {
							"post": [0, 0, 9.51],
							"lerp_mode": "catmullrom"
						},
						"2.0": {
							"post": [0, 0, -12.5],
							"lerp_mode": "catmullrom"
						},
						"3.25": {
							"post": [0, 0, 17.22],
							"lerp_mode": "catmullrom"
						},
						"3.5": {
							"post": [0, 0, 9.51],
							"lerp_mode": "catmullrom"
						},
						"4.0": {
							"post": [0, 0, -12.5],
							"lerp_mode": "catmullrom"
						}
					}
				},
				"left_arm": {
					"rotation": {
						"0.0": {
							"post": [-30.764, 5.11023, 9.99992],
							"lerp_mode": "catmullrom"
						},
						"0.75": {
							"post": [-29.30684, -14.82879, -22.89102],
							"lerp_mode": "catmullrom"
						},
						"1.5": {
							"post": [-29.2819, 14.97921, 26.35655],
							"lerp_mode": "catmullrom"
						},
						"2.0": {
							"post": [-30.764, 5.11023, 9.99992],
							"lerp_mode": "catmullrom"
						},
						"2.75": {
							"post": [-29.30684, -14.82879, -22.89102],
							"lerp_mode": "catmullrom"
						},
						"3.5": {
							"post": [-29.2819, 14.97921, 26.35655],
							"lerp_mode": "catmullrom"
						},
						"4.0": {
							"post": [-30.764, 5.11023, 9.99992],
							"lerp_mode": "catmullrom"
						}
					}
				},
				"left_arm2": {
					"rotation": {
						"0.0": {
							"post": [0, 0, -0.63],
							"lerp_mode": "catmullrom"
						},
						"0.75": {
							"post": [0, 0, -24.8],
							"lerp_mode": "catmullrom"
						},
						"1.5": {
							"post": [0, 0, 12.5],
							"lerp_mode": "catmullrom"
						},
						"2.0": {
							"post": [0, 0, -0.63],
							"lerp_mode": "catmullrom"
						},
						"2.75": {
							"post": [0, 0, -24.8],
							"lerp_mode": "catmullrom"
						},
						"3.5": {
							"post": [0, 0, 12.5],
							"lerp_mode": "catmullrom"
						},
						"4.0": {
							"post": [0, 0, -0.63],
							"lerp_mode": "catmullrom"
						}
					}
				},
				"left_arm2half": {
					"rotation": {
						"0.0": {
							"post": [0, 0, 10.29],
							"lerp_mode": "catmullrom"
						},
						"1.0": {
							"post": [0, 0, -20],
							"lerp_mode": "catmullrom"
						},
						"1.5": {
							"post": [0, 0, 9.68],
							"lerp_mode": "catmullrom"
						},
						"1.7083": {
							"post": [0, 0, 17.5],
							"lerp_mode": "catmullrom"
						},
						"2.0": {
							"post": [0, 0, 10.29],
							"lerp_mode": "catmullrom"
						},
						"2.9583": {
							"post": [0, 0, -20],
							"lerp_mode": "catmullrom"
						},
						"3.5": {
							"post": [0, 0, 9.68],
							"lerp_mode": "catmullrom"
						},
						"4.0": {
							"post": [0, 0, 10.29],
							"lerp_mode": "catmullrom"
						}
					}
				},
				"left_arm3": {
					"rotation": {
						"0.0": {
							"post": [0, 0, 17.5],
							"lerp_mode": "catmullrom"
						},
						"1.25": {
							"post": [0, 0, -22.5],
							"lerp_mode": "catmullrom"
						},
						"1.5": {
							"post": [0, 0, -12.13],
							"lerp_mode": "catmullrom"
						},
						"2.0": {
							"post": [0, 0, 17.5],
							"lerp_mode": "catmullrom"
						},
						"3.25": {
							"post": [0, 0, -22.5],
							"lerp_mode": "catmullrom"
						},
						"3.5": {
							"post": [0, 0, -12.13],
							"lerp_mode": "catmullrom"
						},
						"4.0": {
							"post": [0, 0, 17.5],
							"lerp_mode": "catmullrom"
						}
					}
				},
				"right_leg": {
					"rotation": {
						"0.0": {
							"post": [4.47761, -5.24826, 11.36081],
							"lerp_mode": "catmullrom"
						},
						"2.0": {
							"post": [11.97761, -5.24826, 11.36081],
							"lerp_mode": "catmullrom"
						},
						"4.0": {
							"post": [4.47761, -5.24826, 11.36081],
							"lerp_mode": "catmullrom"
						}
					}
				},
				"right_leg2": {
					"rotation": {
						"0.0": {
							"post": [-1.76, 0, 0],
							"lerp_mode": "catmullrom"
						},
						"0.75": {
							"post": [-5, 0, 0],
							"lerp_mode": "catmullrom"
						},
						"1.5833": {
							"post": [0, 0, 0],
							"lerp_mode": "catmullrom"
						},
						"2.0833": {
							"post": [-1.76, 0, 0],
							"lerp_mode": "catmullrom"
						},
						"2.8333": {
							"post": [-5, 0, 0],
							"lerp_mode": "catmullrom"
						},
						"3.5": {
							"post": [0, 0, 0],
							"lerp_mode": "catmullrom"
						},
						"4.0": {
							"post": [-1.76, 0, 0],
							"lerp_mode": "catmullrom"
						}
					}
				},
				"right_leg3": {
					"rotation": {
						"0.0": {
							"post": [41.76, 0, 0],
							"lerp_mode": "catmullrom"
						},
						"0.8333": {
							"post": [45, 0, 0],
							"lerp_mode": "catmullrom"
						},
						"1.6667": {
							"post": [40, 0, 0],
							"lerp_mode": "catmullrom"
						},
						"2.1667": {
							"post": [41.76, 0, 0],
							"lerp_mode": "catmullrom"
						},
						"2.9167": {
							"post": [45, 0, 0],
							"lerp_mode": "catmullrom"
						},
						"3.5": {
							"post": [40, 0, 0],
							"lerp_mode": "catmullrom"
						},
						"4.0": {
							"post": [41.76, 0, 0],
							"lerp_mode": "catmullrom"
						}
					}
				},
				"right_leg4": {
					"rotation": {
						"0.0": {
							"post": [13.98, 0, 0],
							"lerp_mode": "catmullrom"
						},
						"0.9167": {
							"post": [7.5, 0, 0],
							"lerp_mode": "catmullrom"
						},
						"1.75": {
							"post": [17.5, 0, 0],
							"lerp_mode": "catmullrom"
						},
						"2.25": {
							"post": [13.98, 0, 0],
							"lerp_mode": "catmullrom"
						},
						"3.0": {
							"post": [7.5, 0, 0],
							"lerp_mode": "catmullrom"
						},
						"3.5": {
							"post": [17.5, 0, 0],
							"lerp_mode": "catmullrom"
						},
						"4.0": {
							"post": [13.98, 0, 0],
							"lerp_mode": "catmullrom"
						}
					}
				},
				"left_leg": {
					"rotation": {
						"0.0": {
							"post": [0, 0, -12.5],
							"lerp_mode": "catmullrom"
						},
						"2.0": {
							"post": [7.5, 0, -12.5],
							"lerp_mode": "catmullrom"
						},
						"4.0": {
							"post": [0, 0, -12.5],
							"lerp_mode": "catmullrom"
						}
					}
				},
				"left_leg2": {
					"rotation": {
						"0.0": {
							"post": [-1.76, 0, 0],
							"lerp_mode": "catmullrom"
						},
						"0.8333": {
							"post": [-5, 0, 0],
							"lerp_mode": "catmullrom"
						},
						"1.5833": {
							"post": [0, 0, 0],
							"lerp_mode": "catmullrom"
						},
						"2.0833": {
							"post": [-1.76, 0, 0],
							"lerp_mode": "catmullrom"
						},
						"2.8333": {
							"post": [-5, 0, 0],
							"lerp_mode": "catmullrom"
						},
						"3.5": {
							"post": [0, 0, 0],
							"lerp_mode": "catmullrom"
						},
						"4.0": {
							"post": [-1.76, 0, 0],
							"lerp_mode": "catmullrom"
						}
					}
				},
				"left_leg3": {
					"rotation": {
						"0.0": {
							"post": [41.76, 0, 0],
							"lerp_mode": "catmullrom"
						},
						"0.9167": {
							"post": [45, 0, 0],
							"lerp_mode": "catmullrom"
						},
						"1.6667": {
							"post": [40, 0, 0],
							"lerp_mode": "catmullrom"
						},
						"2.1667": {
							"post": [41.76, 0, 0],
							"lerp_mode": "catmullrom"
						},
						"2.9167": {
							"post": [45, 0, 0],
							"lerp_mode": "catmullrom"
						},
						"3.5": {
							"post": [40, 0, 0],
							"lerp_mode": "catmullrom"
						},
						"4.0": {
							"post": [41.76, 0, 0],
							"lerp_mode": "catmullrom"
						}
					}
				},
				"left_leg4": {
					"rotation": {
						"0.0": {
							"post": [13.98, 0, 0],
							"lerp_mode": "catmullrom"
						},
						"1.0": {
							"post": [7.5, 0, 0],
							"lerp_mode": "catmullrom"
						},
						"1.75": {
							"post": [17.5, 0, 0],
							"lerp_mode": "catmullrom"
						},
						"2.25": {
							"post": [13.98, 0, 0],
							"lerp_mode": "catmullrom"
						},
						"3.0": {
							"post": [7.5, 0, 0],
							"lerp_mode": "catmullrom"
						},
						"3.5": {
							"post": [17.5, 0, 0],
							"lerp_mode": "catmullrom"
						},
						"4.0": {
							"post": [13.98, 0, 0],
							"lerp_mode": "catmullrom"
						}
					}
				},
				"body": {
					"rotation": {
						"0.0": {
							"post": [-23.24, 0, 0],
							"lerp_mode": "catmullrom"
						},
						"0.75": {
							"post": [-23.24, 0, 0],
							"lerp_mode": "catmullrom"
						},
						"3.0": [4.4, 0, 0]
					}
				},
				"tail": {
					"rotation": {
						"0.0": ["-math.cos((query.anim_time-0.1)*90)*0.5", 0, 0],
						"4.0": ["-math.cos((query.anim_time-0.1)*90)*0.5", 0, 0]
					}
				},
				"tail2": {
					"rotation": {
						"0.0": ["7.5+math.cos((query.anim_time-0.1)*90)*2", "math.cos((query.anim_time-0.1)*90)*2", "math.cos((query.anim_time-0.1)*90)*3"],
						"4.0": ["7.5+math.cos((query.anim_time-0.1)*90)*2", "math.cos((query.anim_time-0.1)*90)*2", "math.cos((query.anim_time-0.1)*90)*3"]
					}
				},
				"tail3": {
					"rotation": {
						"0.0": ["25-math.cos((query.anim_time-0.2)*180)*4", "0+math.cos((query.anim_time-0.2)*180)*2", "0-math.cos((query.anim_time-0.2)*180)*4"],
						"4.0": ["25-math.cos((query.anim_time-0.2)*180)*4", "0+math.cos((query.anim_time-0.2)*180)*2", "0-math.cos((query.anim_time-0.2)*180)*4"]
					},
					"position": {
						"0.0": [0, -1, -2],
						"4.0": [0, -1, -2]
					}
				},
				"tail4": {
					"rotation": {
						"0.0": ["-35+math.cos((query.anim_time-0.3)*90)*4", "math.cos((query.anim_time-0.3)*180)*5", "math.cos((query.anim_time-0.3)*90)*3"],
						"4.0": ["-35+math.cos((query.anim_time-0.3)*90)*4", "math.cos((query.anim_time-0.3)*180)*5", "math.cos((query.anim_time-0.3)*90)*3"]
					},
					"position": {
						"0.0": [0, 1, -1],
						"4.0": [0, 1, -1]
					}
				},
				"left_eyes": {
					"position": {
						"0.0": [0, 0, 0],
						"1.0": [-1, 0, 0]
					}
				},
				"right_eyes": {
					"position": {
						"0.0": [0, 0, 0],
						"1.0": [1, 0, 0]
					}
				},
				"smolone": {
					"rotation": {
						"0.0": [0, 0, 0],
						"2.0": [30, 0, 0]
					}
				}
			}
		}
	}
}