{
	"format_version": "1.8.0",
	"animations": {
		"animation.koraidonpd.ground_walk": {
			"loop": true,
			"animation_length": 1.5,
			"bones": {
				"root": {
					"rotation": {
						"0.0": [0, 0, 0],
						"0.25": [7.5, 0, 0],
						"0.75": [0, 0, 0],
						"1.0": [-7.5, 0, 0],
						"1.5": [0, 0, 0]
					},
					"position": {
						"0.0": [0, 0, 0],
						"0.5": [0, 0.5, 0],
						"0.75": [0, -0.5, 0],
						"1.5": [0, 0, 0]
					}
				},
				"r_back_leg": {
					"rotation": {
						"0.0": [-42.5, 0, 0],
						"0.75": [45, 0, 0],
						"1.5": [-42.5, 0, 0]
					}
				},
				"r_low_back_leg": {
					"rotation": {
						"0.0": [-67.5, 0, 0],
						"0.75": [-120, 0, 0],
						"1.0": [-70, 0, 0],
						"1.5": [-67.5, 0, 0]
					}
				},
				"r_back_foot": {
					"rotation": {
						"0.0": [-50, 0, 0],
						"0.75": [0, 0, 0],
						"1.0": [45.83, 0, 0],
						"1.5": [-50, 0, 0]
					}
				},
				"l_back_leg": {
					"rotation": {
						"0.0": [-42.5, 0, 0],
						"0.75": [45, 0, 0],
						"1.0": [17.5, 0, 0],
						"1.5": [-42.5, 0, 0]
					}
				},
				"l_low_back_leg": {
					"rotation": {
						"0.0": [-67.5, 0, 0],
						"0.75": [-120, 0, 0],
						"1.0": [-70, 0, 0],
						"1.5": [-67.5, 0, 0]
					}
				},
				"l_back_foot": {
					"rotation": {
						"0.0": [-45, 0, 0],
						"0.75": [0, 0, 0],
						"1.0": [45, 0, 0],
						"1.5": [-45, 0, 0]
					}
				},
				"body": {
					"rotation": {
						"0.0": [0, 0, 0],
						"0.25": [0, 0, 0]
					}
				},
				"head": {
					"rotation": {
						"0.0": [0, 0, 0],
						"0.3333": [-2.5, 0, 0],
						"0.6667": [0, 0, 0],
						"1.0417": [-2.5, 0, 0],
						"1.5": [0, 0, 0]
					}
				},
				"head_tail_l": {
					"rotation": {
						"0.0": [7.5, 10, 0],
						"0.5": [17.5, 10, 0],
						"1.0": [-7.5, 10, 0],
						"1.5": [7.5, 10, 0]
					}
				},
				"h_tail_l1": {
					"rotation": {
						"0.0": [5, 0, 0],
						"0.5": [-15, 0, 0],
						"1.0": [7.5, 0, 0],
						"1.5": [5, 0, 0]
					}
				},
				"h_tail_l2": {
					"rotation": {
						"0.0": [-20, 0, 0],
						"0.5": [-22.5, 0, 0],
						"1.0": [13.75, 0, 0],
						"1.5": [-20, 0, 0]
					}
				},
				"head_tail_r": {
					"rotation": {
						"0.0": [7.5, -10, 0],
						"0.5": [17.5, -10, 0],
						"1.0": [-7.5, -10, 0],
						"1.5": [7.5, -10, 0]
					}
				},
				"h_tail_r1": {
					"rotation": {
						"0.0": [5, 0, 0],
						"0.5": [-15, 0, 0],
						"1.0": [7.5, 0, 0],
						"1.5": [5, 0, 0]
					}
				},
				"h_tail_r2": {
					"rotation": {
						"0.0": [-20, 0, 0],
						"0.5": [-22.5, 0, 0],
						"1.0": [13.75, 0, 0],
						"1.5": [-20, 0, 0]
					}
				},
				"f_right_leg": {
					"rotation": {
						"0.0": [-25, 0, 0],
						"0.25": [-10, 0, 0],
						"0.5": [12.5, 0, 0],
						"0.75": [20, 0, 0],
						"1.0": [25, 0, 0],
						"1.5": [-25, 0, 0]
					}
				},
				"f_right_lower_leg": {
					"rotation": {
						"0.0": [-42.5, 0, 0],
						"0.25": [-20, 0, 0],
						"0.75": [-20, 0, 0],
						"1.0": [-15, 0, 0],
						"1.5": [-42.5, 0, 0]
					}
				},
				"f_right_foot": {
					"rotation": {
						"0.0": [55, 0, 0],
						"0.25": [17.5, 0, 0],
						"0.5": [0, 0, 0],
						"1.0": [25, 0, 0]
					}
				},
				"f_left_leg": {
					"rotation": {
						"0.0": [-25, 0, 0],
						"0.25": [-10, 0, 0],
						"0.5": [12.5, 0, 0],
						"0.75": [20, 0, 0],
						"1.0": [25, 0, 0],
						"1.5": [-25, 0, 0]
					}
				},
				"f_left_lower_leg": {
					"rotation": {
						"0.0": [-42.5, 0, 0],
						"0.25": [-20, 0, 0],
						"0.75": [-20, 0, 0],
						"1.0": [-15, 0, 0],
						"1.5": [-42.5, 0, 0]
					}
				},
				"f_left_foot": {
					"rotation": {
						"0.0": [50, 0, 0],
						"0.25": [17.5, 0, 0],
						"0.5": [0, 0, 0],
						"1.5": [50, 0, 0]
					}
				}
			}
		},
		"animation.koraidonpd.ground_idle": {
			"loop": true,
			"animation_length": 1.25,
			"bones": {
				"root": {
					"position": {
						"0.0": [0, 0, 0],
						"0.625": [0, -0.25, 0],
						"1.25": [0, 0, 0]
					}
				},
				"r_back_leg": {
					"rotation": {
						"0.0": [5, 0, 0],
						"0.625": [7.5, 0, 0],
						"1.25": [5, 0, 0]
					}
				},
				"r_low_back_leg": {
					"rotation": {
						"0.0": [-5, 0, 0],
						"0.625": [-7.5, 0, 0],
						"1.25": [-5, 0, 0]
					}
				},
				"l_back_leg": {
					"rotation": {
						"0.0": [5, 0, 0],
						"0.625": [7.5, 0, 0],
						"1.25": [5, 0, 0]
					}
				},
				"l_low_back_leg": {
					"rotation": {
						"0.0": [-5, 0, 0],
						"0.625": [-7.5, 0, 0],
						"1.25": [-5, 0, 0]
					}
				},
				"body": {
					"position": {
						"0.0": [0, 0, 0],
						"0.625": [0, 0, 0],
						"1.25": [0, 0, 0]
					}
				},
				"head": {
					"rotation": {
						"0.0": [0, 0, 0],
						"0.625": [-2.5, 0, 0],
						"1.25": [0, 0, 0]
					}
				},
				"head_tail_l": {
					"rotation": [0, 10, 0]
				},
				"h_tail_l1": {
					"rotation": [10, 0, 0]
				},
				"h_tail_l2": {
					"rotation": [15, 0, 0]
				},
				"head_tail_r": {
					"rotation": [0, -10, 0]
				},
				"h_tail_r1": {
					"rotation": [10, 0, 0]
				},
				"h_tail_r2": {
					"rotation": [15, 0, 0]
				},
				"f_right_leg": {
					"rotation": {
						"0.0": [5, 0, 0],
						"0.625": [7.5, 0, 0],
						"1.25": [5, 0, 0]
					}
				},
				"f_right_lower_leg": {
					"rotation": {
						"0.0": [-5, 0, 0],
						"0.625": [-7.5, 0, 0],
						"1.25": [-5, 0, 0]
					}
				},
				"f_left_leg": {
					"rotation": {
						"0.0": [5, 0, 0],
						"0.625": [7.5, 0, 0],
						"1.25": [5, 0, 0]
					}
				},
				"f_left_lower_leg": {
					"rotation": {
						"0.0": [-5, 0, 0],
						"0.625": [-7.5, 0, 0],
						"1.25": [-5, 0, 0]
					}
				}
			}
		},
		"animation.koraidonpd.faint": {
			"loop": true,
			"animation_length": 1.25,
			"bones": {
				"root": {
					"position": {
						"0.0": [0, 0, 0],
						"0.6": [0, -0.25, 0],
						"1.3": [0, 0, 0]
					}
				},
				"r_back_leg": {
					"rotation": {
						"0.0": [5, 0, 0],
						"0.6": [7.5, 0, 0],
						"1.3": [5, 0, 0]
					}
				},
				"r_low_back_leg": {
					"rotation": {
						"0.0": [-5, 0, 0],
						"0.6": [-7.5, 0, 0],
						"1.3": [-5, 0, 0]
					}
				},
				"l_back_leg": {
					"rotation": {
						"0.0": [5, 0, 0],
						"0.6": [7.5, 0, 0],
						"1.3": [5, 0, 0]
					}
				},
				"l_low_back_leg": {
					"rotation": {
						"0.0": [-5, 0, 0],
						"0.6": [-7.5, 0, 0],
						"1.3": [-5, 0, 0]
					}
				},
				"body": {
					"position": {
						"0.0": [0, 0, 0],
						"0.6": [0, 0, 0],
						"1.3": [0, 0, 0]
					}
				},
				"head": {
					"rotation": {
						"0.0": [0, 0, 0],
						"0.6": [-2.5, 0, 0],
						"1.3": [0, 0, 0]
					}
				},
				"head_tail_l": {
					"rotation": [0, 10, 0]
				},
				"h_tail_l1": {
					"rotation": [10, 0, 0]
				},
				"h_tail_l2": {
					"rotation": [15, 0, 0]
				},
				"head_tail_r": {
					"rotation": [0, -10, 0]
				},
				"h_tail_r1": {
					"rotation": [10, 0, 0]
				},
				"h_tail_r2": {
					"rotation": [15, 0, 0]
				},
				"f_right_leg": {
					"rotation": {
						"0.0": [5, 0, 0],
						"0.6": [7.5, 0, 0],
						"1.3": [5, 0, 0]
					}
				},
				"f_right_lower_leg": {
					"rotation": {
						"0.0": [-5, 0, 0],
						"0.6": [-7.5, 0, 0],
						"1.3": [-5, 0, 0]
					}
				},
				"f_left_leg": {
					"rotation": {
						"0.0": [5, 0, 0],
						"0.6": [7.5, 0, 0],
						"1.3": [5, 0, 0]
					}
				},
				"f_left_lower_leg": {
					"rotation": {
						"0.0": [-5, 0, 0],
						"0.6": [-7.5, 0, 0],
						"1.3": [-5, 0, 0]
					}
				}
			}
		}
	}
}