{
	"format_version": "1.8.0",
	"animations": {
		"animation.lugia.air_fly": {
			"loop": true,
			"animation_length": 1.5,
			"bones": {
				"neck": {
					"rotation": [22.5, 0, 0],
					"position": [0, 0, 2]
				},
				"head": {
					"rotation": [47.5, 0, 0],
					"position": [0, -2, 0]
				},
				"body": {
					"rotation": [50, 0, 0],
					"position": {
						"0.0": [0, 5, 0],
						"0.75": [0, 8, 0],
						"1.5": [0, 5, 0]
					}
				},
				"l_wing": {
					"rotation": {
						"0.0": [34.13554, 16.76559, 11.06517],
						"0.25": [32.89875, 8.42145, 5.41207],
						"0.5": [33.40659, -12.60837, -8.19252],
						"0.75": [34.58859, -18.82943, -12.54707],
						"1.0": [33.40659, -12.60837, -8.19252],
						"1.25": [32.89875, 8.42145, 5.41207],
						"1.5": [34.13554, 16.76559, 11.06517]
					}
				},
				"r_wing": {
					"rotation": {
						"0.0": [33.7424, -14.6914, -9.61518],
						"0.25": [32.72348, -6.3202, -4.04618],
						"0.5": [33.40659, 12.60837, 8.19252],
						"0.75": [34.58859, 18.82943, 12.54707],
						"1.0": [33.40659, 12.60837, 8.19252],
						"1.25": [32.72348, -6.3202, -4.04618],
						"1.5": [33.7424, -14.6914, -9.61518]
					}
				},
				"foot_right": {
					"rotation": [35, 0, 0]
				},
				"tail": {
					"rotation": [-40, 0, 0]
				},
				"tail1": {
					"rotation": {
						"0.0": [-2.5, 0, 0],
						"0.75": [5, 0, 0],
						"1.5": [-2.5, 0, 0]
					}
				},
				"tail2": {
					"rotation": {
						"0.0": [-5, 0, 0],
						"0.75": [2.5, 0, 0],
						"1.5": [-5, 0, 0]
					}
				},
				"tail3": {
					"rotation": {
						"0.0": [-2.5, 0, 0],
						"0.75": [2.5, 0, 0],
						"1.5": [-2.5, 0, 0]
					}
				},
				"tail4": {
					"rotation": {
						"0.0": [-2.5, 0, 0],
						"0.75": [2.5, 0, 0],
						"1.5": [-2.5, 0, 0]
					}
				},
				"l_wing1": {
					"rotation": {
						"0.0": [0, 25, 0],
						"0.25": [0, 12.5, 0],
						"0.5": [0, -7.5, 0],
						"1.0": [0, -7.5, 0],
						"1.25": [0, 12.5, 0],
						"1.5": [0, 25, 0]
					}
				},
				"l_wing2": {
					"rotation": {
						"0.0": [0, 15, 0],
						"0.25": [0, 7.5, 0],
						"0.5": [0, -7.5, 0],
						"1.0": [0, -7.5, 0],
						"1.25": [0, 7.5, 0],
						"1.5": [0, 15, 0]
					}
				},
				"bone": {
					"rotation": {
						"0.0": [0, -25, 0],
						"0.25": [0, -12.5, 0],
						"0.5": [0, 7.5, 0],
						"1.0": [0, 7.5, 0],
						"1.25": [0, -12.5, 0],
						"1.5": [0, -25, 0]
					}
				},
				"bone2": {
					"rotation": {
						"0.0": [0, -15, 0],
						"0.25": [0, -7.5, 0],
						"0.5": [0, 7.5, 0],
						"1.0": [0, 7.5, 0],
						"1.25": [0, -7.5, 0],
						"1.5": [0, -15, 0]
					}
				},
				"left_foot": {
					"rotation": [35, 0, 0]
				}
			}
		},
		"animation.lugia.ground_walk": {
			"loop": true,
			"animation_length": 1.5,
			"bones": {
				"neck": {
					"rotation": [22.5, 0, 0],
					"position": [0, 0, 2]
				},
				"head": {
					"rotation": [47.5, 0, 0],
					"position": [0, -2, 0]
				},
				"body": {
					"rotation": [50, 0, 0],
					"position": {
						"0.0": [0, 5, 0],
						"0.75": [0, 8, 0],
						"1.5": [0, 5, 0]
					}
				},
				"l_wing": {
					"rotation": {
						"0.0": [34.13554, 16.76559, 11.06517],
						"0.25": [32.89875, 8.42145, 5.41207],
						"0.5": [33.40659, -12.60837, -8.19252],
						"0.75": [34.58859, -18.82943, -12.54707],
						"1.0": [33.40659, -12.60837, -8.19252],
						"1.25": [32.89875, 8.42145, 5.41207],
						"1.5": [34.13554, 16.76559, 11.06517]
					}
				},
				"r_wing": {
					"rotation": {
						"0.0": [33.7424, -14.6914, -9.61518],
						"0.25": [32.72348, -6.3202, -4.04618],
						"0.5": [33.40659, 12.60837, 8.19252],
						"0.75": [34.58859, 18.82943, 12.54707],
						"1.0": [33.40659, 12.60837, 8.19252],
						"1.25": [32.72348, -6.3202, -4.04618],
						"1.5": [33.7424, -14.6914, -9.61518]
					}
				},
				"foot_right": {
					"rotation": [35, 0, 0]
				},
				"tail": {
					"rotation": [-40, 0, 0]
				},
				"tail1": {
					"rotation": {
						"0.0": [-2.5, 0, 0],
						"0.75": [5, 0, 0],
						"1.5": [-2.5, 0, 0]
					}
				},
				"tail2": {
					"rotation": {
						"0.0": [-5, 0, 0],
						"0.75": [2.5, 0, 0],
						"1.5": [-5, 0, 0]
					}
				},
				"tail3": {
					"rotation": {
						"0.0": [-2.5, 0, 0],
						"0.75": [2.5, 0, 0],
						"1.5": [-2.5, 0, 0]
					}
				},
				"tail4": {
					"rotation": {
						"0.0": [-2.5, 0, 0],
						"0.75": [2.5, 0, 0],
						"1.5": [-2.5, 0, 0]
					}
				},
				"l_wing1": {
					"rotation": {
						"0.0": [0, 25, 0],
						"0.25": [0, 12.5, 0],
						"0.5": [0, -7.5, 0],
						"1.0": [0, -7.5, 0],
						"1.25": [0, 12.5, 0],
						"1.5": [0, 25, 0]
					}
				},
				"l_wing2": {
					"rotation": {
						"0.0": [0, 15, 0],
						"0.25": [0, 7.5, 0],
						"0.5": [0, -7.5, 0],
						"1.0": [0, -7.5, 0],
						"1.25": [0, 7.5, 0],
						"1.5": [0, 15, 0]
					}
				},
				"bone": {
					"rotation": {
						"0.0": [0, -25, 0],
						"0.25": [0, -12.5, 0],
						"0.5": [0, 7.5, 0],
						"1.0": [0, 7.5, 0],
						"1.25": [0, -12.5, 0],
						"1.5": [0, -25, 0]
					}
				},
				"bone2": {
					"rotation": {
						"0.0": [0, -15, 0],
						"0.25": [0, -7.5, 0],
						"0.5": [0, 7.5, 0],
						"1.0": [0, 7.5, 0],
						"1.25": [0, -7.5, 0],
						"1.5": [0, -15, 0]
					}
				},
				"left_foot": {
					"rotation": [35, 0, 0]
				}
			}
		},
		"animation.lugia.water_swim": {
			"loop": true,
			"animation_length": 1.5,
			"bones": {
				"neck": {
					"rotation": [22.5, 0, 0],
					"position": [0, 0, 2]
				},
				"head": {
					"rotation": [47.5, 0, 0],
					"position": [0, -2, 0]
				},
				"body": {
					"rotation": [50, 0, 0],
					"position": {
						"0.0": [0, 5, 0],
						"0.75": [0, 8, 0],
						"1.5": [0, 5, 0]
					}
				},
				"l_wing": {
					"rotation": {
						"0.0": [34.13554, 16.76559, 11.06517],
						"0.25": [32.89875, 8.42145, 5.41207],
						"0.5": [33.40659, -12.60837, -8.19252],
						"0.75": [34.58859, -18.82943, -12.54707],
						"1.0": [33.40659, -12.60837, -8.19252],
						"1.25": [32.89875, 8.42145, 5.41207],
						"1.5": [34.13554, 16.76559, 11.06517]
					}
				},
				"r_wing": {
					"rotation": {
						"0.0": [33.7424, -14.6914, -9.61518],
						"0.25": [32.72348, -6.3202, -4.04618],
						"0.5": [33.40659, 12.60837, 8.19252],
						"0.75": [34.58859, 18.82943, 12.54707],
						"1.0": [33.40659, 12.60837, 8.19252],
						"1.25": [32.72348, -6.3202, -4.04618],
						"1.5": [33.7424, -14.6914, -9.61518]
					}
				},
				"foot_right": {
					"rotation": [35, 0, 0]
				},
				"tail": {
					"rotation": [-40, 0, 0]
				},
				"tail1": {
					"rotation": {
						"0.0": [-2.5, 0, 0],
						"0.75": [5, 0, 0],
						"1.5": [-2.5, 0, 0]
					}
				},
				"tail2": {
					"rotation": {
						"0.0": [-5, 0, 0],
						"0.75": [2.5, 0, 0],
						"1.5": [-5, 0, 0]
					}
				},
				"tail3": {
					"rotation": {
						"0.0": [-2.5, 0, 0],
						"0.75": [2.5, 0, 0],
						"1.5": [-2.5, 0, 0]
					}
				},
				"tail4": {
					"rotation": {
						"0.0": [-2.5, 0, 0],
						"0.75": [2.5, 0, 0],
						"1.5": [-2.5, 0, 0]
					}
				},
				"l_wing1": {
					"rotation": {
						"0.0": [0, 25, 0],
						"0.25": [0, 12.5, 0],
						"0.5": [0, -7.5, 0],
						"1.0": [0, -7.5, 0],
						"1.25": [0, 12.5, 0],
						"1.5": [0, 25, 0]
					}
				},
				"l_wing2": {
					"rotation": {
						"0.0": [0, 15, 0],
						"0.25": [0, 7.5, 0],
						"0.5": [0, -7.5, 0],
						"1.0": [0, -7.5, 0],
						"1.25": [0, 7.5, 0],
						"1.5": [0, 15, 0]
					}
				},
				"bone": {
					"rotation": {
						"0.0": [0, -25, 0],
						"0.25": [0, -12.5, 0],
						"0.5": [0, 7.5, 0],
						"1.0": [0, 7.5, 0],
						"1.25": [0, -12.5, 0],
						"1.5": [0, -25, 0]
					}
				},
				"bone2": {
					"rotation": {
						"0.0": [0, -15, 0],
						"0.25": [0, -7.5, 0],
						"0.5": [0, 7.5, 0],
						"1.0": [0, 7.5, 0],
						"1.25": [0, -7.5, 0],
						"1.5": [0, -15, 0]
					}
				},
				"left_foot": {
					"rotation": [35, 0, 0]
				}
			}
		},
		"animation.lugia.air_idle": {
			"loop": true,
			"animation_length": 1.5,
			"bones": {
				"neck": {
					"rotation": [22.5, 0, 0],
					"position": [0, 0, 2]
				},
				"head": {
					"rotation": [7.5, 0, 0],
					"position": [0, -2, 0]
				},
				"body": {
					"rotation": [25, 0, 0],
					"position": {
						"0.0": [0, 5, 0],
						"0.75": [0, 8, 0],
						"1.5": [0, 5, 0]
					}
				},
				"l_wing": {
					"rotation": {
						"0.0": [59.13554, 16.76559, 11.06517],
						"0.25": [57.89875, 8.42145, 5.41207],
						"0.5": [58.40659, -12.60837, -8.19252],
						"0.75": [59.58859, -18.82943, -12.54707],
						"1.0": [58.40659, -12.60837, -8.19252],
						"1.25": [57.89875, 8.42145, 5.41207],
						"1.5": [59.13554, 16.76559, 11.06517]
					}
				},
				"r_wing": {
					"rotation": {
						"0.0": [58.7424, -14.6914, -9.61518],
						"0.25": [57.72348, -6.3202, -4.04618],
						"0.5": [58.40659, 12.60837, 8.19252],
						"0.75": [59.58859, 18.82943, 12.54707],
						"1.0": [58.40659, 12.60837, 8.19252],
						"1.25": [57.72348, -6.3202, -4.04618],
						"1.5": [58.7424, -14.6914, -9.61518]
					}
				},
				"foot_right": {
					"rotation": [35, 0, 0]
				},
				"tail": {
					"rotation": [-40, 0, 0]
				},
				"tail1": {
					"rotation": {
						"0.0": [-2.5, 0, 0],
						"0.75": [5, 0, 0],
						"1.5": [-2.5, 0, 0]
					}
				},
				"tail2": {
					"rotation": {
						"0.0": [-5, 0, 0],
						"0.75": [2.5, 0, 0],
						"1.5": [-5, 0, 0]
					}
				},
				"tail3": {
					"rotation": {
						"0.0": [-2.5, 0, 0],
						"0.75": [2.5, 0, 0],
						"1.5": [-2.5, 0, 0]
					}
				},
				"tail4": {
					"rotation": {
						"0.0": [-2.5, 0, 0],
						"0.75": [2.5, 0, 0],
						"1.5": [-2.5, 0, 0]
					}
				},
				"l_wing1": {
					"rotation": {
						"0.0": [0, 25, 0],
						"0.25": [0, 12.5, 0],
						"0.5": [0, -7.5, 0],
						"1.0": [0, -7.5, 0],
						"1.25": [0, 12.5, 0],
						"1.5": [0, 25, 0]
					}
				},
				"l_wing2": {
					"rotation": {
						"0.0": [0, 15, 0],
						"0.25": [0, 7.5, 0],
						"0.5": [0, -7.5, 0],
						"1.0": [0, -7.5, 0],
						"1.25": [0, 7.5, 0],
						"1.5": [0, 15, 0]
					}
				},
				"bone": {
					"rotation": {
						"0.0": [0, -25, 0],
						"0.25": [0, -12.5, 0],
						"0.5": [0, 7.5, 0],
						"1.0": [0, 7.5, 0],
						"1.25": [0, -12.5, 0],
						"1.5": [0, -25, 0]
					}
				},
				"bone2": {
					"rotation": {
						"0.0": [0, -15, 0],
						"0.25": [0, -7.5, 0],
						"0.5": [0, 7.5, 0],
						"1.0": [0, 7.5, 0],
						"1.25": [0, -7.5, 0],
						"1.5": [0, -15, 0]
					}
				},
				"left_foot": {
					"rotation": [35, 0, 0]
				}
			}
		},
		"animation.lugia.water_idle": {
			"loop": true,
			"animation_length": 1.5,
			"bones": {
				"neck": {
					"rotation": [22.5, 0, 0],
					"position": [0, 0, 2]
				},
				"head": {
					"rotation": [7.5, 0, 0],
					"position": [0, -2, 0]
				},
				"body": {
					"rotation": [25, 0, 0],
					"position": {
						"0.0": [0, 5, 0],
						"0.75": [0, 8, 0],
						"1.5": [0, 5, 0]
					}
				},
				"l_wing": {
					"rotation": {
						"0.0": [59.13554, 16.76559, 11.06517],
						"0.25": [57.89875, 8.42145, 5.41207],
						"0.5": [58.40659, -12.60837, -8.19252],
						"0.75": [59.58859, -18.82943, -12.54707],
						"1.0": [58.40659, -12.60837, -8.19252],
						"1.25": [57.89875, 8.42145, 5.41207],
						"1.5": [59.13554, 16.76559, 11.06517]
					}
				},
				"r_wing": {
					"rotation": {
						"0.0": [58.7424, -14.6914, -9.61518],
						"0.25": [57.72348, -6.3202, -4.04618],
						"0.5": [58.40659, 12.60837, 8.19252],
						"0.75": [59.58859, 18.82943, 12.54707],
						"1.0": [58.40659, 12.60837, 8.19252],
						"1.25": [57.72348, -6.3202, -4.04618],
						"1.5": [58.7424, -14.6914, -9.61518]
					}
				},
				"foot_right": {
					"rotation": [35, 0, 0]
				},
				"tail": {
					"rotation": [-40, 0, 0]
				},
				"tail1": {
					"rotation": {
						"0.0": [-2.5, 0, 0],
						"0.75": [5, 0, 0],
						"1.5": [-2.5, 0, 0]
					}
				},
				"tail2": {
					"rotation": {
						"0.0": [-5, 0, 0],
						"0.75": [2.5, 0, 0],
						"1.5": [-5, 0, 0]
					}
				},
				"tail3": {
					"rotation": {
						"0.0": [-2.5, 0, 0],
						"0.75": [2.5, 0, 0],
						"1.5": [-2.5, 0, 0]
					}
				},
				"tail4": {
					"rotation": {
						"0.0": [-2.5, 0, 0],
						"0.75": [2.5, 0, 0],
						"1.5": [-2.5, 0, 0]
					}
				},
				"l_wing1": {
					"rotation": {
						"0.0": [0, 25, 0],
						"0.25": [0, 12.5, 0],
						"0.5": [0, -7.5, 0],
						"1.0": [0, -7.5, 0],
						"1.25": [0, 12.5, 0],
						"1.5": [0, 25, 0]
					}
				},
				"l_wing2": {
					"rotation": {
						"0.0": [0, 15, 0],
						"0.25": [0, 7.5, 0],
						"0.5": [0, -7.5, 0],
						"1.0": [0, -7.5, 0],
						"1.25": [0, 7.5, 0],
						"1.5": [0, 15, 0]
					}
				},
				"bone": {
					"rotation": {
						"0.0": [0, -25, 0],
						"0.25": [0, -12.5, 0],
						"0.5": [0, 7.5, 0],
						"1.0": [0, 7.5, 0],
						"1.25": [0, -12.5, 0],
						"1.5": [0, -25, 0]
					}
				},
				"bone2": {
					"rotation": {
						"0.0": [0, -15, 0],
						"0.25": [0, -7.5, 0],
						"0.5": [0, 7.5, 0],
						"1.0": [0, 7.5, 0],
						"1.25": [0, -7.5, 0],
						"1.5": [0, -15, 0]
					}
				},
				"left_foot": {
					"rotation": [35, 0, 0]
				}
			}
		},
		"animation.lugia.ground_idle": {
			"loop": true,
			"animation_length": 2,
			"bones": {
				"neck": {
					"rotation": {
						"0.0": [-17.5, 0, 0],
						"2.0": [-17.5, 0, 0]
					},
					"position": {
						"0.0": [0, 0, 1],
						"2.0": [0, 0, 1]
					}
				},
				"head": {
					"rotation": {
						"0.0": [-12.5, 0, 0],
						"2.0": [-12.5, 0, 0]
					}
				},
				"body": {
					"rotation": {
						"0.0": [27.5, 0, 0],
						"1.0": [30, 0, 0],
						"2.0": [27.5, 0, 0]
					},
					"position": {
						"0.0": [0, -2.25, 0],
						"2.0": [0, -2.25, 0]
					}
				},
				"l_wing": {
					"rotation": {
						"0.0": [93.68522, 4.13798, 66.88059],
						"2.0": [93.68522, 4.13798, 66.88059]
					},
					"position": {
						"0.0": [0, 9, 0],
						"2.0": [0, 9, 0]
					}
				},
				"leg_right": {
					"rotation": {
						"0.0": [-47.5, 0, 0],
						"1.0": [-50, 0, 0],
						"2.0": [-47.5, 0, 0]
					}
				},
				"r_wing": {
					"rotation": {
						"0.0": [94.62111, -1.91134, -67.57713],
						"2.0": [94.62111, -1.91134, -67.57713]
					},
					"position": {
						"0.0": [0, 9, 0],
						"2.0": [0, 9, 0]
					}
				},
				"leg_left": {
					"rotation": {
						"0.0": [-47.5, 0, 0],
						"1.0": [-50, 0, 0],
						"2.0": [-47.5, 0, 0]
					},
					"position": {
						"0.0": [0, 0, 1],
						"2.0": [0, 0, 1]
					}
				},
				"foot_right": {
					"rotation": {
						"0.0": [-20, 0, 0],
						"2.0": [-20, 0, 0]
					},
					"position": {
						"0.0": [0, 0, 0],
						"1.0": [0, 0.5, -1],
						"2.0": [0, 0, 0]
					}
				},
				"tail": {
					"rotation": {
						"0.0": [-42.5, 0, 0],
						"2.0": [-42.5, 0, 0]
					}
				},
				"l_wing1": {
					"rotation": {
						"0.0": [0, 0, 87.5],
						"2.0": [0, 0, 87.5]
					},
					"position": {
						"0.0": [0, 9, 0],
						"2.0": [0, 9, 0]
					}
				},
				"bone": {
					"rotation": {
						"0.0": [0, 0, -90],
						"2.0": [0, 0, -90]
					},
					"position": {
						"0.0": [0, 9, 0],
						"2.0": [0, 9, 0]
					}
				},
				"left_foot": {
					"rotation": {
						"0.0": [-20, 0, 0],
						"2.0": [-20, 0, 0]
					},
					"position": {
						"0.0": [0, 0, 0],
						"1.0": [0, 0.5, -1],
						"2.0": [0, 0, 0]
					}
				},
				"leg_right_lower2": {
					"rotation": {
						"0.0": [40, 0, 0],
						"2.0": [40, 0, 0]
					},
					"position": {
						"0.0": [-0.1, 3, -1.75],
						"2.0": [-0.1, 3, -1.75]
					}
				},
				"leg_right_lower": {
					"rotation": {
						"0.0": [40, 0, 0],
						"2.0": [40, 0, 0]
					},
					"position": {
						"0.0": [0.1, 3, -1.75],
						"2.0": [0.1, 3, -1.75]
					}
				}
			}
		},
		"animation.lugia.faint": {
			"loop": true,
			"animation_length": 2,
			"bones": {
				"neck": {
					"rotation": {
						"0.0": [-17.5, 0, 0],
						"2.0": [-17.5, 0, 0]
					},
					"position": {
						"0.0": [0, 0, 1],
						"2.0": [0, 0, 1]
					}
				},
				"head": {
					"rotation": {
						"0.0": [-12.5, 0, 0],
						"2.0": [-12.5, 0, 0]
					}
				},
				"body": {
					"rotation": {
						"0.0": [27.5, 0, 0],
						"1.0": [30, 0, 0],
						"2.0": [27.5, 0, 0]
					},
					"position": {
						"0.0": [0, -2.25, 0],
						"2.0": [0, -2.25, 0]
					}
				},
				"l_wing": {
					"rotation": {
						"0.0": [93.68522, 4.13798, 66.88059],
						"2.0": [93.68522, 4.13798, 66.88059]
					},
					"position": {
						"0.0": [0, 9, 0],
						"2.0": [0, 9, 0]
					}
				},
				"leg_right": {
					"rotation": {
						"0.0": [-47.5, 0, 0],
						"1.0": [-50, 0, 0],
						"2.0": [-47.5, 0, 0]
					}
				},
				"r_wing": {
					"rotation": {
						"0.0": [94.62111, -1.91134, -67.57713],
						"2.0": [94.62111, -1.91134, -67.57713]
					},
					"position": {
						"0.0": [0, 9, 0],
						"2.0": [0, 9, 0]
					}
				},
				"leg_left": {
					"rotation": {
						"0.0": [-47.5, 0, 0],
						"1.0": [-50, 0, 0],
						"2.0": [-47.5, 0, 0]
					},
					"position": {
						"0.0": [0, 0, 1],
						"2.0": [0, 0, 1]
					}
				},
				"foot_right": {
					"rotation": {
						"0.0": [-20, 0, 0],
						"2.0": [-20, 0, 0]
					},
					"position": {
						"0.0": [0, 0, 0],
						"1.0": [0, 0.5, -1],
						"2.0": [0, 0, 0]
					}
				},
				"tail": {
					"rotation": {
						"0.0": [-42.5, 0, 0],
						"2.0": [-42.5, 0, 0]
					}
				},
				"l_wing1": {
					"rotation": {
						"0.0": [0, 0, 87.5],
						"2.0": [0, 0, 87.5]
					},
					"position": {
						"0.0": [0, 9, 0],
						"2.0": [0, 9, 0]
					}
				},
				"bone": {
					"rotation": {
						"0.0": [0, 0, -90],
						"2.0": [0, 0, -90]
					},
					"position": {
						"0.0": [0, 9, 0],
						"2.0": [0, 9, 0]
					}
				},
				"left_foot": {
					"rotation": {
						"0.0": [-20, 0, 0],
						"2.0": [-20, 0, 0]
					},
					"position": {
						"0.0": [0, 0, 0],
						"1.0": [0, 0.5, -1],
						"2.0": [0, 0, 0]
					}
				},
				"leg_right_lower2": {
					"rotation": {
						"0.0": [40, 0, 0],
						"2.0": [40, 0, 0]
					},
					"position": {
						"0.0": [-0.1, 3, -1.75],
						"2.0": [-0.1, 3, -1.75]
					}
				},
				"leg_right_lower": {
					"rotation": {
						"0.0": [40, 0, 0],
						"2.0": [40, 0, 0]
					},
					"position": {
						"0.0": [0.1, 3, -1.75],
						"2.0": [0.1, 3, -1.75]
					}
				}
			}
		}
	}
}