{
	"format_version": "1.12.0",
	"minecraft:geometry": [
		{
			"description": {
				"identifier": "geometry.unknown",
				"texture_width": 64,
				"texture_height": 64,
				"visible_bounds_width": 3,
				"visible_bounds_height": 2.5,
				"visible_bounds_offset": [0, 0.75, 0]
			},
			"bones": [
				{
					"name": "axew",
					"pivot": [0, 0, 0]
				},
				{
					"name": "Body",
					"parent": "axew",
					"pivot": [0, 7.36507, 0.50794],
					"cubes": [
						{"origin": [-3, 2.16831, -1.48545], "size": [6, 4, 6], "inflate": 0.15, "pivot": [0, 4.91831, 1.76455], "rotation": [15, 0, 0], "uv": [20, 6]},
						{"origin": [-2.5, 5, -2.75], "size": [5, 3, 6], "inflate": -0.01, "pivot": [0, 8, -0.5], "rotation": [22.5, 0, 0], "uv": [20, 16]},
						{"origin": [-3, 6.75, -3.1], "size": [6, 2, 7], "inflate": -0.1, "pivot": [0, 8, -0.5], "rotation": [7.5, 0, 0], "uv": [0, 12]},
						{"origin": [-0.25, 5.9503, -2.78532], "size": [2, 2, 1], "pivot": [0, 7.7003, -2.78532], "rotation": [14.43276, -13.99545, 43.21918], "uv": [0, 12]}
					]
				},
				{
					"name": "head",
					"parent": "Body",
					"pivot": [0, 8.51515, -0.36357],
					"rotation": [5, 0, 0],
					"cubes": [
						{"origin": [-3, 8.75, -4], "size": [6, 5, 7], "uv": [0, 0]},
						{"origin": [0, 10.8994, 3.24067], "size": [0, 8, 5], "pivot": [0, 17.1494, 4.99067], "rotation": [-35, 0, 0], "uv": [18, 27]},
						{"origin": [-3, 7.75, -2], "size": [6, 2, 5], "inflate": -0.001, "uv": [20, 25]},
						{"origin": [-2, 8.75, -6], "size": [4, 3, 5], "pivot": [0, 10.25, -4.25], "rotation": [12.5, 0, 0], "uv": [0, 31]},
						{"origin": [0.25, 9.04541, -5.86808], "size": [1, 1, 1], "inflate": 0.001, "pivot": [0.75, 9.54541, -5.11808], "rotation": [7.24677, -10.21235, 54.3516], "uv": [0, 5]},
						{"origin": [-0.1, 9.04541, -5.86808], "size": [1, 1, 1], "inflate": 0.002, "pivot": [0.75, 9.54541, -5.11808], "rotation": [7.24677, -10.21235, 54.3516], "uv": [19, 5]},
						{"origin": [-0.5, 9.25, 0.5], "size": [1, 6, 5], "pivot": [0, 13.75, 2], "rotation": [-42.5, 0, 0], "uv": [28, 32]},
						{"origin": [-0.9, 9.04541, -5.86808], "size": [1, 1, 1], "inflate": 0.002, "pivot": [-0.75, 9.54541, -5.11808], "rotation": [7.24677, 10.21235, -54.3516], "uv": [19, 5], "mirror": true},
						{"origin": [-1.25, 9.04541, -5.86808], "size": [1, 1, 1], "inflate": 0.001, "pivot": [-0.75, 9.54541, -5.11808], "rotation": [7.24677, 10.21235, -54.3516], "uv": [0, 5], "mirror": true},
						{"origin": [0.5, 8.76515, -4.61357], "size": [5, 0, 3], "pivot": [2.75, 8.76515, -3.86357], "rotation": [7.5, 0, 0], "uv": [49, 1]},
						{"origin": [5.25, 8.766, -4.11357], "size": [1, 0, 2], "pivot": [2.75, 8.76515, -3.86357], "rotation": [7.5, 0, 0], "uv": [50, 5]},
						{"origin": [-6.25, 8.766, -4.11357], "size": [1, 0, 2], "pivot": [-2.75, 8.76515, -3.86357], "rotation": [7.5, 0, 0], "uv": [50, 5], "mirror": true},
						{"origin": [-5.5, 8.76515, -4.61357], "size": [5, 0, 3], "pivot": [-2.75, 8.76515, -3.86357], "rotation": [7.5, 0, 0], "uv": [49, 1], "mirror": true}
					]
				},
				{
					"name": "Jaw",
					"parent": "head",
					"pivot": [0, 8.25, -1.75],
					"cubes": [
						{"origin": [-2, 8, -5], "size": [4, 1, 3], "inflate": -0.01, "uv": [36, 16]},
						{"origin": [-3, 7.75, -3.5], "size": [6, 1, 2], "uv": [19, 0]}
					]
				},
				{
					"name": "Eyes",
					"parent": "head",
					"pivot": [0, 8.51515, -0.36357]
				},
				{
					"name": "Left_EyeOpen",
					"parent": "Eyes",
					"pivot": [-0.75, 8.26515, -0.86357],
					"cubes": [
						{"origin": [2, 9.25, -3], "size": [1, 3, 3], "inflate": 0.001, "uv": [12, 39]},
						{"origin": [1.91, 9.25, -0.5], "size": [1, 3, 1], "inflate": 0.1, "uv": [0, 15]},
						{"origin": [2.01, 9.5, -3.75], "size": [1, 2, 1], "uv": [19, 16]},
						{"origin": [2.115, 9.35, -3.1], "size": [1, 3, 2], "inflate": -0.1, "uv": [0, 0]},
						{"origin": [2.02, 9.85, -2.6], "size": [1, 2, 1], "uv": [0, 21]},
						{"origin": [2.03, 11.1, -2.85], "size": [1, 1, 1], "uv": [14, 21]}
					]
				},
				{
					"name": "Right_EyeOpen",
					"parent": "Eyes",
					"pivot": [0.75, 8.26515, -0.86357],
					"cubes": [
						{"origin": [-3.115, 9.35, -3.1], "size": [1, 3, 2], "inflate": -0.1, "uv": [0, 0], "mirror": true},
						{"origin": [-3.02, 9.85, -2.6], "size": [1, 2, 1], "uv": [0, 21], "mirror": true},
						{"origin": [-3.03, 11.1, -2.85], "size": [1, 1, 1], "uv": [14, 21], "mirror": true},
						{"origin": [-3.01, 9.5, -3.75], "size": [1, 2, 1], "uv": [19, 16], "mirror": true},
						{"origin": [-2.91, 9.25, -0.5], "size": [1, 3, 1], "inflate": 0.1, "uv": [0, 15], "mirror": true},
						{"origin": [-3, 9.25, -3], "size": [1, 3, 3], "inflate": 0.001, "uv": [12, 39], "mirror": true}
					]
				},
				{
					"name": "Left_EyesSleep",
					"parent": "Eyes",
					"pivot": [-1, 8.51515, -0.36357],
					"cubes": [
						{"origin": [1.05, 9.25, -3], "size": [1, 3, 3], "inflate": 0.001, "uv": [20, 40]}
					]
				},
				{
					"name": "Right_EyesSleep",
					"parent": "Eyes",
					"pivot": [1, 8.51515, -0.36357],
					"cubes": [
						{"origin": [-2.05, 9.25, -3], "size": [1, 3, 3], "inflate": 0.001, "uv": [20, 40], "mirror": true}
					]
				},
				{
					"name": "Tail_1",
					"parent": "Body",
					"pivot": [0, 3.5, 2],
					"cubes": [
						{"origin": [-2, 1.5, 0], "size": [4, 4, 6], "inflate": -0.01, "uv": [0, 21]}
					]
				},
				{
					"name": "Tail_2",
					"parent": "Tail_1",
					"pivot": [0, 3.5, 5.5],
					"cubes": [
						{"origin": [-1, 2, 3], "size": [2, 3, 5], "inflate": -0.01, "uv": [37, 20]}
					]
				},
				{
					"name": "Tail_3",
					"parent": "Tail_2",
					"pivot": [0, 3.5, 7.5],
					"cubes": [
						{"origin": [-0.5, 2.5, 4.75], "size": [1, 2, 5], "inflate": -0.01, "uv": [37, 28]}
					]
				},
				{
					"name": "Left_Arm",
					"parent": "Body",
					"pivot": [2.5, 6.25, -0.5],
					"cubes": [
						{"origin": [2, 5.25, -1.5], "size": [3, 2, 2], "inflate": -0.01, "uv": [38, 7]}
					]
				},
				{
					"name": "Left_Thumb",
					"parent": "Left_Arm",
					"pivot": [4.5, 6.25, -1.25],
					"cubes": [
						{"origin": [4, 5.75, -1.25], "size": [2, 1, 0], "uv": [3, 5]}
					]
				},
				{
					"name": "Left_MiddleFinger",
					"parent": "Left_Arm",
					"pivot": [4.75, 6.75, -0.75],
					"cubes": [
						{"origin": [4, 6.25, -0.75], "size": [2, 1, 0], "uv": [17, 21]}
					]
				},
				{
					"name": "Left_Pinky",
					"parent": "Left_Arm",
					"pivot": [4.75, 6.75, 0.25],
					"cubes": [
						{"origin": [4, 6.25, 0.25], "size": [2, 1, 0], "uv": [3, 15]}
					]
				},
				{
					"name": "Right_Arm",
					"parent": "Body",
					"pivot": [-2.5, 6.25, -0.5],
					"cubes": [
						{"origin": [-5, 5.25, -1.5], "size": [3, 2, 2], "inflate": -0.01, "uv": [38, 7], "mirror": true}
					]
				},
				{
					"name": "Right_Thumb",
					"parent": "Right_Arm",
					"pivot": [-4.5, 6.25, -1.25],
					"cubes": [
						{"origin": [-6, 5.75, -1.25], "size": [2, 1, 0], "uv": [3, 5], "mirror": true}
					]
				},
				{
					"name": "Right_MiddleFinger",
					"parent": "Right_Arm",
					"pivot": [-4.5, 6.75, -0.75],
					"cubes": [
						{"origin": [-6, 6.25, -0.75], "size": [2, 1, 0], "uv": [17, 21], "mirror": true}
					]
				},
				{
					"name": "Right_Pinky",
					"parent": "Right_Arm",
					"pivot": [-4.75, 6.75, 0.25],
					"cubes": [
						{"origin": [-6, 6.25, 0.25], "size": [2, 1, 0], "uv": [3, 15], "mirror": true}
					]
				},
				{
					"name": "Left_Leg",
					"parent": "axew",
					"pivot": [3.5, 3.32634, 0.58696],
					"cubes": [
						{"origin": [2.5, 1.51495, -1.31486], "size": [2, 3, 4], "pivot": [0, 3.26495, 0.93514], "rotation": [35, 0, 0], "uv": [0, 39]}
					]
				},
				{
					"name": "Left_Foot",
					"parent": "Left_Leg",
					"pivot": [3.5, 0.51495, -0.06486],
					"cubes": [
						{"origin": [2.5, 0.01495, -1.06486], "size": [2, 1, 2], "inflate": -0.001, "uv": [14, 23]}
					]
				},
				{
					"name": "Right_Leg",
					"parent": "axew",
					"pivot": [-3.5, 3.32634, 0.58696],
					"cubes": [
						{"origin": [-4.5, 1.51495, -1.31486], "size": [2, 3, 4], "pivot": [0, 3.26495, 0.93514], "rotation": [35, 0, 0], "uv": [38, 0]}
					]
				},
				{
					"name": "Right_Foot",
					"parent": "Right_Leg",
					"pivot": [-3.5, 0.51495, -0.06486],
					"cubes": [
						{"origin": [-4.5, 0.01495, -1.06486], "size": [2, 1, 2], "inflate": -0.001, "uv": [14, 23], "mirror": true}
					]
				}
			]
		}
	]
}