{
	"format_version": "1.12.0",
	"minecraft:geometry": [
		{
			"description": {
				"identifier": "geometry.unknown",
				"texture_width": 128,
				"texture_height": 128,
				"visible_bounds_width": 4,
				"visible_bounds_height": 2.5,
				"visible_bounds_offset": [0, 0.75, 0]
			},
			"bones": [
				{
					"name": "bone2",
					"pivot": [0, 0, 0]
				},
				{
					"name": "flastsurface",
					"parent": "bone2",
					"pivot": [-19.6, 0, -2.6],
					"cubes": [
						{"origin": [-14.525, 0.025, -8.025], "size": [27, 0, 17], "uv": [0, 0]},
						{"origin": [2.5, 0, -6.975], "size": [4, 1, 2], "uv": [23, 29]},
						{"origin": [-7.5, 0, -5.05], "size": [15, 1, 11], "inflate": -0.025, "uv": [0, 17]},
						{"origin": [-6.5, 0, 5.925], "size": [4, 1, 1], "uv": [1, 15]},
						{"origin": [4.5, 0, 5.95], "size": [2, 1, 2], "uv": [0, 23]}
					]
				},
				{
					"name": "arm_left_move",
					"parent": "flastsurface",
					"pivot": [-6.8, -0.1, 3.525]
				},
				{
					"name": "arm_left",
					"parent": "arm_left_move",
					"pivot": [-6.8, -0.1, 3.525],
					"cubes": [
						{"origin": [-16.5, 0.025, -4.025], "size": [5, 0, 9], "uv": [42, 17]},
						{"origin": [-13.825, 0, -3], "size": [7, 1, 7], "uv": [49, 36]}
					]
				},
				{
					"name": "hand_right",
					"parent": "arm_left",
					"pivot": [-8.8, 0.2, 0.375],
					"rotation": [0, 0, -15],
					"cubes": [
						{"origin": [-12.16865, 0.50464, -1.61145], "size": [4, 5, 4], "uv": [28, 55], "mirror": true}
					]
				},
				{
					"name": "arm_right_move",
					"parent": "flastsurface",
					"pivot": [6.8, -0.1, 3.525]
				},
				{
					"name": "arm_right",
					"parent": "arm_right_move",
					"pivot": [6.8, -0.1, 3.525],
					"cubes": [
						{"origin": [11.475, 0.025, -4.025], "size": [5, 0, 9], "uv": [32, 17]},
						{"origin": [6.825, 0, -3], "size": [7, 1, 7], "inflate": 0, "uv": [0, 54]}
					]
				},
				{
					"name": "hand_left",
					"parent": "arm_right",
					"pivot": [8.8, -0.725, 0.325],
					"rotation": [0, 0, 15],
					"cubes": [
						{"origin": [7.88139, 0.13607, -1.6], "size": [4, 5, 4], "uv": [28, 55]}
					]
				},
				{
					"name": "body",
					"parent": "bone2",
					"pivot": [4.875, 5, -0.48547]
				},
				{
					"name": "body_bot",
					"parent": "body",
					"pivot": [-0.625, 0, -1.03547],
					"cubes": [
						{"origin": [-8.2, -0.6, -3.03547], "size": [5, 7, 7], "inflate": -0.025, "pivot": [-4.625, -0.65, -0.03547], "rotation": [0, 0, 12.5], "uv": [30, 29], "mirror": true},
						{"origin": [3.25, -0.6, -3.03547], "size": [5, 7, 7], "inflate": -0.025, "pivot": [4.675, -0.65, -0.03547], "rotation": [0, 0, -12.5], "uv": [0, 40]}
					]
				},
				{
					"name": "mouth",
					"parent": "body_bot",
					"pivot": [-0.3, -1, -1.03547],
					"cubes": [
						{"origin": [-3.625, -1, -3.03547], "size": [7, 3, 7], "inflate": -0.05, "uv": [49, 26]}
					]
				},
				{
					"name": "top",
					"parent": "body_bot",
					"pivot": [4.875, 5, -0.48547],
					"cubes": [
						{"origin": [-7.56457, 5.45604, -3.03547], "size": [5, 4, 7], "pivot": [-5.13957, 4.98104, -0.51047], "rotation": [0, 0, 41.5], "uv": [45, 48]},
						{"origin": [3.12336, 5.00986, -3.03547], "size": [5, 4, 7], "pivot": [4.87336, 4.08486, -0.51047], "rotation": [0, 0, -41.5], "uv": [26, 43]}
					]
				},
				{
					"name": "bone",
					"parent": "top",
					"pivot": [5.05, 5, 1.58953]
				},
				{
					"name": "face",
					"parent": "bone",
					"pivot": [4.55, 4.1, 4.66453],
					"cubes": [
						{"origin": [-3.99057, 5.93947, -3.0365], "size": [8, 4, 7], "uv": [0, 29]},
						{"origin": [0.58443, 7.26447, -3.13547], "size": [1, 1, 1], "uv": [0, 0]},
						{"origin": [-1.49057, 5.93947, -3.08647], "size": [3, 1, 0], "uv": [10, 10]},
						{"origin": [-1.56557, 7.26447, -3.13547], "size": [1, 1, 1], "uv": [0, 2]},
						{"origin": [-1.49057, 8.11447, -3.08547], "size": [3, 1, 0], "uv": [10, 9]},
						{"origin": [-2.49057, 6.51447, -3.08547], "size": [5, 2, 0], "uv": [0, 17]}
					]
				},
				{
					"name": "shovel",
					"parent": "top",
					"pivot": [-0.025, 10.13333, 0.19786],
					"rotation": [75, 22.5, 0],
					"cubes": [
						{"origin": [-1.54472, 9.69968, -0.33116], "size": [3, 1, 4], "uv": [0, 9]},
						{"origin": [-0.54472, 9.69968, 3.06884], "size": [1, 1, 1], "inflate": 0.15, "uv": [0, 9]},
						{"origin": [-0.54472, 9.69968, 4.09384], "size": [1, 1, 3], "inflate": -0.125, "uv": [0, 19]}
					]
				}
			]
		}
	]
}