{
  "name": "bca:centers",  
  "fallback": "minecraft:empty",
    "elements": [
      {
        "weight": 9,
        "element": {
          "element_type": "single_pool_element",
          "location": "bca:centers/center_battlepad",
          "projection": "rigid",
          "processors": "minecraft:empty"
        }
      },
      {
        "weight": 5,
        "element": {
          "element_type": "minecraft:single_pool_element",
          "location": "bca:centers/center_department_store",
          "projection": "rigid",
          "processors": "minecraft:empty"
        }
      }
    ]
  }
  