{
	"format_version": "1.12.0",
	"minecraft:geometry": [
		{
			"description": {
				"identifier": "geometry.unknown",
				"texture_width": 512,
				"texture_height": 512,
				"visible_bounds_width": 14,
				"visible_bounds_height": 8.5,
				"visible_bounds_offset": [0, 3.75, 0]
			},
			"bones": [
				{
					"name": "kyuremwhite",
					"pivot": [0, 0, 0]
				},
				{
					"name": "body",
					"parent": "kyuremwhite",
					"pivot": [0, 0, 0]
				},
				{
					"name": "body2",
					"parent": "body",
					"pivot": [0, 24.1555, 0.59976],
					"rotation": [-10, 0, 0],
					"cubes": [
						{"origin": [-9.5, 17.27859, 7.31849], "size": [19, 15, 18], "pivot": [11.58772, 39.57389, 9.5015], "rotation": [-57.5, 0, 0], "uv": [52, 34]}
					]
				},
				{
					"name": "body4",
					"parent": "body2",
					"pivot": [-0.01228, 30.31646, -5.301],
					"cubes": [
						{"origin": [-7, 31.27859, 14.31849], "size": [14, 10, 14], "inflate": 0.01, "pivot": [11.58772, 53.57389, 7.5015], "rotation": [-80, 0, 0], "uv": [132, 0]}
					]
				},
				{
					"name": "body5",
					"parent": "body4",
					"pivot": [0, 41.78426, -5.08448],
					"cubes": [
						{"origin": [-9.5, 30.77859, 5.31849], "size": [19, 15, 12], "inflate": 0.01, "pivot": [11.58772, 53.57389, 7.5015], "rotation": [-80, 0, 0], "uv": [126, 34]},
						{"origin": [-9.5, 24.44417, 4.81377], "size": [19, 0, 12], "pivot": [11.58772, 47.32389, 7.2515], "rotation": [-95, 0, 0], "uv": [114, 156]},
						{"origin": [-9.5, 48.8451, -1.31804], "size": [19, 0, 12], "inflate": 0.01, "pivot": [0, 51.01367, 3.21659], "rotation": [-67.5, 0, 0], "uv": [114, 156]}
					]
				},
				{
					"name": "neck",
					"parent": "body5",
					"pivot": [0, 52.09537, -7.84641],
					"cubes": [
						{"origin": [-4.5, 48.49288, -12.81861], "size": [9, 10, 10], "pivot": [0, 53.99288, -7.81861], "rotation": [-80, 0, 0], "uv": [188, 20]}
					]
				},
				{
					"name": "neck2",
					"parent": "neck",
					"pivot": [0, 57.55044, -8.47143],
					"rotation": [-22.5, 0, 0],
					"cubes": [
						{"origin": [-4, 57.36553, -15.74037], "size": [8, 8, 12], "pivot": [0, 62.86553, -10.09139], "rotation": [-57.5, 0, 0], "uv": [42, 183]}
					]
				},
				{
					"name": "neck3",
					"parent": "neck2",
					"pivot": [0, 66.7429, -14.25411],
					"rotation": [-35, 0, 0],
					"cubes": [
						{"origin": [-3.5, 64.24105, -23.16992], "size": [7, 7, 13], "pivot": [0, 67.24105, -15.66992], "rotation": [-22.5, 0, 0], "uv": [188, 0]}
					]
				},
				{
					"name": "head",
					"parent": "neck3",
					"pivot": [0.5, 69.11407, -20.60314],
					"rotation": [67.5, 0, 0],
					"cubes": [
						{"origin": [-4, 65.61407, -22.60314], "size": [8, 8, 6], "inflate": 0.01, "pivot": [-9, 68.61407, -17.85314], "rotation": [7.5, 0, 0], "uv": [198, 202]},
						{"origin": [-3.67463, 69.34085, -27.38094], "size": [8, 4, 7], "inflate": 0.01, "pivot": [0.32537, 71.24085, -23.88094], "rotation": [-6.32122, -44.98297, 4.13002], "uv": [210, 125]},
						{"origin": [-0.70332, 70.84189, -31.41226], "size": [2, 3, 2], "pivot": [-0.04189, 70.82824, -30.75383], "rotation": [-41.04609, -37.35291, 27.44012], "uv": [204, 111]}
					]
				},
				{
					"name": "teeth",
					"parent": "head",
					"pivot": [-2.42338, 64.91642, -29.0172]
				},
				{
					"name": "crests",
					"parent": "head",
					"pivot": [0, 72.24393, -31.0311],
					"rotation": [-25, 0, 0],
					"cubes": [
						{"origin": [-4.17215, 71.80774, -29.90763], "size": [4, 3, 6], "pivot": [0, 72.96116, -29.94671], "rotation": [54.8674, 40.24635, 45.25595], "uv": [226, 20]},
						{"origin": [0.17215, 71.70774, -29.70763], "size": [4, 3, 7], "pivot": [0, 72.96116, -29.94671], "rotation": [57.3674, -40.24635, -45.25595], "uv": [222, 177]}
					]
				},
				{
					"name": "crests2",
					"parent": "crests",
					"pivot": [1.12533, 83.09829, -19.00646],
					"rotation": [2.5, 0, 0]
				},
				{
					"name": "fire_crest",
					"parent": "crests2",
					"pivot": [2.95, 76.20805, -27.29336],
					"rotation": [-10, 0, 0],
					"cubes": [
						{"origin": [1.3942, 75.78072, -27.78183], "size": [5, 4, 5], "pivot": [3.85586, 77.66401, -25.61159], "rotation": [42.11143, 21.55173, 18.61442], "uv": [226, 29]}
					]
				},
				{
					"name": "fire_crest3",
					"parent": "fire_crest",
					"pivot": [4.67039, 78.59474, -25.59545],
					"cubes": [
						{"origin": [-1.70369, 71.05474, -23.51282], "size": [5, 5, 6], "pivot": [0.15, 74.29426, -31.17696], "rotation": [45.89594, 18.17696, 20.99692], "uv": [128, 222]}
					]
				},
				{
					"name": "fire_crest4",
					"parent": "fire_crest3",
					"pivot": [7.08587, 79.76272, -21.60399],
					"cubes": [
						{"origin": [-2.38109, 70.84669, -18.85482], "size": [6, 6, 7], "pivot": [0.15, 74.79426, -32.42696], "rotation": [40.89594, 18.17696, 20.99692], "uv": [212, 111]},
						{"origin": [15.67948, 83.06783, -21.02022], "size": [3, 0, 8], "pivot": [14.60389, 82.91935, -15.53229], "rotation": [55.60256, 13.6303, 93.62206], "uv": [222, 194]},
						{"origin": [11.81852, 80.72007, -21.07521], "size": [3, 0, 8], "pivot": [13.31852, 80.72007, -17.07521], "rotation": [-55.60256, -13.6303, -86.37794], "uv": [222, 194], "mirror": true}
					]
				},
				{
					"name": "fire_crest5",
					"parent": "fire_crest4",
					"pivot": [10.02023, 84.15792, -17.0172],
					"cubes": [
						{"origin": [-2.88109, 73.84669, -15.35482], "size": [4, 4, 9], "pivot": [-1.35, 76.79426, -33.92696], "rotation": [34.42583, 22.32748, 23.96964], "uv": [102, 216]}
					]
				},
				{
					"name": "fire_crest6",
					"parent": "fire_crest5",
					"pivot": [13.41721, 87.0434, -12.76451],
					"cubes": [
						{"origin": [-2.88109, 73.09669, -6.60482], "size": [3, 2, 6], "pivot": [-1.85, 75.04426, -33.17696], "rotation": [39.42583, 22.32748, 23.96964], "uv": [72, 228]}
					]
				},
				{
					"name": "fire_crest_end",
					"parent": "fire_crest6",
					"pivot": [15.11376, 88.90087, -9.80103],
					"cubes": [
						{"origin": [15.61376, 90.37148, -10.73652], "size": [2, 1, 2.5], "pivot": [16.61376, 90.87148, -6.98652], "rotation": [36.99187, 12.48834, 15.87623], "uv": [168, 153]},
						{"origin": [13.61376, 90.37148, -8.48652], "size": [6, 1, 6], "pivot": [16.61376, 90.87148, -7.23652], "rotation": [44.49187, 12.48834, 15.87623], "uv": [222, 187]},
						{"origin": [13.61376, 90.87148, -10.73652], "size": [6, 0, 2.5], "pivot": [16.61376, 90.87148, -6.98652], "rotation": [36.99187, 12.48834, 15.87623], "uv": [170, 125]},
						{"origin": [13.61376, 90.87148, -10.73652], "size": [6, 0, 2.5], "pivot": [16.61376, 90.87148, -6.98652], "rotation": [-36.99187, -12.48834, -164.12377], "uv": [170, 125]},
						{"origin": [12.61376, 90.87148, -8.48652], "size": [8, 0, 6], "pivot": [16.61376, 90.87148, -7.23652], "rotation": [44.49187, 12.48834, 15.87623], "uv": [124, 85]},
						{"origin": [12.61376, 90.87148, -8.48652], "size": [8, 0, 6], "pivot": [16.61376, 90.87148, -7.23652], "rotation": [-44.49187, -12.48834, -164.12377], "uv": [124, 85]}
					]
				},
				{
					"name": "fire_crest_end2",
					"parent": "fire_crest_end",
					"pivot": [18.10097, 92.80331, -3.73368],
					"cubes": [
						{"origin": [13.61376, 91.62148, -3.48652], "size": [6, 1, 5], "pivot": [16.61376, 92.12148, -8.23652], "rotation": [24.49187, 12.48834, 15.87623], "uv": [126, 61]},
						{"origin": [15.86376, 91.37148, -3.48652], "size": [3, 0, 9], "pivot": [18.86376, 91.37148, -8.73652], "rotation": [24.29526, -10.34127, 5.61739], "uv": [222, 69]},
						{"origin": [15.86376, 91.37148, -3.48652], "size": [3, 0, 9], "pivot": [18.86376, 91.37148, -8.73652], "rotation": [-24.29526, 10.34127, -174.38261], "uv": [222, 69], "mirror": true},
						{"origin": [14.61376, 92.12148, 1.51348], "size": [4, 0, 9], "pivot": [16.61376, 92.12148, -8.23652], "rotation": [24.49187, 12.48834, 15.87623], "uv": [222, 40]},
						{"origin": [14.61376, 92.12148, 1.51348], "size": [4, 0, 9], "pivot": [16.61376, 92.12148, -8.23652], "rotation": [-24.49187, -12.48834, -164.12377], "uv": [222, 40], "mirror": true},
						{"origin": [14.61376, 92.12148, -2.98652], "size": [3, 0, 9], "pivot": [16.61376, 92.12148, -8.23652], "rotation": [28.7391, 32.66939, 26.73925], "uv": [222, 60]},
						{"origin": [14.61376, 92.12148, -2.98652], "size": [3, 0, 9], "pivot": [16.61376, 92.12148, -8.23652], "rotation": [-28.7391, -32.66939, -153.26075], "uv": [222, 60], "mirror": true}
					]
				},
				{
					"name": "fire_crest_end_fire",
					"parent": "fire_crest6",
					"pivot": [15.11376, 88.90087, -9.80103],
					"cubes": [
						{"origin": [15.61376, 90.37148, -10.73652], "size": [2, 1, 2.5], "pivot": [16.61376, 90.87148, -6.98652], "rotation": [36.99187, 12.48834, 15.87623], "uv": [374, 199]},
						{"origin": [13.61376, 90.37148, -8.48652], "size": [6, 1, 6], "pivot": [16.61376, 90.87148, -7.23652], "rotation": [44.49187, 12.48834, 15.87623], "uv": [428, 233]},
						{"origin": [13.61376, 90.87148, -10.73652], "size": [6, 0, 2.5], "pivot": [16.61376, 90.87148, -6.98652], "rotation": [36.99187, 12.48834, 15.87623], "uv": [376, 171]},
						{"origin": [13.61376, 90.87148, -10.73652], "size": [6, 0, 2.5], "pivot": [16.61376, 90.87148, -6.98652], "rotation": [-36.99187, -12.48834, -164.12377], "uv": [376, 171], "mirror": true},
						{"origin": [12.61376, 90.87148, -8.48652], "size": [8, 0, 6], "pivot": [16.61376, 90.87148, -7.23652], "rotation": [44.49187, 12.48834, 15.87623], "uv": [330, 131]},
						{"origin": [12.61376, 90.87148, -8.48652], "size": [8, 0, 6], "pivot": [16.61376, 90.87148, -7.23652], "rotation": [-44.49187, -12.48834, -164.12377], "uv": [330, 131], "mirror": true}
					]
				},
				{
					"name": "fire_crest_end_fire2",
					"parent": "fire_crest_end_fire",
					"pivot": [18.01376, 94.27068, -4.86295],
					"cubes": [
						{"origin": [13.61376, 91.62148, -3.48652], "size": [6, 1, 5], "pivot": [16.61376, 92.12148, -8.23652], "rotation": [24.49187, 12.48834, 15.87623], "uv": [332, 107]},
						{"origin": [14.61376, 92.12148, 1.51348], "size": [4, 0, 9], "pivot": [16.61376, 92.12148, -8.23652], "rotation": [24.49187, 12.48834, 15.87623], "uv": [428, 86]},
						{"origin": [14.61376, 92.12148, 1.51348], "size": [4, 0, 9], "pivot": [16.61376, 92.12148, -8.23652], "rotation": [-24.49187, -12.48834, -164.12377], "uv": [428, 86], "mirror": true},
						{"origin": [15.86376, 91.37148, -3.48652], "size": [3, 0, 9], "pivot": [18.86376, 91.37148, -8.73652], "rotation": [24.29526, -10.34127, 5.61739], "uv": [428, 115]},
						{"origin": [14.70031, 95.66433, -4.76362], "size": [3, 0, 9], "pivot": [16.20031, 95.66433, -0.26362], "rotation": [-24.29526, 10.34127, -174.38261], "uv": [428, 115], "mirror": true},
						{"origin": [14.61376, 92.12148, -2.98652], "size": [3, 0, 9], "pivot": [16.61376, 92.12148, -8.23652], "rotation": [28.7391, 32.66939, 26.73925], "uv": [428, 106]},
						{"origin": [14.61376, 92.12148, -2.98652], "size": [3, 0, 9], "pivot": [16.61376, 92.12148, -8.23652], "rotation": [-28.7391, -32.66939, -153.26075], "uv": [428, 106], "mirror": true}
					]
				},
				{
					"name": "ice_crest",
					"parent": "crests2",
					"pivot": [-3.23363, 76.80439, -26.61478],
					"cubes": [
						{"origin": [-2.86891, 70.59936, -23.90444], "size": [4, 4, 9], "pivot": [0, 73.54693, -30.07658], "rotation": [50.89594, -18.17696, -20.99692], "uv": [210, 136]},
						{"origin": [-11.54, 83.10793, -23.60037], "size": [3, 2, 5.75], "pivot": [-9.45422, 83.14561, -19.35037], "rotation": [52.05902, -28.53623, -36.40051], "uv": [42, 166]},
						{"origin": [-14.23657, 84.90726, -21.24556], "size": [3, 0, 5.75], "pivot": [-12.73657, 84.90726, -18.37056], "rotation": [55.6685, -32.96536, -43.44802], "uv": [152, 85]},
						{"origin": [-14.23657, 84.90726, -21.24556], "size": [3, 0, 5.75], "pivot": [-12.73657, 84.90726, -18.37056], "rotation": [-55.6685, 32.96536, 136.55198], "uv": [152, 85], "mirror": true},
						{"origin": [-10.4624, 84.25461, -22.854], "size": [4, 2, 9], "pivot": [-5.20422, 83.89561, -18.85037], "rotation": [50.89594, -18.17696, -20.99692], "uv": [72, 217]},
						{"origin": [-10.3624, 85.25461, -14.054], "size": [4, 0, 6], "pivot": [-5.20422, 83.89561, -18.85037], "rotation": [50.89594, -18.17696, -20.99692], "uv": [148, 61]},
						{"origin": [-13.60552, 88.83719, -19.16551], "size": [4, 0, 6], "pivot": [-11.60552, 88.83719, -16.16551], "rotation": [-50.89594, 18.17696, 159.00308], "uv": [148, 61], "mirror": true}
					]
				},
				{
					"name": "gold_crest",
					"parent": "crests2",
					"pivot": [-0.13011, 76.50583, -28.41328],
					"rotation": [20, 0, 0],
					"cubes": [
						{"origin": [-2.34853, 79.87482, -32.00408], "size": [3, 3, 7], "inflate": 0.01, "pivot": [0, 80.70638, -23.28167], "rotation": [44.2233, -34.8941, 30.44638], "uv": [22, 225]},
						{"origin": [-1.72359, 80.24402, -25.83769], "size": [2, 2, 4], "inflate": 0.01, "pivot": [0, 80.70638, -23.28167], "rotation": [32.0299, -27.93977, 36.83159], "uv": [58, 158]},
						{"origin": [-1.29313, 80.81355, -22.33611], "size": [1, 1, 4], "inflate": 0.15, "pivot": [0, 80.70638, -23.28167], "rotation": [32.0299, -27.93977, 36.83159], "uv": [174, 232]}
					]
				},
				{
					"name": "eyes",
					"parent": "head",
					"pivot": [-4.25, 71.45932, -25.78542]
				},
				{
					"name": "iris_right",
					"parent": "eyes",
					"pivot": [4.25, 71.45932, -25.78542],
					"cubes": [
						{"origin": [1.93802, 70.84707, -27.27226], "size": [1, 2, 3], "inflate": 0.01, "pivot": [2.43802, 72.04707, -26.27226], "rotation": [4.5, 45, 3.88714], "uv": [132, 233]},
						{"origin": [1.93802, 70.34707, -27.77226], "size": [1, 2, 3], "inflate": 0.01, "pivot": [2.43802, 72.04707, -26.27226], "rotation": [4.5, 45, 3.88714], "uv": [140, 233]}
					]
				},
				{
					"name": "eyeshadow",
					"parent": "iris_right",
					"pivot": [2.43802, 71.94707, -26.27226],
					"cubes": [
						{"origin": [1.9, 70.34707, -27.27226], "size": [1, 2, 3], "inflate": 0.01, "pivot": [2.43802, 71.94707, -26.27226], "rotation": [4.5, 45, 3.88714], "uv": [234, 94]},
						{"origin": [1.9, 69.84707, -27.77226], "size": [1, 2, 3], "inflate": 0.01, "pivot": [2.43802, 71.94707, -26.27226], "rotation": [4.5, 45, 3.88714], "uv": [234, 89]}
					]
				},
				{
					"name": "pupil_right",
					"parent": "iris_right",
					"pivot": [2.88513, 71.73942, -27.29041],
					"cubes": [
						{"origin": [1.83802, 71.34707, -26.77226], "size": [1, 1, 1], "inflate": 0.1, "pivot": [2.33802, 72.04707, -26.27226], "rotation": [5, 45, 3.88714], "uv": [46, 64]}
					]
				},
				{
					"name": "iris_left",
					"parent": "eyes",
					"pivot": [-4.25, 71.45932, -25.78542],
					"cubes": [
						{"origin": [-3.03802, 70.84707, -27.27226], "size": [1, 2, 3], "inflate": 0.01, "pivot": [-2.43802, 72.04707, -26.27226], "rotation": [4.5, -45, -3.88714], "uv": [132, 233], "mirror": true},
						{"origin": [-3.03802, 70.34707, -27.77226], "size": [1, 2, 3], "inflate": 0.01, "pivot": [-2.43802, 72.04707, -26.27226], "rotation": [4.5, -45, -3.88714], "uv": [140, 233], "mirror": true}
					]
				},
				{
					"name": "eyeshadow2",
					"parent": "iris_left",
					"pivot": [-2.43802, 72.14707, -26.27226],
					"cubes": [
						{"origin": [-2.93802, 70.34707, -27.27226], "size": [1, 2, 3], "inflate": 0.01, "pivot": [-2.43802, 72.14707, -26.27226], "rotation": [4.5, -45, -3.88714], "uv": [234, 94], "mirror": true},
						{"origin": [-2.93802, 69.84707, -27.77226], "size": [1, 2, 3], "inflate": 0.01, "pivot": [-2.43802, 72.14707, -26.27226], "rotation": [4.5, -45, -3.88714], "uv": [234, 89], "mirror": true}
					]
				},
				{
					"name": "pupil_left",
					"parent": "iris_left",
					"pivot": [-2.88513, 71.73942, -27.29041],
					"cubes": [
						{"origin": [-2.93802, 71.34707, -26.77226], "size": [1, 1, 1], "inflate": 0.1, "pivot": [-2.33802, 72.04707, -26.27226], "rotation": [5, -45, -3.88714], "uv": [46, 64], "mirror": true}
					]
				},
				{
					"name": "jaw",
					"parent": "head",
					"pivot": [0, 71.33663, -20.87797],
					"rotation": [2.5, 0, 0],
					"cubes": [
						{"origin": [0, 57.07696, -29.28623], "size": [0, 11, 7], "pivot": [0, 65.26255, -27.138], "rotation": [12.5, 0, 0], "uv": [150, 222]},
						{"origin": [-4.89307, 68.05634, -31.53429], "size": [8, 2, 8], "inflate": 0.01, "pivot": [-4.25, 71.8578, -24.82028], "rotation": [5, -45, -3.88714], "uv": [204, 79]},
						{"origin": [-5.49307, 68.15634, -31.93429], "size": [2, 2, 0], "inflate": 0.01, "pivot": [-4.25, 71.8578, -24.82028], "rotation": [37.65635, -27.15647, -56.23079], "uv": [328, 113]},
						{"origin": [-4.49307, 66.85634, -31.93429], "size": [2, 2, 0], "inflate": 0.01, "pivot": [-4.25, 71.8578, -24.82028], "rotation": [37.65635, -27.15647, -56.23079], "uv": [328, 113]},
						{"origin": [3.49307, 68.15634, -31.93429], "size": [2, 2, 0], "inflate": 0.01, "pivot": [4.25, 71.8578, -24.82028], "rotation": [37.65635, 27.15647, 56.23079], "uv": [328, 113], "mirror": true},
						{"origin": [2.49307, 66.85634, -31.93429], "size": [2, 2, 0], "inflate": 0.01, "pivot": [4.25, 71.8578, -24.82028], "rotation": [37.65635, 27.15647, 56.23079], "uv": [328, 113], "mirror": true}
					]
				},
				{
					"name": "ice_right",
					"parent": "jaw",
					"pivot": [3.63665, 67.67254, -26.49898],
					"rotation": [0, 0, -17.5],
					"cubes": [
						{"origin": [0.1353, 69.42747, -23.87154], "size": [12, 6, 5], "pivot": [5.3352, 70.43163, -18.59443], "rotation": [52.71134, -0.91952, 36.29419], "uv": [202, 100]}
					]
				},
				{
					"name": "ice_right2",
					"parent": "ice_right",
					"pivot": [3.61519, 68.38305, -27.80345],
					"rotation": [-8, 0, 0],
					"cubes": [
						{"origin": [0.29565, 67.00777, -30.37605], "size": [4, 3, 3], "pivot": [2.80541, 67.88532, -29.45738], "rotation": [14.40763, 42.16291, 41.7502], "uv": [168, 61]},
						{"origin": [2.95975, 65.74219, -28.34282], "size": [5, 4, 8], "pivot": [5.21978, 66.61974, -24.02976], "rotation": [11.44751, 21.67709, 36.24393], "uv": [210, 216]},
						{"origin": [0.30415, 67.42427, -32.27297], "size": [2.25, 2, 3], "pivot": [2.39767, 67.82932, -29.758], "rotation": [8.95538, 39.49542, 48.56911], "uv": [164, 232]}
					]
				},
				{
					"name": "ice_left",
					"parent": "jaw",
					"pivot": [-3.63665, 67.67254, -26.49898],
					"rotation": [0, 0, 17.5],
					"cubes": [
						{"origin": [-12.1353, 69.42747, -23.87154], "size": [12, 6, 5], "pivot": [-5.3352, 70.43163, -18.59443], "rotation": [52.71134, 0.91952, -36.29419], "uv": [72, 206]}
					]
				},
				{
					"name": "ice_left2",
					"parent": "ice_left",
					"pivot": [-3.61519, 68.38305, -27.80345],
					"rotation": [-8, 0, 0],
					"cubes": [
						{"origin": [-4.29565, 67.00777, -30.37605], "size": [4, 3, 3], "pivot": [-2.80541, 67.88532, -29.45738], "rotation": [14.40763, -42.16291, -41.7502], "uv": [168, 61], "mirror": true},
						{"origin": [-7.95975, 65.74219, -28.34282], "size": [5, 4, 8], "pivot": [-5.21978, 66.61974, -24.02976], "rotation": [11.44751, -21.67709, -36.24393], "uv": [210, 216], "mirror": true},
						{"origin": [-2.55415, 67.42427, -32.27297], "size": [2.25, 2, 3], "pivot": [-2.39767, 67.82932, -29.758], "rotation": [8.95538, -39.49542, -48.56911], "uv": [164, 232], "mirror": true}
					]
				},
				{
					"name": "arms",
					"parent": "body5",
					"pivot": [-0.76563, 46.8355, -5.32852]
				},
				{
					"name": "arm_right",
					"parent": "arms",
					"pivot": [8.23437, 47.8203, -5.50216]
				},
				{
					"name": "shoulder_right",
					"parent": "arm_right",
					"pivot": [9.23437, 46.97646, -6.2609],
					"rotation": [10.5, 0, 0],
					"cubes": [
						{"origin": [9.73437, 43.97646, -10.7609], "size": [7, 8, 8], "uv": [192, 186]}
					]
				},
				{
					"name": "bicep_right",
					"parent": "shoulder_right",
					"pivot": [16.23437, 48.5637, -6.7628],
					"cubes": [
						{"origin": [15.73437, 46.5637, -9.2628], "size": [17, 4, 5], "uv": [132, 24]},
						{"origin": [19.73437, 46.0637, -9.7628], "size": [5, 5, 6], "uv": [222, 166]}
					]
				},
				{
					"name": "forearm_right",
					"parent": "bicep_right",
					"pivot": [31.72405, 48.36293, -6.27101],
					"cubes": [
						{"origin": [26.91579, 14.43423, -22.79596], "size": [5, 3, 5], "pivot": [25.63728, 38.68423, -10.55241], "rotation": [-90, -90, 0], "uv": [226, 202]},
						{"origin": [32.73437, 46.5637, -9.2628], "size": [10, 4, 5], "uv": [136, 213]},
						{"origin": [26.41579, 17.43423, -23.29596], "size": [6, 5, 6], "pivot": [25.63728, 38.68423, -10.55241], "rotation": [-90, -90, 0], "uv": [222, 49]}
					]
				},
				{
					"name": "wing_right",
					"parent": "forearm_right",
					"pivot": [25.63728, 38.68423, -10.55241],
					"cubes": [
						{"origin": [31.91579, 18.43423, -19.79596], "size": [26, 64, 0], "pivot": [25.63728, 38.68423, -10.55241], "rotation": [-90, -90, 0], "uv": [0, 0]},
						{"origin": [-12.11272, 15.9, -4.2739], "size": [26, 64, 0], "pivot": [13.88728, 47.92777, -4.2739], "rotation": [0, 90, -90], "uv": [0, 0], "mirror": true}
					]
				},
				{
					"name": "wing_fire",
					"parent": "forearm_right",
					"pivot": [25.63728, 38.68423, -10.55241],
					"cubes": [
						{"origin": [31.91579, 18.43423, -19.79596], "size": [26, 64, 0], "inflate": 0.03, "pivot": [25.63728, 38.68423, -10.55241], "rotation": [-90, -90, 0], "uv": [0, 242]}
					]
				},
				{
					"name": "wrist_right",
					"parent": "forearm_right",
					"pivot": [48.94884, 48.48545, -6.77373],
					"cubes": [
						{"origin": [13.33606, 62.99579, -9.27373], "size": [5, 2, 5], "pivot": [25.63728, 38.68423, -10.55241], "rotation": [0, 0, 90], "uv": [228, 0]}
					]
				},
				{
					"name": "hand_right",
					"parent": "wrist_right",
					"pivot": [52.67571, 48.46835, -6.84641],
					"rotation": [-90, -25, 90]
				},
				{
					"name": "fingers_right",
					"parent": "hand_right",
					"pivot": [51.89781, 42.19182, -6.84641]
				},
				{
					"name": "finger1_right",
					"parent": "fingers_right",
					"pivot": [43.89781, 48.69182, -6.34641],
					"rotation": [-6.54554, 16.99672, -5.20904],
					"cubes": [
						{"origin": [49.99178, 47.85151, -6.09388], "size": [3, 3, 3], "pivot": [51.24178, 49.35151, -4.59388], "rotation": [-112.50202, 9.26974, 117.12586], "uv": [226, 210]},
						{"origin": [49.99178, 45.35151, -5.59388], "size": [2, 4, 2], "pivot": [50.74178, 49.35151, -4.59388], "rotation": [-125.00202, 9.26974, 117.12586], "uv": [184, 232]}
					]
				},
				{
					"name": "finger2_right2",
					"parent": "fingers_right",
					"pivot": [51.89781, 42.19182, -6.84641],
					"cubes": [
						{"origin": [53.49178, 49.10151, -6.09388], "size": [3, 3, 3], "pivot": [54.74178, 50.60151, -4.59388], "rotation": [-124.13296, 28.41796, 104.55947], "uv": [188, 79]},
						{"origin": [53.99178, 46.60151, -5.59388], "size": [2, 4, 2], "pivot": [54.74178, 50.60151, -4.59388], "rotation": [-124.13296, 28.41796, 104.55947], "uv": [102, 206]}
					]
				},
				{
					"name": "finger3_right2",
					"parent": "fingers_right",
					"pivot": [51.89781, 42.19182, -6.84641],
					"cubes": [
						{"origin": [51.99178, 42.60151, -6.59388], "size": [2, 4, 2], "pivot": [52.74178, 46.60151, -5.59388], "rotation": [-76.54715, -26.41669, 28.33512], "uv": [128, 216]},
						{"origin": [51.49178, 45.10151, -7.09388], "size": [3, 3, 3], "pivot": [52.74178, 46.60151, -5.59388], "rotation": [-76.54715, -26.41669, 28.33512], "uv": [136, 192]}
					]
				},
				{
					"name": "wingattachment_right",
					"parent": "arm_right",
					"pivot": [14.23437, 46.8355, -5.32852],
					"cubes": [
						{"origin": [13.11168, 51.70823, -11.51502], "size": [3, 9, 14], "pivot": [14.56359, 51.45217, -8.70412], "rotation": [-64.80109, 6.8517, 15.49302], "uv": [188, 40]},
						{"origin": [14.63573, 39.88627, -11.42047], "size": [0, 12, 18], "pivot": [14.56359, 51.45217, -8.70412], "rotation": [-64.80109, 6.8517, 15.49302], "uv": [156, 168]},
						{"origin": [12.31359, 55.20217, -11.45412], "size": [5, 10, 16.5], "pivot": [14.56359, 50.70217, -6.45412], "rotation": [-69.80109, 6.8517, 15.49302], "uv": [0, 166]}
					]
				},
				{
					"name": "wires_right",
					"parent": "wingattachment_right",
					"pivot": [17.06158, 52.41914, 4.99863]
				},
				{
					"name": "topwire_right",
					"parent": "wires_right",
					"pivot": [17.06158, 55.10119, 5.23651]
				},
				{
					"name": "topwire_wholeright5",
					"parent": "topwire_right",
					"pivot": [17.06158, 55.10119, 5.23651]
				},
				{
					"name": "topwire_right5",
					"parent": "topwire_wholeright5",
					"pivot": [14.56359, 50.70217, -6.45412],
					"cubes": [
						{"origin": [18.10923, 61.57649, 12.88231], "size": [3, 6, 3], "inflate": 0.05, "pivot": [19.00167, 59.84798, 14.76636], "rotation": [-70.93712, -6.72254, 10.54767], "uv": [256, 298]},
						{"origin": [18.11873, 56.99239, 13.54424], "size": [3, 5, 3], "inflate": 0.05, "pivot": [19.10314, 60.1288, 14.8576], "rotation": [-61.12931, -2.34738, 12.9762], "uv": [256, 298]},
						{"origin": [16.75768, 54.76276, 7.02091], "size": [3, 6, 3], "inflate": 0.05, "pivot": [18.25768, 56.26276, 8.77091], "rotation": [-59.80109, 6.8517, 15.49302], "uv": [256, 298]},
						{"origin": [13.31359, 60.20217, -8.45412], "size": [3, 6, 3], "inflate": 0.05, "pivot": [14.56359, 50.70217, -6.45412], "rotation": [-69.80109, 6.8517, 15.49302], "uv": [256, 298]}
					]
				},
				{
					"name": "flashwire_right5",
					"parent": "topwire_wholeright5",
					"pivot": [14.56359, 50.70217, -6.45412],
					"cubes": [
						{"origin": [18.10923, 61.57649, 12.88231], "size": [3, 6, 3], "pivot": [19.00167, 59.84798, 14.76636], "rotation": [-70.93712, -6.72254, 10.54767], "uv": [383, 468]},
						{"origin": [18.11873, 56.99239, 13.54424], "size": [3, 5, 3], "pivot": [19.10314, 60.1288, 14.8576], "rotation": [-61.12931, -2.34738, 12.9762], "uv": [362, 468]},
						{"origin": [16.75768, 54.76276, 7.02091], "size": [3, 6, 3], "pivot": [18.25768, 56.26276, 8.77091], "rotation": [-59.80109, 6.8517, 15.49302], "uv": [400, 468]},
						{"origin": [13.31359, 60.20217, -8.45412], "size": [3, 6, 3], "pivot": [14.56359, 50.70217, -6.45412], "rotation": [-69.80109, 6.8517, 15.49302], "uv": [383, 468]}
					]
				},
				{
					"name": "topwire_wholeright4",
					"parent": "topwire_wholeright5",
					"pivot": [19.03955, 61.5502, 20.73081]
				},
				{
					"name": "topwire_right4",
					"parent": "topwire_wholeright4",
					"pivot": [23.03955, 56.5502, 37.73081],
					"cubes": [
						{"origin": [17.85923, 68.82649, 12.38231], "size": [3, 7, 3], "inflate": 0.05, "pivot": [18.75167, 61.09798, 14.26636], "rotation": [-80.99555, -1.78448, 11.33467], "uv": [256, 298]},
						{"origin": [19.91603, 45.35965, 30.61183], "size": [3, 7, 3], "inflate": 0.05, "pivot": [22.78955, 56.3002, 37.73081], "rotation": [-96.31359, 20.41207, 10.41079], "uv": [256, 298]},
						{"origin": [22.01386, 49.65619, 33.53354], "size": [3, 7, 3], "inflate": 0.05, "pivot": [23.03955, 56.5502, 37.73081], "rotation": [-130.96828, 32.16392, -2.52081], "uv": [256, 298]}
					]
				},
				{
					"name": "flashwire_right4",
					"parent": "topwire_wholeright4",
					"pivot": [23.03955, 56.5502, 37.73081],
					"cubes": [
						{"origin": [17.85923, 68.82649, 12.38231], "size": [3, 7, 3], "pivot": [18.75167, 61.09798, 14.26636], "rotation": [-80.99555, -1.78448, 11.33467], "uv": [400, 468]},
						{"origin": [19.91603, 45.35965, 30.61183], "size": [3, 7, 3], "pivot": [22.78955, 56.3002, 37.73081], "rotation": [-96.31359, 20.41207, 10.41079], "uv": [362, 468]},
						{"origin": [22.01386, 49.65619, 33.53354], "size": [3, 7, 3], "pivot": [23.03955, 56.5502, 37.73081], "rotation": [-130.96828, 32.16392, -2.52081], "uv": [383, 468]}
					]
				},
				{
					"name": "topwire_wholeright3",
					"parent": "topwire_wholeright4",
					"pivot": [23.03955, 56.5502, 37.73081]
				},
				{
					"name": "topwire_right3",
					"parent": "topwire_wholeright3",
					"pivot": [20.87397, 44.4785, 39.2482],
					"cubes": [
						{"origin": [19.91758, 42.41836, 29.47206], "size": [3, 7, 3], "inflate": 0.05, "pivot": [20.87397, 44.4785, 39.2482], "rotation": [-173.95419, 71.49144, 8.19218], "uv": [256, 298]},
						{"origin": [18.35705, 37.83292, 29.61833], "size": [3, 7, 3], "inflate": 0.05, "pivot": [20.87397, 44.4785, 39.2482], "rotation": [-137.04582, 76.83008, 30.69524], "uv": [256, 298]},
						{"origin": [20.57695, 33.72261, 28.82605], "size": [3, 7, 3], "inflate": 0.05, "pivot": [20.87397, 44.4785, 39.2482], "rotation": [-147.03637, 61.64309, 4.22925], "uv": [256, 298]}
					]
				},
				{
					"name": "flashwire_right3",
					"parent": "topwire_wholeright3",
					"pivot": [20.87397, 44.4785, 39.2482],
					"cubes": [
						{"origin": [19.91758, 42.41836, 29.47206], "size": [3, 7, 3], "pivot": [20.87397, 44.4785, 39.2482], "rotation": [-173.95419, 71.49144, 8.19218], "uv": [383, 468]},
						{"origin": [18.35705, 37.83292, 29.61833], "size": [3, 7, 3], "pivot": [20.87397, 44.4785, 39.2482], "rotation": [-137.04582, 76.83008, 30.69524], "uv": [362, 468]},
						{"origin": [20.57695, 33.72261, 28.82605], "size": [3, 7, 3], "pivot": [20.87397, 44.4785, 39.2482], "rotation": [-147.03637, 61.64309, 4.22925], "uv": [400, 468]}
					]
				},
				{
					"name": "topwire_wholeright2",
					"parent": "topwire_wholeright3",
					"pivot": [27.87397, 37.4785, 41.2482]
				},
				{
					"name": "topwire_right2",
					"parent": "topwire_wholeright2",
					"pivot": [7.33889, 28.11536, 42.76165],
					"cubes": [
						{"origin": [20.16917, 43.15884, 28.55843], "size": [3, 7, 3], "inflate": 0.05, "pivot": [20.87397, 44.4785, 39.2482], "rotation": [-170.95824, 71.00146, 52.68652], "uv": [256, 298]},
						{"origin": [20.36563, 47.35689, 27.61319], "size": [3, 7, 3], "inflate": 0.05, "pivot": [21.12397, 44.2285, 39.2482], "rotation": [-163.93422, 74.00601, 75.26291], "uv": [256, 298]},
						{"origin": [22.91847, 51.64556, 28.68636], "size": [3, 7, 3], "inflate": 0.05, "pivot": [20.37397, 44.7285, 42.2482], "rotation": [-167.16585, 73.66895, 84.81237], "uv": [256, 298]},
						{"origin": [5.83889, 24.61536, 41.26165], "size": [3, 7, 3], "inflate": 0.05, "pivot": [7.33889, 28.11536, 42.76165], "rotation": [-177.16585, 73.66895, 84.81237], "uv": [256, 298]}
					]
				},
				{
					"name": "flashwire_right2",
					"parent": "topwire_wholeright2",
					"pivot": [7.33889, 28.11536, 42.76165],
					"cubes": [
						{"origin": [20.16917, 43.15884, 28.55843], "size": [3, 7, 3], "pivot": [20.87397, 44.4785, 39.2482], "rotation": [-170.95824, 71.00146, 52.68652], "uv": [400, 468]},
						{"origin": [20.36563, 47.35689, 27.61319], "size": [3, 7, 3], "pivot": [21.12397, 44.2285, 39.2482], "rotation": [-163.93422, 74.00601, 75.26291], "uv": [362, 468]},
						{"origin": [22.91847, 51.64556, 28.68636], "size": [3, 7, 3], "pivot": [20.37397, 44.7285, 42.2482], "rotation": [-167.16585, 73.66895, 84.81237], "uv": [362, 468]},
						{"origin": [5.83889, 24.61536, 41.26165], "size": [3, 7, 3], "pivot": [7.33889, 28.11536, 42.76165], "rotation": [-177.16585, 73.66895, 84.81237], "uv": [362, 468]}
					]
				},
				{
					"name": "bottomwire_right",
					"parent": "wires_right",
					"pivot": [17, 49.79327, 6.36818]
				},
				{
					"name": "bottomwire_wholeright5",
					"parent": "bottomwire_right",
					"pivot": [17, 49.79327, 6.36818]
				},
				{
					"name": "wire5",
					"parent": "bottomwire_wholeright5",
					"pivot": [22.06158, 38.27973, 39.98544],
					"cubes": [
						{"origin": [18.17417, 46.33656, 17.13473], "size": [3, 7, 3], "inflate": 0.05, "pivot": [19.67417, 49.83656, 18.63473], "rotation": [-92.05896, 24.33088, 16.38341], "uv": [256, 298]},
						{"origin": [16.20193, 46.90392, 10.54164], "size": [3, 7, 3], "inflate": 0.05, "pivot": [17.70193, 50.40392, 12.04164], "rotation": [-87.26202, 11.84608, 15.73327], "uv": [256, 298]}
					]
				},
				{
					"name": "flashwire5",
					"parent": "bottomwire_wholeright5",
					"pivot": [22.06158, 38.27973, 39.98544],
					"cubes": [
						{"origin": [18.17417, 46.33656, 17.13473], "size": [3, 7, 3], "pivot": [19.67417, 49.83656, 18.63473], "rotation": [-92.05896, 24.33088, 16.38341], "uv": [383, 468]},
						{"origin": [16.20193, 46.90392, 10.54164], "size": [3, 7, 3], "pivot": [17.70193, 50.40392, 12.04164], "rotation": [-87.26202, 11.84608, 15.73327], "uv": [362, 468]}
					]
				},
				{
					"name": "bottomwire_wholeright4",
					"parent": "bottomwire_wholeright5",
					"pivot": [21, 48.79327, 21.36818]
				},
				{
					"name": "wire4",
					"parent": "bottomwire_wholeright4",
					"pivot": [22.06158, 38.27973, 39.98544],
					"cubes": [
						{"origin": [31.37683, 50.99147, 26.40262], "size": [3, 7, 3], "inflate": 0.05, "pivot": [32.76381, 51.16826, 28.51828], "rotation": [-73.32057, 53.79614, 26.67134], "uv": [256, 298]},
						{"origin": [31.4008, 44.14622, 26.17181], "size": [3, 7, 3], "inflate": 0.05, "pivot": [33.01381, 50.91826, 28.51828], "rotation": [-46.035, 58.55742, 29.41998], "uv": [256, 298]},
						{"origin": [25.01745, 43.48157, 24.27419], "size": [3, 7, 3], "inflate": 0.05, "pivot": [26.8968, 50.26185, 25.16565], "rotation": [-71.84544, 53.51384, 18.0829], "uv": [256, 298]}
					]
				},
				{
					"name": "flashwire4",
					"parent": "bottomwire_wholeright4",
					"pivot": [22.06158, 38.27973, 39.98544],
					"cubes": [
						{"origin": [31.37683, 50.99147, 26.40262], "size": [3, 7, 3], "pivot": [32.76381, 51.16826, 28.51828], "rotation": [-73.32057, 53.79614, 26.67134], "uv": [383, 468]},
						{"origin": [31.4008, 44.14622, 26.17181], "size": [3, 7, 3], "pivot": [33.01381, 50.91826, 28.51828], "rotation": [-46.035, 58.55742, 29.41998], "uv": [362, 468]},
						{"origin": [25.01745, 43.48157, 24.27419], "size": [3, 7, 3], "pivot": [26.8968, 50.26185, 25.16565], "rotation": [-71.84544, 53.51384, 18.0829], "uv": [400, 468]}
					]
				},
				{
					"name": "bottomwire_wholeright3",
					"parent": "bottomwire_wholeright4",
					"pivot": [37, 49.79327, 32.36818]
				},
				{
					"name": "wire3",
					"parent": "bottomwire_wholeright3",
					"pivot": [22.06158, 38.27973, 39.98544],
					"cubes": [
						{"origin": [37.6755, 40.21693, 35.09678], "size": [3, 7, 3], "inflate": 0.05, "pivot": [39.8857, 40.64759, 38.88848], "rotation": [-134.11614, 54.92266, 51.20241], "uv": [256, 298]},
						{"origin": [37.68941, 34.31078, 35.38772], "size": [3, 7, 3], "inflate": 0.05, "pivot": [39.8857, 40.64759, 38.88848], "rotation": [-107.79264, 49.24632, 59.20311], "uv": [256, 298]},
						{"origin": [38.5103, 28.16951, 33.56511], "size": [3, 7, 3], "inflate": 0.05, "pivot": [39.8857, 40.64759, 38.88848], "rotation": [-93.14341, 56.43238, 55.63343], "uv": [256, 298]}
					]
				},
				{
					"name": "flashwire3",
					"parent": "bottomwire_wholeright3",
					"pivot": [22.06158, 38.27973, 39.98544],
					"cubes": [
						{"origin": [37.6755, 40.21693, 35.09678], "size": [3, 7, 3], "pivot": [39.8857, 40.64759, 38.88848], "rotation": [-134.11614, 54.92266, 51.20241], "uv": [383, 468]},
						{"origin": [37.68941, 34.31078, 35.38772], "size": [3, 7, 3], "pivot": [39.8857, 40.64759, 38.88848], "rotation": [-107.79264, 49.24632, 59.20311], "uv": [362, 468]},
						{"origin": [38.5103, 28.16951, 33.56511], "size": [3, 7, 3], "pivot": [39.8857, 40.64759, 38.88848], "rotation": [-93.14341, 56.43238, 55.63343], "uv": [400, 468]}
					]
				},
				{
					"name": "bottomwire_wholeright2",
					"parent": "bottomwire_wholeright3",
					"pivot": [41, 35.79327, 42.36818]
				},
				{
					"name": "wire2",
					"parent": "bottomwire_wholeright2",
					"pivot": [32.40221, 29.55631, 43.28696],
					"cubes": [
						{"origin": [20.60068, 16.68198, 39.09659], "size": [3, 7, 3], "inflate": 0.05, "pivot": [20.08686, 26.03686, 41.29227], "rotation": [130.47292, 58.6681, 28.16764], "uv": [256, 298]},
						{"origin": [24.83918, 17.62275, 39.11325], "size": [3, 7, 3], "inflate": 0.05, "pivot": [26.8197, 27.28887, 42.11261], "rotation": [157.65312, 66.82969, 40.77263], "uv": [256, 298]},
						{"origin": [22.54886, 12.36068, 35.01705], "size": [3, 7, 3], "inflate": 0.05, "pivot": [26.8197, 27.28887, 42.11261], "rotation": [-141.81806, 68.53169, 78.66566], "uv": [256, 298]}
					]
				},
				{
					"name": "flashwire2",
					"parent": "bottomwire_wholeright2",
					"pivot": [22.06158, 38.27973, 39.98544],
					"cubes": [
						{"origin": [20.60068, 16.68198, 39.09659], "size": [3, 7, 3], "pivot": [20.08686, 26.03686, 41.29227], "rotation": [130.47292, 58.6681, 28.16764], "uv": [383, 468]},
						{"origin": [24.83918, 17.62275, 39.11325], "size": [3, 7, 3], "pivot": [26.8197, 27.28887, 42.11261], "rotation": [157.65312, 66.82969, 40.77263], "uv": [362, 468]},
						{"origin": [22.54886, 12.36068, 35.01705], "size": [3, 7, 3], "pivot": [26.8197, 27.28887, 42.11261], "rotation": [-141.81806, 68.53169, 78.66566], "uv": [400, 468]}
					]
				},
				{
					"name": "bottomwire_wholeright1",
					"parent": "bottomwire_wholeright2",
					"pivot": [22, 25.79327, 40.36818]
				},
				{
					"name": "flashwire",
					"parent": "bottomwire_wholeright1",
					"pivot": [22.06158, 38.27973, 39.98544],
					"cubes": [
						{"origin": [19.17712, 39.94568, 28.40349], "size": [3, 6, 3], "pivot": [18.67712, 33.44568, 36.90349], "rotation": [177.98536, 71.98122, 85.81532], "uv": [362, 468]},
						{"origin": [22.58727, 30.16216, 39.45464], "size": [3, 5, 3], "pivot": [20.83686, 26.28686, 41.29227], "rotation": [157.31232, 71.67473, 73.31088], "uv": [362, 468]},
						{"origin": [20.66724, 23.43964, 39.53317], "size": [3, 7, 3], "pivot": [20.08686, 26.03686, 41.29227], "rotation": [112.94437, 63.48999, 22.30426], "uv": [400, 468]}
					]
				},
				{
					"name": "wire",
					"parent": "bottomwire_wholeright1",
					"pivot": [14.79114, 25.57334, 37.89946],
					"cubes": [
						{"origin": [19.17712, 39.94568, 28.40349], "size": [3, 6, 3], "inflate": 0.05, "pivot": [18.67712, 33.44568, 36.90349], "rotation": [177.98536, 71.98122, 85.81532], "uv": [256, 298]},
						{"origin": [22.58727, 30.16216, 39.45464], "size": [3, 5, 3], "inflate": 0.05, "pivot": [20.83686, 26.28686, 41.29227], "rotation": [157.31232, 71.67473, 73.31088], "uv": [256, 298]},
						{"origin": [20.66724, 23.43964, 39.53317], "size": [3, 7, 3], "inflate": 0.05, "pivot": [20.08686, 26.03686, 41.29227], "rotation": [112.94437, 63.48999, 22.30426], "uv": [256, 298]}
					]
				},
				{
					"name": "arm_left",
					"parent": "arms",
					"pivot": [-11.23437, 47.8203, -5.50216]
				},
				{
					"name": "wingattachment_left2",
					"parent": "arm_left",
					"pivot": [-14.23437, 46.8355, -5.32852],
					"cubes": [
						{"origin": [-16.11168, 50.90823, -11.51502], "size": [3, 9, 14], "pivot": [-14.56359, 51.45217, -8.70412], "rotation": [-64.80109, -6.8517, -15.49302], "uv": [188, 40], "mirror": true},
						{"origin": [-14.63573, 39.88627, -11.42047], "size": [0, 12, 18], "pivot": [-14.56359, 51.45217, -8.70412], "rotation": [-64.80109, -6.8517, -15.49302], "uv": [156, 168], "mirror": true},
						{"origin": [-17.31359, 55.20217, -11.45412], "size": [5, 10, 16.5], "pivot": [-14.56359, 50.70217, -6.45412], "rotation": [-69.80109, -6.8517, -15.49302], "uv": [0, 166], "mirror": true}
					]
				},
				{
					"name": "wires_left",
					"parent": "wingattachment_left2",
					"pivot": [-17.06158, 52.59279, 5.98344]
				},
				{
					"name": "bottomwire_left",
					"parent": "wires_left",
					"pivot": [-13, 49.72357, 7.70052]
				},
				{
					"name": "bottomwire_wholeleft5",
					"parent": "bottomwire_left",
					"pivot": [-17, 49.72357, 7.70052]
				},
				{
					"name": "wire10",
					"parent": "bottomwire_wholeleft5",
					"pivot": [-22.06158, 38.27973, 39.98544],
					"cubes": [
						{"origin": [-21.17417, 46.33656, 17.13473], "size": [3, 7, 3], "inflate": 0.05, "pivot": [-19.67417, 49.83656, 18.63473], "rotation": [-92.05896, -24.33088, -16.38341], "uv": [256, 298], "mirror": true},
						{"origin": [-19.20193, 46.90392, 10.54164], "size": [3, 7, 3], "inflate": 0.05, "pivot": [-17.70193, 50.40392, 12.04164], "rotation": [-87.26202, -11.84608, -15.73327], "uv": [256, 298], "mirror": true}
					]
				},
				{
					"name": "flashwire10",
					"parent": "bottomwire_wholeleft5",
					"pivot": [-22.06158, 38.27973, 39.98544],
					"cubes": [
						{"origin": [-21.17417, 46.33656, 17.13473], "size": [3, 7, 3], "pivot": [-19.67417, 49.83656, 18.63473], "rotation": [-92.05896, -24.33088, -16.38341], "uv": [383, 468], "mirror": true},
						{"origin": [-19.20193, 46.90392, 10.54164], "size": [3, 7, 3], "pivot": [-17.70193, 50.40392, 12.04164], "rotation": [-87.26202, -11.84608, -15.73327], "uv": [362, 468], "mirror": true}
					]
				},
				{
					"name": "bottomwire_wholeleft4",
					"parent": "bottomwire_wholeleft5",
					"pivot": [-20, 49.72357, 20.70052]
				},
				{
					"name": "wire9",
					"parent": "bottomwire_wholeleft4",
					"pivot": [-22.06158, 38.27973, 39.98544],
					"cubes": [
						{"origin": [-34.37683, 50.99147, 26.40262], "size": [3, 7, 3], "inflate": 0.05, "pivot": [-32.76381, 51.16826, 28.51828], "rotation": [-73.32057, -53.79614, -26.67134], "uv": [256, 298], "mirror": true},
						{"origin": [-34.4008, 44.14622, 26.17181], "size": [3, 7, 3], "inflate": 0.05, "pivot": [-33.01381, 50.91826, 28.51828], "rotation": [-46.035, -58.55742, -29.41998], "uv": [256, 298], "mirror": true},
						{"origin": [-28.01745, 43.48157, 24.27419], "size": [3, 7, 3], "inflate": 0.05, "pivot": [-26.8968, 50.26185, 25.16565], "rotation": [-71.84544, -53.51384, -18.0829], "uv": [256, 298], "mirror": true}
					]
				},
				{
					"name": "flashwire9",
					"parent": "bottomwire_wholeleft4",
					"pivot": [-22.06158, 38.27973, 39.98544],
					"cubes": [
						{"origin": [-34.37683, 50.99147, 26.40262], "size": [3, 7, 3], "pivot": [-32.76381, 51.16826, 28.51828], "rotation": [-73.32057, -53.79614, -26.67134], "uv": [383, 468], "mirror": true},
						{"origin": [-34.4008, 44.14622, 26.17181], "size": [3, 7, 3], "pivot": [-33.01381, 50.91826, 28.51828], "rotation": [-46.035, -58.55742, -29.41998], "uv": [362, 468], "mirror": true},
						{"origin": [-28.01745, 43.48157, 24.27419], "size": [3, 7, 3], "pivot": [-26.8968, 50.26185, 25.16565], "rotation": [-71.84544, -53.51384, -18.0829], "uv": [400, 468], "mirror": true}
					]
				},
				{
					"name": "bottomwire_wholeleft3",
					"parent": "bottomwire_wholeleft4",
					"pivot": [-39, 51, 33]
				},
				{
					"name": "wire8",
					"parent": "bottomwire_wholeleft3",
					"pivot": [-22.06158, 38.27973, 39.98544],
					"cubes": [
						{"origin": [-40.6755, 40.21693, 35.09678], "size": [3, 7, 3], "inflate": 0.05, "pivot": [-39.8857, 40.64759, 38.88848], "rotation": [-134.11614, -54.92266, -51.20241], "uv": [256, 298], "mirror": true},
						{"origin": [-40.68941, 34.31078, 35.38772], "size": [3, 7, 3], "inflate": 0.05, "pivot": [-39.8857, 40.64759, 38.88848], "rotation": [-107.79264, -49.24632, -59.20311], "uv": [256, 298], "mirror": true},
						{"origin": [-41.5103, 28.16951, 33.56511], "size": [3, 7, 3], "inflate": 0.05, "pivot": [-39.8857, 40.64759, 38.88848], "rotation": [-93.14341, -56.43238, -55.63343], "uv": [256, 298], "mirror": true}
					]
				},
				{
					"name": "flashwire8",
					"parent": "bottomwire_wholeleft3",
					"pivot": [-22.06158, 38.27973, 39.98544],
					"cubes": [
						{"origin": [-40.6755, 40.21693, 35.09678], "size": [3, 7, 3], "pivot": [-39.8857, 40.64759, 38.88848], "rotation": [-134.11614, -54.92266, -51.20241], "uv": [383, 468], "mirror": true},
						{"origin": [-40.68941, 34.31078, 35.38772], "size": [3, 7, 3], "pivot": [-39.8857, 40.64759, 38.88848], "rotation": [-107.79264, -49.24632, -59.20311], "uv": [362, 468], "mirror": true},
						{"origin": [-41.5103, 28.16951, 33.56511], "size": [3, 7, 3], "pivot": [-39.8857, 40.64759, 38.88848], "rotation": [-93.14341, -56.43238, -55.63343], "uv": [400, 468], "mirror": true}
					]
				},
				{
					"name": "bottomwire_wholeleft2",
					"parent": "bottomwire_wholeleft3",
					"pivot": [-40, 35.72357, 43.70052]
				},
				{
					"name": "flashwire7",
					"parent": "bottomwire_wholeleft2",
					"pivot": [-22.06158, 38.27973, 39.98544],
					"cubes": [
						{"origin": [-23.60068, 16.68198, 39.09659], "size": [3, 7, 3], "pivot": [-20.08686, 26.03686, 41.29227], "rotation": [130.47292, -58.6681, -28.16764], "uv": [383, 468], "mirror": true},
						{"origin": [-27.83918, 17.62275, 39.11325], "size": [3, 7, 3], "pivot": [-26.8197, 27.28887, 42.11261], "rotation": [157.65312, -66.82969, -40.77263], "uv": [362, 468], "mirror": true},
						{"origin": [-25.54886, 12.36068, 35.01705], "size": [3, 7, 3], "pivot": [-26.8197, 27.28887, 42.11261], "rotation": [-141.81806, -68.53169, -78.66566], "uv": [400, 468], "mirror": true}
					]
				},
				{
					"name": "wire7",
					"parent": "bottomwire_wholeleft2",
					"pivot": [-32.40221, 29.55631, 43.28696],
					"cubes": [
						{"origin": [-23.60068, 16.68198, 39.09659], "size": [3, 7, 3], "inflate": 0.05, "pivot": [-20.08686, 26.03686, 41.29227], "rotation": [130.47292, -58.6681, -28.16764], "uv": [256, 298], "mirror": true},
						{"origin": [-27.83918, 17.62275, 39.11325], "size": [3, 7, 3], "inflate": 0.05, "pivot": [-26.8197, 27.28887, 42.11261], "rotation": [157.65312, -66.82969, -40.77263], "uv": [256, 298], "mirror": true},
						{"origin": [-25.54886, 12.36068, 35.01705], "size": [3, 7, 3], "inflate": 0.05, "pivot": [-26.8197, 27.28887, 42.11261], "rotation": [-141.81806, -68.53169, -78.66566], "uv": [256, 298], "mirror": true}
					]
				},
				{
					"name": "bottomwire_wholeleft1",
					"parent": "bottomwire_wholeleft2",
					"pivot": [-22, 25.72357, 41.70052]
				},
				{
					"name": "wire6",
					"parent": "bottomwire_wholeleft1",
					"pivot": [-14.79114, 25.57334, 37.89946],
					"cubes": [
						{"origin": [-22.17712, 39.94568, 28.40349], "size": [3, 6, 3], "inflate": 0.05, "pivot": [-18.67712, 33.44568, 36.90349], "rotation": [177.98536, -71.98122, -85.81532], "uv": [256, 298], "mirror": true},
						{"origin": [-25.58727, 30.16216, 39.45464], "size": [3, 5, 3], "inflate": 0.05, "pivot": [-20.83686, 26.28686, 41.29227], "rotation": [157.31232, -71.67473, -73.31088], "uv": [256, 298], "mirror": true},
						{"origin": [-23.66724, 23.43964, 39.53317], "size": [3, 7, 3], "inflate": 0.05, "pivot": [-20.08686, 26.03686, 41.29227], "rotation": [112.94437, -63.48999, -22.30426], "uv": [256, 298], "mirror": true}
					]
				},
				{
					"name": "flashwire6",
					"parent": "bottomwire_wholeleft1",
					"pivot": [-22.06158, 38.27973, 39.98544],
					"cubes": [
						{"origin": [-22.17712, 39.94568, 28.40349], "size": [3, 6, 3], "pivot": [-18.67712, 33.44568, 36.90349], "rotation": [177.98536, -71.98122, -85.81532], "uv": [362, 468], "mirror": true},
						{"origin": [-25.58727, 30.16216, 39.45464], "size": [3, 5, 3], "pivot": [-20.83686, 26.28686, 41.29227], "rotation": [157.31232, -71.67473, -73.31088], "uv": [362, 468], "mirror": true},
						{"origin": [-23.66724, 23.43964, 39.53317], "size": [3, 7, 3], "pivot": [-20.08686, 26.03686, 41.29227], "rotation": [112.94437, -63.48999, -22.30426], "uv": [400, 468], "mirror": true}
					]
				},
				{
					"name": "topwire_left",
					"parent": "wires_left",
					"pivot": [-17.06158, 54.38875, 4.65134]
				},
				{
					"name": "topwire_wholeleft5",
					"parent": "topwire_left",
					"pivot": [-17.06158, 54.38875, 4.65134]
				},
				{
					"name": "topwire_left5",
					"parent": "topwire_wholeleft5",
					"pivot": [-14.56359, 50.70217, -6.45412],
					"cubes": [
						{"origin": [-21.10923, 61.57649, 12.88231], "size": [3, 6, 3], "inflate": 0.05, "pivot": [-19.00167, 59.84798, 14.76636], "rotation": [-70.93712, 6.72254, -10.54767], "uv": [256, 298], "mirror": true},
						{"origin": [-21.11873, 56.99239, 13.54424], "size": [3, 5, 3], "inflate": 0.05, "pivot": [-19.10314, 60.1288, 14.8576], "rotation": [-61.12931, 2.34738, -12.9762], "uv": [256, 298], "mirror": true},
						{"origin": [-19.75768, 54.76276, 7.02091], "size": [3, 6, 3], "inflate": 0.05, "pivot": [-18.25768, 56.26276, 8.77091], "rotation": [-59.80109, -6.8517, -15.49302], "uv": [256, 298], "mirror": true},
						{"origin": [-16.31359, 60.20217, -8.45412], "size": [3, 6, 3], "inflate": 0.05, "pivot": [-14.56359, 50.70217, -6.45412], "rotation": [-69.80109, -6.8517, -15.49302], "uv": [256, 298], "mirror": true}
					]
				},
				{
					"name": "flashwire_left5",
					"parent": "topwire_wholeleft5",
					"pivot": [-14.56359, 50.70217, -6.45412],
					"cubes": [
						{"origin": [-21.10923, 61.57649, 12.88231], "size": [3, 6, 3], "pivot": [-19.00167, 59.84798, 14.76636], "rotation": [-70.93712, 6.72254, -10.54767], "uv": [383, 468], "mirror": true},
						{"origin": [-21.11873, 56.99239, 13.54424], "size": [3, 5, 3], "pivot": [-19.10314, 60.1288, 14.8576], "rotation": [-61.12931, 2.34738, -12.9762], "uv": [362, 468], "mirror": true},
						{"origin": [-19.75768, 54.76276, 7.02091], "size": [3, 6, 3], "pivot": [-18.25768, 56.26276, 8.77091], "rotation": [-59.80109, -6.8517, -15.49302], "uv": [400, 468], "mirror": true},
						{"origin": [-16.31359, 60.20217, -8.45412], "size": [3, 6, 3], "pivot": [-14.56359, 50.70217, -6.45412], "rotation": [-69.80109, -6.8517, -15.49302], "uv": [383, 468], "mirror": true}
					]
				},
				{
					"name": "topwire_wholeleft4",
					"parent": "topwire_wholeleft5",
					"pivot": [-19.06158, 62.38875, 21.65134]
				},
				{
					"name": "topwire_left4",
					"parent": "topwire_wholeleft4",
					"pivot": [-23.03955, 56.5502, 37.73081],
					"cubes": [
						{"origin": [-20.85923, 68.82649, 12.38231], "size": [3, 7, 3], "inflate": 0.05, "pivot": [-18.75167, 61.09798, 14.26636], "rotation": [-80.99555, 1.78448, -11.33467], "uv": [256, 298], "mirror": true},
						{"origin": [-22.91603, 45.35965, 30.61183], "size": [3, 7, 3], "inflate": 0.05, "pivot": [-22.78955, 56.3002, 37.73081], "rotation": [-96.31359, -20.41207, -10.41079], "uv": [256, 298], "mirror": true},
						{"origin": [-25.01386, 49.65619, 33.53354], "size": [3, 7, 3], "inflate": 0.05, "pivot": [-23.03955, 56.5502, 37.73081], "rotation": [-130.96828, -32.16392, 2.52081], "uv": [256, 298], "mirror": true}
					]
				},
				{
					"name": "flashwire_left4",
					"parent": "topwire_wholeleft4",
					"pivot": [-23.03955, 56.5502, 37.73081],
					"cubes": [
						{"origin": [-20.85923, 68.82649, 12.38231], "size": [3, 7, 3], "pivot": [-18.75167, 61.09798, 14.26636], "rotation": [-80.99555, 1.78448, -11.33467], "uv": [400, 468], "mirror": true},
						{"origin": [-22.91603, 45.35965, 30.61183], "size": [3, 7, 3], "pivot": [-22.78955, 56.3002, 37.73081], "rotation": [-96.31359, -20.41207, -10.41079], "uv": [362, 468], "mirror": true},
						{"origin": [-25.01386, 49.65619, 33.53354], "size": [3, 7, 3], "pivot": [-23.03955, 56.5502, 37.73081], "rotation": [-130.96828, -32.16392, 2.52081], "uv": [383, 468], "mirror": true}
					]
				},
				{
					"name": "topwire_wholeleft3",
					"parent": "topwire_wholeleft4",
					"pivot": [-24.06158, 57.38875, 38.65134]
				},
				{
					"name": "topwire_left3",
					"parent": "topwire_wholeleft3",
					"pivot": [-20.87397, 44.4785, 39.2482],
					"cubes": [
						{"origin": [-22.91758, 42.41836, 29.47206], "size": [3, 7, 3], "inflate": 0.05, "pivot": [-20.87397, 44.4785, 39.2482], "rotation": [-173.95419, -71.49144, -8.19218], "uv": [256, 298], "mirror": true},
						{"origin": [-21.35705, 37.83292, 29.61833], "size": [3, 7, 3], "inflate": 0.05, "pivot": [-20.87397, 44.4785, 39.2482], "rotation": [-137.04582, -76.83008, -30.69524], "uv": [256, 298], "mirror": true},
						{"origin": [-23.57695, 33.72261, 28.82605], "size": [3, 7, 3], "inflate": 0.05, "pivot": [-20.87397, 44.4785, 39.2482], "rotation": [-147.03637, -61.64309, -4.22925], "uv": [256, 298], "mirror": true}
					]
				},
				{
					"name": "flashwire_left3",
					"parent": "topwire_wholeleft3",
					"pivot": [-20.87397, 44.4785, 39.2482],
					"cubes": [
						{"origin": [-22.91758, 42.41836, 29.47206], "size": [3, 7, 3], "pivot": [-20.87397, 44.4785, 39.2482], "rotation": [-173.95419, -71.49144, -8.19218], "uv": [383, 468], "mirror": true},
						{"origin": [-21.35705, 37.83292, 29.61833], "size": [3, 7, 3], "pivot": [-20.87397, 44.4785, 39.2482], "rotation": [-137.04582, -76.83008, -30.69524], "uv": [362, 468], "mirror": true},
						{"origin": [-23.57695, 33.72261, 28.82605], "size": [3, 7, 3], "pivot": [-20.87397, 44.4785, 39.2482], "rotation": [-147.03637, -61.64309, -4.22925], "uv": [400, 468], "mirror": true}
					]
				},
				{
					"name": "topwire_wholeleft2",
					"parent": "topwire_wholeleft3",
					"pivot": [-29.06158, 39.38875, 40.65134]
				},
				{
					"name": "topwire_left2",
					"parent": "topwire_wholeleft2",
					"pivot": [-7.33889, 28.11536, 42.76165],
					"cubes": [
						{"origin": [-23.16917, 43.15884, 28.55843], "size": [3, 7, 3], "inflate": 0.05, "pivot": [-20.87397, 44.4785, 39.2482], "rotation": [-170.95824, -71.00146, -52.68652], "uv": [256, 298], "mirror": true},
						{"origin": [-23.36563, 47.35689, 27.61319], "size": [3, 7, 3], "inflate": 0.05, "pivot": [-21.12397, 44.2285, 39.2482], "rotation": [-163.93422, -74.00601, -75.26291], "uv": [256, 298], "mirror": true},
						{"origin": [-25.91847, 51.64556, 28.68636], "size": [3, 7, 3], "inflate": 0.05, "pivot": [-20.37397, 44.7285, 42.2482], "rotation": [-167.16585, -73.66895, -84.81237], "uv": [256, 298], "mirror": true},
						{"origin": [-8.83889, 24.61536, 41.26165], "size": [3, 7, 3], "inflate": 0.05, "pivot": [-7.33889, 28.11536, 42.76165], "rotation": [-177.16585, -73.66895, -84.81237], "uv": [256, 298], "mirror": true}
					]
				},
				{
					"name": "flashwire_left2",
					"parent": "topwire_wholeleft2",
					"pivot": [-7.33889, 28.11536, 42.76165],
					"cubes": [
						{"origin": [-23.16917, 43.15884, 28.55843], "size": [3, 7, 3], "pivot": [-20.87397, 44.4785, 39.2482], "rotation": [-170.95824, -71.00146, -52.68652], "uv": [400, 468], "mirror": true},
						{"origin": [-23.36563, 47.35689, 27.61319], "size": [3, 7, 3], "pivot": [-21.12397, 44.2285, 39.2482], "rotation": [-163.93422, -74.00601, -75.26291], "uv": [362, 468], "mirror": true},
						{"origin": [-25.91847, 51.64556, 28.68636], "size": [3, 7, 3], "pivot": [-20.37397, 44.7285, 42.2482], "rotation": [-167.16585, -73.66895, -84.81237], "uv": [362, 468], "mirror": true},
						{"origin": [-8.83889, 24.61536, 41.26165], "size": [3, 7, 3], "pivot": [-7.33889, 28.11536, 42.76165], "rotation": [-177.16585, -73.66895, -84.81237], "uv": [362, 468], "mirror": true}
					]
				},
				{
					"name": "shoulder_left",
					"parent": "arm_left",
					"pivot": [-10.23437, 47.96126, -6.43455],
					"rotation": [10.5, 0, 0],
					"cubes": [
						{"origin": [-16.73437, 44.9613, -10.94327], "size": [7, 7, 8], "uv": [136, 198]}
					]
				},
				{
					"name": "bicep_left",
					"parent": "shoulder_left",
					"pivot": [-16.48437, 48.54854, -6.94518],
					"cubes": [
						{"origin": [-32.73437, 46.54854, -9.44518], "size": [16, 4, 5], "uv": [170, 116]},
						{"origin": [-28.73437, 46.04854, -9.94518], "size": [9, 5, 6], "uv": [204, 89]}
					]
				},
				{
					"name": "forearm_left",
					"parent": "bicep_left",
					"pivot": [-32.88728, 48.28959, -7.28941],
					"cubes": [
						{"origin": [-31.91579, 14.41907, -22.97833], "size": [5, 17, 5], "pivot": [-25.63728, 38.66907, -10.73478], "rotation": [-90, 90, 0], "uv": [28, 203]},
						{"origin": [-54.91579, 18.41907, -19.97833], "size": [23, 58, 0], "pivot": [-25.63728, 38.66907, -10.73478], "rotation": [-90, 90, 0], "uv": [0, 64]},
						{"origin": [-17.38728, 18.9, -3.95627], "size": [23, 58, 0], "pivot": [-16.88728, 47.91262, -3.95627], "rotation": [0, -90, 90], "uv": [0, 64], "mirror": true},
						{"origin": [-32.41579, 17.41907, -23.47833], "size": [6, 12, 6], "pivot": [-25.63728, 38.66907, -10.73478], "rotation": [-90, 90, 0], "uv": [48, 203]}
					]
				},
				{
					"name": "wrist_left",
					"parent": "forearm_left",
					"pivot": [-49.94884, 48.4703, -6.95611],
					"cubes": [
						{"origin": [-18.33606, 62.98063, -9.45611], "size": [5, 2, 5], "pivot": [-25.63728, 38.66907, -10.73478], "rotation": [0, 0, -90], "uv": [228, 7]}
					]
				},
				{
					"name": "hand_left",
					"parent": "wrist_left",
					"pivot": [-51.67571, 48.4532, -7.02878],
					"rotation": [-90, 25, -90]
				},
				{
					"name": "fingers_left",
					"parent": "hand_left",
					"pivot": [-50.89781, 42.17667, -8.02878]
				},
				{
					"name": "finger1_left",
					"parent": "fingers_left",
					"pivot": [-42.89781, 48.67667, -7.52878],
					"rotation": [-6.54554, -16.99672, 5.20904],
					"cubes": [
						{"origin": [-51.99178, 47.83636, -7.27625], "size": [3, 3, 3], "pivot": [-50.24178, 49.33636, -5.77625], "rotation": [-112.50202, -9.26974, -117.12586], "uv": [228, 14]},
						{"origin": [-50.99178, 45.33636, -6.77625], "size": [2, 4, 2], "pivot": [-49.74178, 49.33636, -5.77625], "rotation": [-125.00202, -9.26974, -117.12586], "uv": [192, 232]}
					]
				},
				{
					"name": "finger2_left2",
					"parent": "fingers_left",
					"pivot": [-50.89781, 42.17667, -8.02878],
					"cubes": [
						{"origin": [-55.49178, 49.08636, -7.27625], "size": [3, 3, 3], "pivot": [-53.74178, 50.58636, -5.77625], "rotation": [-124.13296, -28.41796, -104.55947], "uv": [210, 228]},
						{"origin": [-54.99178, 46.58636, -6.77625], "size": [2, 4, 2], "pivot": [-53.74178, 50.58636, -5.77625], "rotation": [-124.13296, -28.41796, -104.55947], "uv": [200, 232]}
					]
				},
				{
					"name": "finger3_left2",
					"parent": "fingers_left",
					"pivot": [-50.89781, 42.17667, -8.02878],
					"cubes": [
						{"origin": [-52.99178, 42.58636, -7.77625], "size": [2, 4, 2], "pivot": [-51.74178, 46.58636, -6.77625], "rotation": [-76.54715, 26.41669, -28.33512], "uv": [124, 233]},
						{"origin": [-53.49178, 45.08636, -8.27625], "size": [3, 3, 3], "pivot": [-51.74178, 46.58636, -6.77625], "rotation": [-76.54715, 26.41669, -28.33512], "uv": [222, 228]}
					]
				},
				{
					"name": "body3",
					"parent": "body",
					"pivot": [-0.5, 26.75, -1.5],
					"rotation": [-7.5, 0, 0],
					"cubes": [
						{"origin": [-10.5, 27.21363, 29.11734], "size": [21, 15, 19], "pivot": [11.58772, 49.62498, 16.17218], "rotation": [-82.5, 0, 0], "uv": [52, 0]},
						{"origin": [-7.5, 42.21363, 32.11734], "size": [15, 8, 14], "pivot": [11.58772, 49.62498, 16.17218], "rotation": [-82.5, 0, 0], "uv": [0, 144]}
					]
				},
				{
					"name": "tail",
					"parent": "body3",
					"pivot": [0, 27.27104, 17.89234]
				},
				{
					"name": "tail1",
					"parent": "tail",
					"pivot": [0, 26.82243, 18.75929],
					"cubes": [
						{"origin": [-2.5, 52.17941, 39.59523], "size": [5, 10, 6], "pivot": [11.58772, 53.59076, 15.65007], "rotation": [-82.5, 0, 0], "uv": [188, 216]}
					]
				},
				{
					"name": "tail_3",
					"parent": "tail1",
					"pivot": [0, 28.84558, 34.12669],
					"cubes": [
						{"origin": [-3.5, 60.19652, 35.85629], "size": [7, 6, 10], "pivot": [11.58772, 51.60787, 15.91113], "rotation": [-82.5, 0, 0], "uv": [188, 63]},
						{"origin": [2, 16.73626, 35.5229], "size": [14, 23, 0], "pivot": [7, 21.98626, 35.5229], "rotation": [-83.19577, -3.1622, 24.81197], "uv": [82, 183]},
						{"origin": [-1.87455, 31.04765, 40.10455], "size": [14, 23, 0], "pivot": [1.00397, 42.553, 39.10961], "rotation": [-89.976, -7.50959, 90.6065], "uv": [0, 192]},
						{"origin": [-16, 16.73626, 35.5229], "size": [14, 23, 0], "inflate": 0.05, "pivot": [-7, 21.98626, 35.5229], "rotation": [-83.19577, 3.1622, -24.81197], "uv": [0, 192]},
						{"origin": [-8.5, 75.21363, 31.61734], "size": [17, 3, 15], "pivot": [11.58772, 49.62498, 16.17218], "rotation": [-82.5, 0, 0], "uv": [124, 67]},
						{"origin": [-4.5, 68.21363, 33.11734], "size": [9, 3, 12], "pivot": [11.58772, 49.62498, 16.17218], "rotation": [-82.5, 0, 0], "uv": [371, 26]}
					]
				},
				{
					"name": "tail_fire",
					"parent": "tail_3",
					"pivot": [11.58772, 49.62498, 16.17218],
					"cubes": [
						{"origin": [-8.5, 75.21363, 31.61734], "size": [17, 3, 15], "inflate": 0.05, "pivot": [11.58772, 49.62498, 16.17218], "rotation": [-82.5, 0, 0], "uv": [0, 378]},
						{"origin": [-4.5, 68.21363, 33.11734], "size": [9, 3, 12], "inflate": 0.05, "pivot": [11.58772, 49.62498, 16.17218], "rotation": [-82.5, 0, 0], "uv": [20, 418]}
					]
				},
				{
					"name": "tail_flash",
					"parent": "tail_fire",
					"pivot": [0, 29.95506, 42.55397],
					"cubes": [
						{"origin": [2, 16.73626, 35.5229], "size": [14, 23, 0], "inflate": 0.08, "pivot": [7, 21.98626, 35.5229], "rotation": [-83.19577, -3.1622, 24.81197], "uv": [300, 448]},
						{"origin": [-1.38738, 28.31005, 30.68029], "size": [14, 23, 0], "inflate": 0.08, "pivot": [8.81262, 39.81005, 39.48029], "rotation": [-90, 7.5, -90], "uv": [300, 448]},
						{"origin": [-16, 16.73626, 35.5229], "size": [14, 23, 0], "inflate": 0.08, "pivot": [-7, 21.98626, 35.5229], "rotation": [-83.19577, 3.1622, -24.81197], "uv": [300, 448], "mirror": true},
						{"origin": [-8.5, 75.21363, 31.61734], "size": [17, 3, 15], "inflate": 0.05, "pivot": [11.58772, 49.62498, 16.17218], "rotation": [-82.5, 0, 0], "uv": [168, 494]},
						{"origin": [-4.5, 68.21363, 33.11734], "size": [9, 3, 12], "inflate": 0.05, "pivot": [11.58772, 49.62498, 16.17218], "rotation": [-82.5, 0, 0], "uv": [3, 497]}
					]
				},
				{
					"name": "tail_flash_dim",
					"parent": "tail_fire",
					"pivot": [0, 29.95506, 42.55397],
					"cubes": [
						{"origin": [2, 16.73626, 35.5229], "size": [14, 23, 0], "inflate": 0.08, "pivot": [7, 21.98626, 35.5229], "rotation": [-83.19577, -3.1622, 24.81197], "uv": [297, 415]},
						{"origin": [-1.28738, 28.31005, 30.68029], "size": [14, 23, 0], "inflate": 0.08, "pivot": [8.81262, 39.81005, 39.48029], "rotation": [-90, 7.5, -90], "uv": [297, 415]},
						{"origin": [-16, 16.73626, 35.5229], "size": [14, 23, 0], "inflate": 0.08, "pivot": [-7, 21.98626, 35.5229], "rotation": [-83.19577, 3.1622, -24.81197], "uv": [297, 415], "mirror": true},
						{"origin": [-8.5, 75.21363, 31.61734], "size": [17, 3, 15], "inflate": 0.05, "pivot": [11.58772, 49.62498, 16.17218], "rotation": [-82.5, 0, 0], "uv": [165, 461]},
						{"origin": [-4.5, 68.21363, 33.11734], "size": [9, 3, 12], "inflate": 0.05, "pivot": [11.58772, 49.62498, 16.17218], "rotation": [-82.5, 0, 0], "uv": [0, 464]}
					]
				},
				{
					"name": "tailrings",
					"parent": "tail_3",
					"pivot": [11.58772, 51.60787, 15.91113],
					"cubes": [
						{"origin": [-6.5, 66.19652, 33.85629], "size": [13, 5, 14], "pivot": [11.58772, 51.60787, 15.91113], "rotation": [-82.5, 0, 0], "uv": [58, 164]},
						{"origin": [-9, 73.19652, 32.35629], "size": [18, 5, 17], "pivot": [11.58772, 51.60787, 15.91113], "rotation": [-82.5, 0, 0], "uv": [0, 122]},
						{"origin": [-10, 80.19652, 31.85629], "size": [20, 5, 19], "pivot": [11.58772, 51.60787, 15.91113], "rotation": [-82.5, 0, 0], "uv": [46, 67]}
					]
				},
				{
					"name": "tailring_fire",
					"parent": "tailrings",
					"pivot": [0, 30.02032, 43.04969],
					"cubes": [
						{"origin": [-10, 27.93828, 40.55507], "size": [20, 5, 19], "inflate": 0.05, "pivot": [0, 30.43828, 50.05507], "rotation": [-82.5, 0, 0], "uv": [216, 350]},
						{"origin": [-9, 73.19652, 32.35629], "size": [18, 5, 17], "pivot": [11.58772, 51.60787, 15.91113], "rotation": [-82.5, 0, 0], "uv": [400, 287]}
					]
				},
				{
					"name": "tail_flash2",
					"parent": "tailring_fire",
					"pivot": [0, 30.02032, 43.04969],
					"cubes": [
						{"origin": [-6.5, 66.19652, 33.85629], "size": [13, 5, 14], "pivot": [11.58772, 51.60787, 15.91113], "rotation": [-82.5, 0, 0], "uv": [286, 481]},
						{"origin": [-9, 73.19652, 32.35629], "size": [18, 5, 17], "inflate": 0.03, "pivot": [11.58772, 51.60787, 15.91113], "rotation": [-82.5, 0, 0], "uv": [442, 476]},
						{"origin": [-10, 80.19652, 31.85629], "size": [20, 5, 19], "inflate": 0.05, "pivot": [11.58772, 51.60787, 15.91113], "rotation": [-82.5, 0, 0], "uv": [434, 356]}
					]
				},
				{
					"name": "tail_flash_dim2",
					"parent": "tailring_fire",
					"pivot": [0, 30.02032, 43.04969],
					"cubes": [
						{"origin": [-6.5, 66.19652, 33.85629], "size": [13, 5, 14], "pivot": [11.58772, 51.60787, 15.91113], "rotation": [-82.5, 0, 0], "uv": [156, 354]},
						{"origin": [-9, 73.19652, 32.35629], "size": [18, 5, 17], "inflate": 0.03, "pivot": [11.58772, 51.60787, 15.91113], "rotation": [-82.5, 0, 0], "uv": [312, 349]},
						{"origin": [-10, 80.19652, 31.85629], "size": [20, 5, 19], "inflate": 0.05, "pivot": [11.58772, 51.60787, 15.91113], "rotation": [-82.5, 0, 0], "uv": [304, 229]}
					]
				},
				{
					"name": "tail_6",
					"parent": "tail_3",
					"pivot": [0, 30.46304, 51.05352],
					"cubes": [
						{"origin": [-8.5, 25.41723, 48.4909], "size": [17, 12, 18], "pivot": [0.5, 31.41723, 57.4909], "rotation": [-82.5, 0, 0], "uv": [256, 6]},
						{"origin": [0, 19.40589, 63.45054], "size": [0, 21, 22], "pivot": [0, 31.89883, 61.95942], "rotation": [-79.77243, 11.43563, -130.98084], "uv": [70, 121]},
						{"origin": [0, 10.54206, 54.07543], "size": [0, 21, 22], "pivot": [0, 19.74206, 64.57543], "rotation": [-62.5, 0, 0], "uv": [70, 121]},
						{"origin": [0, 19.40589, 63.45054], "size": [0, 21, 22], "pivot": [0, 31.89883, 61.95942], "rotation": [-80.26078, -11.00072, 133.49069], "uv": [70, 121]}
					]
				},
				{
					"name": "tail_fire1",
					"parent": "tail_6",
					"pivot": [0.5, 31.41723, 57.4909],
					"cubes": [
						{"origin": [-8.5, 25.41723, 48.4909], "size": [17, 12, 18], "inflate": 0.05, "pivot": [0.5, 31.41723, 57.4909], "rotation": [-82.5, 0, 0], "uv": [14, 301]}
					]
				},
				{
					"name": "tail_flash3",
					"parent": "tail_fire1",
					"pivot": [0.5, 31.41723, 57.4909],
					"cubes": [
						{"origin": [-8.5, 25.41723, 48.4909], "size": [17, 12, 18], "inflate": 0.05, "pivot": [0.5, 31.41723, 57.4909], "rotation": [-82.5, 0, 0], "uv": [356, 390]}
					]
				},
				{
					"name": "tail_7",
					"parent": "tail_6",
					"pivot": [0, 31.76993, 64.00056],
					"cubes": [
						{"origin": [-6.5, 95.31849, 36.2172], "size": [13, 13, 15], "pivot": [11.58772, 52.72984, 16.77204], "rotation": [-82.5, 0, 0], "uv": [440, 0]}
					]
				},
				{
					"name": "tail_fire2",
					"parent": "tail_7",
					"pivot": [11.58772, 52.72984, 16.77204],
					"cubes": [
						{"origin": [-6.5, 95.31849, 36.2172], "size": [13, 13, 15], "inflate": 0.05, "pivot": [11.58772, 52.72984, 16.77204], "rotation": [-82.5, 0, 0], "uv": [82, 338]}
					]
				},
				{
					"name": "tail8",
					"parent": "tail_7",
					"pivot": [0, 33.20571, 74.90645],
					"cubes": [
						{"origin": [0, 106.31849, 37.2172], "size": [0, 11, 13], "pivot": [11.58772, 52.72984, 16.77204], "rotation": [-82.5, 0, 0], "uv": [110, 192]}
					]
				},
				{
					"name": "tail_fire3",
					"parent": "tail8",
					"pivot": [11.58772, 52.72984, 16.77204],
					"cubes": [
						{"origin": [0, 106.31849, 37.2172], "size": [0, 11, 13], "inflate": 0.05, "pivot": [11.58772, 52.72984, 16.77204], "rotation": [-82.5, 0, 0], "uv": [139, 439]}
					]
				},
				{
					"name": "tail9",
					"parent": "tail8",
					"pivot": [0, 34.68038, 82.27703],
					"cubes": [
						{"origin": [0, 112.31849, 39.2172], "size": [0, 12, 8], "pivot": [11.58772, 52.72984, 16.77204], "rotation": [-82.5, 0, 0], "uv": [48, 221]}
					]
				},
				{
					"name": "tail_fire4",
					"parent": "tail9",
					"pivot": [11.58772, 52.72984, 16.77204],
					"cubes": [
						{"origin": [0, 112.31849, 39.2172], "size": [0, 12, 8], "inflate": 0.05, "pivot": [11.58772, 52.72984, 16.77204], "rotation": [-82.5, 0, 0], "uv": [212, 441]}
					]
				},
				{
					"name": "tail_10",
					"parent": "tail9",
					"pivot": [0, 35.85512, 91.20003],
					"cubes": [
						{"origin": [0, 118.31849, 41.2172], "size": [0, 18, 4], "pivot": [11.58772, 52.72984, 16.77204], "rotation": [-82.5, 0, 0], "uv": [64, 221]},
						{"origin": [0, 33.0467, 90.77436], "size": [0, 12, 5], "pivot": [0, 38.5467, 93.77436], "rotation": [-41.5, 0, 0], "uv": [112, 247]},
						{"origin": [0, 26.25809, 95.02323], "size": [0, 11, 5], "inflate": 0.01, "pivot": [0, 32.59369, 96.10061], "rotation": [-128.5, 0, 0], "uv": [129, 250], "mirror": true}
					]
				},
				{
					"name": "legs",
					"parent": "body",
					"pivot": [0, 23, 9.75]
				},
				{
					"name": "leg_right",
					"parent": "legs",
					"pivot": [10, 27, 6]
				},
				{
					"name": "thigh_right",
					"parent": "leg_right",
					"pivot": [15, 23, 9]
				},
				{
					"name": "thighL_2",
					"parent": "thigh_right",
					"pivot": [13.33733, 18.29774, 3.73957]
				},
				{
					"name": "thighL_3",
					"parent": "thigh_right",
					"pivot": [26, 23, 9],
					"cubes": [
						{"origin": [13.25, 14.55, -8.1], "size": [2, 6, 19], "pivot": [13.75, 24.77223, 8.19799], "rotation": [-12.5, 0, 0], "uv": [168, 128]},
						{"origin": [14.25, 11.78505, -9.47757], "size": [0, 7, 10], "pivot": [14.25, 15.28505, -5.47757], "rotation": [7.5, 0, 0], "uv": [218, 149]}
					]
				},
				{
					"name": "thighL_7",
					"parent": "thigh_right",
					"pivot": [15.25, 30.25, 7.75],
					"cubes": [
						{"origin": [9.25, 14.91371, -2.70632], "size": [9, 18, 19], "inflate": 0.01, "pivot": [13.75, 23.07223, 6.89799], "rotation": [-35, 0, 0], "uv": [114, 91]},
						{"origin": [13.25, 14.61371, -5.20632], "size": [2, 16, 15], "inflate": 0.01, "pivot": [13.75, 24.77223, 8.39799], "rotation": [-35, 0, 0], "uv": [170, 85]}
					]
				},
				{
					"name": "ankle_right2",
					"parent": "leg_right",
					"pivot": [13.5, 17.2, 10.5],
					"cubes": [
						{"origin": [9.5, 9.5, 7], "size": [8, 11, 7], "uv": [192, 168]}
					]
				},
				{
					"name": "ankle_right",
					"parent": "ankle_right2",
					"pivot": [15.5, 10, 11],
					"cubes": [
						{"origin": [10.5, 0.66028, 5.65946], "size": [6, 12, 5], "pivot": [13.5, 6.66028, 8.15946], "rotation": [-42.5, 0, 0], "uv": [0, 215]}
					]
				},
				{
					"name": "foot_right",
					"parent": "ankle_right",
					"pivot": [13.5, 4, 6.25],
					"cubes": [
						{"origin": [10, 0, -2.25], "size": [7, 4, 9], "uv": [166, 202]}
					]
				},
				{
					"name": "toes_right",
					"parent": "foot_right",
					"pivot": [14, 0, 0]
				},
				{
					"name": "toe1_right",
					"parent": "toes_right",
					"pivot": [30, 0, -14],
					"rotation": [0, -25, 0],
					"cubes": [
						{"origin": [21.24954, 0, -4.86905], "size": [2, 2, 2], "uv": [166, 198]},
						{"origin": [21.24954, 0, -2.86905], "size": [2, 3, 3], "uv": [114, 229]},
						{"origin": [20.74954, 0, 0.13095], "size": [3, 3, 4], "uv": [28, 192]}
					]
				},
				{
					"name": "toe2_right",
					"parent": "toes_right",
					"pivot": [15.25, 0, -12],
					"rotation": [0, 25, 0],
					"cubes": [
						{"origin": [5.99954, 0, -7.38095], "size": [3, 3, 3], "uv": [102, 229]},
						{"origin": [6.59954, 0, -10.38095], "size": [2, 3, 3], "uv": [0, 232]},
						{"origin": [6.59954, 0, -12.38095], "size": [2, 2, 2], "uv": [174, 198]}
					]
				},
				{
					"name": "toe3_right",
					"parent": "toes_right",
					"pivot": [30, 0, -14],
					"cubes": [
						{"origin": [13, 0, -6.65], "size": [1, 2, 2], "uv": [182, 61]},
						{"origin": [13.5, 0, -6.65], "size": [0, 6, 11], "uv": [166, 215]},
						{"origin": [13.5, 0, -11.65], "size": [0, 9, 5], "uv": [58, 144]},
						{"origin": [13, 0.26551, -5.43686], "size": [1, 2, 4], "inflate": 0.01, "pivot": [13.5, 1.45529, -4.58213], "rotation": [32.5, 0, 0], "uv": [10, 232]}
					]
				},
				{
					"name": "leg_left",
					"parent": "legs",
					"pivot": [-10, 27, 6]
				},
				{
					"name": "thigh_left",
					"parent": "leg_left",
					"pivot": [-15, 23, 9]
				},
				{
					"name": "thighL_4",
					"parent": "thigh_left",
					"pivot": [-13.33733, 18.29774, 3.73957]
				},
				{
					"name": "thighL_5",
					"parent": "thigh_left",
					"pivot": [-26, 23, 9],
					"cubes": [
						{"origin": [-15.25, 14.55, -8.1], "size": [2, 6, 19], "pivot": [-13.75, 24.77223, 8.19799], "rotation": [-12.5, 0, 0], "uv": [168, 128], "mirror": true},
						{"origin": [-14.25, 11.78505, -9.47757], "size": [0, 7, 10], "pivot": [-14.25, 15.28505, -5.47757], "rotation": [7.5, 0, 0], "uv": [218, 149], "mirror": true}
					]
				},
				{
					"name": "thighL_6",
					"parent": "thigh_left",
					"pivot": [-15.25, 30.25, 7.75],
					"cubes": [
						{"origin": [-18.25, 14.91371, -2.70632], "size": [9, 18, 19], "inflate": 0.01, "pivot": [-13.75, 23.07223, 6.89799], "rotation": [-35, 0, 0], "uv": [114, 91], "mirror": true},
						{"origin": [-15.25, 14.61371, -5.20632], "size": [2, 16, 15], "inflate": 0.01, "pivot": [-13.75, 24.77223, 8.39799], "rotation": [-35, 0, 0], "uv": [170, 85], "mirror": true}
					]
				},
				{
					"name": "ankle_left2",
					"parent": "leg_left",
					"pivot": [-13.5, 15, 10.5],
					"cubes": [
						{"origin": [-17.5, 9.5, 7], "size": [8, 11, 7], "uv": [192, 168], "mirror": true}
					]
				},
				{
					"name": "ankle_left",
					"parent": "ankle_left2",
					"pivot": [-13.5, 9.66028, 10.15946],
					"cubes": [
						{"origin": [-16.5, 0.02219, 9.01862], "size": [6, 12, 5], "pivot": [-13.5, 10.66028, 10.65946], "rotation": [-42.5, 0, 0], "uv": [0, 215], "mirror": true}
					]
				},
				{
					"name": "foot_left",
					"parent": "ankle_left",
					"pivot": [-13.5, 4, 6.25],
					"cubes": [
						{"origin": [-17, 0, -2.25], "size": [7, 4, 9], "uv": [166, 202], "mirror": true}
					]
				},
				{
					"name": "toes_left",
					"parent": "foot_left",
					"pivot": [-14, 0, 0]
				},
				{
					"name": "toe1_left",
					"parent": "toes_left",
					"pivot": [-30, 0, -14],
					"rotation": [0, 25, 0],
					"cubes": [
						{"origin": [-23.24954, 0, -4.86905], "size": [2, 2, 2], "uv": [166, 198], "mirror": true},
						{"origin": [-23.24954, 0, -2.86905], "size": [2, 3, 3], "uv": [114, 229], "mirror": true},
						{"origin": [-23.74954, 0, 0.13095], "size": [3, 3, 4], "uv": [28, 192], "mirror": true}
					]
				},
				{
					"name": "toe2_left",
					"parent": "toes_left",
					"pivot": [-15.25, 0, -12],
					"rotation": [0, -25, 0],
					"cubes": [
						{"origin": [-8.99954, 0, -7.38095], "size": [3, 3, 3], "uv": [102, 229], "mirror": true},
						{"origin": [-8.59954, 0, -10.38095], "size": [2, 3, 3], "uv": [0, 232], "mirror": true},
						{"origin": [-8.59954, 0, -12.38095], "size": [2, 2, 2], "uv": [174, 198], "mirror": true}
					]
				},
				{
					"name": "toe3_left",
					"parent": "toes_left",
					"pivot": [-30, 0, -14],
					"cubes": [
						{"origin": [-14, 0, -6.65], "size": [1, 2, 2], "uv": [182, 61], "mirror": true},
						{"origin": [-13.5, 0, -6.65], "size": [0, 6, 11], "uv": [166, 215], "mirror": true},
						{"origin": [-13.5, 0, -11.65], "size": [0, 9, 5], "uv": [58, 144], "mirror": true},
						{"origin": [-14, 0.26551, -5.43686], "size": [1, 2, 4], "inflate": 0.01, "pivot": [-13.5, 1.45529, -4.58213], "rotation": [32.5, 0, 0], "uv": [10, 232], "mirror": true}
					]
				}
			]
		}
	]
}