{
	"format_version": "1.8.0",
	"animations": {
		"animation.meowstic_m.ground_idle": {
			"loop": true,
			"animation_length": 4,
			"bones": {
				"arm_l": {
					"rotation": [-5, 0, -10]
				},
				"leg_r": {
					"rotation": [10, 0, 5]
				},
				"leg_l": {
					"rotation": [-10, 0, -5]
				},
				"head": {
					"rotation": {
						"0.0": [0, 0, 0],
						"2.0": [5, 0, 0],
						"4.0": [0, 0, 0]
					}
				},
				"tail": {
					"rotation": {
						"0.0": [0, 0, 0],
						"2.0": [5, 0, 0],
						"4.0": [0, 0, 0]
					}
				}
			}
		},
		"animation.meowstic_m.battle_idle": {
			"loop": true,
			"animation_length": 4,
			"bones": {
				"arm_l": {
					"rotation": [-5, 0, -15]
				},
				"leg_r": {
					"rotation": [10, 0, 10]
				},
				"leg_l": {
					"rotation": [-12.5, 0, -10]
				},
				"head": {
					"rotation": {
						"0.0": [0, 0, 0],
						"2.0": [5, 0, 0],
						"4.0": [0, 0, 0]
					}
				},
				"tail": {
					"rotation": {
						"0.0": [0, 0, 0],
						"2.0": [5, 0, 0],
						"4.0": [0, 0, 0]
					}
				},
				"body": {
					"rotation": [2.5, 0, 0]
				},
				"arm_r": {
					"rotation": [0, 0, 5]
				}
			}
		},
		"animation.meowstic_m.ground_walk": {
			"loop": true,
			"animation_length": 1,
			"bones": {
				"body": {
					"position": {
						"0.0": [0, -0.5, 0],
						"0.25": [0, 0, 0],
						"0.5": [0, -0.5, 0],
						"0.75": [0, 0, 0],
						"1.0": [0, -0.5, 0]
					}
				},
				"arm_r": {
					"rotation": {
						"0.0": [-20, 0, 0],
						"0.5": [20, 0, 0],
						"1.0": [-20, 0, 0]
					}
				},
				"arm_l": {
					"rotation": {
						"0.0": [20, 0, 0],
						"0.5": [-20, 0, 0],
						"1.0": [20, 0, 0]
					}
				},
				"leg_r": {
					"rotation": {
						"0.0": [20, 0, 0],
						"0.5": [-20, 0, 0],
						"1.0": [20, 0, 0]
					}
				},
				"leg_l": {
					"rotation": {
						"0.0": [-20, 0, 0],
						"0.5": [20, 0, 0],
						"1.0": [-20, 0, 0]
					}
				}
			}
		},
		"animation.meowstic_m.faint": {
			"animation_length": 3.5,
			"bones": {
				"body": {
					"rotation": {
						"0.0": [0, 0, 0],
						"0.375": [-5, 0, 0],
						"0.75": [5, 0, 0],
						"1.125": [-5, 0, 0],
						"1.5": [5, 0, 0],
						"2.25": [90, 0, 0]
					},
					"position": {
						"0.0": [0, 0, 0],
						"0.375": [0, 0, -0.5],
						"0.75": [0, 0, 0.5],
						"1.125": [0, 0, -0.5],
						"1.5": [0, 0, 0.5],
						"2.25": [0, 2, 0]
					}
				},
				"head": {
					"rotation": {
						"0.0": [0, 0, 0],
						"0.375": [-5, 0, 0],
						"0.75": [5, 0, 0],
						"1.125": [-5, 0, 0],
						"1.5": [-12.5, 0, 0]
					}
				},
				"eye_l": {
					"position": {
						"1.2083": [0, 0, 0],
						"1.25": [0, 0, 0.04]
					}
				},
				"closed_l": {
					"position": {
						"1.2083": [0, 0, 0],
						"1.25": [0, 0, -0.06]
					}
				},
				"eye_r": {
					"position": [0, 0, 0.04]
				},
				"closed_r": {
					"position": [0, 0, -0.06]
				},
				"arm_r": {
					"rotation": {
						"1.5": [0, 0, 0],
						"2.0": [30, 0, 0],
						"2.5": [-10, 0, 0]
					}
				},
				"arm_l": {
					"rotation": {
						"1.5": [0, 0, 0],
						"2.0": [30, 0, 0],
						"2.5": [-10, 0, 0]
					}
				},
				"tail": {
					"rotation": {
						"0.0": [0, 0, 0],
						"1.5": [0, 0, 0],
						"2.25": [-102.48909, -0.23108, 0.03748]
					}
				},
				"leg_r": {
					"rotation": {
						"0.0": [0, 0, 0],
						"0.375": [5, 0, 0],
						"0.75": [-5, 0, 0],
						"1.125": [5, 0, 0],
						"1.5": [-5, 0, 0],
						"2.25": [15, 0, 0]
					}
				},
				"leg_l": {
					"rotation": {
						"0.0": [0, 0, 0],
						"0.375": [5, 0, 0],
						"0.75": [-5, 0, 0],
						"1.125": [5, 0, 0],
						"1.5": [-5, 0, 0],
						"2.25": [15, 0, 0]
					}
				}
			}
		},
		"animation.meowstic_m.sleep": {
			"loop": true,
			"animation_length": 0.25,
			"bones": {
				"body": {
					"rotation": [0, 0, 90],
					"position": [-10, 4, 0]
				},
				"arm_r": {
					"rotation": [-90, -32.5, 0]
				},
				"arm_l": {
					"rotation": [-90, 37.5, 0]
				},
				"tail1": {
					"rotation": [0, -7.5, 0]
				},
				"tail2": {
					"rotation": [1.22383, 15.24329, -14.26021]
				},
				"leg_r": {
					"rotation": [-90, 0, 0]
				},
				"leg_l": {
					"rotation": [-90, 0, 0]
				},
				"head": {
					"rotation": [24.47761, 5.24826, -11.36081]
				},
				"eye_l": {
					"position": {
						"0.0": [0, 0, 0.05],
						"0.25": [0, 0, 0.05]
					}
				},
				"eye_r": {
					"position": {
						"0.0": [0, 0, 0.05],
						"0.25": [0, 0, 0.05]
					}
				},
				"tail": {
					"rotation": [-197.5, 0, 0]
				},
				"closed_l": {
					"position": {
						"0.0": [0, 0, -0.07],
						"0.25": [0, 0, -0.07]
					}
				},
				"closed_r": {
					"position": {
						"0.0": [0, 0, -0.07],
						"0.25": [0, 0, -0.07]
					}
				},
				"collar": {
					"rotation": [24.4776, 5.2483, -11.3608]
				}
			}
		},
		"animation.meowstic_m.blink": {
			"animation_length": 0.25,
			"bones": {
				"eye_l": {
					"position": {
						"0.0": [0, 0, 0],
						"0.0417": [0, 0, 0.05],
						"0.2083": [0, 0, 0.05],
						"0.25": [0, 0, 0]
					}
				},
				"closed_l": {
					"position": {
						"0.0": [0, 0, 0],
						"0.0417": [0, 0, -0.07],
						"0.2083": [0, 0, -0.07],
						"0.25": [0, 0, 0]
					}
				},
				"eye_r": {
					"position": {
						"0.0": [0, 0, 0],
						"0.0417": [0, 0, 0.05],
						"0.2083": [0, 0, 0.05],
						"0.25": [0, 0, 0]
					}
				},
				"closed_r": {
					"position": {
						"0.0": [0, 0, 0],
						"0.0417": [0, 0, -0.07],
						"0.2083": [0, 0, -0.07],
						"0.25": [0, 0, 0]
					}
				}
			}
		},
		"animation.meowstic_m.cry": {
			"animation_length": 2,
			"bones": {
				"head": {
					"rotation": {
						"0.0": [0, 0, 0],
						"0.25": [2.5, 0, 0],
						"0.75": [-10, 0, 0],
						"1.25": [-10, 0, 0],
						"1.75": [-10, 0, 0],
						"2.0": [0, 0, 0]
					}
				},
				"mouth": {
					"position": {
						"0.0": [0, 0, 0],
						"0.5": [0, 0, 0],
						"0.5417": [0, 0, -0.02],
						"1.75": [0, 0, -0.02],
						"1.7917": [0, 0, 0]
					}
				}
			}
		},
		"animation.meowstic_m.recoil": {
			"animation_length": 1.5,
			"bones": {
				"neck": {
					"rotation": {
						"0.0": [0, 0, 0],
						"0.0417": {
							"pre": [10, 0, 0],
							"post": [10, 0, 0],
							"lerp_mode": "catmullrom"
						},
						"0.4583": {
							"post": [-2.9, 1.5, 0],
							"lerp_mode": "catmullrom"
						},
						"1.1667": {
							"post": [-0.3, 0, 0],
							"lerp_mode": "catmullrom"
						},
						"1.5": [0, 0, 0]
					}
				},
				"eye_r_closed": {
					"position": {
						"0.0": [-0.27, 0, 0],
						"0.25": {
							"pre": [-0.27, 0, 0],
							"post": [-0.27, 0, 0]
						},
						"0.2917": {
							"pre": [-0.27, 0, 0],
							"post": [0, 0, 0]
						}
					}
				},
				"eye_l_closed": {
					"position": {
						"0.0": [0.27, 0, 0],
						"0.25": {
							"pre": [0.27, 0, 0],
							"post": [0.27, 0, 0]
						},
						"0.2917": {
							"pre": [0.27, 0, 0],
							"post": [0, 0, 0]
						}
					}
				},
				"shoulder_l": {
					"rotation": {
						"0.0": [0, 0, 0],
						"0.125": {
							"pre": [-3, -2.5, 0],
							"post": [-3, -2.5, 0],
							"lerp_mode": "catmullrom"
						},
						"0.8333": {
							"post": [0, 0, 0],
							"lerp_mode": "catmullrom"
						},
						"1.5": [0, 0, 0]
					}
				},
				"forearm_l": {
					"rotation": {
						"0.0": [0, 0, 0],
						"0.125": {
							"pre": [-8, 0, 0],
							"post": [-8, 0, 0],
							"lerp_mode": "catmullrom"
						},
						"0.8333": {
							"post": [0, 0, 0],
							"lerp_mode": "catmullrom"
						},
						"1.5": [0, 0, 0]
					}
				},
				"paw_fl": {
					"rotation": {
						"0.0": [0, 0, 0],
						"0.125": {
							"pre": [12, 0, 0],
							"post": [12, 0, 0],
							"lerp_mode": "catmullrom"
						},
						"0.8333": {
							"post": [0, 0, 0],
							"lerp_mode": "catmullrom"
						},
						"1.5": [0, 0, 0]
					}
				},
				"shoulder_r": {
					"rotation": {
						"0.0": [0, 0, 0],
						"0.125": {
							"pre": [-3, 2.5, 0],
							"post": [-3, 2.5, 0],
							"lerp_mode": "catmullrom"
						},
						"0.8333": {
							"post": [0, 0, 0],
							"lerp_mode": "catmullrom"
						},
						"1.5": [0, 0, 0]
					}
				},
				"forearm_r": {
					"rotation": {
						"0.0": [0, 0, 0],
						"0.125": {
							"pre": [-8, 0, 0],
							"post": [-8, 0, 0],
							"lerp_mode": "catmullrom"
						},
						"0.8333": {
							"post": [0, 0, 0],
							"lerp_mode": "catmullrom"
						},
						"1.5": [0, 0, 0]
					}
				},
				"paw_fr": {
					"rotation": {
						"0.0": [0, 0, 0],
						"0.125": {
							"pre": [12, 0, 0],
							"post": [12, 0, 0],
							"lerp_mode": "catmullrom"
						},
						"0.8333": {
							"post": [0, 0, 0],
							"lerp_mode": "catmullrom"
						},
						"1.5": [0, 0, 0]
					}
				},
				"thigh_r": {
					"rotation": {
						"0.0": [0, 0, 0],
						"0.125": {
							"pre": [-8, 0, 0],
							"post": [-8, 0, 0],
							"lerp_mode": "catmullrom"
						},
						"0.8333": {
							"post": [0, 0, 0],
							"lerp_mode": "catmullrom"
						},
						"1.5": [0, 0, 0]
					}
				},
				"knee_r": {
					"rotation": {
						"0.0": [0, 0, 0],
						"0.125": {
							"pre": [15.5, 0, 0],
							"post": [15.5, 0, 0],
							"lerp_mode": "catmullrom"
						},
						"0.8333": {
							"post": [-1.5, 0, 0],
							"lerp_mode": "catmullrom"
						},
						"1.5": [0, 0, 0]
					}
				},
				"calf_r": {
					"rotation": {
						"0.0": [0, 0, 0],
						"0.125": {
							"pre": [-8, 0, 0],
							"post": [-8, 0, 0],
							"lerp_mode": "catmullrom"
						},
						"0.8333": {
							"post": [3.5, 0, 0],
							"lerp_mode": "catmullrom"
						},
						"1.5": [0, 0, 0]
					}
				},
				"paw_br": {
					"rotation": {
						"0.0": [0, 0, 0],
						"0.125": {
							"pre": [8, 0, 0],
							"post": [8, 0, 0],
							"lerp_mode": "catmullrom"
						},
						"0.8333": {
							"post": [-4, 0, 0],
							"lerp_mode": "catmullrom"
						},
						"1.5": [0, 0, 0]
					}
				},
				"thigh_l": {
					"rotation": {
						"0.0": [0, 0, 0],
						"0.125": {
							"pre": [-8, 0, 0],
							"post": [-8, 0, 0],
							"lerp_mode": "catmullrom"
						},
						"0.8333": {
							"post": [0, 0, 0],
							"lerp_mode": "catmullrom"
						},
						"1.5": [0, 0, 0]
					}
				},
				"knee_l": {
					"rotation": {
						"0.0": [0, 0, 0],
						"0.125": {
							"pre": [15.5, 0, 0],
							"post": [15.5, 0, 0],
							"lerp_mode": "catmullrom"
						},
						"0.8333": {
							"post": [-1.5, 0, 0],
							"lerp_mode": "catmullrom"
						},
						"1.5": [0, 0, 0]
					}
				},
				"calf_l": {
					"rotation": {
						"0.0": [0, 0, 0],
						"0.125": {
							"pre": [-8, 0, 0],
							"post": [-8, 0, 0],
							"lerp_mode": "catmullrom"
						},
						"0.8333": {
							"post": [3.5, 0, 0],
							"lerp_mode": "catmullrom"
						},
						"1.5": [0, 0, 0]
					}
				},
				"paw_bl": {
					"rotation": {
						"0.0": [0, 0, 0],
						"0.125": {
							"pre": [8, 0, 0],
							"post": [8, 0, 0],
							"lerp_mode": "catmullrom"
						},
						"0.8333": {
							"post": [-4, 0, 0],
							"lerp_mode": "catmullrom"
						},
						"1.5": [0, 0, 0]
					}
				},
				"body": {
					"rotation": {
						"0.0": [0, 0, 0],
						"0.125": {
							"pre": [-8, 1, 0],
							"post": [-8, 1, 0],
							"lerp_mode": "catmullrom"
						},
						"0.8333": {
							"post": [1, 0, 0],
							"lerp_mode": "catmullrom"
						},
						"1.5": [0, 0, 0]
					}
				},
				"head": {
					"rotation": {
						"0.0": [0, 0, 0],
						"0.0417": {
							"pre": [7.5, 0, 0],
							"post": [7.5, 0, 0],
							"lerp_mode": "catmullrom"
						},
						"0.4583": {
							"post": [-2.9, 1.5, 0],
							"lerp_mode": "catmullrom"
						},
						"1.1667": {
							"post": [-0.3, 0, 0],
							"lerp_mode": "catmullrom"
						},
						"1.5": [0, 0, 0]
					}
				},
				"eye_l": {
					"position": {
						"0.0": [0, 0, 0.25],
						"0.25": {
							"pre": [0, 0, 0.25],
							"post": [0, 0, 0.25]
						},
						"0.2917": {
							"pre": [0, 0, 0.25],
							"post": [0, 0, 0]
						}
					}
				},
				"closed_l": {
					"position": {
						"0.0": [0, 0, -0.27],
						"0.25": {
							"pre": [0, 0, -0.27],
							"post": [0, 0, -0.27]
						},
						"0.2917": {
							"pre": [0, 0, -0.27],
							"post": [0, 0, 0]
						}
					}
				},
				"eye_r": {
					"position": {
						"0.0": [0, 0, 0.25],
						"0.25": {
							"pre": [0, 0, 0.25],
							"post": [0, 0, 0.25]
						},
						"0.2917": {
							"pre": [0, 0, 0.25],
							"post": [0, 0, 0]
						}
					}
				},
				"closed_r": {
					"position": {
						"0.0": [0, 0, -0.27],
						"0.25": {
							"pre": [0, 0, -0.27],
							"post": [0, 0, -0.27]
						},
						"0.2917": {
							"pre": [0, 0, -0.27],
							"post": [0, 0, 0]
						}
					}
				},
				"tail1_c": {
					"rotation": {
						"0.0": [0, 0, 0],
						"0.25": [-5, 0, 0],
						"0.8333": [2.5, 0, 0],
						"1.0833": [0, 0, 0]
					}
				},
				"tail1_d": {
					"rotation": {
						"0.0": [0, 0, 0],
						"0.25": [-5, 0, 0],
						"0.8333": [2.5, 0, 0],
						"1.0833": [0, 0, 0]
					}
				},
				"tail1_e": {
					"rotation": {
						"0.0": [0, 0, 0],
						"0.25": [-5, 0, 0],
						"0.8333": [2.5, 0, 0],
						"1.0833": [0, 0, 0]
					}
				},
				"tail1_f": {
					"rotation": {
						"0.0": [0, 0, 0],
						"0.25": [-5, 0, 0],
						"0.8333": [2.5, 0, 0],
						"1.0833": [0, 0, 0]
					}
				},
				"tail1_g": {
					"rotation": {
						"0.0": [0, 0, 0],
						"0.25": [-5, 0, 0],
						"0.8333": [2.5, 0, 0],
						"1.0833": [0, 0, 0]
					}
				},
				"tail1_h": {
					"rotation": {
						"0.0": [0, 0, 0],
						"0.25": [-5, 0, 0],
						"0.8333": [2.5, 0, 0],
						"1.0833": [0, 0, 0]
					}
				},
				"tail1_c2": {
					"rotation": {
						"0.0": [0, 0, 0],
						"0.25": [-5, 0, 0],
						"0.8333": [2.5, 0, 0],
						"1.0833": [0, 0, 0]
					}
				},
				"tail1_d2": {
					"rotation": {
						"0.0": [0, 0, 0],
						"0.25": [-5, 0, 0],
						"0.8333": [2.5, 0, 0],
						"1.0833": [0, 0, 0]
					}
				},
				"tail1_e2": {
					"rotation": {
						"0.0": [0, 0, 0],
						"0.25": [-5, 0, 0],
						"0.8333": [2.5, 0, 0],
						"1.0833": [0, 0, 0]
					}
				},
				"tail1_f2": {
					"rotation": {
						"0.0": [0, 0, 0],
						"0.25": [-5, 0, 0],
						"0.8333": [2.5, 0, 0],
						"1.0833": [0, 0, 0]
					}
				},
				"tail1_g2": {
					"rotation": {
						"0.0": [0, 0, 0],
						"0.25": [-5, 0, 0],
						"0.8333": [2.5, 0, 0],
						"1.0833": [0, 0, 0]
					}
				},
				"tail1_h2": {
					"rotation": {
						"0.0": [0, 0, 0],
						"0.25": [-5, 0, 0],
						"0.8333": [2.5, 0, 0],
						"1.0833": [0, 0, 0]
					}
				}
			}
		},
		"animation.meowstic_m.physical": {
			"animation_length": 1.5,
			"bones": {
				"body": {
					"rotation": {
						"0.0": [0, 0, 0],
						"0.25": [0, -25, 0],
						"0.5": [0, 35, 0],
						"0.75": [0, 35, 0],
						"1.25": [0, 0, 0]
					},
					"position": {
						"0.0": [0, 0, 0],
						"0.25": [0, 0, 0],
						"0.5": [0, 0, -2],
						"0.75": [0, 0, -2],
						"1.25": [0, 0, 0]
					}
				},
				"arm_l": {
					"rotation": {
						"0.0": [0, 0, 0],
						"0.25": [25, 0, -5],
						"0.375": [-45, 6.25, -32.5],
						"0.5": [-115, 52.5, 0],
						"0.75": [-115, 52.5, 0],
						"1.25": [0, 0, 0]
					}
				},
				"tail": {
					"rotation": {
						"0.0": [0, 0, 0],
						"0.25": [0, -10, 0],
						"0.5": [0, 10, 0],
						"0.75": [0, 15, 0],
						"1.0": [0, 0, 0]
					}
				},
				"leg_r": {
					"rotation": {
						"0.0": [0, 0, 0],
						"0.25": [12.5, 0, 0],
						"0.5": [10, 0, 10],
						"0.75": [10, 0, 10],
						"1.25": [0, 0, 0]
					}
				},
				"leg_l": {
					"rotation": {
						"0.0": [0, 0, 0],
						"0.25": [-5, 0, 0],
						"0.5": [-12.5, -25, 0],
						"0.75": [-12.5, -25, 0],
						"1.25": [0, 0, 0]
					}
				},
				"head": {
					"rotation": {
						"0.0": [0, 0, 0],
						"0.25": [5, 5, 0],
						"0.5": [-5, -15, 0],
						"0.75": [-5, -15, 0],
						"1.25": [0, 0, 0]
					}
				},
				"arm_r": {
					"rotation": {
						"0.0": [0, 0, 0],
						"0.25": [-25, -12.5, -10],
						"0.5": [10, 0, 10],
						"0.75": [10, 0, 10],
						"1.25": [0, 0, 0]
					}
				},
				"tail1_b": {
					"rotation": {
						"0.0": [0, 0, 0],
						"0.25": [0, 10, 0],
						"0.375": [0, -15, 0],
						"0.5": [0, -15, 0],
						"0.75": [0, 10, 0],
						"1.0": [0, 0, 0]
					}
				},
				"tail1_c": {
					"rotation": {
						"0.0": [0, 0, 0],
						"0.25": [0, 10, 0],
						"0.375": [0, -15, 0],
						"0.5": [0, -15, 0],
						"0.75": [0, 10, 0],
						"1.0": [0, 0, 0]
					}
				},
				"tail1_d": {
					"rotation": {
						"0.0": [0, 0, 0],
						"0.25": [0, 10, 0],
						"0.375": [0, -15, 0],
						"0.5": [0, -15, 0],
						"0.75": [0, 10, 0],
						"1.0": [0, 0, 0]
					}
				},
				"tail1_e": {
					"rotation": {
						"0.0": [0, 0, 0],
						"0.25": [0, 10, 0],
						"0.375": [0, -15, 0],
						"0.5": [0, -15, 0],
						"0.75": [0, 10, 0],
						"1.0": [0, 0, 0]
					}
				},
				"tail1_f": {
					"rotation": {
						"0.0": [0, 0, 0],
						"0.25": [0, 10, 0],
						"0.375": [0, -15, 0],
						"0.5": [0, -15, 0],
						"0.75": [10, 10, 0],
						"1.0": [0, 0, 0]
					}
				},
				"tail1_g": {
					"rotation": {
						"0.0": [0, 0, 0],
						"0.25": [0, 10, 0],
						"0.375": [0, -15, 0],
						"0.5": [0, -15, 0],
						"0.75": [10, 10, 0],
						"1.0": [0, 0, 0]
					}
				},
				"tail1_h": {
					"rotation": {
						"0.0": [0, 0, 0],
						"0.25": [0, 10, 0],
						"0.375": [0, -15, 0],
						"0.5": [0, -15, 0],
						"0.75": [10, 10, 0],
						"1.0": [0, 0, 0]
					}
				},
				"tail1_b2": {
					"rotation": {
						"0.0": [0, 0, 0],
						"0.25": [0, 10, 0],
						"0.375": [0, -15, 0],
						"0.5": [0, -15, 0],
						"0.75": [0, 10, 0],
						"1.0": [0, 0, 0]
					}
				},
				"tail1_c2": {
					"rotation": {
						"0.0": [0, 0, 0],
						"0.25": [0, 10, 0],
						"0.375": [0, -15, 0],
						"0.5": [0, -15, 0],
						"0.75": [0, 10, 0],
						"1.0": [0, 0, 0]
					}
				},
				"tail1_d2": {
					"rotation": {
						"0.0": [0, 0, 0],
						"0.25": [0, 10, 0],
						"0.375": [0, -15, 0],
						"0.5": [0, -15, 0],
						"0.75": [0, 10, 0],
						"1.0": [0, 0, 0]
					}
				},
				"tail1_e2": {
					"rotation": {
						"0.0": [0, 0, 0],
						"0.25": [0, 10, 0],
						"0.375": [0, -15, 0],
						"0.5": [0, -15, 0],
						"0.75": [0, 10, 0],
						"1.0": [0, 0, 0]
					}
				},
				"tail1_f2": {
					"rotation": {
						"0.0": [0, 0, 0],
						"0.25": [0, 10, 0],
						"0.375": [0, -15, 0],
						"0.5": [0, -15, 0],
						"0.75": [10, 10, 0],
						"1.0": [0, 0, 0]
					}
				},
				"tail1_g2": {
					"rotation": {
						"0.0": [0, 0, 0],
						"0.25": [0, 10, 0],
						"0.375": [0, -15, 0],
						"0.5": [0, -15, 0],
						"0.75": [10, 10, 0],
						"1.0": [0, 0, 0]
					}
				},
				"tail1_h2": {
					"rotation": {
						"0.0": [0, 0, 0],
						"0.25": [0, 10, 0],
						"0.375": [0, -15, 0],
						"0.5": [0, -15, 0],
						"0.75": [10, 10, 0],
						"1.0": [0, 0, 0]
					}
				}
			}
		},
		"animation.meowstic_m.special": {
			"animation_length": 3,
			"bones": {
				"ear_r": {
					"rotation": {
						"1.0": [0, 0, 0],
						"1.375": [-20, 0, 20]
					}
				},
				"ear_ra": {
					"rotation": {
						"1.0": [0, 0, 0],
						"1.375": [-120, 0, 0]
					},
					"position": {
						"1.0": [0, 0, 0],
						"1.375": [0, 0, 3]
					}
				},
				"ear_l": {
					"rotation": {
						"1.0": [0, 0, 0],
						"1.375": [-20, 0, -20]
					}
				},
				"ear_la": {
					"rotation": {
						"1.0": [0, 0, 0],
						"1.375": [-120, 0, 0]
					},
					"position": {
						"1.0": [0, 0, 0],
						"1.375": [0, 0, 3]
					}
				},
				"body": {
					"rotation": {
						"0.0": [0, 0, 0],
						"0.75": [10, 0, 0],
						"1.0": [10, 0, 0],
						"1.5": [0, 0, 0]
					},
					"position": {
						"0.0": [0, 0, 0],
						"0.75": [0, 0, 1],
						"1.0": [0, 0, 1],
						"1.5": [0, 0, 0]
					}
				},
				"arm_r": {
					"rotation": {
						"0.0": [0, 0, 0],
						"0.75": [-60, -15, 0],
						"1.0": [-60, -15, 0],
						"1.5": [0, 0, 0]
					}
				},
				"arm_l": {
					"rotation": {
						"0.0": [0, 0, 0],
						"0.75": [-60, 15, 0],
						"1.0": [-60, 15, 0],
						"1.5": [0, 0, 0]
					}
				},
				"leg_r": {
					"rotation": {
						"0.0": [0, 0, 0],
						"0.75": [-10, 0, 0],
						"1.0": [-10, 0, 0],
						"1.5": [0, 0, 0]
					}
				},
				"leg_l": {
					"rotation": {
						"0.0": [0, 0, 0],
						"0.75": [-10, 0, 0],
						"1.0": [-10, 0, 0],
						"1.5": [0, 0, 0]
					}
				},
				"head": {
					"rotation": {
						"0.0": [0, 0, 0],
						"0.75": [20, 0, 0],
						"1.0": [20, 0, 0],
						"1.25": [0, 0, 0],
						"1.5": [-10, 0, 0]
					}
				},
				"eye_l": {
					"position": {
						"0.0": [0, 0, 0.03],
						"1.0": {
							"pre": [0, 0, 0.03],
							"post": [0, 0, 0.03]
						},
						"1.25": {
							"pre": [0, 0, 0.03],
							"post": [0, 0, 0]
						}
					}
				},
				"eye_r": {
					"position": {
						"0.0": [0, 0, 0.03],
						"1.0": {
							"pre": [0, 0, 0.03],
							"post": [0, 0, 0.03]
						},
						"1.25": {
							"pre": [0, 0, 0.03],
							"post": [0, 0, 0]
						}
					}
				},
				"closed_l": {
					"position": {
						"0.0": [0, 0, -0.05],
						"1.0": {
							"pre": [0, 0, -0.05],
							"post": [0, 0, -0.05]
						},
						"1.0417": {
							"pre": [0, 0, -0.05],
							"post": [0, 0, 0]
						}
					}
				},
				"closed_r": {
					"position": {
						"0.0": [0, 0, -0.05],
						"1.0": {
							"pre": [0, 0, -0.05],
							"post": [0, 0, -0.05]
						},
						"1.0417": {
							"pre": [0, 0, -0.05],
							"post": [0, 0, 0]
						}
					}
				},
				"open_l": {
					"position": {
						"1.0": [0, 0, 0],
						"1.0417": {
							"pre": [0, 0, 0],
							"post": [0, 0, -0.28]
						},
						"2.75": {
							"pre": [0, 0, -0.28],
							"post": [0, 0, -0.26]
						},
						"3.0": {
							"pre": [0, 0, -0.26],
							"post": [0, 0, 0]
						}
					}
				},
				"open_r": {
					"position": {
						"1.0": [0, 0, 0],
						"1.0417": {
							"pre": [0, 0, 0],
							"post": [0, 0, -0.28]
						},
						"2.75": {
							"pre": [0, 0, -0.28],
							"post": [0, 0, -0.26]
						},
						"3.0": {
							"pre": [0, 0, -0.26],
							"post": [0, 0, 0]
						}
					}
				}
			}
		},
		"animation.meowstic_m.status": {
			"animation_length": 1.75,
			"bones": {
				"body": {
					"rotation": {
						"0.0": [0, 0, 0],
						"0.25": [7.5, 0, 0],
						"1.5": [7.5, 0, 0],
						"1.75": [0, 0, 0]
					},
					"position": {
						"0.0": [0, 0, 0],
						"0.25": [0, "0.1*math.sin(q.anim_time*90*45)", -1.5],
						"1.5": [0, "0.1*math.sin(q.anim_time*90*45)", -1.5],
						"1.5417": [0, 0, -1.5],
						"1.75": [0, 0, 0]
					}
				},
				"head": {
					"rotation": {
						"0.0": [0, 0, 0],
						"0.25": [15, 10, 5],
						"1.5": [15, 10, 5],
						"1.75": [0, 0, 0]
					}
				},
				"eye_l": {
					"position": {
						"0.2083": [0, 0, 0],
						"0.25": [0, 0, 0.5],
						"1.5": [0, 0, 0.5],
						"1.5417": [0, 0, 0]
					}
				},
				"closed_l": {
					"position": {
						"0.2083": [0, 0, 0],
						"0.25": [0, 0, -0.7],
						"1.5": [0, 0, -0.7],
						"1.5417": [0, 0, 0]
					}
				},
				"eye_r": {
					"position": {
						"0.2083": [0, 0, 0],
						"0.25": [0, 0, 0.5],
						"1.5": [0, 0, 0.5],
						"1.5417": [0, 0, 0]
					}
				},
				"closed_r": {
					"position": {
						"0.2083": [0, 0, 0],
						"0.25": [0, 0, -0.7],
						"1.5": [0, 0, -0.7],
						"1.5417": [0, 0, 0]
					}
				},
				"arm_r": {
					"rotation": {
						"0.0": [0, 0, 0],
						"0.25": [-135, 15, -25],
						"1.5": [-135, 15, -25],
						"1.75": [0, 0, 0]
					},
					"position": {
						"0.0": [0, 0, 0],
						"0.25": [0, 0, -2],
						"1.5": [0, 0, -2],
						"1.75": [0, 0, 0]
					}
				},
				"arm_l": {
					"rotation": {
						"0.0": [0, 0, 0],
						"0.25": [25, 0, -5],
						"1.5": [25, 0, -5],
						"1.75": [0, 0, 0]
					}
				},
				"leg_r": {
					"rotation": {
						"0.0": [0, 0, 0],
						"0.25": [-7.5, 0, 0],
						"1.5": [-7.5, 0, 0],
						"1.75": [0, 0, 0]
					}
				},
				"leg_l": {
					"rotation": {
						"0.0": [0, 0, 0],
						"0.25": [15, 0, 0],
						"1.5": [15, 0, 0],
						"1.75": [0, 0, 0]
					}
				}
			}
		},
		"animation.meowstic_m.caramel": {
			"loop": true,
			"animation_length": 3,
			"bones": {
				"arm_r": {
					"rotation": {
						"0.0": [-90, 0, 0],
						"0.25": [-90, -30, 0],
						"0.5": [-120, -30, 0],
						"0.75": [-90, -30, 0],
						"1.0": [-120, -30, 0],
						"1.25": [-90, -30, 0],
						"1.5": [-90, 0, 0],
						"1.75": [-60, 0, 0],
						"2.0": [-56.30993, 25.65891, 16.10211],
						"2.25": [-60, 0, 0],
						"2.5": [-56.30993, 25.65891, 16.10211],
						"2.75": [-60, 0, 0],
						"3.0": [-90, 0, 0]
					}
				},
				"arm_l": {
					"rotation": {
						"0.0": [-90, 0, 0],
						"0.25": [-60, 0, 0],
						"0.5": [-56.30993, -25.65891, -16.10211],
						"0.75": [-60, 0, 0],
						"1.0": [-56.30993, -25.65891, -16.10211],
						"1.25": [-60, 0, 0],
						"1.5": [-90, 0, 0],
						"1.75": [-90, 30, 0],
						"2.0": [-120, 30, 0],
						"2.25": [-90, 30, 0],
						"2.5": [-120, 30, 0],
						"2.75": [-90, 30, 0],
						"3.0": [-90, 0, 0]
					}
				}
			}
		},
		"animation.meowstic_m.special_alt": {
			"animation_length": 3,
			"bones": {
				"ear_r": {
					"rotation": {
						"1.0": [0, 0, 0],
						"1.375": [-20, 0, 20],
						"2.75": [-20, 0, 20],
						"3.0": [0, 0, 0]
					}
				},
				"ear_ra": {
					"rotation": {
						"1.0": [0, 0, 0],
						"1.375": [-120, 0, 0],
						"2.75": [-120, 0, 0],
						"3.0": [0, 0, 0]
					},
					"position": {
						"1.0": [0, 0, 0],
						"1.375": [0, 0, 3],
						"2.75": [0, 0, 3],
						"3.0": [0, 0, 0]
					}
				},
				"ear_l": {
					"rotation": {
						"1.0": [0, 0, 0],
						"1.375": [-20, 0, -20],
						"2.75": [-20, 0, -20],
						"3.0": [0, 0, 0]
					}
				},
				"ear_la": {
					"rotation": {
						"1.0": [0, 0, 0],
						"1.375": [-120, 0, 0],
						"2.75": [-120, 0, 0],
						"3.0": [0, 0, 0]
					},
					"position": {
						"1.0": [0, 0, 0],
						"1.375": [0, 0, 3],
						"2.75": [0, 0, 3],
						"3.0": [0, 0, 0]
					}
				},
				"body": {
					"rotation": {
						"0.0": [2.5, 0, 0],
						"0.75": [10, 0, 0],
						"1.0": [10, 0, 0],
						"1.5": [0, 0, 0],
						"2.75": [0, 0, 0],
						"3.0": [2.5, 0, 0]
					},
					"position": {
						"0.0": [0, 0, 0],
						"0.75": [0, 0, 1],
						"1.0": [0, 0, 1],
						"1.5": [0, 0, 0],
						"2.75": [0, 0, 0]
					}
				},
				"arm_r": {
					"rotation": {
						"0.0": [0, 0, 5],
						"0.75": [-60, -15, 0],
						"1.0": [-60, -15, 0],
						"1.5": [0, 0, 0],
						"2.75": [0, 0, 0],
						"3.0": [0, 0, 5]
					}
				},
				"arm_l": {
					"rotation": {
						"0.0": [-5, 0, -15],
						"0.75": [-60, 15, 0],
						"1.0": [-60, 15, 0],
						"1.5": [0, 0, 0],
						"2.75": [0, 0, 0],
						"3.0": [-5, 0, -15]
					}
				},
				"leg_r": {
					"rotation": {
						"0.0": [10, 0, 10],
						"0.25": [0, 0, 0],
						"0.75": [-10, 0, 0],
						"1.0": [-10, 0, 0],
						"1.5": [0, 0, 0],
						"2.75": [0, 0, 0],
						"3.0": [10, 0, 10]
					}
				},
				"leg_l": {
					"rotation": {
						"0.0": [-12.5, 0, -10],
						"0.25": [0, 0, 0],
						"0.75": [-10, 0, 0],
						"1.0": [-10, 0, 0],
						"1.5": [0, 0, 0],
						"2.75": [0, 0, 0],
						"3.0": [-12.5, 0, -10]
					}
				},
				"head": {
					"rotation": {
						"0.0": [0, 0, 0],
						"0.75": [20, 0, 0],
						"1.0": [20, 0, 0],
						"1.25": [0, 0, 0],
						"1.5": [-10, 0, 0],
						"2.75": [-10, 0, 0],
						"3.0": [0, 0, 0]
					}
				},
				"eye_l": {
					"position": {
						"0.125": [0, 0, 0.03],
						"1.0": {"pre": [0, 0, 0.03], "post": [0, 0, 0.03]},
						"1.25": {"pre": [0, 0, 0.03], "post": [0, 0, 0]}
					}
				},
				"eye_r": {
					"position": {
						"0.0": [0, 0, 0],
						"0.125": {"pre": [0, 0, 0], "post": [0, 0, 0.03]},
						"1.0": {"pre": [0, 0, 0.03], "post": [0, 0, 0.03]},
						"1.25": {"pre": [0, 0, 0.03], "post": [0, 0, 0]}
					}
				},
				"closed_l": {
					"position": {
						"0.0": [0, 0, -0.05],
						"1.0": {"pre": [0, 0, -0.05], "post": [0, 0, -0.05]},
						"1.0417": {"pre": [0, 0, -0.05], "post": [0, 0, 0]}
					}
				},
				"closed_r": {
					"position": {
						"0.0": [0, 0, 0],
						"0.125": {"pre": [0, 0, 0], "post": [0, 0, -0.05]},
						"1.0": {"pre": [0, 0, -0.05], "post": [0, 0, -0.05]},
						"1.0417": {"pre": [0, 0, -0.05], "post": [0, 0, 0]}
					}
				},
				"open_l": {
					"position": {
						"1.0": [0, 0, 0],
						"1.0417": {"pre": [0, 0, 0], "post": [0, 0, -0.28]},
						"3.0": {"pre": [0, 0, -0.28], "post": [0, 0, 0]}
					}
				},
				"open_r": {
					"position": {
						"1.0": [0, 0, 0],
						"1.0417": {"pre": [0, 0, 0], "post": [0, 0, -0.28]},
						"3.0": {"pre": [0, 0, -0.28], "post": [0, 0, 0]}
					}
				}
			}
		}
	}
}