{
	"format_version": "1.12.0",
	"minecraft:geometry": [
		{
			"description": {
				"identifier": "geometry.unknown",
				"texture_width": 128,
				"texture_height": 128,
				"visible_bounds_width": 3,
				"visible_bounds_height": 3.5,
				"visible_bounds_offset": [0, 1.25, 0]
			},
			"bones": [
				{
					"name": "amoonguss",
					"pivot": [0, 0, 0]
				},
				{
					"name": "body_bot",
					"parent": "amoonguss",
					"pivot": [0.06652, 0.09745, 0],
					"cubes": [
						{"origin": [-4.93348, 0.09745, -5], "size": [10, 3, 10], "uv": [36, 54]},
						{"origin": [-5.43348, 2.09745, -5.5], "size": [11, 5, 11], "uv": [48, 0]}
					]
				},
				{
					"name": "body_top",
					"parent": "body_bot",
					"pivot": [3.06652, 0.09745, -3],
					"cubes": [
						{"origin": [-4.43348, 3.09745, -4.5], "size": [9, 8, 9], "uv": [0, 50]}
					]
				},
				{
					"name": "arm_right",
					"parent": "body_top",
					"pivot": [-4.06652, 9.09745, 0],
					"cubes": [
						{"origin": [-8.56652, 8.09745, -1], "size": [5, 2, 2], "inflate": 0.01, "uv": [28, 28], "mirror": true}
					]
				},
				{
					"name": "aime_bone_2",
					"parent": "arm_right",
					"pivot": [-8.06652, 9.09745, 0],
					"cubes": [
						{"origin": [-12.56652, 8.09745, -1], "size": [5, 2, 2], "uv": [28, 24], "mirror": true}
					]
				},
				{
					"name": "bone2",
					"parent": "aime_bone_2",
					"pivot": [2.68348, 5.69745, -3],
					"cubes": [
						{"origin": [-15.31652, 6.69745, -2.5], "size": [3, 5, 5], "inflate": 0.01, "uv": [0, 0], "mirror": true},
						{"origin": [-13.31652, 5.69745, -3.5], "size": [2, 7, 1], "inflate": 0.01, "uv": [13, 29], "mirror": true},
						{"origin": [-13.31652, 11.69745, -2.5], "size": [2, 1, 5], "inflate": 0.01, "uv": [0, 24], "mirror": true},
						{"origin": [-13.31652, 5.69745, -2.5], "size": [2, 1, 5], "inflate": 0.01, "uv": [0, 10], "mirror": true},
						{"origin": [-13.31652, 5.69745, 2.5], "size": [2, 7, 1], "inflate": 0.01, "uv": [0, 30], "mirror": true}
					]
				},
				{
					"name": "arm_left",
					"parent": "body_top",
					"pivot": [4.06652, 9.09745, 0],
					"cubes": [
						{"origin": [3.56652, 8.09745, -1], "size": [5, 2, 2], "inflate": 0.01, "uv": [28, 28]}
					]
				},
				{
					"name": "aime_bone_1",
					"parent": "arm_left",
					"pivot": [8.06652, 9.09745, 0],
					"cubes": [
						{"origin": [7.56652, 8.09745, -1], "size": [5, 2, 2], "uv": [28, 24]}
					]
				},
				{
					"name": "bone3",
					"parent": "aime_bone_1",
					"pivot": [-2.68348, 5.69745, -3],
					"cubes": [
						{"origin": [12.31652, 6.69745, -2.5], "size": [3, 5, 5], "inflate": 0.01, "uv": [0, 0]},
						{"origin": [11.31652, 5.69745, -3.5], "size": [2, 7, 1], "inflate": 0.01, "uv": [13, 29]},
						{"origin": [11.31652, 11.69745, -2.5], "size": [2, 1, 5], "inflate": 0.01, "uv": [0, 24]},
						{"origin": [11.31652, 5.69745, -2.5], "size": [2, 1, 5], "inflate": 0.01, "uv": [0, 10]},
						{"origin": [11.31652, 5.69745, 2.5], "size": [2, 7, 1], "inflate": 0.01, "uv": [0, 30]}
					]
				},
				{
					"name": "head",
					"parent": "body_top",
					"pivot": [0.56652, 0.09745, 11],
					"cubes": [
						{"origin": [-3.93348, 10.09745, -4], "size": [8, 8, 8], "uv": [56, 16]}
					]
				},
				{
					"name": "mouth",
					"parent": "head",
					"pivot": [-0.43348, 0.09745, 19.5],
					"cubes": [
						{"origin": [-1.43348, 11.09745, -5], "size": [3, 3, 2], "uv": [9, 24]},
						{"origin": [-0.43348, 12.09745, -5.05], "size": [1, 1, 0], "uv": [0, 4]}
					]
				},
				{
					"name": "eye_right",
					"parent": "head",
					"pivot": [-2.60015, 14.26412, -4.05],
					"cubes": [
						{"origin": [-3.43348, 13.09745, -4.025], "size": [2, 2, 0], "uv": [0, 0]},
						{"origin": [-3.43348, 13.09745, -4.075], "size": [1, 2, 0], "uv": [0, 10]},
						{"origin": [-2.93348, 14.09745, -4.05], "size": [1, 1, 0], "uv": [2, 4]}
					]
				},
				{
					"name": "eye_left",
					"parent": "head",
					"pivot": [2.73318, 14.26412, -4.05],
					"cubes": [
						{"origin": [1.56652, 13.09745, -4.025], "size": [2, 2, 0], "uv": [0, 2]},
						{"origin": [2.56652, 13.09745, -4.075], "size": [1, 2, 0], "uv": [2, 10]},
						{"origin": [2.06652, 14.09745, -4.05], "size": [1, 1, 0], "uv": [9, 10]}
					]
				},
				{
					"name": "cap",
					"parent": "body_top",
					"pivot": [17.06652, -4.90255, -4],
					"cubes": [
						{"origin": [-7.93348, 18.09745, -8], "size": [16, 8, 16], "uv": [0, 0]},
						{"origin": [8.06652, 16.09745, -11], "size": [3, 4, 22], "uv": [28, 28]},
						{"origin": [-10.93348, 16.09745, -11], "size": [3, 4, 22], "uv": [0, 24]},
						{"origin": [-7.93348, 16.09745, 8], "size": [16, 4, 3], "uv": [56, 39]},
						{"origin": [-7.93348, 16.09745, -11], "size": [16, 4, 3], "uv": [56, 32]}
					]
				}
			]
		}
	]
}