{
	"format_version": "1.12.0",
	"minecraft:geometry": [
		{
			"description": {
				"identifier": "geometry.unknown",
				"texture_width": 128,
				"texture_height": 128,
				"visible_bounds_width": 4,
				"visible_bounds_height": 3.5,
				"visible_bounds_offset": [0, 1.25, 0]
			},
			"bones": [
				{
					"name": "ogerpon",
					"pivot": [0, 0, 0]
				},
				{
					"name": "body_position",
					"parent": "ogerpon",
					"pivot": [0, 0, 0]
				},
				{
					"name": "body",
					"parent": "body_position",
					"pivot": [0, 15, 0]
				},
				{
					"name": "body_bot",
					"parent": "body",
					"pivot": [-2.5, 0, -4.5],
					"cubes": [
						{"origin": [-5.5, 13, -3.5], "size": [11, 7, 9], "uv": [37, 15]}
					]
				},
				{
					"name": "head",
					"parent": "body_bot",
					"pivot": [0, 24, 1],
					"cubes": [
						{"origin": [-5, 20, -3], "size": [10, 8, 8], "uv": [0, 40]}
					]
				},
				{
					"name": "head2",
					"parent": "head",
					"pivot": [-4.5, -3, -3],
					"cubes": [
						{"origin": [-3.5, 21, -3.1], "size": [7, 6, 6], "uv": [32, 63]},
						{"origin": [-1.5, 21.575, -3.175], "size": [1, 1, 0], "uv": [34, 7]},
						{"origin": [0.5, 21.575, -3.175], "size": [1, 1, 0], "uv": [34, 7], "mirror": true},
						{"origin": [-0.5, 21.25, -3.175], "size": [1, 1, 0], "uv": [34, 7]},
						{"origin": [-1.5, 21.85, -3.15], "size": [3, 1, 0], "uv": [34, 10]}
					]
				},
				{
					"name": "eye_right",
					"parent": "head2",
					"pivot": [-2.4125, 23.4625, -3.15],
					"cubes": [
						{"origin": [-3.5, 22, -3.125], "size": [2, 3, 0], "uv": [40, 7], "mirror": true},
						{"origin": [-2.875, 22.45, -3.175], "size": [1, 2, 0], "uv": [32, 1], "mirror": true},
						{"origin": [-2.875, 23.225, -3.15], "size": [1, 1, 0], "pivot": [-2.375, 23.45, -3.15], "rotation": [0, 0, -90], "uv": [32, 1], "mirror": true},
						{"origin": [-2.875, 22.7, -3.15], "size": [1, 1, 0], "pivot": [-2.375, 23.45, -3.15], "rotation": [0, 0, -90], "uv": [32, 1], "mirror": true}
					]
				},
				{
					"name": "eye_left",
					"parent": "head2",
					"pivot": [2.4125, 23.4625, -3.15],
					"cubes": [
						{"origin": [1.5, 22, -3.125], "size": [2, 3, 0], "uv": [40, 7]},
						{"origin": [1.875, 22.45, -3.175], "size": [1, 2, 0], "uv": [32, 1]},
						{"origin": [1.875, 23.225, -3.15], "size": [1, 1, 0], "pivot": [2.375, 23.45, -3.15], "rotation": [0, 0, 90], "uv": [32, 1]},
						{"origin": [1.875, 22.7, -3.15], "size": [1, 1, 0], "pivot": [2.375, 23.45, -3.15], "rotation": [0, 0, 90], "uv": [32, 1]}
					]
				},
				{
					"name": "teeth",
					"parent": "head2",
					"pivot": [1, 21.55, -3.1],
					"cubes": [
						{"origin": [-1.025, 21.175, -3.125], "size": [1, 1, 0], "pivot": [-1, 21.55, -3.15], "rotation": [0, 0, -45], "uv": [34, 8]},
						{"origin": [0.025, 21.175, -3.125], "size": [1, 1, 0], "pivot": [1, 21.55, -3.15], "rotation": [0, 0, 45], "uv": [34, 8], "mirror": true}
					]
				},
				{
					"name": "skirt",
					"parent": "body_bot",
					"pivot": [5, 12.975, 1]
				},
				{
					"name": "skirt_left",
					"parent": "skirt",
					"pivot": [5, 12.975, 1],
					"rotation": [0, 0, -20],
					"cubes": [
						{"origin": [5, 10, -2.5], "size": [0, 3, 7], "uv": [52, 56]}
					]
				},
				{
					"name": "skirt_right",
					"parent": "skirt",
					"pivot": [-5, 12.975, 1],
					"rotation": [0, 0, 20],
					"cubes": [
						{"origin": [-5, 10, -2.5], "size": [0, 3, 7], "uv": [52, 56]}
					]
				},
				{
					"name": "skirt_back",
					"parent": "skirt",
					"pivot": [0, 12.95, 4.5],
					"rotation": [20, 0, 0],
					"cubes": [
						{"origin": [-5, 10, 4.5], "size": [10, 3, 0], "uv": [63, 51]}
					]
				},
				{
					"name": "skirt_front",
					"parent": "skirt",
					"pivot": [0, 12.95, -2.5],
					"rotation": [-20, 0, 0],
					"cubes": [
						{"origin": [-5, 10, -2.5], "size": [10, 3, 0], "uv": [63, 51]}
					]
				},
				{
					"name": "coat",
					"parent": "body_bot",
					"pivot": [-1.5, 0, -6]
				},
				{
					"name": "coat_body",
					"parent": "coat",
					"pivot": [-2.5, 0, -6],
					"cubes": [
						{"origin": [-6.5, 13, -4], "size": [13, 16, 10], "uv": [82, 0]},
						{"origin": [-5.5, 29, -3], "size": [11, 2, 8], "uv": [0, 56]}
					]
				},
				{
					"name": "cornorstone_mask",
					"parent": "coat_body",
					"pivot": [-1.5, 2, -6.45],
					"cubes": [
						{"origin": [-6.5, 22, -5], "size": [13, 5, 0], "uv": [102, 39]},
						{"origin": [-8.5, 20.025, -5.375], "size": [17, 10, 0], "uv": [94, 61]},
						{"origin": [-2.5, 21.775, -5.6], "size": [5, 2, 0], "uv": [95, 71]},
						{"origin": [-6.5, 21.45, -5.175], "size": [13, 9, 0], "uv": [102, 52]},
						{"origin": [-7.5, 23.45, -4.8], "size": [7, 12, 0], "pivot": [-4, 28.95, -4.8], "rotation": [0, 0, -13.5], "uv": [109, 79]},
						{"origin": [-3, 23.45, -4.65], "size": [6, 12, 0], "uv": [109, 91]},
						{"origin": [0.25, 24.2, -4.75], "size": [5, 14, 0], "pivot": [0, 27.45, -4.65], "rotation": [0, 0, 15.25], "uv": [109, 103]},
						{"origin": [2.25, 24.2, -4.65], "size": [5, 11, 0], "pivot": [0, 27.45, -4.65], "rotation": [0, 0, 15.25], "uv": [85, 73]}
					]
				},
				{
					"name": "mouth",
					"parent": "cornorstone_mask",
					"pivot": [0, 17.6, -5.75],
					"cubes": [
						{"origin": [-1.5, 12.725, -5.45], "size": [3, 4, 0], "pivot": [0, 17.6, -5.75], "rotation": [0, 0, -180], "uv": [95, 89]},
						{"origin": [-2.5, 15.95, -5.75], "size": [5, 2, 0], "pivot": [0, 17.6, -5.75], "rotation": [0, 0, -180], "uv": [95, 85]},
						{"origin": [-3.4, 15.1, -5.625], "size": [5, 2, 0], "pivot": [-0.45, 17.6, -5.75], "rotation": [0, 0, -180], "uv": [95, 94]}
					]
				},
				{
					"name": "right_mouth",
					"parent": "mouth",
					"pivot": [-0.5, 22.05, -5.55],
					"cubes": [
						{"origin": [-6.5, 13.225, -5.3], "size": [7, 6, 0], "pivot": [-0.5, 22.05, -5.55], "rotation": [0, 0, 6], "uv": [109, 73], "mirror": true},
						{"origin": [-7.5, 16, -5.4], "size": [7, 6, 0], "pivot": [-0.5, 22.05, -5.55], "rotation": [0, 0, 6], "uv": [95, 79], "mirror": true},
						{"origin": [-7.5, 16, -5.55], "size": [7, 6, 0], "pivot": [-0.5, 22.05, -5.55], "rotation": [0, 0, 6], "uv": [95, 73], "mirror": true}
					]
				},
				{
					"name": "bone5",
					"parent": "right_mouth",
					"pivot": [-4.94083, 20.1875, -7.27242],
					"cubes": [
						{"origin": [-4.97738, 18.33029, -7.6], "size": [2, 2, 3], "pivot": [-3.80238, 19.33029, -5.475], "rotation": [-21.63707, 29.35105, 2.09296], "uv": [92, 102], "mirror": true},
						{"origin": [-5.97792, 19.24383, -9.53297], "size": [2, 2, 3], "inflate": -0.25, "pivot": [-4.94083, 20.1875, -7.27242], "rotation": [-46.13707, 29.35105, 2.09296], "uv": [92, 109], "mirror": true}
					]
				},
				{
					"name": "left_mouth",
					"parent": "mouth",
					"pivot": [0.5, 22.05, -5.55],
					"cubes": [
						{"origin": [-0.5, 13.225, -5.3], "size": [7, 6, 0], "pivot": [0.5, 22.05, -5.55], "rotation": [0, 0, -6], "uv": [109, 73]},
						{"origin": [0.5, 16, -5.4], "size": [7, 6, 0], "pivot": [0.5, 22.05, -5.55], "rotation": [0, 0, -6], "uv": [95, 79]},
						{"origin": [0.5, 16, -5.55], "size": [7, 6, 0], "pivot": [0.5, 22.05, -5.55], "rotation": [0, 0, -6], "uv": [95, 73]}
					]
				},
				{
					"name": "bone4",
					"parent": "left_mouth",
					"pivot": [4.94083, 20.1875, -7.27242],
					"cubes": [
						{"origin": [2.97738, 18.33029, -7.6], "size": [2, 2, 3], "pivot": [3.80238, 19.33029, -5.475], "rotation": [-21.63707, -29.35105, -2.09296], "uv": [92, 102]},
						{"origin": [3.97792, 19.24383, -9.53297], "size": [2, 2, 3], "inflate": -0.25, "pivot": [4.94083, 20.1875, -7.27242], "rotation": [-46.13707, -29.35105, -2.09296], "uv": [92, 109]}
					]
				},
				{
					"name": "eye_right2",
					"parent": "cornorstone_mask",
					"pivot": [-1.4, 23.6625, -5.3125],
					"rotation": [0, 0, 6.25],
					"cubes": [
						{"origin": [-6, 23, -5.075], "size": [5, 4, 0], "uv": [104, 48], "mirror": true},
						{"origin": [-4.3, 23.325, -5.15], "size": [2, 2, 0], "pivot": [-3.3, 24.325, -5.35], "rotation": [0, 0, -5.5], "uv": [114, 48], "mirror": true}
					]
				},
				{
					"name": "eye_left2",
					"parent": "cornorstone_mask",
					"pivot": [1.4, 23.6625, -5.3125],
					"rotation": [0, 0, -6.25],
					"cubes": [
						{"origin": [1, 23, -5.075], "size": [5, 4, 0], "uv": [104, 48]},
						{"origin": [2.3, 23.325, -5.15], "size": [2, 2, 0], "pivot": [3.3, 24.325, -5.35], "rotation": [0, 0, 5.5], "uv": [114, 48]}
					]
				},
				{
					"name": "horn_right",
					"parent": "coat_body",
					"pivot": [-2.9, 28.95833, -2.925],
					"rotation": [2.5, 0, -22.5],
					"cubes": [
						{"origin": [-4.4, 28, -4.425], "size": [3, 3, 3], "uv": [70, 54], "mirror": true},
						{"origin": [-3.9, 30, -3.925], "size": [2, 3, 2], "uv": [28, 75], "mirror": true},
						{"origin": [-3.9, 32.675, -3.925], "size": [2, 3, 2], "inflate": -0.225, "uv": [20, 75], "mirror": true}
					]
				},
				{
					"name": "horn_left",
					"parent": "coat_body",
					"pivot": [2.9, 28.95833, -2.925],
					"rotation": [2.5, 0, 22.5],
					"cubes": [
						{"origin": [1.4, 28, -4.425], "size": [3, 3, 3], "uv": [70, 54]},
						{"origin": [1.9, 30, -3.925], "size": [2, 3, 2], "uv": [28, 75]},
						{"origin": [1.9, 32.675, -3.925], "size": [2, 3, 2], "inflate": -0.225, "uv": [20, 75]}
					]
				},
				{
					"name": "knot_main",
					"parent": "coat_body",
					"pivot": [0, 0, 0]
				},
				{
					"name": "knot",
					"parent": "knot_main",
					"pivot": [0, 30.71586, 0.38697],
					"cubes": [
						{"origin": [-0.5, 29.2, -0.13919], "size": [1, 4, 1], "pivot": [-0.5, 30.7, 0.86081], "rotation": [-20, 0, 0], "uv": [36, 0]}
					]
				},
				{
					"name": "knot_2",
					"parent": "knot",
					"pivot": [0, 32.19408, 0.96702],
					"rotation": [-13.75, 0, 0],
					"cubes": [
						{"origin": [-1, 32.2, -0.60904], "size": [2, 4, 2], "pivot": [0, 30.7, 0.39096], "rotation": [-20, 0, 0], "uv": [0, 24]}
					]
				},
				{
					"name": "knot_3",
					"parent": "knot_2",
					"pivot": [0, 34.31462, 1.72462],
					"rotation": [-11.75, 0, 0],
					"cubes": [
						{"origin": [-1.5, 34.38756, 0.23863], "size": [3, 3, 3], "pivot": [0, 34.36462, 1.57462], "rotation": [-20, 0, 0], "uv": [58, 70]}
					]
				},
				{
					"name": "arm_right",
					"parent": "coat_body",
					"pivot": [-6.16667, 26.33333, 1],
					"rotation": [0, 0, -35],
					"cubes": [
						{"origin": [-17.5, 21, -3.15], "size": [13, 8, 8], "inflate": -0.1, "pivot": [-9, 27, 1], "rotation": [0, 0, 15], "uv": [0, 24]}
					]
				},
				{
					"name": "bone15",
					"parent": "arm_right",
					"pivot": [-9.5, 22, 0.85],
					"cubes": [
						{"origin": [-16.5, 17, -2.65], "size": [10, 8, 7], "uv": [46, 0]}
					]
				},
				{
					"name": "arm_left",
					"parent": "coat_body",
					"pivot": [6.16667, 26.33333, 1],
					"rotation": [0, 0, 35],
					"cubes": [
						{"origin": [4.5, 21, -3.15], "size": [13, 8, 8], "inflate": -0.1, "pivot": [9, 27, 1], "rotation": [0, 0, -15], "uv": [34, 32]}
					]
				},
				{
					"name": "bone13",
					"parent": "arm_left",
					"pivot": [9.5, 22, 0.85],
					"cubes": [
						{"origin": [6.5, 17, -2.65], "size": [10, 8, 7], "uv": [36, 48]}
					]
				},
				{
					"name": "leg_right",
					"parent": "body_position",
					"pivot": [5.00441, 0, 1]
				},
				{
					"name": "leg_right_1",
					"parent": "leg_right",
					"pivot": [-1.99559, 13.5, 1],
					"cubes": [
						{"origin": [-2.99559, 6, 0], "size": [2, 7, 2], "uv": [23, 66], "mirror": true}
					]
				},
				{
					"name": "leg_right_2",
					"parent": "leg_right_1",
					"pivot": [-1.99559, 8, 1],
					"cubes": [
						{"origin": [-3.49559, 2, -0.5], "size": [3, 6, 3], "uv": [68, 31], "mirror": true}
					]
				},
				{
					"name": "feet_right",
					"parent": "leg_right_2",
					"pivot": [-1.99559, 1, 1],
					"cubes": [
						{"origin": [-3.49559, 0, -2.5], "size": [3, 2, 5], "uv": [61, 63], "mirror": true}
					]
				},
				{
					"name": "toe_right",
					"parent": "feet_right",
					"pivot": [-2, 0, -2]
				},
				{
					"name": "leaves2",
					"parent": "toe_right",
					"pivot": [-2.12059, 1.65, -3],
					"cubes": [
						{"origin": [-3.95441, 1.65, -3.5], "size": [2, 0, 1], "pivot": [-1.87941, 1.65, -3], "rotation": [0, 0, 30], "uv": [5, 1]},
						{"origin": [-2.04559, 1.65, -3.5], "size": [2, 0, 1], "pivot": [-2.12059, 1.65, -3], "rotation": [0, 0, -30], "uv": [5, 0]}
					]
				},
				{
					"name": "toes2",
					"parent": "toe_right",
					"pivot": [-1.49559, 1, -2]
				},
				{
					"name": "bone3",
					"parent": "toes2",
					"pivot": [-2.49559, 1, -2],
					"cubes": [
						{"origin": [-3.49559, -0.15, -4.5], "size": [2, 2, 3], "inflate": -0.14, "pivot": [-2.49559, 1, -2], "rotation": [0, 15, 0], "uv": [10, 75]},
						{"origin": [-2.49559, -0.15, -4.5], "size": [2, 2, 3], "inflate": -0.15, "pivot": [-1.49559, 1, -2], "rotation": [0, -15, 0], "uv": [73, 0]}
					]
				},
				{
					"name": "leg_left",
					"parent": "body_position",
					"pivot": [-5.00441, 0, 1]
				},
				{
					"name": "leg_left_1",
					"parent": "leg_left",
					"pivot": [1.99559, 13.5, 1],
					"cubes": [
						{"origin": [0.99559, 6, 0], "size": [2, 7, 2], "uv": [23, 66]}
					]
				},
				{
					"name": "leg_left_2",
					"parent": "leg_left_1",
					"pivot": [1.99559, 8, 1],
					"cubes": [
						{"origin": [0.49559, 2, -0.5], "size": [3, 6, 3], "uv": [68, 31]}
					]
				},
				{
					"name": "feet_left",
					"parent": "leg_left_2",
					"pivot": [1.99559, 1, 1],
					"cubes": [
						{"origin": [0.49559, 0, -2.5], "size": [3, 2, 5], "uv": [61, 63]}
					]
				},
				{
					"name": "bone",
					"parent": "feet_left",
					"pivot": [2.12059, 0.65, -2]
				},
				{
					"name": "leaves",
					"parent": "bone",
					"pivot": [2.12059, 1.65, -3],
					"cubes": [
						{"origin": [1.95441, 1.65, -3.5], "size": [2, 0, 1], "pivot": [1.87941, 1.65, -3], "rotation": [0, 0, -30], "uv": [0, 9]},
						{"origin": [0.04559, 1.65, -3.5], "size": [2, 0, 1], "pivot": [2.12059, 1.65, -3], "rotation": [0, 0, 30], "uv": [4, 9]}
					]
				},
				{
					"name": "toes",
					"parent": "bone",
					"pivot": [1.23677, 0.85, -1.96593],
					"cubes": [
						{"origin": [0.49559, -0.15, -4.5], "size": [2, 2, 3], "inflate": -0.15, "pivot": [1.49559, 1, -2], "rotation": [0, 15, 0], "uv": [10, 75]}
					]
				},
				{
					"name": "bone2",
					"parent": "toes",
					"pivot": [2.49559, 1, -2],
					"cubes": [
						{"origin": [1.49559, -0.15, -4.5], "size": [2, 2, 3], "inflate": -0.14, "pivot": [2.49559, 1, -2], "rotation": [0, -15, 0], "uv": [73, 0]}
					]
				}
			]
		}
	]
}