{
	"format_version": "1.12.0",
	"minecraft:geometry": [
		{
			"description": {
				"identifier": "geometry.unknown",
				"texture_width": 64,
				"texture_height": 64,
				"visible_bounds_width": 3,
				"visible_bounds_height": 2.5,
				"visible_bounds_offset": [0, 0.75, 0]
			},
			"bones": [
				{
					"name": "bone",
					"pivot": [0, 0, 0]
				},
				{
					"name": "bone2",
					"parent": "bone",
					"pivot": [0, 0, 0]
				},
				{
					"name": "head",
					"parent": "bone2",
					"pivot": [0, 0, 0],
					"cubes": [
						{"origin": [-4.5, 2, -4.5], "size": [9, 8, 9], "uv": [0, 0]},
						{"origin": [-4, 0, -4], "size": [8, 8, 8], "uv": [0, 31]}
					]
				},
				{
					"name": "eye",
					"parent": "head",
					"pivot": [0, 9.52369, -1.0125],
					"cubes": [
						{"origin": [-2.85, 9.7, -1], "size": [4, 6, 0], "pivot": [-0.95, 10.2, -1], "rotation": [0, 0, -12.5], "uv": [0, 25]},
						{"origin": [1.2, 11.7, -1.025], "size": [1, 1, 0], "pivot": [2.5, 12.7, -1.025], "rotation": [0, 0, 12.5], "uv": [2, 6], "mirror": true},
						{"origin": [-1.15, 9.7, -1], "size": [4, 6, 0], "pivot": [0.95, 10.2, -1], "rotation": [0, 0, 12.5], "uv": [0, 25], "mirror": true},
						{"origin": [-2.2, 11.7, -1.025], "size": [1, 1, 0], "pivot": [-2.5, 12.7, -1.025], "rotation": [0, 0, -12.5], "uv": [2, 6]}
					]
				},
				{
					"name": "tail_1",
					"parent": "bone2",
					"pivot": [0.01888, 1.84136, 3.3167],
					"cubes": [
						{"origin": [-1.4962, 0.78004, 3.32604], "size": [3, 3, 4], "pivot": [0.0038, 2.1036, 3.31855], "rotation": [-12.5, 0, 0], "uv": [24, 21]}
					]
				},
				{
					"name": "tail_2",
					"parent": "tail_1",
					"pivot": [0.0038, 1.09447, 6.9198],
					"cubes": [
						{"origin": [-1.4962, -0.40553, 6.5448], "size": [3, 3, 4], "inflate": -0.35, "uv": [14, 18]}
					]
				}
			]
		}
	]
}