{
	"format_version": "1.12.0",
	"minecraft:geometry": [
		{
			"description": {
				"identifier": "geometry.unknown",
				"texture_width": 128,
				"texture_height": 128,
				"visible_bounds_width": 3,
				"visible_bounds_height": 2.5,
				"visible_bounds_offset": [0, 0.75, 0]
			},
			"bones": [
				{
					"name": "body",
					"pivot": [0, 0, 0]
				},
				{
					"name": "torso",
					"parent": "body",
					"pivot": [0, 0, 0]
				},
				{
					"name": "shelltop",
					"parent": "torso",
					"pivot": [0, 6.875, 0],
					"cubes": [
						{"origin": [-5.1, 3.375, -7], "size": [10, 6, 14], "pivot": [0, 6.875, 0], "rotation": [-5, 0, 0], "uv": [0, 20]},
						{"origin": [-5.1, 3.375, 7.1], "size": [10, 6, 0], "pivot": [0, 6.875, 0], "rotation": [-5, 0, 0], "uv": [58, 0]},
						{"origin": [5, 3.375, -7], "size": [0, 6, 14], "pivot": [0, 6.875, 0], "rotation": [-5, 0, 0], "uv": [0, 40]},
						{"origin": [-5.2, 3.375, -7], "size": [0, 6, 14], "pivot": [0, 6.875, 0], "rotation": [-5, 0, 0], "uv": [0, 40], "mirror": true}
					]
				},
				{
					"name": "back_part_1",
					"parent": "shelltop",
					"pivot": [2.5, 9.21953, 2.0608]
				},
				{
					"name": "fin_right",
					"parent": "back_part_1",
					"pivot": [-3.125, 9.21953, 2.0608],
					"cubes": [
						{"origin": [-3.125, 9.20431, -3.78782], "size": [0, 10, 11], "pivot": [-3.125, 9.21953, 2.0608], "rotation": [-4.09918, -2.86544, -34.89743], "uv": [0, 29], "mirror": true}
					]
				},
				{
					"name": "fin_left",
					"parent": "back_part_1",
					"pivot": [2.925, 9.21953, 2.0608],
					"cubes": [
						{"origin": [2.925, 9.20431, -3.78782], "size": [0, 10, 11], "pivot": [2.925, 9.21953, 2.0608], "rotation": [-4.09918, 2.86544, 34.89743], "uv": [0, 29]}
					]
				},
				{
					"name": "body_bot",
					"parent": "torso",
					"pivot": [-0.1, 3.61246, -0.28544],
					"cubes": [
						{"origin": [-5.1, 0.88746, -7.28544], "size": [10, 6, 14], "inflate": -0.5, "pivot": [-0.1, 3.61246, -0.28544], "rotation": [-1.25, 0, 0], "uv": [0, 0]}
					]
				},
				{
					"name": "neck_head",
					"parent": "torso",
					"pivot": [0.5, 12.88631, -5.26081]
				},
				{
					"name": "neck",
					"parent": "neck_head",
					"pivot": [0, 8.92439, -4.08306],
					"cubes": [
						{"origin": [-2.5, 7.92439, -8.48306], "size": [5, 8, 5], "pivot": [-1, 12.92439, -6.08306], "rotation": [22.5, 0, 0], "uv": [34, 20]}
					]
				},
				{
					"name": "head",
					"parent": "neck",
					"pivot": [0.5, 11.88631, -4.98581],
					"rotation": [-17.5, 0, 0],
					"cubes": [
						{"origin": [-3.5, 11.89031, -10.04925], "size": [7, 6, 8], "pivot": [-1, 10.92439, -5.80806], "rotation": [22.5, 0, 0], "uv": [34, 0]},
						{"origin": [-0.5, 13.84031, -10.3142], "size": [1, 1, 1], "inflate": -0.25, "pivot": [-1, 10.92439, -5.80806], "rotation": [22.5, 0, 0], "uv": [9, 6]}
					]
				},
				{
					"name": "left_eye2",
					"parent": "head",
					"pivot": [-1, 10.92439, -5.80806],
					"cubes": [
						{"origin": [-3.5, 13.89183, -10.08283], "size": [2, 3, 0], "pivot": [1, 10.92439, -5.80806], "rotation": [22.5, 0, 0], "uv": [9, 0], "mirror": true}
					]
				},
				{
					"name": "eye_blink",
					"parent": "left_eye2",
					"pivot": [-2.4875, 13.70221, -11.36373],
					"cubes": [
						{"origin": [-3.5, 13.89183, -10.45783], "size": [2, 3, 1], "inflate": -0.35, "pivot": [1, 10.92439, -5.80806], "rotation": [22.5, 0, 0], "uv": [34, 0], "mirror": true},
						{"origin": [-2.975, 15.34183, -10.29778], "size": [1, 1, 1], "inflate": -0.175, "pivot": [1, 10.92439, -5.80806], "rotation": [22.5, 0, 0], "uv": [9, 20], "mirror": true}
					]
				},
				{
					"name": "left_eye",
					"parent": "head",
					"pivot": [-1, 10.92439, -5.80806],
					"cubes": [
						{"origin": [1.5, 13.89183, -10.08283], "size": [2, 3, 0], "pivot": [-1, 10.92439, -5.80806], "rotation": [22.5, 0, 0], "uv": [9, 0]}
					]
				},
				{
					"name": "eye_blink2",
					"parent": "left_eye",
					"pivot": [-1, 10.92439, -5.80806],
					"cubes": [
						{"origin": [1.5, 13.89183, -10.45783], "size": [2, 3, 1], "inflate": -0.35, "pivot": [-1, 10.92439, -5.80806], "rotation": [22.5, 0, 0], "uv": [34, 0]},
						{"origin": [1.975, 15.34183, -10.29778], "size": [1, 1, 1], "inflate": -0.175, "pivot": [-1, 10.92439, -5.80806], "rotation": [22.5, 0, 0], "uv": [9, 20]}
					]
				},
				{
					"name": "mouth",
					"parent": "head",
					"pivot": [-1, 10.92439, -5.80806],
					"cubes": [
						{"origin": [-2, 11.96531, -11.24925], "size": [4, 1, 1], "inflate": -0.15, "pivot": [-1, 10.92439, -5.80806], "rotation": [22.5, 0, 0], "uv": [48, 14]},
						{"origin": [1.675, 12.34031, -11.24925], "size": [2, 1, 1], "inflate": -0.15, "pivot": [-1, 10.92439, -5.80806], "rotation": [22.5, 0, 0], "uv": [48, 14]},
						{"origin": [-3.675, 12.34031, -11.24925], "size": [2, 1, 1], "inflate": -0.15, "pivot": [1, 10.92439, -5.80806], "rotation": [22.5, 0, 0], "uv": [48, 14], "mirror": true},
						{"origin": [-4, 11.84031, -11.04925], "size": [8, 2, 2], "pivot": [-1, 10.92439, -5.80806], "rotation": [22.5, 0, 0], "uv": [42, 44]},
						{"origin": [3.175, 12.5225, -11.45095], "size": [1, 1, 1], "inflate": -0.15, "pivot": [-0.625, 11.5225, -5.45095], "rotation": [22.5, 0, 0], "uv": [54, 25]},
						{"origin": [3.175, 12.8475, -10.75095], "size": [1, 1, 1], "inflate": -0.15, "pivot": [-0.625, 11.5225, -5.45095], "rotation": [22.5, 0, 0], "uv": [54, 25]},
						{"origin": [-4.175, 12.5225, -11.45095], "size": [1, 1, 1], "inflate": -0.15, "pivot": [0.625, 11.5225, -5.45095], "rotation": [22.5, 0, 0], "uv": [54, 25], "mirror": true},
						{"origin": [-4.175, 12.8725, -10.75095], "size": [1, 1, 1], "inflate": -0.15, "pivot": [0.625, 11.5225, -5.45095], "rotation": [22.5, 0, 0], "uv": [54, 25], "mirror": true}
					]
				},
				{
					"name": "head_part_1",
					"parent": "head",
					"pivot": [-3.5, 16.88631, -8.98581]
				},
				{
					"name": "ear_left",
					"parent": "head_part_1",
					"pivot": [2.5, 15.88631, -7.98581],
					"rotation": [22.5, 0, 0],
					"cubes": [
						{"origin": [2.10399, 15.27661, -3.49655], "size": [2, 2, 3], "pivot": [3.5, 16.269, -8.90969], "rotation": [19.87392, -3.12998, 28.2687], "uv": [39, 48], "mirror": true},
						{"origin": [1.05399, 15.25161, -8.49655], "size": [4, 4, 6], "pivot": [3.5, 16.269, -8.90969], "rotation": [19.87392, -3.12998, 28.2687], "uv": [22, 40], "mirror": true}
					]
				},
				{
					"name": "ear_right",
					"parent": "head_part_1",
					"pivot": [-2.5, 15.88631, -7.98581],
					"rotation": [22.5, 0, 0],
					"cubes": [
						{"origin": [-4.10399, 15.27661, -3.49655], "size": [2, 2, 3], "pivot": [-3.5, 16.269, -8.90969], "rotation": [19.87392, 3.12998, -28.2687], "uv": [39, 48]},
						{"origin": [-5.05399, 15.25161, -8.49655], "size": [4, 4, 6], "pivot": [-3.5, 16.269, -8.90969], "rotation": [19.87392, 3.12998, -28.2687], "uv": [22, 40]}
					]
				},
				{
					"name": "ri9ght_back_leg",
					"parent": "body",
					"pivot": [-2.5, 2.5, 4.5],
					"cubes": [
						{"origin": [-4, 0, 3], "size": [3, 3, 3], "uv": [0, 26]}
					]
				},
				{
					"name": "right_front_leg",
					"parent": "body",
					"pivot": [-2.675, 2.5, -4.5],
					"cubes": [
						{"origin": [-4.175, 0, -6], "size": [3, 3, 3], "uv": [0, 6]}
					]
				},
				{
					"name": "left_back_leg",
					"parent": "body",
					"pivot": [2.5, 2.43691, 4.28092],
					"cubes": [
						{"origin": [1, -0.06309, 2.78092], "size": [3, 3, 3], "uv": [0, 26], "mirror": true}
					]
				},
				{
					"name": "left_front_leg",
					"parent": "body",
					"pivot": [2.675, 2.5, -4.5],
					"cubes": [
						{"origin": [1.175, 0, -6], "size": [3, 3, 3], "uv": [0, 6], "mirror": true}
					]
				}
			]
		}
	]
}