{
  // Processor lists will run a processor for every block placed by the nbt file.
  // The resultant block of the processor list is the block that actually gets placed in the world.
  "processors": [
    // A single Rule processor for this list.
    {
      "processor_type": "minecraft:rule",

      "rules": [
        {
          "input_predicate": {
            "block": "minecraft:stone",
            "probability": 0.25,
            "predicate_type": "minecraft:random_block_match"
          },
          "location_predicate": {
            "predicate_type": "minecraft:always_true"
          },
          "output_state": {
            "Name": "minecraft:diamond_ore"
          }
        }
      ]
    }
  ]
}