{
	"format_version": "1.8.0",
	"animations": {
		"animation.medicham.pose": {
			"loop": true,
			"bones": {
				"body": {
					"position": [0, -0.5, 0]
				},
				"torso_lower": {
					"rotation": [12.5, 0, 0]
				},
				"torso": {
					"rotation": [1.63042, -7.87643, -2.76964]
				},
				"head": {
					"rotation": [-7.5, 0, 0]
				},
				"arm_left": {
					"rotation": [0, -35, 0]
				},
				"bone2": {
					"rotation": [0, 100, 0]
				},
				"bone21": {
					"rotation": [-3.03513, -9.53274, 17.75313]
				},
				"bone13": {
					"rotation": [0, -22.5, 0]
				},
				"bone17": {
					"rotation": [40, 0, 0]
				},
				"bone18": {
					"rotation": [-40, 0, 0]
				},
				"bone11": {
					"rotation": [-16.23291, 27.49973, 4.02552]
				},
				"bone12": {
					"rotation": [30, 0, 0]
				},
				"bone14": {
					"rotation": [50, 0, 0]
				},
				"bone15": {
					"rotation": [-32.5, 0, 0]
				},
				"bone22": {
					"rotation": [2.61298, 9.65594, 15.22074]
				},
				"bone23": {
					"rotation": [5, 10, 7.5]
				},
				"arm_right": {
					"rotation": [10.96508, -54.06853, -16.6086]
				},
				"bone24": {
					"rotation": [0, -25, 0]
				},
				"bone27": {
					"rotation": [2.61298, -9.65594, -15.22074]
				},
				"bone28": {
					"rotation": [-2.61298, 9.65594, -15.22074]
				},
				"bone25": {
					"rotation": [0, 0, -22.5]
				},
				"bone26": {
					"rotation": [0, -15, -12.5]
				},
				"bone3": {
					"rotation": [0, 0, 20]
				}
			}
		},
		"animation.medicham.ground_idle": {
			"loop": true,
			"animation_length": 2,
			"bones": {
				"torso_lower": {
					"rotation": {
						"0.0": {
							"post": [0, 0, 0],
							"lerp_mode": "catmullrom"
						},
						"1.0": {
							"post": [7.5, 0, 0],
							"lerp_mode": "catmullrom"
						},
						"2.0": {
							"post": [0, 0, 0],
							"lerp_mode": "catmullrom"
						}
					}
				},
				"torso": {
					"rotation": {
						"0.0": {
							"post": [0, 0, 0],
							"lerp_mode": "catmullrom"
						},
						"1.0": {
							"post": [7.5, 0, 0],
							"lerp_mode": "catmullrom"
						},
						"2.0": {
							"post": [0, 0, 0],
							"lerp_mode": "catmullrom"
						}
					}
				},
				"head": {
					"rotation": {
						"0.0": {
							"post": [0, 0, 0],
							"lerp_mode": "catmullrom"
						},
						"1.0": {
							"post": [-2.5, 0, 0],
							"lerp_mode": "catmullrom"
						},
						"1.5": {
							"post": [8.59, 0, 0],
							"lerp_mode": "catmullrom"
						},
						"2.0": {
							"post": [0, 0, 0],
							"lerp_mode": "catmullrom"
						}
					}
				},
				"bone6": {
					"rotation": {
						"0.0": {
							"post": [-10, 0, 0],
							"lerp_mode": "catmullrom"
						},
						"0.5": {
							"post": [-7.5, 0, 0],
							"lerp_mode": "catmullrom"
						},
						"1.0": {
							"post": [-20, 0, 0],
							"lerp_mode": "catmullrom"
						},
						"1.5": {
							"post": [-17.5, 0, 0],
							"lerp_mode": "catmullrom"
						},
						"2.0": {
							"post": [-10, 0, 0],
							"lerp_mode": "catmullrom"
						}
					}
				},
				"arm_right": {
					"rotation": {
						"0.0": {
							"post": [0, 0, -47.5],
							"lerp_mode": "catmullrom"
						},
						"1.0": {
							"post": [0, 10, -47.5],
							"lerp_mode": "catmullrom"
						},
						"2.0": {
							"post": [0, 0, -47.5],
							"lerp_mode": "catmullrom"
						}
					}
				},
				"bone24": {
					"rotation": {
						"0.0": {
							"post": [0, 0, -5],
							"lerp_mode": "catmullrom"
						},
						"1.0": {
							"post": [0, -25, -5],
							"lerp_mode": "catmullrom"
						},
						"2.0": {
							"post": [0, 0, -5],
							"lerp_mode": "catmullrom"
						}
					}
				},
				"bone25": {
					"rotation": [0, 0, -12.5]
				},
				"bone26": {
					"rotation": {
						"0.0": {
							"post": [10, 0, -10],
							"lerp_mode": "catmullrom"
						},
						"1.0": {
							"post": [10, 0, -10],
							"lerp_mode": "catmullrom"
						},
						"2.0": {
							"post": [10, 0, -10],
							"lerp_mode": "catmullrom"
						}
					}
				},
				"bone27": {
					"rotation": {
						"0.0": {
							"post": [0, -10, -15],
							"lerp_mode": "catmullrom"
						},
						"1.0": {
							"post": [0, -10, -15],
							"lerp_mode": "catmullrom"
						},
						"2.0": {
							"post": [0, -10, -15],
							"lerp_mode": "catmullrom"
						}
					}
				},
				"bone28": {
					"rotation": {
						"0.0": {
							"post": [0, 7.5, -20],
							"lerp_mode": "catmullrom"
						},
						"1.0": {
							"post": [0, 7.5, -20],
							"lerp_mode": "catmullrom"
						},
						"2.0": {
							"post": [0, 7.5, -20],
							"lerp_mode": "catmullrom"
						}
					}
				},
				"arm_left": {
					"rotation": {
						"0.0": {
							"post": [0, 0, 45],
							"lerp_mode": "catmullrom"
						},
						"1.0": {
							"post": [0, -10, 45],
							"lerp_mode": "catmullrom"
						},
						"2.0": {
							"post": [0, 0, 45],
							"lerp_mode": "catmullrom"
						}
					}
				},
				"bone2": {
					"rotation": {
						"0.0": {
							"post": [0, 0, 10],
							"lerp_mode": "catmullrom"
						},
						"1.0": {
							"post": [0, 27.5, 10],
							"lerp_mode": "catmullrom"
						},
						"2.0": {
							"post": [0, 0, 10],
							"lerp_mode": "catmullrom"
						}
					}
				},
				"bone3": {
					"rotation": {
						"0.0": {
							"post": [0, 0, 10],
							"lerp_mode": "catmullrom"
						},
						"2.0": {
							"post": [0, 0, 10],
							"lerp_mode": "catmullrom"
						}
					}
				},
				"bone23": {
					"rotation": {
						"0.0": {
							"post": [10, 0, 12.5],
							"lerp_mode": "catmullrom"
						},
						"1.0": {
							"post": [10, 0, 12.5],
							"lerp_mode": "catmullrom"
						},
						"2.0": {
							"post": [10, 0, 12.5],
							"lerp_mode": "catmullrom"
						}
					}
				},
				"bone22": {
					"rotation": {
						"0.0": {
							"post": [0, 7.5, 15],
							"lerp_mode": "catmullrom"
						},
						"1.0": {
							"post": [0, 7.5, 15],
							"lerp_mode": "catmullrom"
						},
						"2.0": {
							"post": [0, 7.5, 15],
							"lerp_mode": "catmullrom"
						}
					}
				},
				"bone21": {
					"rotation": {
						"0.0": {
							"post": [0, -7.5, 20],
							"lerp_mode": "catmullrom"
						},
						"1.0": {
							"post": [0, -7.5, 20],
							"lerp_mode": "catmullrom"
						},
						"2.0": {
							"post": [0, -7.5, 20],
							"lerp_mode": "catmullrom"
						}
					}
				},
				"bone13": {
					"rotation": [0, -20, 0]
				},
				"bone11": {
					"rotation": [0, 20, 0]
				}
			}
		},
		"animation.medicham.battle_idle": {
			"loop": true,
			"animation_length": 2,
			"bones": {
				"body": {
					"position": {
						"0.0": {
							"post": [0, -0.5, 0],
							"lerp_mode": "catmullrom"
						},
						"1.0": {
							"post": [0.75, -0.75, 0],
							"lerp_mode": "catmullrom"
						},
						"2.0": {
							"post": [0, -0.5, 0],
							"lerp_mode": "catmullrom"
						}
					}
				},
				"torso_lower": {
					"rotation": {
						"0.0": {
							"post": [12.5, 0, 0],
							"lerp_mode": "catmullrom"
						},
						"1.0": {
							"post": [12.31594, -2.15393, 9.76758],
							"lerp_mode": "catmullrom"
						},
						"2.0": {
							"post": [12.5, 0, 0],
							"lerp_mode": "catmullrom"
						}
					}
				},
				"torso": {
					"rotation": {
						"0.0": {
							"post": [1.63042, -7.87643, -2.76964],
							"lerp_mode": "catmullrom"
						},
						"0.5": {
							"post": [6.28877, -7.18059, -9.66935],
							"lerp_mode": "catmullrom"
						},
						"1.0": {
							"post": [9.13042, -7.87643, -2.76964],
							"lerp_mode": "catmullrom"
						},
						"1.5": {
							"post": [12.17148, -8.31474, 2.26129],
							"lerp_mode": "catmullrom"
						},
						"2.0": {
							"post": [1.63042, -7.87643, -2.76964],
							"lerp_mode": "catmullrom"
						}
					}
				},
				"head": {
					"rotation": {
						"0.0": {
							"post": [-7.5, 0, 0],
							"lerp_mode": "catmullrom"
						},
						"0.5": {
							"post": [-15.94, 0, 0],
							"lerp_mode": "catmullrom"
						},
						"1.0": {
							"post": [-12.5, 0, 0],
							"lerp_mode": "catmullrom"
						},
						"1.5": {
							"post": [-2.5, 0, 0],
							"lerp_mode": "catmullrom"
						},
						"2.0": {
							"post": [-7.5, 0, 0],
							"lerp_mode": "catmullrom"
						}
					}
				},
				"arm_left": {
					"rotation": {
						"0.0": {
							"post": [0, -35, 0],
							"lerp_mode": "catmullrom"
						},
						"1.0": {
							"post": [8.61775, -34.05444, -15.14371],
							"lerp_mode": "catmullrom"
						},
						"2.0": {
							"post": [0, -35, 0],
							"lerp_mode": "catmullrom"
						}
					}
				},
				"bone2": {
					"rotation": {
						"0.0": {
							"post": [0, 100, 0],
							"lerp_mode": "catmullrom"
						},
						"1.0417": {
							"post": [-26.80611, 74.89725, -25.31851],
							"lerp_mode": "catmullrom"
						},
						"2.0": {
							"post": [0, 100, 0],
							"lerp_mode": "catmullrom"
						}
					}
				},
				"bone21": {
					"rotation": {
						"0.0": {
							"post": [-3.03513, -9.53274, 17.75313],
							"lerp_mode": "catmullrom"
						},
						"2.0": {
							"post": [-3.03513, -9.53274, 17.75313],
							"lerp_mode": "catmullrom"
						}
					}
				},
				"bone13": {
					"rotation": {
						"0.0": {
							"post": [0, -22.5, 0],
							"lerp_mode": "catmullrom"
						},
						"1.0": {
							"post": [-2.06754, -22.40972, 5.40961],
							"lerp_mode": "catmullrom"
						},
						"2.0": {
							"post": [0, -22.5, 0],
							"lerp_mode": "catmullrom"
						}
					}
				},
				"bone17": {
					"rotation": {
						"0.0": {
							"post": [40, 0, 0],
							"lerp_mode": "catmullrom"
						},
						"1.0": {
							"post": [34.95924, 3.72966, -3.43701],
							"lerp_mode": "catmullrom"
						},
						"2.0": {
							"post": [40, 0, 0],
							"lerp_mode": "catmullrom"
						}
					}
				},
				"bone18": {
					"rotation": {
						"0.0": {
							"post": [-40, 0, 0],
							"lerp_mode": "catmullrom"
						},
						"2.0": {
							"post": [-40, 0, 0],
							"lerp_mode": "catmullrom"
						}
					}
				},
				"bone11": {
					"rotation": {
						"0.0": {
							"post": [-16.23291, 27.49973, 4.02552],
							"lerp_mode": "catmullrom"
						},
						"1.0": {
							"post": [-36.92531, 41.79245, -1.54334],
							"lerp_mode": "catmullrom"
						},
						"2.0": {
							"post": [-16.23291, 27.49973, 4.02552],
							"lerp_mode": "catmullrom"
						}
					}
				},
				"bone12": {
					"rotation": {
						"0.0": {
							"post": [20, 0, 0],
							"lerp_mode": "catmullrom"
						},
						"1.0": {
							"post": [30, 0, 0],
							"lerp_mode": "catmullrom"
						},
						"2.0": {
							"post": [20, 0, 0],
							"lerp_mode": "catmullrom"
						}
					}
				},
				"bone14": {
					"rotation": {
						"0.0": {
							"post": [50, 0, 0],
							"lerp_mode": "catmullrom"
						},
						"2.0": {
							"post": [50, 0, 0],
							"lerp_mode": "catmullrom"
						}
					}
				},
				"bone15": {
					"rotation": {
						"0.0": {
							"post": [-32.5, 0, 0],
							"lerp_mode": "catmullrom"
						},
						"2.0": {
							"post": [-32.5, 0, 0],
							"lerp_mode": "catmullrom"
						}
					}
				},
				"bone22": {
					"rotation": {
						"0.0": {
							"post": [2.61298, 9.65594, 15.22074],
							"lerp_mode": "catmullrom"
						},
						"2.0": {
							"post": [2.61298, 9.65594, 15.22074],
							"lerp_mode": "catmullrom"
						}
					}
				},
				"bone23": {
					"rotation": {
						"0.0": {
							"post": [5, 10, 7.5],
							"lerp_mode": "catmullrom"
						},
						"2.0": {
							"post": [5, 10, 7.5],
							"lerp_mode": "catmullrom"
						}
					}
				},
				"arm_right": {
					"rotation": {
						"0.0": {
							"post": [10.96508, -54.06853, -16.6086],
							"lerp_mode": "catmullrom"
						},
						"1.0": {
							"post": [0.49471, -54.82152, -3.75724],
							"lerp_mode": "catmullrom"
						},
						"1.5": {
							"post": [-11.66104, -53.7882, 11.19617],
							"lerp_mode": "catmullrom"
						},
						"2.0": {
							"post": [10.96508, -54.06853, -16.6086],
							"lerp_mode": "catmullrom"
						}
					}
				},
				"bone24": {
					"rotation": {
						"0.0": {
							"post": [0, -25, 0],
							"lerp_mode": "catmullrom"
						},
						"0.5": {
							"post": [-3.45304, -24.54486, 8.26498],
							"lerp_mode": "catmullrom"
						},
						"1.0": {
							"post": [6.8817, -24.09293, -16.47027],
							"lerp_mode": "catmullrom"
						},
						"1.5": {
							"post": [6.80503, -23.87553, -16.42673],
							"lerp_mode": "catmullrom"
						},
						"2.0": {
							"post": [0, -25, 0],
							"lerp_mode": "catmullrom"
						}
					}
				},
				"bone27": {
					"rotation": {
						"0.0": {
							"post": [2.61298, -9.65594, -15.22074],
							"lerp_mode": "catmullrom"
						},
						"2.0": {
							"post": [2.61298, -9.65594, -15.22074],
							"lerp_mode": "catmullrom"
						}
					}
				},
				"bone28": {
					"rotation": {
						"0.0": {
							"post": [-2.61298, 9.65594, -15.22074],
							"lerp_mode": "catmullrom"
						},
						"2.0": {
							"post": [-2.61298, 9.65594, -15.22074],
							"lerp_mode": "catmullrom"
						}
					}
				},
				"bone25": {
					"rotation": {
						"0.0": {
							"post": [0, 0, -22.5],
							"lerp_mode": "catmullrom"
						},
						"1.0": {
							"post": [0, 0, 42.5],
							"lerp_mode": "catmullrom"
						},
						"1.9583": {
							"post": [0, 0, -22.5],
							"lerp_mode": "catmullrom"
						}
					}
				},
				"bone26": {
					"rotation": {
						"0.0": {
							"post": [0, -15, -12.5],
							"lerp_mode": "catmullrom"
						}
					}
				},
				"bone3": {
					"rotation": {
						"0.0": {
							"post": [0, 0, -52.5],
							"lerp_mode": "catmullrom"
						},
						"1.0": {
							"post": [0, 0, 50],
							"lerp_mode": "catmullrom"
						},
						"2.0": {
							"post": [0, 0, -52.5],
							"lerp_mode": "catmullrom"
						}
					}
				},
				"bone16": {
					"rotation": {
						"0.0": {
							"post": [5, 0, 0],
							"lerp_mode": "catmullrom"
						},
						"1.0": {
							"post": [5, 0, 0],
							"lerp_mode": "catmullrom"
						},
						"2.0": {
							"post": [5, 0, 0],
							"lerp_mode": "catmullrom"
						}
					}
				}
			}
		},
		"animation.medicham.special": {
			"animation_length": 2.4167,
			"bones": {
				"body": {
					"position": {
						"0.0": {
							"post": [0, -0.5, 0],
							"lerp_mode": "catmullrom"
						},
						"2.4167": {
							"post": [0, -0.5, 0],
							"lerp_mode": "catmullrom"
						}
					}
				},
				"torso_lower": {
					"rotation": {
						"0.0": {
							"post": [12.5, 0, 0],
							"lerp_mode": "catmullrom"
						},
						"0.5": {
							"post": [-10, 0, 0],
							"lerp_mode": "catmullrom"
						},
						"1.0": {
							"post": [-10, 0, 0],
							"lerp_mode": "catmullrom"
						},
						"1.2083": {
							"post": [0, 0, 0],
							"lerp_mode": "catmullrom"
						},
						"1.8333": {
							"post": [0, 0, 0],
							"lerp_mode": "catmullrom"
						},
						"2.4167": {
							"post": [12.5, 0, 0],
							"lerp_mode": "catmullrom"
						}
					}
				},
				"torso": {
					"rotation": {
						"0.0": {
							"post": [1.63042, -7.87643, -2.76964],
							"lerp_mode": "catmullrom"
						},
						"0.5": {
							"post": [11.51968, -0.52853, -1.26173],
							"lerp_mode": "catmullrom"
						},
						"1.0": {
							"post": [11.51968, -0.52853, -1.26173],
							"lerp_mode": "catmullrom"
						},
						"1.2083": {
							"post": [4.01968, -0.52853, -1.26173],
							"lerp_mode": "catmullrom"
						},
						"1.8333": {
							"post": [4.01968, -0.52853, -1.26173],
							"lerp_mode": "catmullrom"
						},
						"2.4167": {
							"post": [1.63042, -7.87643, -2.76964],
							"lerp_mode": "catmullrom"
						}
					}
				},
				"head": {
					"rotation": {
						"0.0": {
							"post": [-7.5, 0, 0],
							"lerp_mode": "catmullrom"
						},
						"0.5": {
							"post": [22.5, 0, 0],
							"lerp_mode": "catmullrom"
						},
						"1.0": {
							"post": [22.5, 0, 0],
							"lerp_mode": "catmullrom"
						},
						"2.4167": {
							"post": [-7.5, 0, 0],
							"lerp_mode": "catmullrom"
						}
					}
				},
				"arm_right": {
					"rotation": {
						"0.0": {
							"post": [10.96508, -54.06853, -16.6086],
							"lerp_mode": "catmullrom"
						},
						"0.5": {
							"post": [12.43912, -16.49157, -28.10853],
							"lerp_mode": "catmullrom"
						},
						"1.0": {
							"post": [12.43912, -16.49157, -28.10853],
							"lerp_mode": "catmullrom"
						},
						"1.8333": {
							"post": [10.35381, -18.75016, -19.71391],
							"lerp_mode": "catmullrom"
						},
						"2.4167": {
							"post": [10.96508, -54.06853, -16.6086],
							"lerp_mode": "catmullrom"
						}
					}
				},
				"bone24": {
					"rotation": {
						"0.0": {
							"post": [0, -25, 0],
							"lerp_mode": "catmullrom"
						},
						"0.5": {
							"post": [0, -102.5, 0],
							"lerp_mode": "catmullrom"
						},
						"1.0": {
							"post": [0, -102.5, 0],
							"lerp_mode": "catmullrom"
						},
						"1.2083": {
							"post": [0, -120, 0],
							"lerp_mode": "catmullrom"
						},
						"1.8333": {
							"post": [0, -120, 0],
							"lerp_mode": "catmullrom"
						},
						"2.4167": {
							"post": [0, -25, 0],
							"lerp_mode": "catmullrom"
						}
					}
				},
				"bone25": {
					"rotation": {
						"0.0": {
							"post": [0, 0, -22.5],
							"lerp_mode": "catmullrom"
						},
						"0.5": {
							"post": [-32.5, 0, 57.5],
							"lerp_mode": "catmullrom"
						},
						"1.0": {
							"post": [-32.5, 0, 57.5],
							"lerp_mode": "catmullrom"
						},
						"1.8333": {
							"post": [-15.16063, 9.45919, 52.57997],
							"lerp_mode": "catmullrom"
						},
						"2.4167": {
							"post": [0, 0, -22.5],
							"lerp_mode": "catmullrom"
						}
					}
				},
				"bone26": {
					"rotation": {
						"0.0": {
							"post": [0, -15, -12.5],
							"lerp_mode": "catmullrom"
						},
						"2.4167": {
							"post": [0, -15, -12.5],
							"lerp_mode": "catmullrom"
						}
					}
				},
				"bone27": {
					"rotation": {
						"0.0": {
							"post": [2.61298, -9.65594, -15.22074],
							"lerp_mode": "catmullrom"
						},
						"2.4167": {
							"post": [2.61298, -9.65594, -15.22074],
							"lerp_mode": "catmullrom"
						}
					}
				},
				"bone28": {
					"rotation": {
						"0.0": {
							"post": [-2.61298, 9.65594, -15.22074],
							"lerp_mode": "catmullrom"
						},
						"2.4167": {
							"post": [-2.61298, 9.65594, -15.22074],
							"lerp_mode": "catmullrom"
						}
					}
				},
				"arm_left": {
					"rotation": {
						"0.0": {
							"post": [0, -35, 0],
							"lerp_mode": "catmullrom"
						},
						"0.5": {
							"post": [10.00859, 12.28568, 27.77477],
							"lerp_mode": "catmullrom"
						},
						"1.0": {
							"post": [10.00859, 12.28568, 27.77477],
							"lerp_mode": "catmullrom"
						},
						"1.2083": {
							"post": [11.31898, 77.40566, 35.05334],
							"lerp_mode": "catmullrom"
						},
						"1.8333": {
							"post": [11.31898, 77.40566, 35.05334],
							"lerp_mode": "catmullrom"
						},
						"2.4167": {
							"post": [0, -35, 0],
							"lerp_mode": "catmullrom"
						}
					}
				},
				"bone2": {
					"rotation": {
						"0.0": {
							"post": [0, 105, 0],
							"lerp_mode": "catmullrom"
						},
						"0.5": {
							"post": [0, 108.12, 0],
							"lerp_mode": "catmullrom"
						},
						"1.0": {
							"post": [0, 108.12, 0],
							"lerp_mode": "catmullrom"
						},
						"1.2083": {
							"post": [0, 17.5, 0],
							"lerp_mode": "catmullrom"
						},
						"1.8333": {
							"post": [0, 17.5, 0],
							"lerp_mode": "catmullrom"
						},
						"2.4167": {
							"post": [0, 105, 0],
							"lerp_mode": "catmullrom"
						}
					}
				},
				"bone3": {
					"rotation": {
						"0.0": {
							"post": [0, 0, 20],
							"lerp_mode": "catmullrom"
						},
						"0.5": {
							"post": [-32.5, 0, -40],
							"lerp_mode": "catmullrom"
						},
						"1.0": {
							"post": [-32.5, 0, -40],
							"lerp_mode": "catmullrom"
						},
						"2.4167": {
							"post": [0, 0, 20],
							"lerp_mode": "catmullrom"
						}
					}
				},
				"bone23": {
					"rotation": {
						"0.0": {
							"post": [5, 10, 7.5],
							"lerp_mode": "catmullrom"
						},
						"2.4167": {
							"post": [5, 10, 7.5],
							"lerp_mode": "catmullrom"
						}
					}
				},
				"bone22": {
					"rotation": {
						"0.0": {
							"post": [2.61298, 9.65594, 15.22074],
							"lerp_mode": "catmullrom"
						},
						"2.4167": {
							"post": [2.61298, 9.65594, 15.22074],
							"lerp_mode": "catmullrom"
						}
					}
				},
				"bone21": {
					"rotation": {
						"0.0": {
							"post": [-3.03513, -9.53274, 17.75313],
							"lerp_mode": "catmullrom"
						},
						"2.4167": {
							"post": [-3.03513, -9.53274, 17.75313],
							"lerp_mode": "catmullrom"
						}
					}
				},
				"bone13": {
					"rotation": {
						"0.0": {
							"post": [0, -22.5, 0],
							"lerp_mode": "catmullrom"
						},
						"2.4167": {
							"post": [0, -22.5, 0],
							"lerp_mode": "catmullrom"
						}
					}
				},
				"bone16": {
					"rotation": {
						"0.0": {
							"post": [5, 0, 0],
							"lerp_mode": "catmullrom"
						},
						"2.4167": {
							"post": [5, 0, 0],
							"lerp_mode": "catmullrom"
						}
					}
				},
				"bone17": {
					"rotation": {
						"0.0": {
							"post": [40, 0, 0],
							"lerp_mode": "catmullrom"
						},
						"2.4167": {
							"post": [40, 0, 0],
							"lerp_mode": "catmullrom"
						}
					}
				},
				"bone18": {
					"rotation": {
						"0.0": {
							"post": [-40, 0, 0],
							"lerp_mode": "catmullrom"
						},
						"2.4167": {
							"post": [-40, 0, 0],
							"lerp_mode": "catmullrom"
						}
					}
				},
				"bone11": {
					"rotation": {
						"0.0": {
							"post": [-16.23291, 27.49973, 4.02552],
							"lerp_mode": "catmullrom"
						},
						"0.5": {
							"post": [-1.23291, 27.49973, 4.02552],
							"lerp_mode": "catmullrom"
						},
						"1.4167": {
							"post": [-24.86626, 36.66875, -0.69644],
							"lerp_mode": "catmullrom"
						},
						"2.4167": {
							"post": [-16.23291, 27.49973, 4.02552],
							"lerp_mode": "catmullrom"
						}
					}
				},
				"bone12": {
					"rotation": {
						"0.0": {
							"post": [20, 0, 0],
							"lerp_mode": "catmullrom"
						},
						"0.5": {
							"post": [30, 0, 0],
							"lerp_mode": "catmullrom"
						},
						"2.4167": {
							"post": [20, 0, 0],
							"lerp_mode": "catmullrom"
						}
					}
				},
				"bone14": {
					"rotation": {
						"0.0": {
							"post": [50, 0, 0],
							"lerp_mode": "catmullrom"
						},
						"2.4167": {
							"post": [50, 0, 0],
							"lerp_mode": "catmullrom"
						}
					}
				},
				"bone15": {
					"rotation": {
						"0.0": {
							"post": [-32.5, 0, 0],
							"lerp_mode": "catmullrom"
						},
						"2.4167": {
							"post": [-32.5, 0, 0],
							"lerp_mode": "catmullrom"
						}
					}
				}
			}
		},
		"animation.medicham.physical": {
			"animation_length": 1.9167,
			"bones": {
				"body": {
					"rotation": {
						"0.0": [0, 0, 0],
						"0.2083": [0, 0, 0],
						"0.6667": [0, 60, 0],
						"1.7917": [0, 0, 0]
					},
					"position": {
						"0.0": [0, -0.5, 0],
						"0.2083": [0, -1.75, 0],
						"0.4583": [0, 0.25, 0],
						"0.6667": [-2.75, -1, -0.5],
						"0.9167": [-2.75, -2, -0.5],
						"1.25": [-2.75, -2, -0.5],
						"1.5417": [0, 0.25, 0],
						"1.7917": [0, -0.5, 0]
					}
				},
				"torso_lower": {
					"rotation": {
						"0.0": {
							"post": [12.5, 0, 0],
							"lerp_mode": "catmullrom"
						},
						"1.7917": {
							"post": [12.5, 0, 0],
							"lerp_mode": "catmullrom"
						}
					}
				},
				"torso": {
					"rotation": {
						"0.0": {
							"post": [1.63042, -7.87643, -2.76964],
							"lerp_mode": "catmullrom"
						},
						"0.2083": {
							"post": [9.13042, -7.87643, -2.76964],
							"lerp_mode": "catmullrom"
						},
						"0.6667": {
							"post": [9.27648, -12.81214, -3.58231],
							"lerp_mode": "catmullrom"
						},
						"1.0833": {
							"post": [13.99202, -6.64587, -2.13334],
							"lerp_mode": "catmullrom"
						},
						"1.7917": {
							"post": [1.63042, -7.87643, -2.76964],
							"lerp_mode": "catmullrom"
						}
					}
				},
				"head": {
					"rotation": {
						"0.0": {
							"post": [-7.5, 0, 0],
							"lerp_mode": "catmullrom"
						},
						"0.2083": {
							"post": [5, 0, 0],
							"lerp_mode": "catmullrom"
						},
						"0.6667": {
							"post": [6.0963, -34.84748, -3.49226],
							"lerp_mode": "catmullrom"
						},
						"1.0833": {
							"post": [11.55212, -25.55269, -2.56078],
							"lerp_mode": "catmullrom"
						},
						"1.7917": {
							"post": [-7.5, 0, 0],
							"lerp_mode": "catmullrom"
						}
					}
				},
				"arm_right": {
					"rotation": {
						"0.0": {
							"post": [10.96508, -54.06853, -16.6086],
							"lerp_mode": "catmullrom"
						},
						"0.2083": {
							"post": [7.35841, -29.36576, -11.3162],
							"lerp_mode": "catmullrom"
						},
						"0.4583": {
							"post": [12.09063, 21.35531, -12.09063],
							"lerp_mode": "catmullrom"
						},
						"0.9167": {
							"post": [10.61658, 26.17869, -24.41042],
							"lerp_mode": "catmullrom"
						},
						"1.25": {
							"post": [12.71843, -27.61646, -22.52363],
							"lerp_mode": "catmullrom"
						},
						"1.7917": {
							"post": [10.96508, -54.06853, -16.6086],
							"lerp_mode": "catmullrom"
						}
					}
				},
				"bone24": {
					"rotation": {
						"0.0": {
							"post": [0, -25, 0],
							"lerp_mode": "catmullrom"
						},
						"0.2083": {
							"post": [0, -50, 0],
							"lerp_mode": "catmullrom"
						},
						"0.9167": {
							"post": [0, -82.5, 0],
							"lerp_mode": "catmullrom"
						},
						"1.7917": {
							"post": [0, -25, 0],
							"lerp_mode": "catmullrom"
						}
					}
				},
				"bone25": {
					"rotation": {
						"0.0": {
							"post": [0, 0, -22.5],
							"lerp_mode": "catmullrom"
						},
						"1.7917": {
							"post": [0, 0, -22.5],
							"lerp_mode": "catmullrom"
						}
					}
				},
				"bone26": {
					"rotation": {
						"0.0": {
							"post": [0, -15, -12.5],
							"lerp_mode": "catmullrom"
						},
						"1.7917": {
							"post": [0, -15, -12.5],
							"lerp_mode": "catmullrom"
						}
					}
				},
				"bone27": {
					"rotation": {
						"0.0": {
							"post": [2.61298, -9.65594, -15.22074],
							"lerp_mode": "catmullrom"
						},
						"1.7917": {
							"post": [2.61298, -9.65594, -15.22074],
							"lerp_mode": "catmullrom"
						}
					}
				},
				"bone28": {
					"rotation": {
						"0.0": {
							"post": [-2.61298, 9.65594, -15.22074],
							"lerp_mode": "catmullrom"
						},
						"1.7917": {
							"post": [-2.61298, 9.65594, -15.22074],
							"lerp_mode": "catmullrom"
						}
					}
				},
				"arm_left": {
					"rotation": {
						"0.0": {
							"post": [0, -35, 0],
							"lerp_mode": "catmullrom"
						},
						"0.4583": {
							"post": [-33.02984, -63.59484, 51.11878],
							"lerp_mode": "catmullrom"
						},
						"0.6667": {
							"post": [-19.42929, -43.22079, 34.48558],
							"lerp_mode": "catmullrom"
						},
						"0.9167": {
							"post": [-33.9121, -34.09767, 57.40932],
							"lerp_mode": "catmullrom"
						},
						"1.25": {
							"post": [-16.48457, -31.3213, 29.65098],
							"lerp_mode": "catmullrom"
						},
						"1.7917": {
							"post": [0, -35, 0],
							"lerp_mode": "catmullrom"
						}
					}
				},
				"bone2": {
					"rotation": {
						"0.0": {
							"post": [0, 100, 0],
							"lerp_mode": "catmullrom"
						},
						"0.2083": {
							"post": [0, 107.5, 0],
							"lerp_mode": "catmullrom"
						},
						"0.6667": {
							"post": [0, 67.5, 0],
							"lerp_mode": "catmullrom"
						},
						"0.9167": {
							"post": [0, 40, 0],
							"lerp_mode": "catmullrom"
						},
						"1.7917": {
							"post": [0, 100, 0],
							"lerp_mode": "catmullrom"
						}
					}
				},
				"bone3": {
					"rotation": {
						"0.0": {
							"post": [0, 0, 20],
							"lerp_mode": "catmullrom"
						},
						"1.7917": {
							"post": [0, 0, 20],
							"lerp_mode": "catmullrom"
						}
					}
				},
				"bone23": {
					"rotation": {
						"0.0": {
							"post": [5, 10, 7.5],
							"lerp_mode": "catmullrom"
						},
						"1.7917": {
							"post": [5, 10, 7.5],
							"lerp_mode": "catmullrom"
						}
					}
				},
				"bone22": {
					"rotation": {
						"0.0": {
							"post": [2.61298, 9.65594, 15.22074],
							"lerp_mode": "catmullrom"
						},
						"1.7917": {
							"post": [2.61298, 9.65594, 15.22074],
							"lerp_mode": "catmullrom"
						}
					}
				},
				"bone21": {
					"rotation": {
						"0.0": {
							"post": [-3.03513, -9.53274, 17.75313],
							"lerp_mode": "catmullrom"
						},
						"1.7917": {
							"post": [-3.03513, -9.53274, 17.75313],
							"lerp_mode": "catmullrom"
						}
					}
				},
				"bone13": {
					"rotation": {
						"0.0": {
							"post": [0, -22.5, 0],
							"lerp_mode": "catmullrom"
						},
						"0.2083": {
							"post": [-7.5, -22.5, 0],
							"lerp_mode": "catmullrom"
						},
						"0.4583": {
							"post": [-17.5, -22.5, 0],
							"lerp_mode": "catmullrom"
						},
						"0.6667": {
							"post": [-64.5715, -9.15498, -80.33237],
							"lerp_mode": "catmullrom"
						},
						"0.9167": {
							"post": [-42.35631, 29.95786, -43.90323],
							"lerp_mode": "catmullrom"
						},
						"1.25": {
							"post": [-17.5, -22.5, 0],
							"lerp_mode": "catmullrom"
						},
						"1.7917": {
							"post": [0, -22.5, 0],
							"lerp_mode": "catmullrom"
						}
					}
				},
				"bone16": {
					"rotation": {
						"0.0": {
							"post": [5, 0, 0],
							"lerp_mode": "catmullrom"
						},
						"0.2083": {
							"post": [17.5, 0, 0],
							"lerp_mode": "catmullrom"
						},
						"0.4583": {
							"post": [27.5, 0, 0],
							"lerp_mode": "catmullrom"
						},
						"0.6667": {
							"post": [29, 0, 0],
							"lerp_mode": "catmullrom"
						},
						"1.25": {
							"post": [27.5, 0, 0],
							"lerp_mode": "catmullrom"
						},
						"1.7917": {
							"post": [5, 0, 0],
							"lerp_mode": "catmullrom"
						}
					}
				},
				"bone17": {
					"rotation": {
						"0.0": {
							"post": [40, 0, 0],
							"lerp_mode": "catmullrom"
						},
						"1.7917": {
							"post": [40, 0, 0],
							"lerp_mode": "catmullrom"
						}
					}
				},
				"bone18": {
					"rotation": {
						"0.0": {
							"post": [-40, 0, 0],
							"lerp_mode": "catmullrom"
						},
						"1.7917": {
							"post": [-40, 0, 0],
							"lerp_mode": "catmullrom"
						}
					}
				},
				"bone11": {
					"rotation": {
						"0.0": {
							"post": [-16.23291, 27.49973, 4.02552],
							"lerp_mode": "catmullrom"
						},
						"0.2083": {
							"post": [-26.23291, 27.49973, 4.02552],
							"lerp_mode": "catmullrom"
						},
						"0.6667": {
							"post": [-8.80174, 26.40423, -7.12937],
							"lerp_mode": "catmullrom"
						},
						"1.7917": {
							"post": [-16.23291, 27.49973, 4.02552],
							"lerp_mode": "catmullrom"
						}
					}
				},
				"bone12": {
					"rotation": {
						"0.0": {
							"post": [20, 0, 0],
							"lerp_mode": "catmullrom"
						},
						"0.2083": {
							"post": [30, 0, 0],
							"lerp_mode": "catmullrom"
						},
						"1.7917": {
							"post": [20, 0, 0],
							"lerp_mode": "catmullrom"
						}
					}
				},
				"bone14": {
					"rotation": {
						"0.0": {
							"post": [50, 0, 0],
							"lerp_mode": "catmullrom"
						},
						"0.6667": {
							"post": [49.32185, -9.54385, 8.11019],
							"lerp_mode": "catmullrom"
						},
						"1.7917": {
							"post": [50, 0, 0],
							"lerp_mode": "catmullrom"
						}
					}
				},
				"bone15": {
					"rotation": {
						"0.0": {
							"post": [-32.5, 0, 0],
							"lerp_mode": "catmullrom"
						},
						"1.7917": {
							"post": [-32.5, 0, 0],
							"lerp_mode": "catmullrom"
						}
					}
				}
			}
		},
		"animation.medicham.ground_walk": {
			"loop": true,
			"animation_length": 1,
			"bones": {
				"body": {
					"position": {
						"0.0": {
							"post": [0, -1.75, 0],
							"lerp_mode": "catmullrom"
						},
						"0.25": {
							"post": [0, -1.25, 0],
							"lerp_mode": "catmullrom"
						},
						"0.5": {
							"post": [0, -1.75, 0],
							"lerp_mode": "catmullrom"
						},
						"0.75": {
							"post": [0, -1.25, 0],
							"lerp_mode": "catmullrom"
						},
						"1.0": {
							"post": [0, -1.75, 0],
							"lerp_mode": "catmullrom"
						}
					}
				},
				"torso_lower": {
					"rotation": {
						"0.0": {
							"post": [0, 0, 0],
							"lerp_mode": "catmullrom"
						},
						"1.0": {
							"post": [0, 0, 0],
							"lerp_mode": "catmullrom"
						}
					}
				},
				"torso": {
					"rotation": {
						"0.0": {
							"post": [0, 5, 0],
							"lerp_mode": "catmullrom"
						},
						"0.25": {
							"post": [0, 0, 0],
							"lerp_mode": "catmullrom"
						},
						"0.5": {
							"post": [0, -5, 0],
							"lerp_mode": "catmullrom"
						},
						"0.75": {
							"post": [0, 0, 0],
							"lerp_mode": "catmullrom"
						},
						"1.0": {
							"post": [0, 5, 0],
							"lerp_mode": "catmullrom"
						}
					}
				},
				"head": {
					"rotation": {
						"0.0": {
							"post": [0, 0, 0],
							"lerp_mode": "catmullrom"
						},
						"1.0": {
							"post": [0, 0, 0],
							"lerp_mode": "catmullrom"
						}
					}
				},
				"bone6": {
					"rotation": {
						"0.0": {
							"post": [-10, 0, 0],
							"lerp_mode": "catmullrom"
						},
						"0.2083": {
							"post": [-17.5, 0, 0],
							"lerp_mode": "catmullrom"
						},
						"0.4167": {
							"post": [-9.05, 0, 0],
							"lerp_mode": "catmullrom"
						},
						"0.625": {
							"post": [-17.5, 0, 0],
							"lerp_mode": "catmullrom"
						},
						"0.8333": {
							"post": [-9.05, 0, 0],
							"lerp_mode": "catmullrom"
						},
						"1.0": {
							"post": [-10, 0, 0],
							"lerp_mode": "catmullrom"
						}
					}
				},
				"arm_right": {
					"rotation": {
						"0.0": {
							"post": [0, 25, -47.5],
							"lerp_mode": "catmullrom"
						},
						"0.25": {
							"post": [0, 7.5, -47.5],
							"lerp_mode": "catmullrom"
						},
						"0.5": {
							"post": [0, -10, -47.5],
							"lerp_mode": "catmullrom"
						},
						"0.75": {
							"post": [0, 7.5, -47.5],
							"lerp_mode": "catmullrom"
						},
						"1.0": {
							"post": [0, 25, -47.5],
							"lerp_mode": "catmullrom"
						}
					}
				},
				"bone24": {
					"rotation": {
						"0.0": {
							"post": [0, -20, -5],
							"lerp_mode": "catmullrom"
						},
						"0.125": {
							"post": [0, -12.5, -5],
							"lerp_mode": "catmullrom"
						},
						"0.5833": {
							"post": [0, -28.92857, -5],
							"lerp_mode": "catmullrom"
						},
						"1.0": {
							"post": [0, -20, -5],
							"lerp_mode": "catmullrom"
						}
					}
				},
				"bone25": {
					"rotation": {
						"0.0": {
							"post": [0, 0, -12.5],
							"lerp_mode": "catmullrom"
						},
						"1.0": {
							"post": [0, 0, -12.5],
							"lerp_mode": "catmullrom"
						}
					}
				},
				"bone26": {
					"rotation": {
						"0.0": {
							"post": [10, 0, -10],
							"lerp_mode": "catmullrom"
						},
						"1.0": {
							"post": [10, 0, -10],
							"lerp_mode": "catmullrom"
						}
					}
				},
				"bone27": {
					"rotation": {
						"0.0": {
							"post": [0, -10, -15],
							"lerp_mode": "catmullrom"
						},
						"1.0": {
							"post": [0, -10, -15],
							"lerp_mode": "catmullrom"
						}
					}
				},
				"bone28": {
					"rotation": {
						"0.0": {
							"post": [0, 7.5, -20],
							"lerp_mode": "catmullrom"
						},
						"1.0": {
							"post": [0, 7.5, -20],
							"lerp_mode": "catmullrom"
						}
					}
				},
				"arm_left": {
					"rotation": {
						"0.0": {
							"post": [0, 17.5, 45],
							"lerp_mode": "catmullrom"
						},
						"0.25": {
							"post": [0, -7.5, 45],
							"lerp_mode": "catmullrom"
						},
						"0.5": {
							"post": [0, -25, 45],
							"lerp_mode": "catmullrom"
						},
						"0.75": {
							"post": [0, -7.5, 45],
							"lerp_mode": "catmullrom"
						},
						"1.0": {
							"post": [0, 17.5, 45],
							"lerp_mode": "catmullrom"
						}
					}
				},
				"bone2": {
					"rotation": {
						"0.0": {
							"post": [0, 20, 10],
							"lerp_mode": "catmullrom"
						},
						"0.125": {
							"post": [0, 30, 10],
							"lerp_mode": "catmullrom"
						},
						"0.5833": {
							"post": [0, 14.7619, 10],
							"lerp_mode": "catmullrom"
						},
						"1.0": {
							"post": [0, 20, 10],
							"lerp_mode": "catmullrom"
						}
					}
				},
				"bone3": {
					"rotation": {
						"0.0": [0, 0, 10],
						"1.0": [0, 0, 10]
					}
				},
				"bone23": {
					"rotation": {
						"0.0": [10, 0, 12.5],
						"1.0": [10, 0, 12.5]
					}
				},
				"bone22": {
					"rotation": {
						"0.0": [0, 7.5, 15],
						"1.0": [0, 7.5, 15]
					}
				},
				"bone21": {
					"rotation": {
						"0.0": [0, -7.5, 20],
						"1.0": [0, -7.5, 20]
					}
				},
				"bone13": {
					"rotation": {
						"0.0": [12.5, 0, 0],
						"0.25": [-30, 0, 0],
						"0.5": [-27.5, 0, 0],
						"0.75": [-5, 0, 0],
						"1.0": [12.5, 0, 0]
					}
				},
				"bone16": {
					"rotation": {
						"0.0": [17.5, 0, 0],
						"0.25": [30, 0, 0],
						"0.5": [22.5, 0, 0],
						"0.75": [20, 0, 0],
						"1.0": [17.5, 0, 0]
					}
				},
				"bone17": {
					"rotation": {
						"0.0": [5, 0, 0],
						"1.0": [5, 0, 0]
					}
				},
				"bone18": {
					"rotation": {
						"0.0": [-32.5, 0, 0],
						"0.25": [0, 0, 0],
						"0.75": [-22.5, 0, 0],
						"1.0": [-32.5, 0, 0]
					}
				},
				"bone11": {
					"rotation": {
						"0.0": [-27.5, 0, 0],
						"0.25": [5, 0, 0],
						"0.5": [10, 0, 0],
						"0.75": [-27.5, 0, 0],
						"1.0": [-27.5, 0, 0]
					}
				},
				"bone12": {
					"rotation": {
						"0.0": [25, 0, 0],
						"0.25": [20, 0, 0],
						"0.5": [30, 0, 0],
						"1.0": [22.5, 0, 0]
					}
				},
				"bone14": {
					"rotation": {
						"0.0": [2.5, 0, 0],
						"0.5": [35, 0, 0],
						"1.0": [2.5, 0, 0]
					}
				},
				"bone15": {
					"rotation": {
						"0.0": [0, 0, 0],
						"0.25": [-20, 0, 0],
						"0.5": [-5, 0, 0],
						"1.0": [0, 0, 0]
					}
				}
			}
		},
		"animation.medicham.recoil": {
			"animation_length": 0.9583,
			"bones": {
				"body": {
					"rotation": {
						"0.0": [0, 0, 0],
						"0.1667": [-7.5, 0, 0],
						"0.5": [0, 0, 0]
					},
					"position": {
						"0.0": {
							"post": [0, -0.5, 0],
							"lerp_mode": "catmullrom"
						},
						"0.9583": {
							"post": [0, -0.5, 0],
							"lerp_mode": "catmullrom"
						}
					}
				},
				"torso_lower": {
					"rotation": {
						"0.0": {
							"post": [12.5, 0, 0],
							"lerp_mode": "catmullrom"
						},
						"0.1667": {
							"post": [-20, 0, 0],
							"lerp_mode": "catmullrom"
						},
						"0.5417": {
							"post": [3.05, 0, 0],
							"lerp_mode": "catmullrom"
						},
						"0.9583": {
							"post": [12.5, 0, 0],
							"lerp_mode": "catmullrom"
						}
					}
				},
				"torso": {
					"rotation": {
						"0.0": {
							"post": [1.63042, -7.87643, -2.76964],
							"lerp_mode": "catmullrom"
						},
						"0.1667": {
							"post": [21.63042, -7.87643, -2.76964],
							"lerp_mode": "catmullrom"
						},
						"0.5417": {
							"post": [28.60009, -7.87643, -2.76964],
							"lerp_mode": "catmullrom"
						},
						"0.9583": {
							"post": [1.63042, -7.87643, -2.76964],
							"lerp_mode": "catmullrom"
						}
					}
				},
				"head": {
					"rotation": {
						"0.0": {
							"post": [-7.5, 0, 0],
							"lerp_mode": "catmullrom"
						},
						"0.1667": {
							"post": [-25.41377, 37.15855, -16.0129],
							"lerp_mode": "catmullrom"
						},
						"0.5417": {
							"post": [6.42064, 12.30468, -10.78556],
							"lerp_mode": "catmullrom"
						},
						"0.9583": {
							"post": [-7.5, 0, 0],
							"lerp_mode": "catmullrom"
						}
					}
				},
				"bone9": {
					"position": {
						"0.0": [0, 0, 0],
						"0.1667": {
							"pre": [0, 0, 0],
							"post": [0, -0.25, 0]
						},
						"0.9583": {
							"pre": [0, -0.25, 0],
							"post": [0, 0, 0]
						}
					},
					"scale": {
						"0.0": [1, 1, 1],
						"0.1667": {
							"pre": [1, 1, 1],
							"post": [1, 0.1, 1]
						},
						"0.9583": {
							"pre": [1, 0.1, 1],
							"post": [1, 1, 1]
						}
					}
				},
				"bone10": {
					"position": {
						"0.0": [0, 0, 0],
						"0.1667": {
							"pre": [0, 0, 0],
							"post": [0, -0.25, 0]
						},
						"0.9583": {
							"pre": [0, -0.25, 0],
							"post": [0, 0, 0]
						}
					},
					"scale": {
						"0.0": [1, 1, 1],
						"0.1667": {
							"pre": [1, 1, 1],
							"post": [1, 0.1, 1]
						},
						"0.9583": {
							"pre": [1, 0.1, 1],
							"post": [1, 1, 1]
						}
					}
				},
				"arm_right": {
					"rotation": {
						"0.0": {
							"post": [10.96508, -54.06853, -16.6086],
							"lerp_mode": "catmullrom"
						},
						"0.1667": {
							"post": [7.89201, 0.17004, -30.63716],
							"lerp_mode": "catmullrom"
						},
						"0.5417": {
							"post": [6.45732, -7.02429, -8.4856],
							"lerp_mode": "catmullrom"
						},
						"0.9583": {
							"post": [10.96508, -54.06853, -16.6086],
							"lerp_mode": "catmullrom"
						}
					}
				},
				"bone24": {
					"rotation": {
						"0.0": {
							"post": [0, -25, 0],
							"lerp_mode": "catmullrom"
						},
						"0.1667": {
							"post": [0, -79.24, 0],
							"lerp_mode": "catmullrom"
						},
						"0.5417": {
							"post": [0, -47.5, 0],
							"lerp_mode": "catmullrom"
						},
						"0.9583": {
							"post": [0, -25, 0],
							"lerp_mode": "catmullrom"
						}
					}
				},
				"bone25": {
					"rotation": {
						"0.0": {
							"post": [0, 0, -22.5],
							"lerp_mode": "catmullrom"
						},
						"0.9583": {
							"post": [0, 0, -22.5],
							"lerp_mode": "catmullrom"
						}
					}
				},
				"bone26": {
					"rotation": {
						"0.0": {
							"post": [0, -15, -12.5],
							"lerp_mode": "catmullrom"
						},
						"0.9583": {
							"post": [0, -15, -12.5],
							"lerp_mode": "catmullrom"
						}
					}
				},
				"bone27": {
					"rotation": {
						"0.0": {
							"post": [2.61298, -9.65594, -15.22074],
							"lerp_mode": "catmullrom"
						},
						"0.9583": {
							"post": [2.61298, -9.65594, -15.22074],
							"lerp_mode": "catmullrom"
						}
					}
				},
				"bone28": {
					"rotation": {
						"0.0": {
							"post": [-2.61298, 9.65594, -15.22074],
							"lerp_mode": "catmullrom"
						},
						"0.9583": {
							"post": [-2.61298, 9.65594, -15.22074],
							"lerp_mode": "catmullrom"
						}
					}
				},
				"arm_left": {
					"rotation": {
						"0.0": {
							"post": [0, -35, 0],
							"lerp_mode": "catmullrom"
						},
						"0.1667": {
							"post": [17.17679, 53.10479, 21.13216],
							"lerp_mode": "catmullrom"
						},
						"0.5417": {
							"post": [10.2248, -16.74524, 6.51102],
							"lerp_mode": "catmullrom"
						},
						"0.9583": {
							"post": [0, -35, 0],
							"lerp_mode": "catmullrom"
						}
					}
				},
				"bone2": {
					"rotation": {
						"0.0": {
							"post": [0, 100, 0],
							"lerp_mode": "catmullrom"
						},
						"0.1667": {
							"post": [0, 55, 0],
							"lerp_mode": "catmullrom"
						},
						"0.9583": {
							"post": [0, 100, 0],
							"lerp_mode": "catmullrom"
						}
					}
				},
				"bone3": {
					"rotation": {
						"0.0": {
							"post": [0, 0, -52.5],
							"lerp_mode": "catmullrom"
						},
						"0.1667": {
							"post": [0, 0, 22.5],
							"lerp_mode": "catmullrom"
						},
						"0.9583": {
							"post": [0, 0, -52.5],
							"lerp_mode": "catmullrom"
						}
					}
				},
				"bone23": {
					"rotation": {
						"0.0": {
							"post": [5, 10, 7.5],
							"lerp_mode": "catmullrom"
						},
						"0.9583": {
							"post": [5, 10, 7.5],
							"lerp_mode": "catmullrom"
						}
					}
				},
				"bone22": {
					"rotation": {
						"0.0": {
							"post": [2.61298, 9.65594, 15.22074],
							"lerp_mode": "catmullrom"
						},
						"0.9583": {
							"post": [2.61298, 9.65594, 15.22074],
							"lerp_mode": "catmullrom"
						}
					}
				},
				"bone21": {
					"rotation": {
						"0.0": {
							"post": [-3.03513, -9.53274, 17.75313],
							"lerp_mode": "catmullrom"
						},
						"0.9583": {
							"post": [-3.03513, -9.53274, 17.75313],
							"lerp_mode": "catmullrom"
						}
					}
				},
				"bone13": {
					"rotation": {
						"0.0": {
							"post": [0, -22.5, 0],
							"lerp_mode": "catmullrom"
						},
						"0.9583": {
							"post": [0, -22.5, 0],
							"lerp_mode": "catmullrom"
						}
					}
				},
				"bone16": {
					"rotation": {
						"0.0": {
							"post": [5, 0, 0],
							"lerp_mode": "catmullrom"
						},
						"0.9583": {
							"post": [5, 0, 0],
							"lerp_mode": "catmullrom"
						}
					}
				},
				"bone17": {
					"rotation": {
						"0.0": {
							"post": [40, 0, 0],
							"lerp_mode": "catmullrom"
						},
						"0.9583": {
							"post": [40, 0, 0],
							"lerp_mode": "catmullrom"
						}
					}
				},
				"bone18": {
					"rotation": {
						"0.0": {
							"post": [-40, 0, 0],
							"lerp_mode": "catmullrom"
						},
						"0.9583": {
							"post": [-40, 0, 0],
							"lerp_mode": "catmullrom"
						}
					}
				},
				"bone11": {
					"rotation": {
						"0.0": {
							"post": [-16.23291, 27.49973, 4.02552],
							"lerp_mode": "catmullrom"
						},
						"0.1667": {
							"post": [-48.73291, 27.49973, 4.02552],
							"lerp_mode": "catmullrom"
						},
						"0.5417": {
							"post": [-20.68363, 27.49973, 4.02552],
							"lerp_mode": "catmullrom"
						},
						"0.9583": {
							"post": [-16.23291, 27.49973, 4.02552],
							"lerp_mode": "catmullrom"
						}
					}
				},
				"bone12": {
					"rotation": {
						"0.0": {
							"post": [20, 0, 0],
							"lerp_mode": "catmullrom"
						},
						"0.1667": {
							"post": [27.5, 0, 0],
							"lerp_mode": "catmullrom"
						},
						"0.5417": {
							"post": [6.99, 0, 0],
							"lerp_mode": "catmullrom"
						},
						"0.9583": {
							"post": [20, 0, 0],
							"lerp_mode": "catmullrom"
						}
					}
				},
				"bone14": {
					"rotation": {
						"0.0": {
							"post": [50, 0, 0],
							"lerp_mode": "catmullrom"
						},
						"0.9583": {
							"post": [50, 0, 0],
							"lerp_mode": "catmullrom"
						}
					}
				},
				"bone15": {
					"rotation": {
						"0.0": {
							"post": [-32.5, 0, 0],
							"lerp_mode": "catmullrom"
						},
						"0.9583": {
							"post": [-32.5, 0, 0],
							"lerp_mode": "catmullrom"
						}
					}
				}
			}
		},
		"animation.medicham.sleep": {
			"loop": true,
			"animation_length": 2,
			"bones": {
				"torso_lower": {
					"rotation": {
						"0.0": {
							"post": [15, 0, 0],
							"lerp_mode": "catmullrom"
						},
						"2.0": {
							"post": [15, 0, 0],
							"lerp_mode": "catmullrom"
						}
					}
				},
				"torso": {
					"rotation": {
						"0.0": {
							"post": [9.91615, 1.29876, -7.38733],
							"lerp_mode": "catmullrom"
						},
						"1.0": {
							"post": [9.85108, -1.72794, 9.85108],
							"lerp_mode": "catmullrom"
						},
						"2.0": {
							"post": [9.91615, 1.29876, -7.38733],
							"lerp_mode": "catmullrom"
						}
					}
				},
				"head": {
					"rotation": {
						"0.0": {
							"post": [20, 0, 0],
							"lerp_mode": "catmullrom"
						},
						"2.0": {
							"post": [20, 0, 0],
							"lerp_mode": "catmullrom"
						}
					}
				},
				"bone6": {
					"rotation": {
						"0.0": {
							"post": [-10, 0, 0],
							"lerp_mode": "catmullrom"
						},
						"2.0": {
							"post": [-10, 0, 0],
							"lerp_mode": "catmullrom"
						}
					}
				},
				"bone9": {
					"position": [0, -0.25, 0],
					"scale": [1, 0.1, 1]
				},
				"bone10": {
					"position": [0, -0.25, 0],
					"scale": [1, 0.1, 1]
				},
				"arm_right": {
					"rotation": {
						"0.0": {
							"post": [10.73052, -46.55847, -62.12771],
							"lerp_mode": "catmullrom"
						},
						"1.0": {
							"post": [-6.76015, -46.99594, -38.29273],
							"lerp_mode": "catmullrom"
						},
						"2.0": {
							"post": [10.73052, -46.55847, -62.12771],
							"lerp_mode": "catmullrom"
						}
					}
				},
				"bone24": {
					"rotation": {
						"0.0": {
							"post": [0, 0, -25],
							"lerp_mode": "catmullrom"
						},
						"0.25": {
							"post": [0, 0, -35],
							"lerp_mode": "catmullrom"
						},
						"1.25": {
							"post": [0, 0, -16.44],
							"lerp_mode": "catmullrom"
						},
						"2.0": {
							"post": [0, 0, -25],
							"lerp_mode": "catmullrom"
						}
					}
				},
				"bone25": {
					"rotation": {
						"0.0": [0, 0, -12.5],
						"2.0": [0, 0, -12.5]
					}
				},
				"bone26": {
					"rotation": {
						"0.0": {
							"post": [10, 0, -10],
							"lerp_mode": "catmullrom"
						},
						"2.0": {
							"post": [10, 0, -10],
							"lerp_mode": "catmullrom"
						}
					}
				},
				"bone27": {
					"rotation": {
						"0.0": {
							"post": [0, -10, -15],
							"lerp_mode": "catmullrom"
						},
						"2.0": {
							"post": [0, -10, -15],
							"lerp_mode": "catmullrom"
						}
					}
				},
				"bone28": {
					"rotation": {
						"0.0": {
							"post": [0, 7.5, -20],
							"lerp_mode": "catmullrom"
						},
						"2.0": {
							"post": [0, 7.5, -20],
							"lerp_mode": "catmullrom"
						}
					}
				},
				"arm_left": {
					"rotation": {
						"0.0": {
							"post": [-2.09615, 39.95426, 41.73794],
							"lerp_mode": "catmullrom"
						},
						"1.0": {
							"post": [11.2749, 38.62478, 62.71258],
							"lerp_mode": "catmullrom"
						},
						"2.0": {
							"post": [-2.09615, 39.95426, 41.73794],
							"lerp_mode": "catmullrom"
						}
					}
				},
				"bone2": {
					"rotation": {
						"0.0": {
							"post": [0, 0, 30],
							"lerp_mode": "catmullrom"
						},
						"0.25": {
							"post": [0, 0, 20],
							"lerp_mode": "catmullrom"
						},
						"1.25": {
							"post": [0, 0, 31.06],
							"lerp_mode": "catmullrom"
						},
						"2.0": {
							"post": [0, 0, 30],
							"lerp_mode": "catmullrom"
						}
					}
				},
				"bone3": {
					"rotation": {
						"0.0": {
							"post": [0, 0, 10],
							"lerp_mode": "catmullrom"
						},
						"2.0": {
							"post": [0, 0, 10],
							"lerp_mode": "catmullrom"
						}
					}
				},
				"bone23": {
					"rotation": {
						"0.0": {
							"post": [10, 0, 12.5],
							"lerp_mode": "catmullrom"
						},
						"2.0": {
							"post": [10, 0, 12.5],
							"lerp_mode": "catmullrom"
						}
					}
				},
				"bone22": {
					"rotation": {
						"0.0": {
							"post": [0, 7.5, 15],
							"lerp_mode": "catmullrom"
						},
						"2.0": {
							"post": [0, 7.5, 15],
							"lerp_mode": "catmullrom"
						}
					}
				},
				"bone21": {
					"rotation": {
						"0.0": {
							"post": [0, -7.5, 20],
							"lerp_mode": "catmullrom"
						},
						"2.0": {
							"post": [0, -7.5, 20],
							"lerp_mode": "catmullrom"
						}
					}
				},
				"bone13": {
					"rotation": {
						"0.0": [0, -20, 0],
						"2.0": [0, -20, 0]
					}
				},
				"bone11": {
					"rotation": {
						"0.0": [0, 20, 0],
						"2.0": [0, 20, 0]
					}
				}
			}
		},
		"animation.medicham.faint": {
			"animation_length": 12.5417,
			"bones": {
				"body": {
					"rotation": {
						"0.0": [0, 0, 0],
						"0.1667": [0, 0, 0],
						"0.9167": {
							"pre": [0, 0, 0],
							"post": [0, 0, 0],
							"lerp_mode": "catmullrom"
						},
						"1.375": {
							"post": [-82.5, 0, 0],
							"lerp_mode": "catmullrom"
						}
					},
					"position": {
						"0.0": {
							"post": [0, -0.5, 0],
							"lerp_mode": "catmullrom"
						},
						"0.1667": {
							"post": [0, -0.5, 0],
							"lerp_mode": "catmullrom"
						},
						"0.9167": {
							"post": [0, -0.5, 0],
							"lerp_mode": "catmullrom"
						},
						"1.375": {
							"post": [0, 4.25, 0],
							"lerp_mode": "catmullrom"
						}
					}
				},
				"torso_lower": {
					"rotation": {
						"0.0": {
							"post": [12.5, 0, 0],
							"lerp_mode": "catmullrom"
						},
						"0.1667": {
							"post": [-20, 0, 0],
							"lerp_mode": "catmullrom"
						},
						"0.9167": {
							"post": [-20, 0, 0],
							"lerp_mode": "catmullrom"
						},
						"1.0833": {
							"post": [-7.5, 0, 0],
							"lerp_mode": "catmullrom"
						}
					}
				},
				"torso": {
					"rotation": {
						"0.0": {
							"post": [1.63042, -7.87643, -2.76964],
							"lerp_mode": "catmullrom"
						},
						"0.1667": {
							"post": [21.63042, -7.87643, -2.76964],
							"lerp_mode": "catmullrom"
						},
						"0.75": {
							"post": [45.05066, -8.19613, -2.85005],
							"lerp_mode": "catmullrom"
						},
						"0.9167": {
							"post": [21.63042, -7.87643, -2.76964],
							"lerp_mode": "catmullrom"
						},
						"1.1667": {
							"post": [34.02306, -0.60147, -0.93991],
							"lerp_mode": "catmullrom"
						},
						"1.375": {
							"post": [-0.86958, -7.87643, -2.76964],
							"lerp_mode": "catmullrom"
						},
						"1.4583": {
							"post": [6.63042, -7.87643, -2.76964],
							"lerp_mode": "catmullrom"
						},
						"1.5417": {
							"post": [-0.86958, -7.87643, -2.76964],
							"lerp_mode": "catmullrom"
						}
					}
				},
				"head": {
					"rotation": {
						"0.0": {
							"post": [-7.5, 0, 0],
							"lerp_mode": "catmullrom"
						},
						"0.1667": {
							"post": [-25.41377, 37.15855, -16.0129],
							"lerp_mode": "catmullrom"
						},
						"0.75": {
							"post": [3.10926, 37.97487, -17.67641],
							"lerp_mode": "catmullrom"
						},
						"0.9167": {
							"post": [-25.41377, 37.15855, -16.0129],
							"lerp_mode": "catmullrom"
						},
						"1.375": {
							"post": [20.30403, 61.25604, -5.40953],
							"lerp_mode": "catmullrom"
						}
					}
				},
				"bone9": {
					"position": {
						"0.0": [0, 0, 0],
						"0.1667": {
							"pre": [0, 0, 0],
							"post": [0, -0.25, 0]
						},
						"0.9167": {
							"pre": [0, -0.25, 0],
							"post": [0, -0.25, 0]
						}
					},
					"scale": {
						"0.0": [1, 1, 1],
						"0.1667": {
							"pre": [1, 1, 1],
							"post": [1, 0.1, 1]
						},
						"0.9167": {
							"pre": [1, 0.1, 1],
							"post": [1, 0.1, 1]
						}
					}
				},
				"bone10": {
					"position": {
						"0.0": [0, 0, 0],
						"0.1667": {
							"pre": [0, 0, 0],
							"post": [0, -0.25, 0]
						},
						"0.9167": {
							"pre": [0, -0.25, 0],
							"post": [0, -0.25, 0]
						}
					},
					"scale": {
						"0.0": [1, 1, 1],
						"0.1667": {
							"pre": [1, 1, 1],
							"post": [1, 0.1, 1]
						},
						"0.9167": {
							"pre": [1, 0.1, 1],
							"post": [1, 0.1, 1]
						}
					}
				},
				"arm_right": {
					"rotation": {
						"0.0": {
							"post": [10.96508, -54.06853, -16.6086],
							"lerp_mode": "catmullrom"
						},
						"0.1667": {
							"post": [7.89201, 0.17004, -30.63716],
							"lerp_mode": "catmullrom"
						},
						"0.9167": {
							"post": [7.89201, 0.17004, -30.63716],
							"lerp_mode": "catmullrom"
						},
						"1.0833": {
							"post": [-7.73889, -39.6338, -23.80688],
							"lerp_mode": "catmullrom"
						},
						"1.375": {
							"post": [-33.95651, 22.44516, -27.37804],
							"lerp_mode": "catmullrom"
						}
					}
				},
				"bone24": {
					"rotation": {
						"0.0": {
							"post": [0, -25, 0],
							"lerp_mode": "catmullrom"
						},
						"0.1667": {
							"post": [0, -79.24, 0],
							"lerp_mode": "catmullrom"
						},
						"0.9167": {
							"post": [0, -79.24, 0],
							"lerp_mode": "catmullrom"
						},
						"1.0833": {
							"post": [0, -29.32, 0],
							"lerp_mode": "catmullrom"
						},
						"1.375": {
							"post": [0, -11.74, 0],
							"lerp_mode": "catmullrom"
						}
					}
				},
				"bone25": {
					"rotation": {
						"0.0": {
							"post": [0, 0, -22.5],
							"lerp_mode": "catmullrom"
						}
					}
				},
				"bone26": {
					"rotation": {
						"0.0": {
							"post": [0, -15, -12.5],
							"lerp_mode": "catmullrom"
						}
					}
				},
				"bone27": {
					"rotation": {
						"0.0": {
							"post": [2.61298, -9.65594, -15.22074],
							"lerp_mode": "catmullrom"
						}
					}
				},
				"bone28": {
					"rotation": {
						"0.0": {
							"post": [-2.61298, 9.65594, -15.22074],
							"lerp_mode": "catmullrom"
						}
					}
				},
				"arm_left": {
					"rotation": {
						"0.0": {
							"post": [0, -35, 0],
							"lerp_mode": "catmullrom"
						},
						"0.1667": {
							"post": [17.17679, 53.10479, 21.13216],
							"lerp_mode": "catmullrom"
						},
						"0.9167": {
							"post": [17.17679, 53.10479, 21.13216],
							"lerp_mode": "catmullrom"
						},
						"1.0833": {
							"post": [16.28081, 67.2014, 27.06764],
							"lerp_mode": "catmullrom"
						},
						"1.375": {
							"post": [-12.18572, -8.01845, 5.79258],
							"lerp_mode": "catmullrom"
						}
					}
				},
				"bone2": {
					"rotation": {
						"0.0": {
							"post": [0, 100, 0],
							"lerp_mode": "catmullrom"
						},
						"0.1667": {
							"post": [0, 55, 0],
							"lerp_mode": "catmullrom"
						},
						"0.9167": {
							"post": [0, 55, 0],
							"lerp_mode": "catmullrom"
						},
						"1.0833": {
							"post": [0, 22.53, 0],
							"lerp_mode": "catmullrom"
						},
						"1.375": {
							"post": [0, 32.5, 0],
							"lerp_mode": "catmullrom"
						}
					}
				},
				"bone3": {
					"rotation": {
						"0.0": {
							"post": [0, 0, -52.5],
							"lerp_mode": "catmullrom"
						},
						"0.1667": {
							"post": [0, 0, 22.5],
							"lerp_mode": "catmullrom"
						},
						"0.9167": {
							"post": [0, 0, 22.5],
							"lerp_mode": "catmullrom"
						}
					}
				},
				"bone23": {
					"rotation": {
						"0.0": {
							"post": [5, 10, 7.5],
							"lerp_mode": "catmullrom"
						}
					}
				},
				"bone22": {
					"rotation": {
						"0.0": {
							"post": [2.61298, 9.65594, 15.22074],
							"lerp_mode": "catmullrom"
						}
					}
				},
				"bone21": {
					"rotation": {
						"0.0": {
							"post": [-3.03513, -9.53274, 17.75313],
							"lerp_mode": "catmullrom"
						}
					}
				},
				"bone13": {
					"rotation": {
						"0.0": {
							"post": [0, -22.5, 0],
							"lerp_mode": "catmullrom"
						}
					}
				},
				"bone16": {
					"rotation": {
						"0.0": {
							"post": [5, 0, 0],
							"lerp_mode": "catmullrom"
						}
					}
				},
				"bone17": {
					"rotation": {
						"0.0": {
							"post": [40, 0, 0],
							"lerp_mode": "catmullrom"
						}
					}
				},
				"bone18": {
					"rotation": {
						"0.0": {
							"post": [-40, 0, 0],
							"lerp_mode": "catmullrom"
						},
						"1.0833": {
							"post": [-7.5, 0, 0],
							"lerp_mode": "catmullrom"
						}
					}
				},
				"bone11": {
					"rotation": {
						"0.0": {
							"post": [-16.23291, 27.49973, 4.02552],
							"lerp_mode": "catmullrom"
						},
						"0.1667": {
							"post": [-48.73291, 27.49973, 4.02552],
							"lerp_mode": "catmullrom"
						},
						"0.9167": {
							"post": [-48.73291, 27.49973, 4.02552],
							"lerp_mode": "catmullrom"
						},
						"1.375": {
							"post": [-3.73291, 27.49973, 4.02552],
							"lerp_mode": "catmullrom"
						}
					}
				},
				"bone12": {
					"rotation": {
						"0.0": {
							"post": [20, 0, 0],
							"lerp_mode": "catmullrom"
						},
						"0.1667": {
							"post": [27.5, 0, 0],
							"lerp_mode": "catmullrom"
						},
						"0.9167": {
							"post": [27.5, 0, 0],
							"lerp_mode": "catmullrom"
						},
						"1.375": {
							"post": [2.5, 0, 0],
							"lerp_mode": "catmullrom"
						}
					}
				},
				"bone14": {
					"rotation": {
						"0.0": {
							"post": [50, 0, 0],
							"lerp_mode": "catmullrom"
						}
					}
				},
				"bone15": {
					"rotation": {
						"0.0": {
							"post": [-32.5, 0, 0],
							"lerp_mode": "catmullrom"
						},
						"1.0833": {
							"post": [-10, 0, 0],
							"lerp_mode": "catmullrom"
						}
					}
				}
			}
		}
	}
}