{
	"format_version": "1.12.0",
	"minecraft:geometry": [
		{
			"description": {
				"identifier": "geometry.froslass",
				"texture_width": 96,
				"texture_height": 72,
				"visible_bounds_width": 5,
				"visible_bounds_height": 3.5,
				"visible_bounds_offset": [0, 1.25, 0]
			},
			"bones": [
				{
					"name": "froslass",
					"pivot": [0, 0, 0]
				},
				{
					"name": "torso",
					"parent": "froslass",
					"pivot": [0, 24, 0]
				},
				{
					"name": "head",
					"parent": "torso",
					"pivot": [0, 23.28571, -1.28571],
					"cubes": [
						{"origin": [-4.5, 23, -4.5], "size": [9, 8, 9], "inflate": 0.2, "uv": [0, 0]},
						{"origin": [-4.5, 48, -4.5], "size": [9, 9, 9], "inflate": -9.2, "pivot": [0, 39.5, 0], "rotation": [180, 0, 0], "uv": [0, 0]},
						{"origin": [-4.5, 21, -4.5], "size": [9, 10, 9], "uv": [0, 23]}
					]
				},
				{
					"name": "head2",
					"parent": "head",
					"pivot": [0, 26.15, 5],
					"cubes": [
						{"origin": [-3.5, 22.15, 3.5], "size": [7, 8, 4], "uv": [37, 0]}
					]
				},
				{
					"name": "head3",
					"parent": "head2",
					"pivot": [0.5, 25.5, 6],
					"cubes": [
						{"origin": [-2, 23.5, 5.5], "size": [4, 6, 5], "uv": [60, 0]},
						{"origin": [0.5, 23.47, 7.505], "size": [1, 4, 3], "uv": [28, 24]},
						{"origin": [-1.5, 23.47, 7.505], "size": [1, 4, 3], "uv": [28, 24]}
					]
				},
				{
					"name": "head4",
					"parent": "head3",
					"pivot": [1, 25.1, 9],
					"cubes": [
						{"origin": [-1.5, 25.1, 8.5], "size": [3, 4, 5], "uv": [79, 0]}
					]
				},
				{
					"name": "horn_left",
					"parent": "head",
					"pivot": [2.475, 29.825, -2.1],
					"rotation": [0, 0, 37.5],
					"cubes": [
						{"origin": [0.975, 28.325, -3.6], "size": [3, 5, 3], "uv": [78, 14]},
						{"origin": [0.975, 33.075, -2.1], "size": [3, 2, 0], "pivot": [2.475, 31.575, -2.1], "rotation": [0, -45, 0], "uv": [84, 12]},
						{"origin": [0.975, 33.075, -2.1], "size": [3, 2, 0], "pivot": [2.475, 31.575, -2.1], "rotation": [-180, -45, 180], "uv": [78, 12]}
					]
				},
				{
					"name": "horn_right",
					"parent": "head",
					"pivot": [-2.475, 29.825, -2.1],
					"rotation": [0, 0, -37.5],
					"cubes": [
						{"origin": [-3.975, 28.325, -3.6], "size": [3, 5, 3], "uv": [65, 14], "mirror": true},
						{"origin": [-3.975, 33.075, -2.1], "size": [3, 2, 0], "pivot": [-2.475, 31.575, -2.1], "rotation": [0, 45, 0], "uv": [71, 12], "mirror": true},
						{"origin": [-3.975, 33.075, -2.1], "size": [3, 2, 0], "pivot": [-2.475, 31.575, -2.1], "rotation": [-180, 45, -180], "uv": [65, 12], "mirror": true}
					]
				},
				{
					"name": "eye_left",
					"parent": "head",
					"pivot": [3.775, 25.5, -3.775],
					"cubes": [
						{"origin": [4.525, 24, -4.525], "size": [0, 3, 3], "uv": [58, 14]},
						{"origin": [1.525, 24, -4.525], "size": [3, 3, 0], "uv": [52, 17]}
					]
				},
				{
					"name": "eyebrow_left",
					"parent": "eye_left",
					"pivot": [3.025, 26.5, -3.05],
					"cubes": [
						{"origin": [1.525, 26, -4.55], "size": [3, 1, 3], "inflate": 0.02, "uv": [39, 13]}
					]
				},
				{
					"name": "pupil_left",
					"parent": "eye_left",
					"pivot": [0, 26, 0],
					"cubes": [
						{"origin": [2.525, 24.75, -4.555], "size": [1, 2, 0], "uv": [54, 21]}
					]
				},
				{
					"name": "eye_left_closed",
					"parent": "head",
					"pivot": [2.775, 25.5, -2.775],
					"cubes": [
						{"origin": [3.525, 24, -3.525], "size": [0, 3, 3], "uv": [58, 21]},
						{"origin": [0.525, 24, -3.525], "size": [3, 3, 0], "uv": [52, 24]}
					]
				},
				{
					"name": "eye_right_closed",
					"parent": "head",
					"pivot": [-2.775, 25.5, -2.775],
					"cubes": [
						{"origin": [-3.525, 24, -3.525], "size": [0, 3, 3], "uv": [39, 21], "mirror": true},
						{"origin": [-3.525, 24, -3.525], "size": [3, 3, 0], "uv": [45, 24], "mirror": true}
					]
				},
				{
					"name": "eye_right",
					"parent": "head",
					"pivot": [-3.775, 25.5, -3.775],
					"cubes": [
						{"origin": [-4.525, 24, -4.525], "size": [0, 3, 3], "uv": [39, 14], "mirror": true},
						{"origin": [-4.525, 24, -4.525], "size": [3, 3, 0], "uv": [45, 17], "mirror": true}
					]
				},
				{
					"name": "eyebrow_right",
					"parent": "eye_right",
					"pivot": [-3.025, 26.5, -3.05],
					"cubes": [
						{"origin": [-4.525, 26, -4.55], "size": [3, 1, 3], "inflate": 0.02, "uv": [52, 13], "mirror": true}
					]
				},
				{
					"name": "pupil_right",
					"parent": "eye_right",
					"pivot": [0, 26, 0],
					"cubes": [
						{"origin": [-3.525, 24.75, -4.555], "size": [1, 2, 0], "uv": [47, 21], "mirror": true}
					]
				},
				{
					"name": "arm_right",
					"parent": "head",
					"pivot": [-4.725, 23.849, 0.55],
					"rotation": [0, 0, 0],
					"cubes": [
						{"origin": [-7.725, 23.849, -0.45], "size": [4, 0, 2], "uv": [80, 46]}
					]
				},
				{
					"name": "arm_right2",
					"parent": "arm_right",
					"pivot": [-7.725, 23.849, 0.55],
					"cubes": [
						{"origin": [-11.725, 23.849, -0.45], "size": [4, 0, 4], "uv": [69, 44]}
					]
				},
				{
					"name": "arm_right3",
					"parent": "arm_right2",
					"pivot": [-11.725, 23.849, 0.55],
					"cubes": [
						{"origin": [-15.725, 23.849, -0.45], "size": [4, 0, 5], "uv": [59, 43]}
					]
				},
				{
					"name": "arm_right4",
					"parent": "arm_right3",
					"pivot": [-15.725, 23.849, 4.55],
					"cubes": [
						{"origin": [-23.725, 23.849, -0.45], "size": [8, 0, 5], "uv": [42, 43]}
					]
				},
				{
					"name": "arm_right5",
					"parent": "arm_right4",
					"pivot": [-19.725, 23.849, 4.55],
					"cubes": [
						{"origin": [-23.725, 23.849, 4.55], "size": [8, 0, 6], "uv": [41, 37]}
					]
				},
				{
					"name": "hand_right",
					"parent": "arm_right4",
					"pivot": [-23.725, 23.849, 1.55],
					"cubes": [
						{"origin": [-24.725, 23.849, 0.05], "size": [1, 0, 3], "uv": [41, 45]}
					]
				},
				{
					"name": "finger_front_right",
					"parent": "hand_right",
					"pivot": [-24.725, 23.849, 0.55],
					"cubes": [
						{"origin": [-25.725, 23.849, 0.05], "size": [1, 0, 1], "uv": [40, 48]}
					]
				},
				{
					"name": "finger_middle_Right",
					"parent": "hand_right",
					"pivot": [-24.725, 23.849, 1.575],
					"cubes": [
						{"origin": [-25.725, 23.849, 1.075], "size": [1, 0, 1], "uv": [40, 46]}
					]
				},
				{
					"name": "finger_back_right",
					"parent": "hand_right",
					"pivot": [-24.725, 23.849, 2.6],
					"cubes": [
						{"origin": [-25.725, 23.849, 2.1], "size": [1, 0, 1], "uv": [40, 44]}
					]
				},
				{
					"name": "arm_left",
					"parent": "head",
					"pivot": [4.725, 23.849, 0.55],
					"rotation": [0, 0, 0],
					"cubes": [
						{"origin": [3.725, 23.849, -0.45], "size": [4, 0, 2], "uv": [39, 33]}
					]
				},
				{
					"name": "arm_left2",
					"parent": "arm_left",
					"pivot": [7.725, 23.849, 0.55],
					"cubes": [
						{"origin": [7.725, 23.849, -0.45], "size": [4, 0, 4], "uv": [46, 31]}
					]
				},
				{
					"name": "arm_left3",
					"parent": "arm_left2",
					"pivot": [11.725, 23.849, 0.55],
					"cubes": [
						{"origin": [11.725, 23.849, -0.45], "size": [4, 0, 5], "uv": [54, 30]}
					]
				},
				{
					"name": "arm_left4",
					"parent": "arm_left3",
					"pivot": [15.725, 23.849, 4.55],
					"cubes": [
						{"origin": [15.74081, 23.849, -0.44988], "size": [8, 0, 5], "uv": [63, 30]}
					]
				},
				{
					"name": "arm_left5",
					"parent": "arm_left4",
					"pivot": [19.74081, 23.849, 4.55012],
					"cubes": [
						{"origin": [15.74081, 23.849, 4.55012], "size": [8, 0, 6], "uv": [62, 24]}
					]
				},
				{
					"name": "hand_left",
					"parent": "arm_left4",
					"pivot": [23.74081, 23.849, 1.55012],
					"cubes": [
						{"origin": [23.74081, 23.849, 0.05012], "size": [1, 0, 3], "uv": [82, 32]}
					]
				},
				{
					"name": "finger_front_left",
					"parent": "hand_left",
					"pivot": [24.74081, 23.849, 0.55012],
					"cubes": [
						{"origin": [24.74081, 23.849, 0.05012], "size": [1, 0, 1], "uv": [87, 35]}
					]
				},
				{
					"name": "finger_middle_Left",
					"parent": "hand_left",
					"pivot": [24.74081, 23.849, 1.57512],
					"cubes": [
						{"origin": [24.74081, 23.849, 1.07512], "size": [1, 0, 1], "uv": [87, 33]}
					]
				},
				{
					"name": "finger_back_left",
					"parent": "hand_left",
					"pivot": [24.74081, 23.849, 2.60012],
					"cubes": [
						{"origin": [24.74081, 23.849, 2.10012], "size": [1, 0, 1], "uv": [87, 31]}
					]
				},
				{
					"name": "mouth_open",
					"parent": "head",
					"pivot": [0, 22.475, -3.025],
					"cubes": [
						{"origin": [-1, 21.975, -3.525], "size": [2, 1, 1], "uv": [28, 19]}
					]
				},
				{
					"name": "head_spike",
					"parent": "head",
					"pivot": [0.05, 22.8, -4.7],
					"rotation": [2.5, 0, 0],
					"cubes": [
						{"origin": [3.675, 21.8, -4.7], "size": [1, 1, 0], "uv": [18, 19]},
						{"origin": [4.675, 20.8, -4.7], "size": [0, 2, 3], "uv": [20, 16]},
						{"origin": [-2, 20.8, -4.7], "size": [4, 2, 0], "uv": [9, 19]},
						{"origin": [-4.675, 21.8, -4.7], "size": [1, 1, 0], "uv": [6, 19], "mirror": true},
						{"origin": [-4.675, 20.8, -4.7], "size": [0, 2, 3], "uv": [0, 16], "mirror": true}
					]
				},
				{
					"name": "neck",
					"parent": "torso",
					"pivot": [0, 21, 0.5],
					"cubes": [
						{"origin": [-1, 18, -0.5], "size": [2, 4, 2], "uv": [3, 45]}
					]
				},
				{
					"name": "body",
					"parent": "neck",
					"pivot": [0, 19.5, 0.5],
					"cubes": [
						{"origin": [-2, 13.5, -1.5], "size": [4, 6, 4], "uv": [0, 53]}
					]
				},
				{
					"name": "body2",
					"parent": "body",
					"pivot": [0, 16.5, 0.5],
					"cubes": [
						{"origin": [-2.5, 13.5, -2], "size": [5, 3, 5], "inflate": 0.1, "uv": [17, 54]}
					]
				},
				{
					"name": "body3",
					"parent": "body2",
					"pivot": [0, 14, 0.5],
					"cubes": [
						{"origin": [-3, 10, -2.5], "size": [6, 4, 6], "inflate": 0.1, "uv": [13, 43]}
					]
				},
				{
					"name": "sash_left",
					"parent": "body3",
					"pivot": [1, 12.5, 3.1],
					"cubes": [
						{"origin": [1, 10, 3.1], "size": [0, 8, 7], "uv": [56, 44]}
					]
				},
				{
					"name": "sash_right",
					"parent": "body3",
					"pivot": [-1, 12.5, 3.1],
					"cubes": [
						{"origin": [-1, 10, 3.1], "size": [0, 8, 7], "uv": [40, 44]}
					]
				},
				{
					"name": "body4",
					"parent": "body3",
					"pivot": [0, 11.5, 0.5],
					"cubes": [
						{"origin": [-3, 9.5, -2.5], "size": [6, 2, 6], "uv": [0, 64]}
					]
				},
				{
					"name": "body5",
					"parent": "body4",
					"pivot": [0.5, 10, 0],
					"cubes": [
						{"origin": [-3.5, 8, -3], "size": [7, 2, 7], "uv": [25, 63]},
						{"origin": [3.5, 2, -3], "size": [0, 6, 7], "uv": [82, 59]},
						{"origin": [-3.5, 2, -3], "size": [0, 6, 7], "uv": [54, 59]},
						{"origin": [-3.5, 2, -3], "size": [7, 6, 0], "uv": [68, 66]},
						{"origin": [-3.5, 2, 4], "size": [7, 6, 0], "uv": [68, 60]}
					]
				}
			]
		}
	]
}