{
	"format_version": "1.8.0",
	"animations": {
		"animation.koraidon.ground_idle": {
			"loop": true,
			"animation_length": 2,
			"bones": {
				"root": {
					"position": [0, -3, 0]
				},
				"f_wheel": {
					"rotation": [37.5, 0, 0],
					"position": [0, 7, -7],
					"scale": [0.8, 0.7, 0.7]
				},
				"r_back_leg": {
					"rotation": {
						"0.0": [43.06145, -27.51235, -12.45891],
						"1.0": [45.56145, -27.51235, -12.45891],
						"2.0": [43.06145, -27.51235, -12.45891]
					}
				},
				"r_low_back_leg": {
					"rotation": [-17.75313, 9.53274, 26.96487]
				},
				"l_back_leg": {
					"rotation": {
						"0.0": [41.43803, 29.14089, 15.06885],
						"1.0": [43.93803, 29.14089, 15.06885],
						"2.0": [41.43803, 29.14089, 15.06885]
					}
				},
				"l_low_back_leg": {
					"rotation": [-15.22074, -9.65594, -29.88702]
				},
				"body": {
					"rotation": {
						"0.0": [-20, 0, 0],
						"1.0": [-22.5, 0, 0],
						"2.0": [-20, 0, 0]
					}
				},
				"head": {
					"rotation": [22.5, 0, 0]
				},
				"head_tail_l": {
					"rotation": [-27.5, 0, 0]
				},
				"h_tail_l1": {
					"rotation": [35, 0, 0]
				},
				"h_tail_l2": {
					"rotation": [32.5, 0, 0]
				},
				"head_tail_r": {
					"rotation": [-27.5, 0, 0]
				},
				"h_tail_r1": {
					"rotation": [35, 0, 0]
				},
				"h_tail_r2": {
					"rotation": [32.5, 0, 0]
				},
				"f_right_leg": {
					"rotation": {
						"0.0": [86.61095, 42.45005, 87.71112],
						"1.0": [84.11095, 42.45005, 87.71112],
						"2.0": [86.61095, 42.45005, 87.71112]
					}
				},
				"f_right_lower_leg": {
					"rotation": [-37.5, 0, 0]
				},
				"f_left_leg": {
					"rotation": {
						"0.0": [86.61095, -42.45005, -87.71112],
						"1.0": [84.11095, -42.45005, -87.71112],
						"2.0": [86.61095, -42.45005, -87.71112]
					}
				},
				"f_left_lower_leg": {
					"rotation": [-37.5, 0, 0]
				},
				"tail4": {
					"rotation": {
						"0.0": [0, 0, 15],
						"1.0": [0, 0, -15],
						"2.0": [0, 0, 15]
					}
				},
				"tail3": {
					"rotation": {
						"0.0": [0, 0, 17.5],
						"1.0": [0, 0, -12.5],
						"2.0": [0, 0, 17.5]
					}
				},
				"tail2": {
					"rotation": {
						"0.0": [0, 0, 15],
						"1.0": [0, 0, -15],
						"2.0": [0, 0, 15]
					}
				},
				"tail": {
					"rotation": {
						"0.0": [0, 0, 15],
						"1.0": [0, 0, -15],
						"2.0": [0, 0, 15]
					}
				}
			}
		},
		"animation.koraidon.faint": {
			"loop": true,
			"animation_length": 2,
			"bones": {
				"root": {
					"position": [0, -3, 0]
				},
				"f_wheel": {
					"rotation": [37.5, 0, 0],
					"position": [0, 7, -7],
					"scale": [0.8, 0.7, 0.7]
				},
				"r_back_leg": {
					"rotation": {
						"0.0": [43.06145, -27.51235, -12.45891],
						"1.0": [45.56145, -27.51235, -12.45891],
						"2.0": [43.06145, -27.51235, -12.45891]
					}
				},
				"r_low_back_leg": {
					"rotation": [-17.75313, 9.53274, 26.96487]
				},
				"l_back_leg": {
					"rotation": {
						"0.0": [41.43803, 29.14089, 15.06885],
						"1.0": [43.93803, 29.14089, 15.06885],
						"2.0": [41.43803, 29.14089, 15.06885]
					}
				},
				"l_low_back_leg": {
					"rotation": [-15.22074, -9.65594, -29.88702]
				},
				"body": {
					"rotation": {
						"0.0": [-20, 0, 0],
						"1.0": [-22.5, 0, 0],
						"2.0": [-20, 0, 0]
					}
				},
				"head": {
					"rotation": [22.5, 0, 0]
				},
				"head_tail_l": {
					"rotation": [-27.5, 0, 0]
				},
				"h_tail_l1": {
					"rotation": [35, 0, 0]
				},
				"h_tail_l2": {
					"rotation": [32.5, 0, 0]
				},
				"head_tail_r": {
					"rotation": [-27.5, 0, 0]
				},
				"h_tail_r1": {
					"rotation": [35, 0, 0]
				},
				"h_tail_r2": {
					"rotation": [32.5, 0, 0]
				},
				"f_right_leg": {
					"rotation": {
						"0.0": [86.61095, 42.45005, 87.71112],
						"1.0": [84.11095, 42.45005, 87.71112],
						"2.0": [86.61095, 42.45005, 87.71112]
					}
				},
				"f_right_lower_leg": {
					"rotation": [-37.5, 0, 0]
				},
				"f_left_leg": {
					"rotation": {
						"0.0": [86.61095, -42.45005, -87.71112],
						"1.0": [84.11095, -42.45005, -87.71112],
						"2.0": [86.61095, -42.45005, -87.71112]
					}
				},
				"f_left_lower_leg": {
					"rotation": [-37.5, 0, 0]
				},
				"tail4": {
					"rotation": {
						"0.0": [0, 0, 15],
						"1.0": [0, 0, -15],
						"2.0": [0, 0, 15]
					}
				},
				"tail3": {
					"rotation": {
						"0.0": [0, 0, 17.5],
						"1.0": [0, 0, -12.5],
						"2.0": [0, 0, 17.5]
					}
				},
				"tail2": {
					"rotation": {
						"0.0": [0, 0, 15],
						"1.0": [0, 0, -15],
						"2.0": [0, 0, 15]
					}
				},
				"tail": {
					"rotation": {
						"0.0": [0, 0, 15],
						"1.0": [0, 0, -15],
						"2.0": [0, 0, 15]
					}
				}
			}
		},
		"animation.koraidon.ground_walk": {
			"loop": true,
			"animation_length": 1.5,
			"bones": {
				"f_wheel": {
					"rotation": {
						"0.0": [37.5, 0, 0],
						"1.5": [37.5, 0, 0]
					},
					"position": {
						"0.0": [0, 7, -7],
						"1.5": [0, 7, -7]
					},
					"scale": {
						"0.0": [0.8, 0.7, 0.7],
						"1.5": [0.8, 0.7, 0.7]
					}
				},
				"r_back_leg": {
					"rotation": {
						"0.0": [42.5, 0, 0],
						"0.25": [65, 0, 0],
						"0.5": [102.5, 0, 0],
						"0.75": [131.25, 0, 0],
						"1.0": [100, 0, 0],
						"1.25": [71.25, 0, 0],
						"1.5": [42.5, 0, 0]
					}
				},
				"r_low_back_leg": {
					"rotation": {
						"0.0": [-62.5, 0, 0],
						"0.25": [-77.5, 0, 0],
						"0.5": [-102.5, 0, 0],
						"0.75": [-77.5, 0, 0],
						"1.0": [-52.5, 0, 0],
						"1.25": [-57.5, 0, 0],
						"1.5": [-62.5, 0, 0]
					}
				},
				"l_back_leg": {
					"rotation": {
						"0.0": [42.5, 0, 0],
						"0.25": [65, 0, 0],
						"0.5": [102.5, 0, 0],
						"0.75": [127.5, 0, 0],
						"1.0": [100, 0, 0],
						"1.5": [42.5, 0, 0]
					}
				},
				"l_low_back_leg": {
					"rotation": {
						"0.0": [-62.5, 0, 0],
						"0.25": [-77.5, 0, 0],
						"0.5": [-102.5, 0, 0],
						"0.75": [-77.5, 0, 0],
						"1.0": [-52.5, 0, 0],
						"1.5": [-62.5, 0, 0]
					}
				},
				"body": {
					"rotation": {
						"0.0": [-77.5, 0, 0],
						"0.9167": [-82.5, 0, 0],
						"1.0833": [-88.93, 0, 0],
						"1.5": [-77.5, 0, 0]
					},
					"position": {
						"0.0": [0, -8, -9],
						"1.5": [0, -8, -9]
					}
				},
				"head": {
					"rotation": {
						"0.0": [0, 0, 0],
						"1.0": [12.5, 0, 0],
						"1.25": [7.5, 0, 0],
						"1.5": [0, 0, 0]
					}
				},
				"head_tail_l": {
					"rotation": [-12.5, 0, 0]
				},
				"h_tail_l1": {
					"rotation": [25, 0, 0]
				},
				"h_tail_l2": {
					"rotation": [-22.5, 0, 0]
				},
				"head_tail_r": {
					"rotation": [-12.5, 0, 0]
				},
				"h_tail_r1": {
					"rotation": [25, 0, 0]
				},
				"h_tail_r2": {
					"rotation": [-22.5, 0, 0]
				},
				"f_right_leg": {
					"rotation": {
						"0.0": [-35, 0, 90],
						"0.25": [-17.5, 0, 90],
						"0.5": [2.5, 0, 90],
						"0.75": [7.5, 0, 90],
						"1.0": [12.5, 0, 90],
						"1.5": [-35, 0, 90]
					},
					"position": {
						"0.0": [0, 0.5, 0],
						"1.5": [0, 0.5, 0]
					}
				},
				"f_right_lower_leg": {
					"rotation": {
						"0.0": [-32.5, 0, 0],
						"0.25": [-17.5, 0, 0],
						"0.5": [-11.25, 0, 0],
						"0.75": [-5, 0, 0],
						"1.0": [-10, 0, 0],
						"1.5": [-32.5, 0, 0]
					}
				},
				"f_left_leg": {
					"rotation": {
						"0.0": [-35, 0, -90],
						"0.25": [-17.5, 0, -90],
						"0.5": [2.5, 0, -90],
						"0.75": [7.5, 0, -90],
						"1.0": [12.5, 0, -90],
						"1.5": [-35, 0, -90]
					},
					"position": {
						"0.0": [0, 0.5, 0],
						"1.5": [0, 0.5, 0]
					}
				},
				"f_left_lower_leg": {
					"rotation": {
						"0.0": [-32.5, 0, 0],
						"0.25": [-17.5, 0, 0],
						"0.5": [-11.25, 0, 0],
						"0.75": [-5, 0, 0],
						"1.0": [-10, 0, 0],
						"1.5": [-32.5, 0, 0]
					}
				},
				"tail4": {
					"rotation": {
						"0.0": [-4.83045, -1.29256, -14.94548],
						"0.75": [-4.83045, 1.29256, 14.94548],
						"1.5": [-4.83045, -1.29256, -14.94548]
					}
				},
				"tail3": {
					"rotation": {
						"0.0": [-4.83045, -1.29256, -14.94548],
						"0.75": [-4.83045, 1.29256, 14.94548],
						"1.5": [-4.83045, -1.29256, -14.94548]
					}
				},
				"tail2": {
					"rotation": {
						"0.0": [-12.08681, -3.21132, -14.65993],
						"0.75": [-12.08681, 3.21132, 14.65993],
						"1.5": [-12.08681, -3.21132, -14.65993]
					}
				},
				"tail": {
					"rotation": {
						"0.0": [84.82456, 14.94159, -1.3378],
						"0.75": [84.82456, -14.94159, 1.3378],
						"1.5": [84.82456, 14.94159, -1.3378]
					},
					"position": {
						"0.0": [0, -3, 2],
						"1.5": [0, -3, 2]
					}
				},
				"handles": {
					"rotation": {
						"0.0": [62.5, 0, 0],
						"1.5": [62.5, 0, 0]
					},
					"position": {
						"0.0": [0, 2, 0],
						"1.5": [0, 2, 0]
					}
				},
				"neck": {
					"rotation": {
						"0.0": [87.5, 0, 0],
						"1.5": [87.5, 0, 0]
					},
					"position": {
						"0.0": [0, 8, -3.25],
						"1.5": [0, 8, -3.25]
					}
				},
				"l_back_foot": {
					"rotation": {
						"0.0": [-57.5, 0, 0],
						"0.5": [-15, 0, 0],
						"0.75": [6.25, 0, 0],
						"1.0": [27.5, 0, 0],
						"1.25": [-15, 0, 0],
						"1.5": [-57.5, 0, 0]
					}
				},
				"r_back_foot": {
					"rotation": {
						"0.0": [-57.5, 0, 0],
						"0.25": [-45, 0, 0],
						"0.5": [-15, 0, 0],
						"0.75": [0, 0, 0],
						"1.0": [27.5, 0, 0],
						"1.25": [-15, 0, 0],
						"1.5": [-57.5, 0, 0]
					}
				},
				"f_right_foot": {
					"rotation": {
						"0.0": [-312.5, -90, -270],
						"0.25": [-345, -90, -270],
						"0.5": [-352.5, -90, -270],
						"0.75": [-360, -90, -270],
						"1.0": [-344.16667, -90, -270],
						"1.5": [-312.5, -90, -270]
					},
					"position": {
						"0.0": [0, 0.4, -1.8],
						"1.5": [0, 0.4, -1.8]
					}
				},
				"f_left_foot": {
					"rotation": {
						"0.0": [47.5, 90, -90],
						"0.25": [15, 90, -90],
						"0.5": [7.5, 90, -90],
						"0.75": [0, 90, -90],
						"1.0": [15.83333, 90, -90],
						"1.5": [47.5, 90, -90]
					},
					"position": {
						"0.0": [0, 0.4, -1.9],
						"1.5": [0, 0.4, -1.9]
					}
				}
			}
		}
	}
}