{
	"format_version": "1.12.0",
	"minecraft:geometry": [
		{
			"description": {
				"identifier": "geometry.unknown",
				"texture_width": 128,
				"texture_height": 128,
				"visible_bounds_width": 10,
				"visible_bounds_height": 5.5,
				"visible_bounds_offset": [0, 2.25, 0]
			},
			"bones": [
				{
					"name": "root",
					"pivot": [0, 0, 0]
				},
				{
					"name": "miraidon",
					"parent": "root",
					"pivot": [0, 0, 0],
					"rotation": [0, 180, 0]
				},
				{
					"name": "body",
					"parent": "miraidon",
					"pivot": [0, 31.14785, 4.04645],
					"cubes": [
						{"origin": [-3.5, 28.4, 18.1], "size": [7, 8, 11], "pivot": [2.5, 28.4, 18.1], "rotation": [90, 0, 0], "uv": [36, 52]},
						{"origin": [-4.5, 29.9, 29.6], "size": [1, 3, 3], "pivot": [-4.5, 24.9, 20.6], "rotation": [90, 0, 0], "uv": [43, 0]},
						{"origin": [3.5, 29.9, 29.6], "size": [1, 3, 3], "pivot": [4.5, 24.9, 20.6], "rotation": [90, 0, 0], "uv": [0, 49]},
						{"origin": [-4, 20, 11], "size": [8, 8, 11], "pivot": [3, 20, 11], "rotation": [50, 0, 0], "uv": [32, 14]},
						{"origin": [-3.5, 20, 0], "size": [7, 8, 11], "uv": [59, 0]},
						{"origin": [-3, 20, -11], "size": [6, 8, 11], "pivot": [-0.5, 19.9, 0], "rotation": [-32.5, 0, 0], "uv": [59, 22]},
						{"origin": [-2, 26.63714, -9.52768], "size": [4, 2.8, 7], "pivot": [-0.5, 28.93714, -6.02768], "rotation": [-105, 0, 0], "uv": [0, 82]},
						{"origin": [-1.5, 35.7, -14.2], "size": [3, 2, 2], "pivot": [-2, 28.6, -13.2], "rotation": [-60, 0, 0], "uv": [0, 55]},
						{"origin": [-2.5, 36, -22.6], "size": [5, 0, 11], "pivot": [-1, 27.9, -11.6], "rotation": [-60, 0, 0], "uv": [0, 0]}
					]
				},
				{
					"name": "left_wing",
					"parent": "body",
					"pivot": [-4.33333, 45.34786, -6.866],
					"rotation": [0, 10, 0],
					"cubes": [
						{"origin": [-7.45202, 24.67094, -7.0314], "size": [1, 8, 4], "pivot": [-4, 46.4, -8.9], "rotation": [55, 0, 0], "uv": [30, 85]},
						{"origin": [-7.75202, 36.98583, -33.07149], "size": [1, 8, 2], "pivot": [-4.3, 48.6, -14.6], "rotation": [132.5, 0, 0], "uv": [32, 33]},
						{"origin": [-8.15202, 26.87094, -16.3314], "size": [1, 8, 2], "pivot": [-4.7, 48.6, -18.2], "rotation": [55, 0, 0], "uv": [27, 0]}
					]
				},
				{
					"name": "right_wing",
					"parent": "body",
					"pivot": [4.33333, 45.34786, -6.866],
					"rotation": [0, -7.5, 0],
					"cubes": [
						{"origin": [5.71895, 24.57852, -6.96668], "size": [1, 8, 4], "pivot": [4, 46.4, -8.9], "rotation": [55, 0, 0], "uv": [41, 82]},
						{"origin": [6.01895, 36.90264, -33.14772], "size": [1, 8, 2], "pivot": [4.3, 48.6, -14.6], "rotation": [132.5, 0, 0], "uv": [0, 0]},
						{"origin": [6.41895, 26.77852, -16.26668], "size": [1, 8, 2], "pivot": [4.7, 48.6, -18.2], "rotation": [55, 0, 0], "uv": [36, 12]}
					]
				},
				{
					"name": "arm_left",
					"parent": "body",
					"pivot": [-3.53333, 35.4, 14.01667],
					"cubes": [
						{"origin": [-10.5, 31.4, 30.1], "size": [7, 2, 2], "pivot": [-4.5, 25.4, 21.1], "rotation": [90, 0, 0], "uv": [82, 28]}
					]
				},
				{
					"name": "arm_left_lower",
					"parent": "arm_left",
					"pivot": [-10.4, 35.4, 13.1],
					"cubes": [
						{"origin": [-17.5, 31.4, 29.1], "size": [7, 3, 4], "pivot": [-11.5, 25.4, 21.1], "rotation": [90, 0, 0], "uv": [84, 0]},
						{"origin": [-20.5, 34.4, 29.1], "size": [3, 2, 1], "pivot": [-18.5, 28.4, 21.1], "rotation": [90, 0, 0], "uv": [61, 60]},
						{"origin": [-21.5, 33.4, 29.1], "size": [4, 2, 1], "pivot": [-18.5, 27.4, 21.1], "rotation": [90, 0, 0], "uv": [57, 41]},
						{"origin": [-21.5, 32.4, 29.1], "size": [4, 2, 1], "pivot": [-18.5, 26.4, 21.1], "rotation": [90, 0, 0], "uv": [36, 59]},
						{"origin": [-20.5, 31.4, 29.1], "size": [3, 2, 1], "pivot": [-18.5, 25.4, 21.1], "rotation": [90, 0, 0], "uv": [50, 11]}
					]
				},
				{
					"name": "arm_right",
					"parent": "body",
					"pivot": [3.53333, 35.4, 14.01667],
					"cubes": [
						{"origin": [3.5, 31.4, 30.1], "size": [7, 2, 2], "pivot": [4.5, 25.4, 21.1], "rotation": [90, 0, 0], "uv": [18, 14]}
					]
				},
				{
					"name": "arm_right_lower",
					"parent": "arm_right",
					"pivot": [10.4, 35.4, 13.2],
					"cubes": [
						{"origin": [10.5, 31.4, 29.1], "size": [7, 3, 4], "pivot": [11.5, 25.4, 21.1], "rotation": [90, 0, 0], "uv": [25, 52]},
						{"origin": [17.5, 34.4, 29.1], "size": [3, 2, 1], "pivot": [18.5, 28.4, 21.1], "rotation": [90, 0, 0], "uv": [43, 6]},
						{"origin": [17.5, 33.4, 29.1], "size": [4, 2, 1], "pivot": [18.5, 27.4, 21.1], "rotation": [90, 0, 0], "uv": [60, 6]},
						{"origin": [17.5, 32.4, 29.1], "size": [4, 2, 1], "pivot": [18.5, 26.4, 21.1], "rotation": [90, 0, 0], "uv": [40, 11]},
						{"origin": [17.5, 31.4, 29.1], "size": [3, 2, 1], "pivot": [18.5, 25.4, 21.1], "rotation": [90, 0, 0], "uv": [0, 10]}
					]
				},
				{
					"name": "tail",
					"parent": "miraidon",
					"pivot": [0, 10, 0]
				},
				{
					"name": "tail1",
					"parent": "tail",
					"pivot": [0, 23.6, -2.6],
					"cubes": [
						{"origin": [-1.5, 22.1, -14.1], "size": [3, 3, 11], "uv": [17, 71]}
					]
				},
				{
					"name": "tail2",
					"parent": "tail1",
					"pivot": [0, 23.6, -14.1],
					"cubes": [
						{"origin": [-1.5, 22.1, -25.1], "size": [3, 3, 11], "uv": [0, 68]}
					]
				},
				{
					"name": "tail3",
					"parent": "tail2",
					"pivot": [0, 23.6, -25.1],
					"cubes": [
						{"origin": [-1.5, 22.1, -36.1], "size": [3, 3, 11], "uv": [10, 0]}
					]
				},
				{
					"name": "tail4",
					"parent": "tail3",
					"pivot": [0, 23.6, -36.1],
					"cubes": [
						{"origin": [-1.5, 22.1, -43.1], "size": [3, 3, 7], "uv": [82, 60]}
					]
				},
				{
					"name": "tail5",
					"parent": "tail4",
					"pivot": [0, 23.6, -43.1],
					"cubes": [
						{"origin": [0, 20.1, -61.1], "size": [0, 7, 18], "uv": [0, 0]}
					]
				},
				{
					"name": "thrusters",
					"parent": "miraidon",
					"pivot": [0, 23.5, 7.66667],
					"cubes": [
						{"origin": [4.5, 22, -1], "size": [4, 4, 4], "uv": [68, 79]},
						{"origin": [3.5, 20, 0], "size": [7, 8, 11], "uv": [32, 33]},
						{"origin": [5, 19.3, 0], "size": [4, 1, 9], "pivot": [7, 19.8, 4.5], "rotation": [7.5, 0, 0], "uv": [76, 79]},
						{"origin": [-8.5, 22, -1], "size": [4, 4, 4], "uv": [84, 41]},
						{"origin": [-10.5, 20, 0], "size": [7, 8, 11], "uv": [0, 49]},
						{"origin": [-9, 19.3, 0], "size": [4, 1, 9], "pivot": [-7, 19.8, 4.5], "rotation": [7.5, 0, 0], "uv": [43, 0]}
					]
				},
				{
					"name": "neck",
					"parent": "miraidon",
					"pivot": [0, 39.5, 13]
				},
				{
					"name": "neck1",
					"parent": "neck",
					"pivot": [3, 39.4, 18.1],
					"cubes": [
						{"origin": [-3, 39.4, 18.1], "size": [6, 8, 11], "pivot": [3, 39.4, 18.1], "rotation": [147.5, 0, 0], "uv": [61, 41]}
					]
				},
				{
					"name": "neck2",
					"parent": "neck1",
					"pivot": [0, 38.7, 4.5],
					"rotation": [-22.5, 0, 0],
					"cubes": [
						{"origin": [-1.5, 38.6, 4.5], "size": [5, 8, 11], "pivot": [0.5, 38.6, 4.5], "rotation": [-90, 0, 180], "uv": [61, 60]}
					]
				},
				{
					"name": "neck3",
					"parent": "neck2",
					"pivot": [0, 49.6, 4.5],
					"cubes": [
						{"origin": [-2, 49.6, 4.5], "size": [4, 5, 8], "pivot": [0, 49.6, 4.5], "rotation": [-42.5, 0, 180], "uv": [52, 79]}
					]
				},
				{
					"name": "head",
					"parent": "neck3",
					"pivot": [0.00078, 51.69829, 8.77064],
					"rotation": [30, 0, 0],
					"cubes": [
						{"origin": [-1.2, 47.3, -5], "size": [0, 12, 16], "pivot": [-3.2, 56.3, 3], "rotation": [50.97496, -9.57658, 168.40052], "uv": [0, 21], "mirror": true},
						{"origin": [2.35, 55.9, 14.9], "size": [1, 2, 3], "pivot": [0.4, 54.9, 14.9], "rotation": [20, 0, 180], "uv": [0, 68]},
						{"origin": [2.2, 55.8, 14.2], "size": [1, 2, 3], "pivot": [0.3, 54.8, 14.2], "rotation": [20, 0, 180], "uv": [52, 71]},
						{"origin": [2.25, 55.9, 15.5], "size": [1, 2, 2], "pivot": [0.3, 54.9, 14.5], "rotation": [20, 0, 180], "uv": [0, 73]},
						{"origin": [-1.5, 55.6, 10.5], "size": [5, 3, 8], "pivot": [0.5, 55.6, 10.5], "rotation": [20, 0, 180], "uv": [34, 71]},
						{"origin": [2, 54.8, 9.2], "size": [1, 3, 3], "pivot": [0, 54.8, 9.2], "rotation": [20, 0, 180], "uv": [60, 0]},
						{"origin": [1.9, 56.5, 9.9], "size": [1, 2, 2], "pivot": [-0.1, 55.5, 8.9], "rotation": [20, 0, 180], "uv": [21, 75]},
						{"origin": [-1.1, 56.35, 11.3], "size": [1, 3, 8], "pivot": [-1.1, 57.4, 11.3], "rotation": [42.5, 0, 180], "uv": [68, 89]},
						{"origin": [-2.5, 58.3, 10.1], "size": [3, 1, 10], "pivot": [-0.5, 58.3, 12.1], "rotation": [42.5, 0, 180], "uv": [27, 0]},
						{"origin": [1.2, 47.3, -5], "size": [0, 12, 16], "pivot": [3.2, 56.3, 3], "rotation": [50.97496, 9.57658, -168.40052], "uv": [0, 21]},
						{"origin": [6.55, 55.9, 15.5], "size": [1, 2, 2], "pivot": [4.6, 54.9, 14.5], "rotation": [20, 0, 180], "uv": [17, 73]},
						{"origin": [6.65, 55.9, 14.9], "size": [1, 2, 3], "pivot": [4.6, 54.9, 14.9], "rotation": [20, 0, 180], "uv": [17, 68]},
						{"origin": [1.43, 53.13774, 13.55449], "size": [1, 1, 3], "pivot": [1.95, 53.63774, 15.05449], "rotation": [14.43276, 13.99545, 136.78082], "uv": [35, 40]},
						{"origin": [-2.47, 53.1177, 13.55449], "size": [1, 1, 3], "pivot": [-1.95, 53.63774, 15.05449], "rotation": [14.43276, 13.99545, 136.78082], "uv": [35, 40]},
						{"origin": [6.8, 55.8, 14.2], "size": [1, 2, 3], "pivot": [4.7, 54.8, 14.2], "rotation": [20, 0, 180], "uv": [34, 71]},
						{"origin": [7, 54.8, 9.2], "size": [1, 3, 3], "pivot": [5, 54.8, 9.2], "rotation": [20, 0, 180], "uv": [59, 19]},
						{"origin": [7.1, 56.5, 9.9], "size": [1, 2, 2], "pivot": [5.1, 55.5, 8.9], "rotation": [20, 0, 180], "uv": [4, 75]},
						{"origin": [2.1, 56.35, 11.3], "size": [1, 3, 8], "pivot": [2.1, 57.4, 11.3], "rotation": [42.5, 0, 180], "uv": [0, 6]}
					]
				},
				{
					"name": "mouth",
					"parent": "head",
					"pivot": [0.5, 52.8, 9.4],
					"cubes": [
						{"origin": [-1.5, 52.8, 9.4], "size": [5, 1, 8], "pivot": [0.5, 52.8, 9.4], "rotation": [20, 0, 180], "uv": [82, 19]}
					]
				}
			]
		}
	]
}