{
	"format_version": "1.8.0",
	"animations": {
		"animation.wugtrio.ground_idle": {
			"loop": true,
			"bones": {
				"body3": {
					"rotation": ["-34+math.sin(q.anim_time*90*4)*0.5", "0+math.sin(q.anim_time*90*4)*0.5", "0+math.sin(q.anim_time*90*4-90)*1"],
					"position": [0, "1.4+math.clamp(math.sin(q.anim_time*90*4)*0.2,-0.1,0.1)-math.sin(-q.anim_time*90*4)*0.2", 4.3],
					"scale": [0.7, 1.2, 0.8]
				},
				"body1": {
					"rotation": ["9.3071+math.sin(q.anim_time*90*4+60)*0.5", "17.7273+math.sin(q.anim_time*90*4+60)*0.5", "-19.9796+math.sin(q.anim_time*90*4-90+60)*1"],
					"position": [-0.8, "-0.2+math.clamp(math.sin(q.anim_time*90*4+90*2)*0.2,-0.1,0.1)-math.sin(-q.anim_time*90*4-90*2)*0.3", -1],
					"scale": [0.7, 1.1, 0.7]
				},
				"body1_2": {
					"rotation": [0, 0, 5],
					"position": [0.1, -0.1, 0]
				},
				"body3_2": {
					"rotation": [17.0772, -0.08102, -0.08073],
					"position": [0, 0, -0.6]
				},
				"nose3": {
					"position": [0, 1.3, 0],
					"scale": [1, 0.8, 1]
				},
				"eyes3": {
					"position": [0, 1.2, 0],
					"scale": [1, 0.76, 1]
				},
				"body2": {
					"rotation": [-10.03504, 51.21198, 117.42894],
					"position": [-4.4, "-0.2+math.clamp(math.sin(q.anim_time*90*4+90*2)*0.2,-0.1,0.1)-math.sin(-q.anim_time*50*4-21*2)*0.3", 6.5],
					"scale": [0.8, 1.3, 0.8]
				},
				"body1_3": {
					"rotation": [0, 0, -44],
					"position": [-0.1, -0.8, 0]
				},
				"nose2": {
					"scale": [1, 0.9, 1]
				}
			}
		},
		"animation.wugtrio.ground_walk": {
			"loop": true,
			"bones": {
				"body3": {
					"rotation": ["-34+math.sin(q.anim_time*90*4)*0.5", "0+math.sin(q.anim_time*90*4)*0.5", "0+math.sin(q.anim_time*90*4-90)*1"],
					"position": [0, "1.4+math.clamp(math.sin(q.anim_time*90*4)*0.2,-0.1,0.1)-math.sin(-q.anim_time*90*4)*0.2", 4.3],
					"scale": [0.7, 1.2, 0.8]
				},
				"body1": {
					"rotation": ["9.3071+math.sin(q.anim_time*90*4+60)*0.5", "17.7273+math.sin(q.anim_time*90*4+60)*0.5", "-19.9796+math.sin(q.anim_time*90*4-90+60)*1"],
					"position": [-0.8, "-0.2+math.clamp(math.sin(q.anim_time*90*4+90*2)*0.2,-0.1,0.1)-math.sin(-q.anim_time*90*4-90*2)*0.3", -1],
					"scale": [0.7, 1.1, 0.7]
				},
				"body1_2": {
					"rotation": [0, 0, 5],
					"position": [0.1, -0.1, 0]
				},
				"body3_2": {
					"rotation": [17.0772, -0.08102, -0.08073],
					"position": [0, 0, -0.6]
				},
				"nose3": {
					"position": [0, 1.3, 0],
					"scale": [1, 0.8, 1]
				},
				"eyes3": {
					"position": [0, 1.2, 0],
					"scale": [1, 0.76, 1]
				},
				"body2": {
					"rotation": [-10.03504, 51.21198, 117.42894],
					"position": [-4.4, "-0.2+math.clamp(math.sin(q.anim_time*90*4+90*2)*0.2,-0.1,0.1)-math.sin(-q.anim_time*50*4-21*2)*0.3", 6.5],
					"scale": [0.8, 1.3, 0.8]
				},
				"body1_3": {
					"rotation": [0, 0, -44],
					"position": [-0.1, -0.8, 0]
				},
				"nose2": {
					"scale": [1, 0.9, 1]
				},
				"dugtrio": {
					"rotation": [0, 0, 0]
				}
			}
		},
		"animation.wugtrio.blink": {
			"animation_length": 0.1667,
			"bones": {
				"eyelid_right": {
					"position": {
						"0.0": [0, 0, -0.1],
						"0.125": [0, 0, -0.1],
						"0.1667": [0, 0, 0]
					}
				},
				"eyelid_left": {
					"position": {
						"0.0": [0, 0, -0.1],
						"0.125": [0, 0, -0.1],
						"0.1667": [0, 0, 0]
					}
				},
				"eyelid_right1": {
					"position": {
						"0.0": [0, 0, -0.1],
						"0.125": [0, 0, -0.1],
						"0.1667": [0, 0, 0]
					}
				},
				"eyelid_left1": {
					"position": {
						"0.0": [0, 0, -0.1],
						"0.125": [0, 0, -0.1],
						"0.1667": [0, 0, 0]
					}
				}
			}
		},
		"animation.wugtrio.blink2": {
			"animation_length": 0.1667,
			"bones": {
				"eyelid_right": {
					"position": {
						"0.0": [0, 0, -0.1],
						"0.125": [0, 0, -0.1],
						"0.1667": [0, 0, 0]
					}
				},
				"eyelid_left": {
					"position": {
						"0.0": [0, 0, -0.1],
						"0.125": [0, 0, -0.1],
						"0.1667": [0, 0, 0]
					}
				}
			}
		},
		"animation.wugtrio.blink3": {
			"animation_length": 0.1667,
			"bones": {
				"eyelid_right": {
					"position": {
						"0.0": [0, 0, -0.1],
						"0.125": [0, 0, -0.1],
						"0.1667": [0, 0, 0]
					}
				},
				"eyelid_left": {
					"position": {
						"0.0": [0, 0, -0.1],
						"0.125": [0, 0, -0.1],
						"0.1667": [0, 0, 0]
					}
				},
				"eyelid_right3": {
					"position": {
						"0.0": [0, 0, -0.1],
						"0.125": [0, 0, -0.1],
						"0.1667": [0, 0, 0]
					}
				},
				"eyelid_left3": {
					"position": {
						"0.0": [0, 0, -0.1],
						"0.125": [0, 0, -0.1],
						"0.1667": [0, 0, 0]
					}
				}
			}
		}
	}
}