{
  "condition": "minecraft:any_of",
  "terms": [
    {
      "condition": "minecraft:reference",
      "name": "fktool:biome/in_ocean"
    },
    {
      "condition": "minecraft:location_check",
      "predicate": {
        "biome": "wythers:icy_ocean"
      }
    },
    {
      "condition": "minecraft:location_check",
      "predicate": {
        "biome": "wythers:deep_icy_ocean"
      }
    },
    {
      "condition": "minecraft:location_check",
      "predicate": {
        "biome": "minecraft:river"
      }
    }
  ]
}