{
	"format_version": "1.8.0",
	"animations": {
		"animation.cafe_fuecoco.ground_idle": {
			"loop": true,
			"bones": {
				"head": {
					"rotation": ["-5+math.sin(q.anim_time*90*2-30)*3", 0, 0]
				},
				"tail": {
					"rotation": ["-7.5+math.sin(q.anim_time*90*2-25)*1.5", "0+math.sin(q.anim_time*90*1-20+180)*1", 0]
				},
				"tail2": {
					"rotation": ["7.5+math.sin(q.anim_time*90*2-50)*2", "0+math.sin(q.anim_time*90*1-40+180)*1.5", 0]
				},
				"leg_right": {
					"rotation": [0, 10, 0]
				},
				"leg_left": {
					"rotation": [0, -10, 0]
				},
				"top_jaw": {
					"rotation": [-2.5, 0, 0]
				},
				"torso": {
					"rotation": ["0+math.sin(q.anim_time*90*2+0)*1.5", "0+math.sin(q.anim_time*90*1+0)*0.5", "0+math.sin(q.anim_time*90*1+0)*1"],
					"position": [0, "0+math.sin(q.anim_time*90*2+20+180)*0.15", 0]
				},
				"hand_right": {
					"rotation": ["0+math.sin(q.anim_time*90*2-30)*2.5", "0+math.sin(q.anim_time*90*1-30)*1", 0]
				},
				"hand_left": {
					"rotation": ["0+math.sin(q.anim_time*90*2-30)*2.5", "0+math.sin(q.anim_time*90*1-30)*1", 0]
				},
				"fire_top_front": {
					"rotation": ["0+math.sin(q.anim_time*90*2-55)*5", 0, "0+math.sin(q.anim_time*90*1-25)*3"]
				},
				"fire_top_back": {
					"rotation": ["0+math.sin(q.anim_time*90*2-70)*4", 0, "0+math.sin(q.anim_time*90*1-35)*2.5"]
				}
			}
		},
		"animation.cafe_fuecoco.battle_idle": {
			"loop": true,
			"bones": {
				"head": {
					"rotation": ["-10+math.sin(q.anim_time*90*3-30)*5", 0, 0]
				},
				"tail": {
					"rotation": ["-10+math.sin(q.anim_time*90*3-25)*1.5", "math.sin(q.anim_time*90*1.5-30)*7.5", 0]
				},
				"tail2": {
					"rotation": ["12.5+math.sin(q.anim_time*90*3-50)*2", "0+math.sin(q.anim_time*90*1.5-60)*4.5", 0]
				},
				"leg_right": {
					"rotation": [0, 10, "3+math.sin(q.anim_time*90*1.5+0)*3"]
				},
				"leg_left": {
					"rotation": [0, -10, "-3+math.sin(q.anim_time*90*1.5+0)*3"]
				},
				"top_jaw": {
					"rotation": [-2.5, 0, 0]
				},
				"torso": {
					"rotation": ["7.5+math.sin(q.anim_time*90*3+0)*2.5", "math.sin(q.anim_time*90*1.5+0)*5", "math.sin(q.anim_time*90*1.5+0)*3.5"],
					"position": [0, "0.25+math.sin(q.anim_time*90*3+20+180)*0.15", 0.5]
				},
				"hand_right": {
					"rotation": ["1.2992+math.sin(q.anim_time*90*3-30)*3", "24.2397+math.sin(q.anim_time*90*1.5-30)*4", 6.30008]
				},
				"hand_left": {
					"rotation": ["1.4199+math.sin(q.anim_time*90*3-30)*3", "-24.2336+math.sin(q.anim_time*90*1.5-30)*4", -6.34968]
				},
				"fire_top_front": {
					"rotation": ["0+math.sin(q.anim_time*90*3-55)*7.5", 0, "0+math.sin(q.anim_time*90*1.5-25)*4"]
				},
				"fire_top_back": {
					"rotation": ["0+math.sin(q.anim_time*90*3-70)*5.5", 0, "0+math.sin(q.anim_time*90*1.5-35)*3.5"]
				},
				"body": {
					"rotation": [0, 0, "0+math.sin(q.anim_time*90*1.5+180)*1"],
					"position": ["0+math.sin(q.anim_time*90*1.5+0)*0.075", -0.1, 0]
				},
				"jaw": {
					"rotation": [1, 0, 0]
				}
			}
		},
		"animation.cafe_fuecoco.ground_walk": {
			"loop": true,
			"bones": {
				"body": {
					"position": [0, "0+math.sin(q.anim_time*90*8+30)*0.1", "0+math.sin(q.anim_time*90*8+30)*0.3"]
				},
				"torso": {
					"rotation": ["0+math.sin(q.anim_time*90*8-30)*2", "0+math.sin(q.anim_time*90*4-75+180)*7.5", "0+math.sin(q.anim_time*90*4+15)*4"],
					"position": [0, "0+math.sin(q.anim_time*90*8+80)*0.25", 0]
				},
				"head": {
					"rotation": ["-5+math.sin(q.anim_time*90*8-60)*3", 0, "0+math.sin(q.anim_time*90*4-10)*2"]
				},
				"fire_top_front": {
					"rotation": ["0+math.sin(q.anim_time*90*8-75)*7.5", 0, "0+math.sin(q.anim_time*90*4-30)*3.5"]
				},
				"fire_top_back": {
					"rotation": ["0+math.sin(q.anim_time*90*8-90)*5", 0, "0+math.sin(q.anim_time*90*4-45)*2.5"]
				},
				"hand_right": {
					"rotation": ["0+math.sin(q.anim_time*90*8-60)*5", "0+math.sin(q.anim_time*90*4-30)*7.5", "0+math.sin(q.anim_time*90*4-0)*5"]
				},
				"hand_left": {
					"rotation": ["0+math.sin(q.anim_time*90*8-60)*5", "0+math.sin(q.anim_time*90*4-30)*7.5", "0+math.sin(q.anim_time*90*4-0)*5"]
				},
				"tail": {
					"rotation": ["-7.5+math.sin(q.anim_time*90*8-60)*5", "0+math.sin(q.anim_time*90*4-105+180)*5", 0]
				},
				"tail2": {
					"rotation": ["7.5+math.sin(q.anim_time*90*8-90)*3", "0+math.sin(q.anim_time*90*4-135+180)*5", 0]
				},
				"leg_right": {
					"rotation": [
						"math.clamp(math.sin(query.anim_time*90*4*1+180)*27.5,-27,0)+math.clamp(math.sin(query.anim_time*90*4*1+180)*22.5,0,22)",
						"10+math.clamp(math.sin(query.anim_time*90*4*1+10)*10,-7.5,7.5)",
						"-(math.clamp(math.sin(query.anim_time*90*4*1+190)*7.5,-7,0))"
					],
					"position": [0, "math.clamp(math.sin(query.anim_time*90*4*1+200+180)*1,-0.1,1)", "0+math.sin(q.anim_time*90*4-75+180)*0.75"]
				},
				"leg_left": {
					"rotation": [
						"math.clamp(math.sin(query.anim_time*90*4*1+0)*27.5,-27,0)+math.clamp(math.sin(query.anim_time*90*4*1+0)*22.5,0,22)",
						"-10+math.clamp(math.sin(query.anim_time*90*4*1+10)*10,-7.5,7.5)",
						"math.clamp(math.sin(query.anim_time*90*4*1+10)*7.5,-7,0)"
					],
					"position": [0, "math.clamp(math.sin(query.anim_time*90*4*1+200)*1,-0.1,1)", "0+math.sin(q.anim_time*90*4-75)*0.75"]
				}
			}
		},
		"animation.cafe_fuecoco.blink": {
			"animation_length": 0.1667,
			"bones": {
				"eyelid_left": {
					"position": {
						"0.0": [0, 0, -0.1],
						"0.125": [0, 0, -0.1],
						"0.1667": [0, 0, 0]
					}
				},
				"eyelid_right": {
					"position": {
						"0.0": [0, 0, -0.1],
						"0.125": [0, 0, -0.12],
						"0.1667": [0, 0, 0]
					}
				}
			}
		},
		"animation.cafe_fuecoco.cry": {
			"animation_length": 1,
			"bones": {
				"torso": {
					"rotation": {
						"0.0": [0, 0, 0],
						"0.1667": [-1.5, 0, 0],
						"0.5833": [0, 0, 0]
					}
				},
				"head": {
					"rotation": {
						"0.0": [0, 0, 0],
						"0.0417": [-2, 0, 0],
						"0.0833": [-10, 0, 0],
						"0.125": [-12.5, 0, 0],
						"0.1667": [-11, 0, 0],
						"0.2083": [-5, 0, 0],
						"0.25": [-5.5, 0, 0],
						"0.2917": [-7, 0, 0],
						"0.3333": [-7.5, 0, 0],
						"0.375": [-7, 0, 0],
						"0.4167": [-5, 0, 0],
						"0.4583": [-7, 0, 0],
						"0.5": [-7.5, 0, 0],
						"0.5417": [-6.25, 0, 0],
						"0.7083": [-1, 0, 0],
						"0.75": [0, 0, 0]
					}
				},
				"top_jaw": {
					"rotation": {
						"0.0": [0, 0, 0],
						"0.0417": [-0.5, 0, 0],
						"0.0833": [-2.5, 0, 0],
						"0.125": [-5, 0, 0],
						"0.1667": [-4.5, 0, 0],
						"0.2083": [-2.5, 0, 0],
						"0.25": [-2.25, 0, 0],
						"0.2917": [-2.25, 0, 0],
						"0.3333": [-2.5, 0, 0],
						"0.375": [-2.25, 0, 0],
						"0.4167": [0, 0, 0],
						"0.4583": [-2, 0, 0],
						"0.5": [-2.5, 0, 0],
						"0.5417": [-2, 0, 0],
						"0.625": [-0.5, 0, 0],
						"0.7083": [0, 0, 0]
					}
				},
				"jaw": {
					"rotation": {
						"0.0": [0, 0, 0],
						"0.0417": [2.5, 0, 0],
						"0.0833": [10, 0, 0],
						"0.125": [12.5, 0, 0],
						"0.1667": [10.75, 0, 0],
						"0.2083": [5, 0, 0],
						"0.25": [5.75, 0, 0],
						"0.2917": [7, 0, 0],
						"0.3333": [7.5, 0, 0],
						"0.375": [6.25, 0, 0],
						"0.4167": [2.5, 0, 0],
						"0.4583": [6.25, 0, 0],
						"0.5": [7.5, 0, 0],
						"0.5417": [6.25, 0, 0],
						"0.6667": [1, 0, 0],
						"0.7083": [0, 0, 0]
					}
				},
				"tail": {
					"rotation": {
						"0.0": [0, 0, 0],
						"0.0417": [0, 0.5, 0],
						"0.0833": [0, 4, 0],
						"0.125": [0, 5, 0],
						"0.1667": [0, 4, 0],
						"0.25": [0, -4, 0],
						"0.2917": [0, -5, 0],
						"0.3333": [0, -4, 0],
						"0.4167": [0, 4, 0],
						"0.4583": [0, 5, 0],
						"0.5": [0, 4.5, 0],
						"0.6667": [0, 0.5, 0],
						"0.7083": [0, 0, 0]
					}
				},
				"tail2": {
					"rotation": {
						"0.0833": [0, 0, 0],
						"0.125": [0, 0.5, 0],
						"0.1667": [0, 4, 0],
						"0.2083": [0, 5, 0],
						"0.25": [0, 4, 0],
						"0.3333": [0, -4, 0],
						"0.375": [0, -5, 0],
						"0.4167": [0, -4, 0],
						"0.5": [0, 4, 0],
						"0.5417": [0, 5, 0],
						"0.5833": [0, 4.5, 0],
						"0.75": [0, 0.5, 0],
						"0.7917": [0, 0, 0]
					}
				}
			},
			"sound_effects": {
				"0.0": {
					"effect": "pokemon.fuecoco.cry"
				}
			}
		},
		"animation.cafe_fuecoco.sleep": {
			"loop": true,
			"bones": {
				"body": {
					"position": [0, -2.25, 0]
				},
				"torso": {
					"rotation": ["0+math.sin(q.anim_time*90*1+0)*1.5", 0, "0+math.sin(q.anim_time*90*0.5+0)*1"]
				},
				"head": {
					"rotation": ["7.5+math.sin(q.anim_time*90*1-30)*1", 0, 0],
					"position": [0, -0.85, 0]
				},
				"eyelid_right": {
					"position": [0, 0, -0.1]
				},
				"eyelid_left": {
					"position": [0, 0, -0.1]
				},
				"top_jaw": {
					"rotation": ["-1.5+math.sin(q.anim_time*90*1-30)*1.5", 0, 0]
				},
				"fire_top_front": {
					"rotation": ["12.5+math.sin(q.anim_time*90*1-60)*3", 0, "0+math.sin(q.anim_time*90*0.5-30)*2"]
				},
				"fire_top_back": {
					"rotation": ["7.5+math.sin(q.anim_time*90*1-70)*2", 0, "0+math.sin(q.anim_time*90*0.5-35)*1.75"]
				},
				"jaw": {
					"rotation": ["7.5+math.sin(q.anim_time*90*1-30)*1", 0, 0],
					"position": [0, -0.85, 0]
				},
				"hand_right": {
					"rotation": ["14.8578+math.sin(q.anim_time*90*1-25)*2", -32.91892, 3.94351],
					"position": [0, -0.6, -0.5]
				},
				"hand_left": {
					"rotation": ["14.8578+math.sin(q.anim_time*90*1-25)*2", 32.91892, -3.94351],
					"position": [0, -0.6, -0.5]
				},
				"tail": {
					"rotation": ["5+math.sin(q.anim_time*90*1-30)*1.5", "0+math.sin(q.anim_time*90*0.5-25)*2", 0]
				},
				"tail2": {
					"rotation": ["2.5+math.sin(q.anim_time*90*1-60)*2", "0+math.sin(q.anim_time*90*0.5-50)*3", 0]
				},
				"leg_right": {
					"rotation": [-81.43739, 35.5078, -9.62663],
					"position": [-0.5, -0.75, -1]
				},
				"leg_left": {
					"rotation": [-81.43739, -35.5078, 9.62663],
					"position": [0.5, -0.75, -1]
				}
			}
		},
		"animation.cafe_fuecoco.move": {
			"loop": true,
			"bones": {
				"body": {
					"position": [0, 0, "0-query.anim_time *90 *0.125"]
				}
			}
		}
	}
}