{
	"type": "minecraft:fishing",
	"pools": [
		{
			"bonus_rolls": 0.0,
			"entries": [
				{
					"type": "minecraft:item",
					"name": "minecraft:kelp",
					"weight": 20
				},
				{
					"type": "minecraft:item",
					"name": "minecraft:seagrass",
					"weight": 15
				},
				{
					"type": "minecraft:item",
					"name": "minecraft:lily_pad",
					"weight": 17
				},
				{
					"type": "minecraft:item",
					"name": "minecraft:stick",
					"weight": 5
				},
				{
					"type": "minecraft:item",
					"functions": [
						{
							"add": false,
							"count": 10.0,
							"function": "minecraft:set_count"
						}
					],
					"name": "minecraft:ink_sac"
				},
				{
					"type": "minecraft:item",
					"conditions": [
						{
							"condition": "minecraft:any_of",
							"terms": [
								{
									"condition": "minecraft:location_check",
									"predicate": {
										"biome": "minecraft:jungle"
									}
								},
								{
									"condition": "minecraft:location_check",
									"predicate": {
										"biome": "minecraft:sparse_jungle"
									}
								},
								{
									"condition": "minecraft:location_check",
									"predicate": {
										"biome": "minecraft:bamboo_jungle"
									}
								}
							]
						}
					],
					"name": "minecraft:bamboo",
					"weight": 10
				}
			],
			"rolls": 1.0
		}
	]
}