{
	"type": "minecraft:fishing",
	"pools": [
		{
			"rolls": 1.0,
			"entries": [
				{
					"type": "minecraft:loot_table",
					"name": "pokemonfishing:gameplay/fishing/pokemon_rarity/very_common",
					"weight": 500,
					"quality": -4
				},
				{
					"type": "minecraft:loot_table",
					"name": "pokemonfishing:gameplay/fishing/pokemon_rarity/common",
					"weight": 250,
					"quality": -2
				},
				{
					"type": "minecraft:loot_table",
					"name": "pokemonfishing:gameplay/fishing/pokemon_rarity/uncommon",
					"weight": 50
				},
				{
					"type": "minecraft:loot_table",
					"name": "pokemonfishing:gameplay/fishing/pokemon_rarity/rare",
					"weight": 10,
					"quality": 4
				},
				{
					"type": "minecraft:loot_table",
					"name": "pokemonfishing:gameplay/fishing/pokemon_rarity/ultra_rare",
					"weight": 2,
					"quality": 4
				}
			]
		}
	]
}
