{
  "name": "any",
  "fallback": "mvs:cathedral/blocker",
  "elements": [
    {
      "weight": 3,
      "element": {
        "element_type": "minecraft:single_pool_element",
        "projection": "rigid",
        "location": "mvs:cathedral/corridors/corridor_1",
        "processors": "mvs:cathedral"
      }
    },
    {
      "weight": 7,
      "element": {
        "element_type": "minecraft:single_pool_element",
        "projection": "rigid",
        "location": "mvs:cathedral/corridors/corridor_2",
        "processors": "mvs:cathedral"
      }
    },
    {
      "weight": 1,
      "element": {
        "element_type": "minecraft:single_pool_element",
        "projection": "rigid",
        "location": "mvs:cathedral/corridors/corridor_3",
        "processors": "mvs:cathedral"
      }
    },
    {
      "weight": 1,
      "element": {
        "element_type": "minecraft:single_pool_element",
        "projection": "rigid",
        "location": "mvs:cathedral/corridors/corridor_4",
        "processors": "mvs:cathedral"
      }
    },
    {
      "weight": 6,
      "element": {
        "element_type": "minecraft:single_pool_element",
        "projection": "rigid",
        "location": "mvs:cathedral/corridors/corridor_5",
        "processors": "mvs:cathedral"
      }
    },
    {
      "weight": 7,
      "element": {
        "element_type": "minecraft:single_pool_element",
        "projection": "rigid",
        "location": "mvs:cathedral/corridors/corridor_6",
        "processors": "mvs:cathedral"
      }
    },
    {
      "weight": 7,
      "element": {
        "element_type": "minecraft:single_pool_element",
        "projection": "rigid",
        "location": "mvs:cathedral/corridors/corridor_7",
        "processors": "mvs:cathedral"
      }
    },



    {
      "weight": 10,
      "element": {
        "element_type": "minecraft:single_pool_element",
        "projection": "rigid",
        "location": "mvs:cathedral/special/corner_1",
        "processors": "mvs:cathedral"
      }
    },
    {
      "weight": 10,
      "element": {
        "element_type": "minecraft:single_pool_element",
        "projection": "rigid",
        "location": "mvs:cathedral/special/corner_2",
        "processors": "mvs:cathedral"
      }
    },
    {
      "weight": 9,
      "element": {
        "element_type": "minecraft:single_pool_element",
        "projection": "rigid",
        "location": "mvs:cathedral/special/corner_3",
        "processors": "mvs:cathedral"
      }
    },
    {
      "weight": 9,
      "element": {
        "element_type": "minecraft:single_pool_element",
        "projection": "rigid",
        "location": "mvs:cathedral/special/corner_4",
        "processors": "mvs:cathedral"
      }
    },


    {
      "weight": 8,
      "element": {
        "element_type": "minecraft:single_pool_element",
        "projection": "rigid",
        "location": "mvs:cathedral/special/dead_end_1",
        "processors": "mvs:cathedral"
      }
    },
    {
      "weight": 6,
      "element": {
        "element_type": "minecraft:single_pool_element",
        "projection": "rigid",
        "location": "mvs:cathedral/special/dead_end_2",
        "processors": "mvs:cathedral"
      }
    },
    {
      "weight": 8,
      "element": {
        "element_type": "minecraft:single_pool_element",
        "projection": "rigid",
        "location": "mvs:cathedral/special/dead_end_3",
        "processors": "mvs:cathedral"
      }
    },

    {
      "weight": 17,
      "element": {
        "element_type": "minecraft:single_pool_element",
        "projection": "rigid",
        "location": "mvs:cathedral/special/staircase_1",
        "processors": "mvs:cathedral"
      }
    },
    {
      "weight": 16,
      "element": {
        "element_type": "minecraft:single_pool_element",
        "projection": "rigid",
        "location": "mvs:cathedral/special/staircase_2",
        "processors": "mvs:cathedral"
      }
    },
    {
      "weight": 17,
      "element": {
        "element_type": "minecraft:single_pool_element",
        "projection": "rigid",
        "location": "mvs:cathedral/special/staircase_3",
        "processors": "mvs:cathedral"
      }
    },

    {
      "weight": 11,
      "element": {
        "element_type": "minecraft:single_pool_element",
        "projection": "rigid",
        "location": "mvs:cathedral/special/three_way_1",
        "processors": "mvs:cathedral"
      }
    },
    {
      "weight": 13,
      "element": {
        "element_type": "minecraft:single_pool_element",
        "projection": "rigid",
        "location": "mvs:cathedral/special/three_way_2",
        "processors": "mvs:cathedral"
      }
    },
    {
      "weight": 13,
      "element": {
        "element_type": "minecraft:single_pool_element",
        "projection": "rigid",
        "location": "mvs:cathedral/special/three_way_3",
        "processors": "mvs:cathedral"
      }
    }
  ]
}
