{
  "name": "start_corridors",
  "fallback": "minecraft:empty",
  "elements": [
    {
      "weight": 8,
      "element": {
        "element_type": "minecraft:single_pool_element",
        "projection": "rigid",
        "location": "mvs:cathedral/start_corridors/corridor_1",
        "processors": "mvs:cathedral"
      }
    },
    {
      "weight": 12,
      "element": {
        "element_type": "minecraft:single_pool_element",
        "projection": "rigid",
        "location": "mvs:cathedral/start_corridors/corridor_2",
        "processors": "mvs:cathedral"
      }
    },
    {
      "weight": 3,
      "element": {
        "element_type": "minecraft:single_pool_element",
        "projection": "rigid",
        "location": "mvs:cathedral/start_corridors/corridor_3",
        "processors": "mvs:cathedral"
        }
      },
      {
      "weight": 1,
      "element": {
        "element_type": "minecraft:single_pool_element",
        "projection": "rigid",
        "location": "mvs:cathedral/start_corridors/corridor_4",
        "processors": "mvs:cathedral"
      }
    },
    {
      "weight": 10,
      "element": {
        "element_type": "minecraft:single_pool_element",
        "projection": "rigid",
        "location": "mvs:cathedral/start_corridors/corridor_7",
        "processors": "mvs:cathedral"
      }
    },
    {
      "weight": 12,
      "element": {
        "element_type": "minecraft:single_pool_element",
        "projection": "rigid",
        "location": "mvs:cathedral/start_corridors/corridor_8",
        "processors": "mvs:cathedral"
      }
    },
    {
      "weight": 10,
      "element": {
        "element_type": "minecraft:single_pool_element",
        "projection": "rigid",
        "location": "mvs:cathedral/start_corridors/corridor_9",
        "processors": "mvs:cathedral"
      }
    }
  ]
}