{
	"format_version": "1.12.0",
	"minecraft:geometry": [
		{
			"description": {
				"identifier": "geometry.brute_bonnet",
				"texture_width": 128,
				"texture_height": 128,
				"visible_bounds_width": 3,
				"visible_bounds_height": 2,
				"visible_bounds_offset": [0, 1, 0]
			},
			"bones": [
				{
					"name": "amoongus",
					"pivot": [0, 0, 0]
				},
				{
					"name": "body",
					"parent": "amoongus",
					"pivot": [0, 5, 0]
				},
				{
					"name": "torso",
					"parent": "body",
					"pivot": [0, 5, 0],
					"cubes": [
						{"origin": [-5, 3, -5], "size": [10, 7, 10], "uv": [0, 33]}
					]
				},
				{
					"name": "tail",
					"parent": "torso",
					"pivot": [0, 5.5, 5],
					"cubes": [
						{"origin": [-2, 4, 4], "size": [4, 3, 5], "uv": [66, 0]},
						{"origin": [-1, 4.5, 9], "size": [2, 2, 3], "uv": [79, 0]}
					]
				},
				{
					"name": "head",
					"parent": "torso",
					"pivot": [0, 10, 0],
					"cubes": [
						{"origin": [-4, 9, -4], "size": [8, 8, 8], "uv": [40, 25]},
						{"origin": [-3.5, 13.5, -4.01], "size": [2, 3, 0], "uv": [44, 57]},
						{"origin": [-2.75, 14, -4.02], "size": [1, 2, 0], "uv": [14, 0]},
						{"origin": [1.5, 13.5, -4.01], "size": [2, 3, 0], "uv": [16, 50]},
						{"origin": [1.75, 14, -4.02], "size": [1, 2, 0], "uv": [12, 4]},
						{"origin": [-2, 12.5, -6], "size": [4, 1, 2], "uv": [36, 28]},
						{"origin": [1, 11.5, -6], "size": [1, 1, 0], "uv": [14, 3]},
						{"origin": [2, 11.5, -6], "size": [0, 1, 1], "uv": [0, 0]},
						{"origin": [-2, 11.5, -5], "size": [0, 1, 1], "uv": [12, 0]},
						{"origin": [-1, 11.5, -6], "size": [1, 1, 0], "uv": [0, 0]}
					]
				},
				{
					"name": "jaw",
					"parent": "head",
					"pivot": [0.125, 11.75, -4.125],
					"cubes": [
						{"origin": [-2, 10.5, -6], "size": [4, 1, 2], "uv": [0, 28]},
						{"origin": [0, 11.5, -6], "size": [1, 1, 0], "uv": [14, 2]},
						{"origin": [-2, 11.5, -6], "size": [1, 1, 0], "uv": [12, 0]},
						{"origin": [-2, 11.5, -6], "size": [0, 1, 1], "uv": [0, 3]},
						{"origin": [2, 11.5, -5], "size": [0, 1, 1], "uv": [0, 4]}
					]
				},
				{
					"name": "arm_right",
					"parent": "head",
					"pivot": [-4, 10.5, 0],
					"cubes": [
						{"origin": [-7.5, 9.5, -1], "size": [5, 2, 2], "uv": [0, 4]}
					]
				},
				{
					"name": "arm_left2",
					"parent": "arm_right",
					"pivot": [-7.5, 10.5, 1],
					"cubes": [
						{"origin": [-11.5, 9.5, -1], "size": [4, 2, 2], "inflate": 0.01, "uv": [28, 50]}
					]
				},
				{
					"name": "hand_right",
					"parent": "arm_left2",
					"pivot": [-10.5, 10.5, 0],
					"cubes": [
						{"origin": [-12.5, 6.5, -4], "size": [2, 8, 8], "uv": [48, 0]},
						{"origin": [-12.5, 10, -4], "size": [1, 1, 2], "inflate": 0.01, "uv": [60, 44]},
						{"origin": [-12.5, 10, 2], "size": [1, 1, 2], "inflate": 0.01, "uv": [60, 41]}
					]
				},
				{
					"name": "arm_left",
					"parent": "head",
					"pivot": [4, 10.5, 0],
					"cubes": [
						{"origin": [2.5, 9.5, -1], "size": [5, 2, 2], "uv": [0, 0]}
					]
				},
				{
					"name": "arm_right2",
					"parent": "arm_left",
					"pivot": [7.5, 10.5, 1],
					"cubes": [
						{"origin": [7.5, 9.5, -1], "size": [4, 2, 2], "inflate": 0.01, "uv": [48, 19]}
					]
				},
				{
					"name": "hand_left",
					"parent": "arm_right2",
					"pivot": [10.5, 10.5, 0],
					"cubes": [
						{"origin": [10.5, 6.5, -4], "size": [2, 8, 8], "uv": [40, 41]},
						{"origin": [11.5, 10, -4], "size": [1, 1, 2], "inflate": 0.01, "uv": [60, 22]},
						{"origin": [11.5, 10, 2], "size": [1, 1, 2], "inflate": 0.01, "uv": [60, 0]}
					]
				},
				{
					"name": "cap",
					"parent": "head",
					"pivot": [0, 16, 0],
					"cubes": [
						{"origin": [-8, 16, -8], "size": [16, 3, 16], "inflate": 0.01, "uv": [0, 0]},
						{"origin": [-6, 19, -6], "size": [12, 2, 12], "uv": [0, 19]},
						{"origin": [-5.5, 21, -1.5], "size": [0, 3, 3], "pivot": [-5.5, 21, 0], "rotation": [0, 0, -45], "uv": [60, 16]},
						{"origin": [-4.5, 21, -6.5], "size": [0, 2, 3], "pivot": [-4.5, 21, -5], "rotation": [35, -45, -45], "uv": [54, 20]},
						{"origin": [-4.5, 21, 3.5], "size": [0, 2, 3], "pivot": [-4.5, 21, 5], "rotation": [-35, 45, -45], "uv": [48, 20]},
						{"origin": [4.5, 21, 3.5], "size": [0, 2, 3], "pivot": [4.5, 21, 5], "rotation": [-35, -45, 45], "uv": [0, 38]},
						{"origin": [5.5, 21, -1.5], "size": [0, 3, 3], "pivot": [5.5, 21, 0], "rotation": [0, 0, 45], "uv": [60, 0]},
						{"origin": [4.5, 21, -6.5], "size": [0, 2, 3], "pivot": [4.5, 21, -5], "rotation": [35, 45, 45], "uv": [30, 38]}
					]
				},
				{
					"name": "hair",
					"parent": "cap",
					"pivot": [0, 4, 0]
				},
				{
					"name": "hair_right_front",
					"parent": "hair",
					"pivot": [-8, 16, -6],
					"cubes": [
						{"origin": [-8, 8, -8], "size": [0, 8, 4], "uv": [52, 37]}
					]
				},
				{
					"name": "hair_left_front",
					"parent": "hair",
					"pivot": [8, 16, -6],
					"cubes": [
						{"origin": [8, 8, -8], "size": [0, 8, 4], "uv": [30, 29]}
					]
				},
				{
					"name": "hair_right_back",
					"parent": "hair",
					"pivot": [-8, 16, 4],
					"cubes": [
						{"origin": [-8, 8, 4], "size": [0, 8, 4], "uv": [40, 37]}
					]
				},
				{
					"name": "hair_left_back",
					"parent": "hair",
					"pivot": [8, 16, 4],
					"cubes": [
						{"origin": [8, 8, 4], "size": [0, 8, 4], "uv": [0, 29]}
					]
				},
				{
					"name": "hair_back_right",
					"parent": "hair",
					"pivot": [-6, 16, 8],
					"cubes": [
						{"origin": [-8, 8, 8], "size": [4, 8, 0], "uv": [16, 59]}
					]
				},
				{
					"name": "hair_back_left",
					"parent": "hair",
					"pivot": [6, 16, 8],
					"cubes": [
						{"origin": [4, 8, 8], "size": [4, 8, 0], "uv": [48, 0]}
					]
				},
				{
					"name": "hair_back",
					"parent": "hair",
					"pivot": [0, 16, 8],
					"cubes": [
						{"origin": [-4, 7, 8], "size": [8, 9, 0], "uv": [0, 57]}
					]
				},
				{
					"name": "hair_right",
					"parent": "hair",
					"pivot": [-8, 16, 0],
					"cubes": [
						{"origin": [-8, 9, -4], "size": [0, 7, 8], "uv": [0, 42]}
					]
				},
				{
					"name": "hair_left",
					"parent": "hair",
					"pivot": [8, 16, 0],
					"cubes": [
						{"origin": [8, 9, -4], "size": [0, 7, 8], "uv": [0, 0]}
					]
				},
				{
					"name": "hair_front_right",
					"parent": "hair",
					"pivot": [-2, 16, -8],
					"cubes": [
						{"origin": [-8, 7, -8], "size": [6, 9, 0], "uv": [0, 19]}
					]
				},
				{
					"name": "hair_front_left",
					"parent": "hair",
					"pivot": [2, 16, -8],
					"cubes": [
						{"origin": [2, 7, -8], "size": [6, 9, 0], "uv": [36, 19]}
					]
				},
				{
					"name": "leg_right_front",
					"parent": "body",
					"pivot": [-2.5, 4.5, -2.5],
					"cubes": [
						{"origin": [-5.5, 0, -5.5], "size": [4, 5, 4], "uv": [44, 58]}
					]
				},
				{
					"name": "leg_right_back",
					"parent": "body",
					"pivot": [-2.5, 4.5, 2.5],
					"cubes": [
						{"origin": [-5.5, 0, 1.5], "size": [4, 5, 4], "uv": [28, 55]}
					]
				},
				{
					"name": "leg_left_front",
					"parent": "body",
					"pivot": [2.5, 4.5, -2.5],
					"cubes": [
						{"origin": [1.5, 0, -5.5], "size": [4, 5, 4], "uv": [56, 53]}
					]
				},
				{
					"name": "leg_left_back",
					"parent": "body",
					"pivot": [2.5, 4.5, 2.5],
					"cubes": [
						{"origin": [1.5, 0, 1.5], "size": [4, 5, 4], "uv": [16, 50]}
					]
				}
			]
		}
	]
}