{
	"format_version": "1.8.0",
	"animations": {
		"animation.dudunsparce_three_segment.pose": {
			"loop": true,
			"bones": {
				"bone16": {
					"rotation": [-15, 0, 0]
				},
				"bone5": {
					"rotation": [-5, 0, 0]
				},
				"head": {
					"rotation": [14.67376, -4.04496, -13.98458]
				},
				"jaw": {
					"rotation": [30, 0, 0]
				},
				"bone4": {
					"rotation": [37.5, 0, 0]
				},
				"bone10": {
					"rotation": [20, 0, 0]
				}
			}
		},
		"animation.dudunsparce_three_segment.ground_idle": {
			"loop": true,
			"animation_length": 2,
			"bones": {
				"bone16": {
					"rotation": {
						"0.0": {
							"post": [-10, 0, 0],
							"lerp_mode": "catmullrom"
						},
						"1.0": {
							"post": [-5, 0, 0],
							"lerp_mode": "catmullrom"
						},
						"2.0": {
							"post": [-10, 0, 0],
							"lerp_mode": "catmullrom"
						}
					}
				},
				"bone18": {
					"rotation": {
						"0.0": {
							"post": [0, 0, 0],
							"lerp_mode": "catmullrom"
						},
						"1.375": {
							"post": [0, 0, 17.5],
							"lerp_mode": "catmullrom"
						},
						"2.0": {
							"post": [0, 0, 0],
							"lerp_mode": "catmullrom"
						}
					}
				},
				"bone17": {
					"rotation": {
						"0.0": {
							"post": [0, 0, 0],
							"lerp_mode": "catmullrom"
						},
						"1.25": {
							"post": [0, 0, -12.5],
							"lerp_mode": "catmullrom"
						},
						"2.0": {
							"post": [0, 0, 0],
							"lerp_mode": "catmullrom"
						}
					}
				},
				"bone5": {
					"rotation": {
						"0.0": {
							"post": [-7.5, 0, 0],
							"lerp_mode": "catmullrom"
						},
						"1.0": {
							"post": [0, 0, 0],
							"lerp_mode": "catmullrom"
						},
						"2.0": {
							"post": [-7.5, 0, 0],
							"lerp_mode": "catmullrom"
						}
					}
				},
				"head": {
					"rotation": {
						"0.0": {
							"post": [12.5, 0, 0],
							"lerp_mode": "catmullrom"
						},
						"0.3333": {
							"post": [6.76, 0, 0],
							"lerp_mode": "catmullrom"
						},
						"1.4167": {
							"post": [20, 0, 0],
							"lerp_mode": "catmullrom"
						},
						"2.0": {
							"post": [12.5, 0, 0],
							"lerp_mode": "catmullrom"
						}
					}
				},
				"jaw": {
					"rotation": {
						"0.0": {
							"post": [7.5, 0, 0],
							"lerp_mode": "catmullrom"
						},
						"1.0": {
							"post": [2.5, 0, 0],
							"lerp_mode": "catmullrom"
						},
						"2.0": {
							"post": [7.5, 0, 0],
							"lerp_mode": "catmullrom"
						}
					}
				},
				"bone12": {
					"rotation": {
						"0.0": {
							"post": [0, 0, 0],
							"lerp_mode": "catmullrom"
						},
						"1.125": {
							"post": [0, 0, -12.5],
							"lerp_mode": "catmullrom"
						},
						"2.0": {
							"post": [0, 0, 0],
							"lerp_mode": "catmullrom"
						}
					}
				},
				"bone11": {
					"rotation": {
						"0.0": {
							"post": [0, 0, 0],
							"lerp_mode": "catmullrom"
						},
						"1.125": {
							"post": [0, 0, 17.5],
							"lerp_mode": "catmullrom"
						},
						"2.0": {
							"post": [0, 0, 0],
							"lerp_mode": "catmullrom"
						}
					}
				},
				"bone4": {
					"rotation": {
						"0.0": {
							"post": [17.5, 0, 0],
							"lerp_mode": "catmullrom"
						},
						"1.0": {
							"post": [7.5, 0, 0],
							"lerp_mode": "catmullrom"
						},
						"2.0": {
							"post": [17.5, 0, 0],
							"lerp_mode": "catmullrom"
						}
					}
				},
				"bone10": {
					"rotation": {
						"0.0": {
							"post": [20, 0, 0],
							"lerp_mode": "catmullrom"
						},
						"1.0": {
							"post": [5, 0, 0],
							"lerp_mode": "catmullrom"
						},
						"2.0": {
							"post": [20, 0, 0],
							"lerp_mode": "catmullrom"
						}
					}
				},
				"bone14": {
					"rotation": {
						"0.0": {
							"post": [0, 0, 0],
							"lerp_mode": "catmullrom"
						},
						"1.25": {
							"post": [0, 0, -12.5],
							"lerp_mode": "catmullrom"
						},
						"2.0": {
							"post": [0, 0, 0],
							"lerp_mode": "catmullrom"
						}
					}
				},
				"bone13": {
					"rotation": {
						"0.0": {
							"post": [0, 0, 0],
							"lerp_mode": "catmullrom"
						},
						"1.375": {
							"post": [0, 0, 17.5],
							"lerp_mode": "catmullrom"
						},
						"2.0": {
							"post": [0, 0, 0],
							"lerp_mode": "catmullrom"
						}
					}
				}
			}
		},
		"animation.dudunsparce_three_segment.ground_walk": {
			"loop": true,
			"animation_length": 1,
			"bones": {
				"bone16": {
					"rotation": {
						"0.0": {
							"post": [-2.5, 0, 0],
							"lerp_mode": "catmullrom"
						},
						"1.0": {
							"post": [-2.5, 0, 0],
							"lerp_mode": "catmullrom"
						}
					},
					"position": {
						"0.0": [0, 0, 0],
						"0.4583": [0, 0.5, 0],
						"1.0": [0, 0, 0]
					}
				},
				"bone18": {
					"rotation": {
						"0.0": [0, 0, 0],
						"0.0833": [0, 0, 24.69],
						"0.1667": [0, 0, 0],
						"0.25": [0, 0, 24.69],
						"0.3333": [0, 0, 0],
						"0.4167": [0, 0, 24.69],
						"0.5": [0, 0, 0],
						"0.5833": [0, 0, 24.69],
						"0.6667": [0, 0, 0],
						"0.75": [0, 0, 24.69],
						"0.8333": [0, 0, 0],
						"0.9167": [0, 0, 24.69],
						"1.0": [0, 0, 0]
					}
				},
				"bone17": {
					"rotation": {
						"0.0": [0, 0, 0],
						"0.0833": [0, 0, -24.17],
						"0.1667": [0, 0, 0],
						"0.25": [0, 0, -24.17],
						"0.3333": [0, 0, 0],
						"0.4167": [0, 0, -24.17],
						"0.5": [0, 0, 0],
						"0.5833": [0, 0, -24.17],
						"0.6667": [0, 0, 0],
						"0.75": [0, 0, -24.17],
						"0.8333": [0, 0, 0],
						"0.9167": [0, 0, -24.17],
						"1.0": [0, 0, 0]
					}
				},
				"bone5": {
					"rotation": {
						"0.0": {
							"post": [-7.5, 0, 0],
							"lerp_mode": "catmullrom"
						},
						"0.5": {
							"post": [7.5, 0, 0],
							"lerp_mode": "catmullrom"
						},
						"1.0": {
							"post": [-7.5, 0, 0],
							"lerp_mode": "catmullrom"
						}
					},
					"position": {
						"0.0": [0, 0, 0],
						"0.5": [0, 0, 0.5],
						"1.0": [0, 0, 0]
					}
				},
				"head": {
					"rotation": {
						"0.0": {
							"post": [-7.5, 0, 0],
							"lerp_mode": "catmullrom"
						},
						"0.5": {
							"post": [-20, 0, 0],
							"lerp_mode": "catmullrom"
						},
						"0.75": {
							"post": [0.74, 0, 0],
							"lerp_mode": "catmullrom"
						},
						"1.0": {
							"post": [-7.5, 0, 0],
							"lerp_mode": "catmullrom"
						}
					}
				},
				"jaw": {
					"rotation": {
						"0.0": {
							"post": [7.5, 0, 0],
							"lerp_mode": "catmullrom"
						},
						"1.0": {
							"post": [7.5, 0, 0],
							"lerp_mode": "catmullrom"
						}
					}
				},
				"bone12": {
					"rotation": {
						"0.0": [0, 0, 0],
						"0.0833": [0, 0, -24.17],
						"0.1667": [0, 0, 0],
						"0.25": [0, 0, -24.17],
						"0.3333": [0, 0, 0],
						"0.4167": [0, 0, -24.17],
						"0.5": [0, 0, 0],
						"0.5833": [0, 0, -24.17],
						"0.6667": [0, 0, 0],
						"0.75": [0, 0, -24.17],
						"0.8333": [0, 0, 0],
						"0.9167": [0, 0, -24.17],
						"1.0": [0, 0, 0]
					}
				},
				"bone11": {
					"rotation": {
						"0.0": [0, 0, 0],
						"0.0833": [0, 0, 24.69],
						"0.1667": [0, 0, 0],
						"0.25": [0, 0, 24.69],
						"0.3333": [0, 0, 0],
						"0.4167": [0, 0, 24.69],
						"0.5": [0, 0, 0],
						"0.5833": [0, 0, 24.69],
						"0.6667": [0, 0, 0],
						"0.75": [0, 0, 24.69],
						"0.8333": [0, 0, 0],
						"0.9167": [0, 0, 24.69],
						"1.0": [0, 0, 0]
					}
				},
				"bone6": {
					"rotation": {
						"0.0": [0, 0, 0],
						"0.5": [-7.5, 0, 0],
						"1.0": [0, 0, 0]
					},
					"position": {
						"0.0": [0, 0, 0],
						"0.5": [0, 0.5, -0.5],
						"1.0": [0, 0, 0]
					}
				},
				"bone4": {
					"rotation": {
						"0.0": {
							"post": [17.5, 0, 0],
							"lerp_mode": "catmullrom"
						},
						"0.5": {
							"post": [5, 0, 0],
							"lerp_mode": "catmullrom"
						},
						"1.0": {
							"post": [17.5, 0, 0],
							"lerp_mode": "catmullrom"
						}
					}
				},
				"bone10": {
					"rotation": {
						"0.0": {
							"post": [20, 0, 0],
							"lerp_mode": "catmullrom"
						},
						"0.5": {
							"post": [30, 0, 0],
							"lerp_mode": "catmullrom"
						},
						"0.7083": {
							"post": [8.74, 0, 0],
							"lerp_mode": "catmullrom"
						},
						"1.0": {
							"post": [20, 0, 0],
							"lerp_mode": "catmullrom"
						}
					}
				},
				"bone14": {
					"rotation": {
						"0.0": [0, 0, 0],
						"0.0833": [0, 0, -24.17],
						"0.1667": [0, 0, 0],
						"0.25": [0, 0, -24.17],
						"0.3333": [0, 0, 0],
						"0.4167": [0, 0, -24.17],
						"0.5": [0, 0, 0],
						"0.5833": [0, 0, -24.17],
						"0.6667": [0, 0, 0],
						"0.75": [0, 0, -24.17],
						"0.8333": [0, 0, 0],
						"0.9167": [0, 0, -24.17],
						"1.0": [0, 0, 0]
					}
				},
				"bone13": {
					"rotation": {
						"0.0": [0, 0, 0],
						"0.0833": [0, 0, 24.69],
						"0.1667": [0, 0, 0],
						"0.25": [0, 0, 24.69],
						"0.3333": [0, 0, 0],
						"0.4167": [0, 0, 24.69],
						"0.5": [0, 0, 0],
						"0.5833": [0, 0, 24.69],
						"0.6667": [0, 0, 0],
						"0.75": [0, 0, 24.69],
						"0.8333": [0, 0, 0],
						"0.9167": [0, 0, 24.69],
						"1.0": [0, 0, 0]
					}
				}
			}
		},
		"animation.dudunsparce_three_segment.physical": {
			"animation_length": 1.0833,
			"bones": {
				"bone16": {
					"rotation": {
						"0.0": {
							"post": [-10, 0, 0],
							"lerp_mode": "catmullrom"
						},
						"0.25": {
							"post": [-20, 0, 0],
							"lerp_mode": "catmullrom"
						},
						"0.5417": {
							"post": [0, 0, 0],
							"lerp_mode": "catmullrom"
						},
						"0.8333": {
							"post": [0, 0, 0],
							"lerp_mode": "catmullrom"
						},
						"1.0833": {
							"post": [-10, 0, 0],
							"lerp_mode": "catmullrom"
						}
					}
				},
				"bone18": {
					"rotation": {
						"0.0": {
							"post": [0, 0, 0],
							"lerp_mode": "catmullrom"
						},
						"0.0833": {
							"post": [0, 0, 17.5],
							"lerp_mode": "catmullrom"
						},
						"0.1667": {
							"post": [0, 0, 0],
							"lerp_mode": "catmullrom"
						},
						"0.25": {
							"post": [0, 0, 17.5],
							"lerp_mode": "catmullrom"
						},
						"0.3333": {
							"post": [0, 0, 0],
							"lerp_mode": "catmullrom"
						},
						"0.4167": {
							"post": [0, 0, 17.5],
							"lerp_mode": "catmullrom"
						},
						"0.5": {
							"post": [0, 0, 0],
							"lerp_mode": "catmullrom"
						},
						"0.5833": {
							"post": [0, 0, 17.5],
							"lerp_mode": "catmullrom"
						},
						"1.0833": {
							"post": [0, 0, 0],
							"lerp_mode": "catmullrom"
						}
					}
				},
				"bone17": {
					"rotation": {
						"0.0": {
							"post": [0, 0, 17.5],
							"lerp_mode": "catmullrom"
						},
						"0.0833": {
							"post": [0, 0, 0],
							"lerp_mode": "catmullrom"
						},
						"0.1667": {
							"post": [0, 0, 17.5],
							"lerp_mode": "catmullrom"
						},
						"0.25": {
							"post": [0, 0, 0],
							"lerp_mode": "catmullrom"
						},
						"0.3333": {
							"post": [0, 0, 17.5],
							"lerp_mode": "catmullrom"
						},
						"0.4167": {
							"post": [0, 0, 0],
							"lerp_mode": "catmullrom"
						},
						"0.5": {
							"post": [0, 0, 17.5],
							"lerp_mode": "catmullrom"
						},
						"0.5833": {
							"post": [0, 0, 0],
							"lerp_mode": "catmullrom"
						},
						"1.0833": {
							"post": [0, 0, 0],
							"lerp_mode": "catmullrom"
						}
					}
				},
				"bone5": {
					"rotation": {
						"0.0": {
							"post": [-7.5, 0, 0],
							"lerp_mode": "catmullrom"
						},
						"0.25": {
							"post": [-12.5, 0, 0],
							"lerp_mode": "catmullrom"
						},
						"0.5417": {
							"post": [0, 0, 0],
							"lerp_mode": "catmullrom"
						},
						"0.8333": {
							"post": [0, 0, 0],
							"lerp_mode": "catmullrom"
						},
						"1.0833": {
							"post": [-7.5, 0, 0],
							"lerp_mode": "catmullrom"
						}
					}
				},
				"head": {
					"rotation": {
						"0.0": {
							"post": [12.5, 0, 0],
							"lerp_mode": "catmullrom"
						},
						"0.125": {
							"post": [29.84, 0, 0],
							"lerp_mode": "catmullrom"
						},
						"0.25": {
							"post": [15, 0, 0],
							"lerp_mode": "catmullrom"
						},
						"0.4167": {
							"post": [-17.13, 0, 0],
							"lerp_mode": "catmullrom"
						},
						"0.5417": {
							"post": [-2.5, 0, 0],
							"lerp_mode": "catmullrom"
						},
						"0.8333": {
							"post": [-2.5, 0, 0],
							"lerp_mode": "catmullrom"
						},
						"1.0833": {
							"post": [12.5, 0, 0],
							"lerp_mode": "catmullrom"
						}
					}
				},
				"jaw": {
					"rotation": {
						"0.0": {
							"post": [7.5, 0, 0],
							"lerp_mode": "catmullrom"
						},
						"0.125": {
							"post": [25, 0, 0],
							"lerp_mode": "catmullrom"
						},
						"0.5417": {
							"post": [-1.11, 0, 0],
							"lerp_mode": "catmullrom"
						},
						"0.8333": {
							"post": [-1.11, 0, 0],
							"lerp_mode": "catmullrom"
						},
						"1.0833": {
							"post": [7.5, 0, 0],
							"lerp_mode": "catmullrom"
						}
					}
				},
				"bone12": {
					"rotation": {
						"0.0": {
							"post": [0, 0, 17.5],
							"lerp_mode": "catmullrom"
						},
						"0.0833": {
							"post": [0, 0, 0],
							"lerp_mode": "catmullrom"
						},
						"0.1667": {
							"post": [0, 0, 17.5],
							"lerp_mode": "catmullrom"
						},
						"0.25": {
							"post": [0, 0, 0],
							"lerp_mode": "catmullrom"
						},
						"0.3333": {
							"post": [0, 0, 17.5],
							"lerp_mode": "catmullrom"
						},
						"0.4167": {
							"post": [0, 0, 0],
							"lerp_mode": "catmullrom"
						},
						"0.5": {
							"post": [0, 0, 17.5],
							"lerp_mode": "catmullrom"
						},
						"0.5833": {
							"post": [0, 0, 0],
							"lerp_mode": "catmullrom"
						},
						"1.0833": {
							"post": [0, 0, 17.5],
							"lerp_mode": "catmullrom"
						}
					}
				},
				"bone11": {
					"rotation": {
						"0.0": {
							"post": [0, 0, 0],
							"lerp_mode": "catmullrom"
						},
						"0.0833": {
							"post": [0, 0, 17.5],
							"lerp_mode": "catmullrom"
						},
						"0.1667": {
							"post": [0, 0, 0],
							"lerp_mode": "catmullrom"
						},
						"0.25": {
							"post": [0, 0, 17.5],
							"lerp_mode": "catmullrom"
						},
						"0.3333": {
							"post": [0, 0, 0],
							"lerp_mode": "catmullrom"
						},
						"0.4167": {
							"post": [0, 0, 17.5],
							"lerp_mode": "catmullrom"
						},
						"0.5": {
							"post": [0, 0, 0],
							"lerp_mode": "catmullrom"
						},
						"0.5833": {
							"post": [0, 0, 17.5],
							"lerp_mode": "catmullrom"
						},
						"1.0833": {
							"post": [0, 0, 0],
							"lerp_mode": "catmullrom"
						}
					}
				},
				"bone4": {
					"rotation": {
						"0.0": {
							"post": [17.5, 0, 0],
							"lerp_mode": "catmullrom"
						},
						"0.25": {
							"post": [30, 0, 0],
							"lerp_mode": "catmullrom"
						},
						"0.5417": {
							"post": [1.98, 0, 0],
							"lerp_mode": "catmullrom"
						},
						"0.8333": {
							"post": [1.98, 0, 0],
							"lerp_mode": "catmullrom"
						},
						"1.0833": {
							"post": [17.5, 0, 0],
							"lerp_mode": "catmullrom"
						}
					}
				},
				"bone10": {
					"rotation": {
						"0.0": {
							"post": [20, 0, 0],
							"lerp_mode": "catmullrom"
						},
						"0.25": {
							"post": [32.5, 0, 0],
							"lerp_mode": "catmullrom"
						},
						"0.5417": {
							"post": [1.98, 0, 0],
							"lerp_mode": "catmullrom"
						},
						"0.8333": {
							"post": [1.98, 0, 0],
							"lerp_mode": "catmullrom"
						},
						"1.0833": {
							"post": [20, 0, 0],
							"lerp_mode": "catmullrom"
						}
					}
				},
				"bone14": {
					"rotation": {
						"0.0": {
							"post": [0, 0, 0],
							"lerp_mode": "catmullrom"
						},
						"1.0833": {
							"post": [0, 0, 0],
							"lerp_mode": "catmullrom"
						}
					}
				},
				"bone13": {
					"rotation": {
						"0.0": {
							"post": [0, 0, 0],
							"lerp_mode": "catmullrom"
						},
						"1.0833": {
							"post": [0, 0, 0],
							"lerp_mode": "catmullrom"
						}
					}
				}
			}
		},
		"animation.dudunsparce_three_segment.special": {
			"animation_length": 1.9167,
			"bones": {
				"bone16": {
					"rotation": {
						"0.0": {
							"post": [-10, 0, 0],
							"lerp_mode": "catmullrom"
						},
						"0.3333": {
							"post": [-20, 0, 0],
							"lerp_mode": "catmullrom"
						},
						"0.6667": {
							"post": [-20, 0, 0],
							"lerp_mode": "catmullrom"
						},
						"0.9583": {
							"post": [-10, 0, 0],
							"lerp_mode": "catmullrom"
						},
						"1.5": {
							"post": [-10, 0, 0],
							"lerp_mode": "catmullrom"
						},
						"1.9167": {
							"post": [-10, 0, 0],
							"lerp_mode": "catmullrom"
						}
					}
				},
				"bone18": {
					"rotation": {
						"0.0": [0, 0, 0],
						"0.0833": [0, 0, 24.69],
						"0.1667": [0, 0, 0],
						"0.25": [0, 0, 24.69],
						"0.3333": [0, 0, 0],
						"0.4167": [0, 0, 24.69],
						"0.5": [0, 0, 0],
						"0.5833": [0, 0, 24.69],
						"0.6667": [0, 0, 0],
						"0.75": [0, 0, 24.69],
						"0.8333": [0, 0, 0],
						"0.9167": [0, 0, 24.69],
						"1.0": [0, 0, 0],
						"1.0833": [0, 0, 24.69],
						"1.1667": [0, 0, 0],
						"1.25": [0, 0, 24.69],
						"1.3333": [0, 0, 0],
						"1.4167": [0, 0, 24.69],
						"1.5": [0, 0, 0],
						"1.5833": [0, 0, 24.69],
						"1.6667": [0, 0, 0],
						"1.75": [0, 0, 24.69],
						"1.8333": [0, 0, 0],
						"1.9167": [0, 0, 24.69]
					}
				},
				"bone17": {
					"rotation": {
						"0.0": [0, 0, 0],
						"0.0833": [0, 0, -24.17],
						"0.1667": [0, 0, 0],
						"0.25": [0, 0, -24.17],
						"0.3333": [0, 0, 0],
						"0.4167": [0, 0, -24.17],
						"0.5": [0, 0, 0],
						"0.5833": [0, 0, -24.17],
						"0.6667": [0, 0, 0],
						"0.75": [0, 0, -24.17],
						"0.8333": [0, 0, 0],
						"0.9167": [0, 0, -24.17],
						"1.0": [0, 0, 0],
						"1.0833": [0, 0, -24.17],
						"1.1667": [0, 0, 0],
						"1.25": [0, 0, -24.17],
						"1.3333": [0, 0, 0],
						"1.4167": [0, 0, -24.17],
						"1.5": [0, 0, 0],
						"1.5833": [0, 0, -24.17],
						"1.6667": [0, 0, 0],
						"1.75": [0, 0, -24.17],
						"1.8333": [0, 0, 0],
						"1.9167": [0, 0, -24.17]
					}
				},
				"bone5": {
					"rotation": {
						"0.0": {
							"post": [-7.5, 0, 0],
							"lerp_mode": "catmullrom"
						},
						"0.3333": {
							"post": [-15, 0, 0],
							"lerp_mode": "catmullrom"
						},
						"0.6667": {
							"post": [-15, 0, 0],
							"lerp_mode": "catmullrom"
						},
						"0.9583": {
							"post": [-7.5, 0, 0],
							"lerp_mode": "catmullrom"
						},
						"1.5": {
							"post": [-7.5, 0, 0],
							"lerp_mode": "catmullrom"
						},
						"1.9167": {
							"post": [-7.5, 0, 0],
							"lerp_mode": "catmullrom"
						}
					}
				},
				"head": {
					"rotation": {
						"0.0": {
							"post": [12.5, 0, 0],
							"lerp_mode": "catmullrom"
						},
						"0.6667": {
							"post": [0, 0, 0],
							"lerp_mode": "catmullrom"
						},
						"0.9583": {
							"post": [10, 0, 0],
							"lerp_mode": "catmullrom"
						},
						"1.5": {
							"post": [10, 0, 0],
							"lerp_mode": "catmullrom"
						},
						"1.9167": {
							"post": [12.5, 0, 0],
							"lerp_mode": "catmullrom"
						}
					}
				},
				"jaw": {
					"rotation": {
						"0.0": {
							"post": [7.5, 0, 0],
							"lerp_mode": "catmullrom"
						},
						"0.6667": {
							"post": [0, 0, 0],
							"lerp_mode": "catmullrom"
						},
						"0.9583": {
							"post": [37.5, 0, 0],
							"lerp_mode": "catmullrom"
						},
						"1.5": {
							"post": [37.5, 0, 0],
							"lerp_mode": "catmullrom"
						},
						"1.9167": {
							"post": [7.5, 0, 0],
							"lerp_mode": "catmullrom"
						}
					}
				},
				"bone12": {
					"rotation": {
						"0.0": [0, 0, 0],
						"0.0833": [0, 0, -24.17],
						"0.1667": [0, 0, 0],
						"0.25": [0, 0, -24.17],
						"0.3333": [0, 0, 0],
						"0.4167": [0, 0, -24.17],
						"0.5": [0, 0, 0],
						"0.5833": [0, 0, -24.17],
						"0.6667": [0, 0, 0],
						"0.75": [0, 0, -24.17],
						"0.8333": [0, 0, 0],
						"0.9167": [0, 0, -24.17],
						"1.0": [0, 0, 0],
						"1.0833": [0, 0, -24.17],
						"1.1667": [0, 0, 0],
						"1.25": [0, 0, -24.17],
						"1.3333": [0, 0, 0],
						"1.4167": [0, 0, -24.17],
						"1.5": [0, 0, 0],
						"1.5833": [0, 0, -24.17],
						"1.6667": [0, 0, 0],
						"1.75": [0, 0, -24.17],
						"1.8333": [0, 0, 0],
						"1.9167": [0, 0, -24.17]
					}
				},
				"bone11": {
					"rotation": {
						"0.0": [0, 0, 0],
						"0.0833": [0, 0, 24.69],
						"0.1667": [0, 0, 0],
						"0.25": [0, 0, 24.69],
						"0.3333": [0, 0, 0],
						"0.4167": [0, 0, 24.69],
						"0.5": [0, 0, 0],
						"0.5833": [0, 0, 24.69],
						"0.6667": [0, 0, 0],
						"0.75": [0, 0, 24.69],
						"0.8333": [0, 0, 0],
						"0.9167": [0, 0, 24.69],
						"1.0": [0, 0, 0],
						"1.0833": [0, 0, 24.69],
						"1.1667": [0, 0, 0],
						"1.25": [0, 0, 24.69],
						"1.3333": [0, 0, 0],
						"1.4167": [0, 0, 24.69],
						"1.5": [0, 0, 0],
						"1.5833": [0, 0, 24.69],
						"1.6667": [0, 0, 0],
						"1.75": [0, 0, 24.69],
						"1.8333": [0, 0, 0],
						"1.9167": [0, 0, 24.69]
					}
				},
				"bone4": {
					"rotation": {
						"0.0": {
							"post": [17.5, 0, 0],
							"lerp_mode": "catmullrom"
						},
						"0.5": {
							"post": [32.5, 0, 0],
							"lerp_mode": "catmullrom"
						},
						"0.75": {
							"post": [32.5, 0, 0],
							"lerp_mode": "catmullrom"
						},
						"1.1667": {
							"post": [12.63, 0, 0],
							"lerp_mode": "catmullrom"
						},
						"1.9167": {
							"post": [17.5, 0, 0],
							"lerp_mode": "catmullrom"
						}
					}
				},
				"bone10": {
					"rotation": {
						"0.0": {
							"post": [20, 0, 0],
							"lerp_mode": "catmullrom"
						},
						"0.5": {
							"post": [27.5, 0, 0],
							"lerp_mode": "catmullrom"
						},
						"0.75": {
							"post": [27.5, 0, 0],
							"lerp_mode": "catmullrom"
						},
						"1.4583": {
							"post": [12.57, 0, 0],
							"lerp_mode": "catmullrom"
						},
						"1.9167": {
							"post": [20, 0, 0],
							"lerp_mode": "catmullrom"
						}
					}
				},
				"bone14": {
					"rotation": {
						"0.0": [0, 0, 0],
						"0.0833": [0, 0, -24.17],
						"0.1667": [0, 0, 0],
						"0.25": [0, 0, -24.17],
						"0.3333": [0, 0, 0],
						"0.4167": [0, 0, -24.17],
						"0.5": [0, 0, 0],
						"0.5833": [0, 0, -24.17],
						"0.6667": [0, 0, 0],
						"0.75": [0, 0, -24.17],
						"0.8333": [0, 0, 0],
						"0.9167": [0, 0, -24.17],
						"1.0": [0, 0, 0],
						"1.0833": [0, 0, -24.17],
						"1.1667": [0, 0, 0],
						"1.25": [0, 0, -24.17],
						"1.3333": [0, 0, 0],
						"1.4167": [0, 0, -24.17],
						"1.5": [0, 0, 0],
						"1.5833": [0, 0, -24.17],
						"1.6667": [0, 0, 0],
						"1.75": [0, 0, -24.17],
						"1.8333": [0, 0, 0],
						"1.9167": [0, 0, -24.17]
					}
				},
				"bone13": {
					"rotation": {
						"0.0": [0, 0, 0],
						"0.0833": [0, 0, 24.69],
						"0.1667": [0, 0, 0],
						"0.25": [0, 0, 24.69],
						"0.3333": [0, 0, 0],
						"0.4167": [0, 0, 24.69],
						"0.5": [0, 0, 0],
						"0.5833": [0, 0, 24.69],
						"0.6667": [0, 0, 0],
						"0.75": [0, 0, 24.69],
						"0.8333": [0, 0, 0],
						"0.9167": [0, 0, 24.69],
						"1.0": [0, 0, 0],
						"1.0833": [0, 0, 24.69],
						"1.1667": [0, 0, 0],
						"1.25": [0, 0, 24.69],
						"1.3333": [0, 0, 0],
						"1.4167": [0, 0, 24.69],
						"1.5": [0, 0, 0],
						"1.5833": [0, 0, 24.69],
						"1.6667": [0, 0, 0],
						"1.75": [0, 0, 24.69],
						"1.8333": [0, 0, 0],
						"1.9167": [0, 0, 24.69]
					}
				}
			}
		},
		"animation.dudunsparce_three_segment.recoil": {
			"animation_length": 0.75,
			"bones": {
				"bone16": {
					"rotation": {
						"0.0": {
							"post": [-10, 0, 0],
							"lerp_mode": "catmullrom"
						},
						"0.1667": {
							"post": [-22.5, 0, 0],
							"lerp_mode": "catmullrom"
						},
						"0.6667": {
							"post": [-10, 0, 0],
							"lerp_mode": "catmullrom"
						}
					}
				},
				"bone18": {
					"rotation": {
						"0.0": {
							"post": [0, 0, 0],
							"lerp_mode": "catmullrom"
						},
						"0.1667": {
							"post": [0, 0, 22.5],
							"lerp_mode": "catmullrom"
						},
						"0.6667": {
							"post": [0, 0, 0],
							"lerp_mode": "catmullrom"
						}
					}
				},
				"bone17": {
					"rotation": {
						"0.0": {
							"post": [0, 0, 0],
							"lerp_mode": "catmullrom"
						},
						"0.1667": {
							"post": [0, 0, -32.5],
							"lerp_mode": "catmullrom"
						},
						"0.6667": {
							"post": [0, 0, 0],
							"lerp_mode": "catmullrom"
						}
					}
				},
				"bone5": {
					"rotation": {
						"0.0": {
							"post": [-7.5, 0, 0],
							"lerp_mode": "catmullrom"
						},
						"0.0833": {
							"post": [-6.25, 0, 0],
							"lerp_mode": "catmullrom"
						},
						"0.1667": {
							"post": [-27.5, 0, 0],
							"lerp_mode": "catmullrom"
						},
						"0.6667": {
							"post": [-7.5, 0, 0],
							"lerp_mode": "catmullrom"
						}
					}
				},
				"head": {
					"rotation": {
						"0.0": {
							"post": [12.5, 0, 0],
							"lerp_mode": "catmullrom"
						},
						"0.0833": {
							"post": [15.63, 0, 0],
							"lerp_mode": "catmullrom"
						},
						"0.1667": {
							"post": [-17.5, 0, 0],
							"lerp_mode": "catmullrom"
						},
						"0.6667": {
							"post": [12.5, 0, 0],
							"lerp_mode": "catmullrom"
						}
					}
				},
				"jaw": {
					"rotation": {
						"0.0": {
							"post": [7.5, 0, 0],
							"lerp_mode": "catmullrom"
						},
						"0.1667": {
							"post": [0, 0, 0],
							"lerp_mode": "catmullrom"
						},
						"0.6667": {
							"post": [7.5, 0, 0],
							"lerp_mode": "catmullrom"
						}
					}
				},
				"bone12": {
					"rotation": {
						"0.0": {
							"post": [0, 0, 0],
							"lerp_mode": "catmullrom"
						},
						"0.1667": {
							"post": [0, 0, -27.5],
							"lerp_mode": "catmullrom"
						},
						"0.6667": {
							"post": [0, 0, 0],
							"lerp_mode": "catmullrom"
						}
					}
				},
				"bone11": {
					"rotation": {
						"0.0": {
							"post": [0, 0, 0],
							"lerp_mode": "catmullrom"
						},
						"0.1667": {
							"post": [0, 0, 22.5],
							"lerp_mode": "catmullrom"
						},
						"0.6667": {
							"post": [0, 0, 0],
							"lerp_mode": "catmullrom"
						}
					}
				},
				"bone4": {
					"rotation": {
						"0.0": {
							"post": [17.5, 0, 0],
							"lerp_mode": "catmullrom"
						},
						"0.1667": {
							"post": [30, 0, 0],
							"lerp_mode": "catmullrom"
						},
						"0.6667": {
							"post": [17.5, 0, 0],
							"lerp_mode": "catmullrom"
						}
					}
				},
				"bone10": {
					"rotation": {
						"0.0": {
							"post": [20, 0, 0],
							"lerp_mode": "catmullrom"
						},
						"0.1667": {
							"post": [32.5, 0, 0],
							"lerp_mode": "catmullrom"
						},
						"0.6667": {
							"post": [20, 0, 0],
							"lerp_mode": "catmullrom"
						}
					}
				},
				"bone14": {
					"rotation": {
						"0.0": {
							"post": [0, 0, 0],
							"lerp_mode": "catmullrom"
						},
						"0.1667": {
							"post": [0, 0, -27.5],
							"lerp_mode": "catmullrom"
						},
						"0.6667": {
							"post": [0, 0, 0],
							"lerp_mode": "catmullrom"
						}
					}
				},
				"bone13": {
					"rotation": {
						"0.0": {
							"post": [0, 0, 0],
							"lerp_mode": "catmullrom"
						},
						"0.1667": {
							"post": [0, 0, 20],
							"lerp_mode": "catmullrom"
						},
						"0.6667": {
							"post": [0, 0, 0],
							"lerp_mode": "catmullrom"
						}
					}
				}
			}
		},
		"animation.dudunsparce_three_segment.faint": {
			"animation_length": 6.0833,
			"bones": {
				"bone16": {
					"rotation": {
						"0.0": {
							"post": [-10, 0, 0],
							"lerp_mode": "catmullrom"
						},
						"0.25": {
							"post": [-20, 0, 0],
							"lerp_mode": "catmullrom"
						},
						"0.7083": {
							"post": [-20, 0, 0],
							"lerp_mode": "catmullrom"
						},
						"0.9583": [-20, 0, 0],
						"1.125": [0.85686, 5.90316, 16.50371],
						"1.2083": [-4.14314, 5.90316, 16.50371],
						"1.2917": [0.85686, 5.90316, 16.50371]
					}
				},
				"bone18": {
					"rotation": {
						"0.0": {
							"post": [0, 0, 0],
							"lerp_mode": "catmullrom"
						},
						"0.25": {
							"post": [0, 0, -27.5],
							"lerp_mode": "catmullrom"
						},
						"0.8333": {
							"post": [0, 0, -27.5],
							"lerp_mode": "catmullrom"
						},
						"1.25": {
							"post": [0, 0, 12.5],
							"lerp_mode": "catmullrom"
						}
					}
				},
				"bone17": {
					"rotation": {
						"0.0": {
							"post": [0, 0, 0],
							"lerp_mode": "catmullrom"
						},
						"0.25": {
							"post": [0, 0, 27.5],
							"lerp_mode": "catmullrom"
						},
						"0.8333": {
							"post": [0, 0, 27.5],
							"lerp_mode": "catmullrom"
						},
						"1.25": {
							"post": [0, 0, -12.5],
							"lerp_mode": "catmullrom"
						}
					}
				},
				"bone5": {
					"rotation": {
						"0.0": {
							"post": [-7.5, 0, 0],
							"lerp_mode": "catmullrom"
						},
						"0.25": {
							"post": [-17.5, 0, 0],
							"lerp_mode": "catmullrom"
						},
						"0.7083": {
							"post": [-17.5, 0, 0],
							"lerp_mode": "catmullrom"
						},
						"0.9583": [-17.5, 0, 0],
						"1.0417": [-17.11817, 2.594, 8.36817],
						"1.125": [-1.73634, 5.188, 16.73634],
						"1.2917": [-1.73634, 5.188, 16.73634]
					}
				},
				"head": {
					"rotation": {
						"0.0": {
							"post": [12.5, 0, 0],
							"lerp_mode": "catmullrom"
						},
						"0.0833": {
							"post": [12.39638, -1.61888, 7.32417],
							"lerp_mode": "catmullrom"
						},
						"0.1667": {
							"post": [12.2127, 2.68507, -12.2127],
							"lerp_mode": "catmullrom"
						},
						"0.25": {
							"post": [12.39638, -1.61888, 7.32417],
							"lerp_mode": "catmullrom"
						},
						"0.3333": {
							"post": [12.2127, 2.68507, -12.2127],
							"lerp_mode": "catmullrom"
						},
						"0.4167": {
							"post": [-2.7873, 2.68507, -12.2127],
							"lerp_mode": "catmullrom"
						},
						"0.7083": {
							"post": [-2.7873, 2.68507, -12.2127],
							"lerp_mode": "catmullrom"
						},
						"0.9583": [-2.7873, 2.68507, -12.2127],
						"1.0417": [-15.99399, 3.08065, -2.20583],
						"1.125": [5.79933, 3.47624, 7.80103],
						"1.2083": [-1.70067, 3.47624, 7.80103],
						"1.2917": [5.79933, 3.47624, 7.80103]
					}
				},
				"jaw": {
					"rotation": {
						"0.0": {
							"post": [7.5, 0, 0],
							"lerp_mode": "catmullrom"
						},
						"0.25": {
							"post": [32.5, 0, 0],
							"lerp_mode": "catmullrom"
						},
						"0.7083": {
							"post": [32.5, 0, 0],
							"lerp_mode": "catmullrom"
						},
						"0.9583": [32.5, 0, 0],
						"1.125": [0, 0, 0],
						"1.2917": [0, 0, 0]
					}
				},
				"bone12": {
					"rotation": {
						"0.0": {
							"post": [0, 0, 0],
							"lerp_mode": "catmullrom"
						},
						"0.25": {
							"post": [0, 0, 27.5],
							"lerp_mode": "catmullrom"
						},
						"0.8333": {
							"post": [0, 0, 27.5],
							"lerp_mode": "catmullrom"
						},
						"1.25": {
							"post": [0, 0, -12.5],
							"lerp_mode": "catmullrom"
						}
					}
				},
				"bone11": {
					"rotation": {
						"0.0": {
							"post": [0, 0, 0],
							"lerp_mode": "catmullrom"
						},
						"0.25": {
							"post": [0, 0, -27.5],
							"lerp_mode": "catmullrom"
						},
						"0.8333": {
							"post": [0, 0, -27.5],
							"lerp_mode": "catmullrom"
						},
						"1.25": {
							"post": [0, 0, 12.5],
							"lerp_mode": "catmullrom"
						}
					}
				},
				"bone4": {
					"rotation": {
						"0.0": {
							"post": [17.5, 0, 0],
							"lerp_mode": "catmullrom"
						},
						"0.25": {
							"post": [30, 0, 0],
							"lerp_mode": "catmullrom"
						},
						"0.7083": {
							"post": [30, 0, 0],
							"lerp_mode": "catmullrom"
						},
						"0.9583": {
							"post": [2.5, 0, 0],
							"lerp_mode": "catmullrom"
						}
					}
				},
				"bone10": {
					"rotation": {
						"0.0": {
							"post": [20, 0, 0],
							"lerp_mode": "catmullrom"
						},
						"0.7083": {
							"post": [20, 0, 0],
							"lerp_mode": "catmullrom"
						},
						"0.9583": {
							"post": [-5, 0, 0],
							"lerp_mode": "catmullrom"
						}
					}
				},
				"bone14": {
					"rotation": {
						"0.0": {
							"post": [0, 0, 0],
							"lerp_mode": "catmullrom"
						},
						"0.25": {
							"post": [0, 0, 27.5],
							"lerp_mode": "catmullrom"
						},
						"0.8333": {
							"post": [0, 0, 27.5],
							"lerp_mode": "catmullrom"
						},
						"1.25": {
							"post": [0, 0, -12.5],
							"lerp_mode": "catmullrom"
						}
					}
				},
				"bone13": {
					"rotation": {
						"0.0": {
							"post": [0, 0, 0],
							"lerp_mode": "catmullrom"
						},
						"0.25": {
							"post": [0, 0, -27.5],
							"lerp_mode": "catmullrom"
						},
						"0.8333": {
							"post": [0, 0, -27.5],
							"lerp_mode": "catmullrom"
						},
						"1.25": {
							"post": [0, 0, 12.5],
							"lerp_mode": "catmullrom"
						}
					}
				}
			}
		}
	}
}