{
	"format_version": "1.12.0",
	"minecraft:geometry": [
		{
			"description": {
				"identifier": "geometry.unknown",
				"texture_width": 128,
				"texture_height": 128,
				"visible_bounds_width": 4,
				"visible_bounds_height": 3.5,
				"visible_bounds_offset": [0, 1.25, 0]
			},
			"bones": [
				{
					"name": "root_main",
					"pivot": [0, 0, 0]
				},
				{
					"name": "root",
					"parent": "root_main",
					"pivot": [0, 0, 0]
				},
				{
					"name": "koraidon",
					"parent": "root",
					"pivot": [0, -0.5, -62.7],
					"rotation": [0, 180, 0]
				},
				{
					"name": "f_wheel",
					"parent": "koraidon",
					"pivot": [0, 11.1, -104.9],
					"cubes": [
						{"origin": [2, 16.6, -120.4], "size": [4, 13, 13], "pivot": [2, 16.6, -117.4], "rotation": [0, 0, 180], "uv": [21, 13]}
					]
				},
				{
					"name": "r_wheel",
					"parent": "koraidon",
					"pivot": [0, 10.1, -129.9],
					"cubes": [
						{"origin": [2, 16.6, -142.4], "size": [4, 13, 13], "pivot": [2, 16.6, -139.4], "rotation": [0, 0, 180], "uv": [0, 0]}
					]
				},
				{
					"name": "r_back_leg",
					"parent": "koraidon",
					"pivot": [2.5, 14.8, -133.75],
					"cubes": [
						{"origin": [11.5, 6.8, -142], "size": [4, 9, 4], "pivot": [9, 11.8, -136.5], "rotation": [-180, 0, -180], "uv": [0, 26]},
						{"origin": [6.45, 14.3, -137.75], "size": [0, 5, 6], "pivot": [6.45, 16.8, -134.75], "rotation": [155, 0, -180], "uv": [55, 73]}
					]
				},
				{
					"name": "r_low_back_leg",
					"parent": "r_back_leg",
					"pivot": [4.375, 6.8, -133.5],
					"cubes": [
						{"origin": [11.375, -0.2, -141], "size": [4, 7, 3], "pivot": [8.875, 2.8, -136.5], "rotation": [-180, 0, -180], "uv": [41, 74]}
					]
				},
				{
					"name": "r_back_foot",
					"parent": "r_low_back_leg",
					"pivot": [4.375, 0.05, -132.05],
					"rotation": [90, 0, 0],
					"cubes": [
						{"origin": [-7.625, -3.95, -136.25], "size": [2, 4, 1], "pivot": [-1.125, -3.95, -133.75], "rotation": [-180, 0, 180], "uv": [44, 66]},
						{"origin": [-6.625, -2.95, -136.25], "size": [1, 3, 1], "pivot": [-0.125, -3.95, -133.75], "rotation": [-180, 0, 180], "uv": [41, 0]},
						{"origin": [-9.625, -2.95, -136.25], "size": [1, 3, 1], "pivot": [-3.125, -3.95, -133.75], "rotation": [-180, 0, 180], "uv": [16, 34]}
					]
				},
				{
					"name": "l_back_leg",
					"parent": "koraidon",
					"pivot": [-2.5, 14.8, -133.75],
					"cubes": [
						{"origin": [-15.5, 6.8, -142], "size": [4, 9, 4], "pivot": [-9, 11.8, -136.5], "rotation": [-180, 0, 180], "uv": [0, 61]},
						{"origin": [-6.45, 14.3, -137.75], "size": [0, 5, 6], "pivot": [-6.45, 16.8, -134.75], "rotation": [155, 0, 180], "uv": [32, 48]}
					]
				},
				{
					"name": "l_low_back_leg",
					"parent": "l_back_leg",
					"pivot": [-4.375, 6.8, -133.5],
					"cubes": [
						{"origin": [-6.375, -0.2, -135], "size": [4, 7, 3], "pivot": [-4.375, 6.8, -133.5], "rotation": [-180, 0, 180], "uv": [16, 77]}
					]
				},
				{
					"name": "l_back_foot",
					"parent": "l_low_back_leg",
					"pivot": [-4.375, 0.05, -132.05],
					"rotation": [90, 0, 0],
					"cubes": [
						{"origin": [-16.375, -3.95, -136.25], "size": [2, 4, 1], "pivot": [-9.875, -3.95, -133.75], "rotation": [-180, 0, 180], "uv": [60, 0]},
						{"origin": [-15.375, -2.95, -136.25], "size": [1, 3, 1], "pivot": [-8.875, -3.95, -133.75], "rotation": [-180, 0, 180], "uv": [16, 30]},
						{"origin": [-18.375, -2.95, -136.25], "size": [1, 3, 1], "pivot": [-11.875, -3.95, -133.75], "rotation": [-180, 0, 180], "uv": [0, 26]}
					]
				},
				{
					"name": "body",
					"parent": "koraidon",
					"pivot": [0, 17.39222, -122.16072],
					"cubes": [
						{"origin": [1, 11.7, -113.7], "size": [6, 3, 8], "pivot": [2, 11.7, -113.7], "rotation": [170, 0, 180], "uv": [42, 15]},
						{"origin": [1, 14.75, -113.7], "size": [6, 3, 8], "pivot": [2, 14.7, -113.7], "rotation": [170, 0, 180], "uv": [21, 0]},
						{"origin": [-1.5, 21.6, -110.7], "size": [5, 3, 12], "pivot": [0.5, 21.6, -110.7], "rotation": [140, 0, 180], "uv": [0, 39]},
						{"origin": [3.5, 23.85, -112.7], "size": [0, 3, 12], "pivot": [0.5, 23.85, -112.7], "rotation": [140, 0, 180], "uv": [22, 30]},
						{"origin": [2.5, 17.4421, -119.07929], "size": [1, 3, 5], "pivot": [3, 18.9421, -116.57929], "rotation": [-110, 0, 180], "uv": [74, 51]},
						{"origin": [-3.5, 17.4421, -119.07929], "size": [1, 3, 5], "pivot": [-3, 18.9421, -116.57929], "rotation": [-110, 0, 180], "uv": [41, 0]},
						{"origin": [2.8, 20.1421, -121.07929], "size": [1, 2, 5], "pivot": [3.3, 21.6421, -118.57929], "rotation": [-172.5, 0, 180], "uv": [77, 71]},
						{"origin": [3, 22.0421, -124.67929], "size": [1, 2, 3], "pivot": [3.5, 23.5421, -122.17929], "rotation": [-140, 0, 180], "uv": [80, 35]},
						{"origin": [0.5, 17.6, -112.4], "size": [5, 3, 6], "pivot": [1.5, 17.6, -112.4], "rotation": [102.5, 0, 180], "uv": [58, 61]},
						{"origin": [1.5, 10.8, -121.6], "size": [3, 3, 12], "pivot": [1.5, 10.8, -121.6], "rotation": [180, 0, 180], "uv": [42, 0]},
						{"origin": [0, 13.3, -121.6], "size": [4, 3.3, 12], "pivot": [1, 13.3, -121.6], "rotation": [180, 0, 180], "uv": [34, 39]},
						{"origin": [-3.8, 20.1421, -121.07929], "size": [1, 2, 5], "pivot": [-3.3, 21.6421, -118.57929], "rotation": [-172.5, 0, 180], "uv": [77, 0]},
						{"origin": [-4, 22.0421, -124.67929], "size": [1, 2, 3], "pivot": [-3.5, 23.5421, -122.17929], "rotation": [-140, 0, 180], "uv": [30, 77]},
						{"origin": [-2.5, 12, -136], "size": [5, 5, 7], "pivot": [0, 14, -132.5], "rotation": [-162.5, 0, 180], "uv": [40, 54]},
						{"origin": [-4, 20, -143.3], "size": [2, 1, 7], "pivot": [-1.5, 22, -138.5], "rotation": [-150, 0, 180], "uv": [66, 71]},
						{"origin": [-6, 19.3, -142.4], "size": [2, 1, 7], "pivot": [-3.5, 21.3, -137.6], "rotation": [-150, 0, 180], "uv": [55, 70]},
						{"origin": [2.5, 10.3, -133.6], "size": [5, 3, 8], "pivot": [2.5, 10.3, -133.6], "rotation": [-120, 0, 180], "uv": [54, 31]},
						{"origin": [0, 20.1, -109], "size": [4, 2, 8], "pivot": [1, 19.1, -109], "rotation": [140, 0, 180], "uv": [58, 51]},
						{"origin": [-2.5, 17, -137.3], "size": [5, 1, 7], "pivot": [0, 19, -132.5], "rotation": [-162.5, 0, -180], "uv": [60, 0]},
						{"origin": [4, 19.3, -142.4], "size": [2, 1, 7], "pivot": [3.5, 21.3, -137.6], "rotation": [-150, 0, -180], "uv": [44, 66]},
						{"origin": [-3.5, 23.85, -112.7], "size": [0, 3, 12], "pivot": [-0.5, 23.85, -112.7], "rotation": [140, 0, -180], "uv": [22, 27]}
					]
				},
				{
					"name": "head",
					"parent": "koraidon",
					"pivot": [-0.1, 25, -113.8],
					"cubes": [
						{"origin": [2.2, 25.3, -108.5], "size": [1, 2, 3], "pivot": [0.3, 24.3, -108.5], "rotation": [20, 0, 180], "uv": [9, 74]},
						{"origin": [2.25, 25.4, -107.2], "size": [1, 2, 2], "pivot": [0.3, 24.4, -108.2], "rotation": [20, 0, 180], "uv": [72, 17]},
						{"origin": [-2.47, 22.6177, -109.14551], "size": [1, 1, 3], "pivot": [-1.95, 23.13774, -107.64551], "rotation": [14.43276, 13.99545, 136.78082], "uv": [71, 27]},
						{"origin": [-1.5, 25.1, -112.2], "size": [5, 3, 8], "pivot": [0.5, 25.1, -112.2], "rotation": [20, 0, 180], "uv": [14, 54]},
						{"origin": [-0.5, 25.16207, -111.61224], "size": [1, 1, 8], "pivot": [0, 25.66207, -107.61224], "rotation": [57.5, 0, 180], "uv": [64, 8]},
						{"origin": [0.25, 24.76207, -108.61224], "size": [2, 0, 5], "pivot": [1.75, 25.26207, -107.61224], "rotation": [58.11966, 6.6782, -169.40939], "uv": [20, 0]},
						{"origin": [-1.5, 22.3, -113.3], "size": [5, 1, 8], "pivot": [0.5, 22.3, -113.3], "rotation": [20, 0, 180], "uv": [54, 42]},
						{"origin": [7, 24.3, -113.5], "size": [1, 3, 3], "pivot": [5, 24.3, -113.5], "rotation": [20, 0, 180], "uv": [54, 42]},
						{"origin": [7.2, 26, -112.8], "size": [1, 3, 2], "pivot": [5.15, 25, -113.8], "rotation": [20, 0, 180], "uv": [55, 31]},
						{"origin": [6.8, 25.3, -108.5], "size": [1, 2, 3], "pivot": [4.7, 24.3, -108.5], "rotation": [20, 0, 180], "uv": [62, 17]},
						{"origin": [6.55, 25.4, -107.2], "size": [1, 2, 2], "pivot": [4.6, 24.4, -108.2], "rotation": [20, 0, 180], "uv": [66, 70]},
						{"origin": [6.65, 25.4, -107.8], "size": [1, 2, 3], "pivot": [4.6, 24.4, -107.8], "rotation": [20, 0, 180], "uv": [57, 54]},
						{"origin": [1.43, 22.66274, -109.14551], "size": [1, 1, 3], "pivot": [1.95, 23.16274, -107.64551], "rotation": [14.43276, 13.99545, 136.78082], "uv": [26, 65]},
						{"origin": [2.35, 26.85, -115.4], "size": [0, 5, 11], "pivot": [2.35, 27.9, -112.4], "rotation": [41.32805, 23.25532, 173.19166], "uv": [0, 43]},
						{"origin": [2, 24.3, -113.5], "size": [1, 3, 3], "pivot": [0, 24.3, -113.5], "rotation": [20, 0, 180], "uv": [42, 15]},
						{"origin": [1.9, 26, -112.8], "size": [1, 3, 2], "pivot": [-0.1, 25, -113.8], "rotation": [20, 0, 180], "uv": [48, 0]},
						{"origin": [2.35, 25.4, -107.8], "size": [1, 2, 3], "pivot": [0.4, 24.4, -107.8], "rotation": [20, 0, 180], "uv": [55, 26]},
						{"origin": [-2.25, 24.76207, -108.61224], "size": [2, 0, 5], "pivot": [-1.75, 25.26207, -107.61224], "rotation": [58.11966, -6.6782, 169.40939], "uv": [16, 0]},
						{"origin": [-2.35, 26.85, -115.4], "size": [0, 5, 11], "pivot": [-2.35, 27.9, -112.4], "rotation": [41.32805, -23.25532, -173.19166], "uv": [22, 34]}
					]
				},
				{
					"name": "head_tail_l",
					"parent": "head",
					"pivot": [-3, 24.5, -111.5],
					"cubes": [
						{"origin": [-3.5, 24, -118.5], "size": [1, 1, 7], "uv": [73, 63]}
					]
				},
				{
					"name": "h_tail_l1",
					"parent": "head_tail_l",
					"pivot": [-3, 24.5, -118.5],
					"cubes": [
						{"origin": [-3.5, 24, -125.5], "size": [1, 1, 7], "uv": [0, 74]}
					]
				},
				{
					"name": "h_tail_l2",
					"parent": "h_tail_l1",
					"pivot": [-3, 24.5, -125.5],
					"cubes": [
						{"origin": [-3.5, 24, -132.5], "size": [1, 1, 7], "uv": [74, 8]}
					]
				},
				{
					"name": "head_tail_r",
					"parent": "head",
					"pivot": [3, 24.5, -111.5],
					"cubes": [
						{"origin": [2.5, 24, -118.5], "size": [1, 1, 7], "uv": [72, 17]}
					]
				},
				{
					"name": "h_tail_r1",
					"parent": "head_tail_r",
					"pivot": [3, 24.5, -118.5],
					"cubes": [
						{"origin": [2.5, 24, -125.5], "size": [1, 1, 7], "uv": [72, 27]}
					]
				},
				{
					"name": "h_tail_r2",
					"parent": "h_tail_r1",
					"pivot": [3, 24.5, -125.5],
					"cubes": [
						{"origin": [2.5, 24, -132.5], "size": [1, 1, 7], "uv": [72, 42]}
					]
				},
				{
					"name": "f_right_leg",
					"parent": "koraidon",
					"pivot": [4.46, 14.45, -118.61],
					"rotation": [0, 180, 0],
					"cubes": [
						{"origin": [2.9, 8, -120.25], "size": [3, 8, 3], "uv": [0, 39]}
					]
				},
				{
					"name": "f_right_lower_leg",
					"parent": "f_right_leg",
					"pivot": [4.475, 8, -118.825],
					"cubes": [
						{"origin": [2.975, 0, -120.325], "size": [3, 8, 4], "uv": [30, 65]}
					]
				},
				{
					"name": "f_right_foot",
					"parent": "f_right_lower_leg",
					"pivot": [4.475, 0.5, -120.24167],
					"cubes": [
						{"origin": [3.475, 0, -124.325], "size": [2, 1, 4], "uv": [79, 79]},
						{"origin": [2.475, 0, -123.325], "size": [1, 1, 3], "uv": [63, 27]},
						{"origin": [5.475, 0, -123.325], "size": [1, 1, 3], "uv": [60, 8]}
					]
				},
				{
					"name": "f_left_leg",
					"parent": "koraidon",
					"pivot": [-4.46, 14.45, -118.61],
					"rotation": [0, 180, 0],
					"cubes": [
						{"origin": [-5.9, 8, -120.25], "size": [3, 8, 3], "uv": [0, 0]}
					]
				},
				{
					"name": "f_left_lower_leg",
					"parent": "f_left_leg",
					"pivot": [-3.975, 8, -118.825],
					"cubes": [
						{"origin": [-5.975, 0, -120.325], "size": [3, 8, 4], "uv": [16, 65]}
					]
				},
				{
					"name": "f_left_foot",
					"parent": "f_left_lower_leg",
					"pivot": [-4.475, 0.5, -120.24167],
					"cubes": [
						{"origin": [-6.475, 0, -123.325], "size": [1, 1, 3], "uv": [46, 8]},
						{"origin": [-5.475, 0, -124.325], "size": [2, 1, 4], "uv": [67, 79]},
						{"origin": [-3.475, 0, -123.325], "size": [1, 1, 3], "uv": [12, 26]}
					]
				}
			]
		}
	]
}