{
	"format_version": "1.12.0",
	"minecraft:geometry": [
		{
			"description": {
				"identifier": "geometry.unknown",
				"texture_width": 128,
				"texture_height": 128,
				"visible_bounds_width": 9,
				"visible_bounds_height": 5.5,
				"visible_bounds_offset": [0, 2.25, 0]
			},
			"bones": [
				{
					"name": "deoxys",
					"pivot": [0, 0, 0]
				},
				{
					"name": "body",
					"parent": "deoxys",
					"pivot": [0, 46.35, 2.925],
					"cubes": [
						{"origin": [4.75, 44.5, -1], "size": [2, 5, 5], "uv": [85, 95]},
						{"origin": [-2, 46.5, -0.25], "size": [4, 7, 4], "uv": [82, 23]},
						{"origin": [-2.5, 37.75, -1], "size": [5, 6, 5], "inflate": 0.2, "uv": [79, 48]},
						{"origin": [1.5, 45, 3.75], "size": [2, 2, 2], "inflate": -0.1, "uv": [0, 32]},
						{"origin": [-3.5, 45, 3.75], "size": [2, 2, 2], "inflate": -0.1, "uv": [0, 32], "mirror": true},
						{"origin": [-1, 48.25, 3.75], "size": [2, 2, 2], "inflate": -0.1, "uv": [0, 0]},
						{"origin": [-6.75, 44.5, -1], "size": [2, 5, 5], "uv": [85, 95], "mirror": true},
						{"origin": [-5, 43.5, -2.5], "size": [10, 7, 8], "uv": [1, 1]},
						{"origin": [-3.5, 42.5, -2], "size": [7, 7, 7], "uv": [52, 53]},
						{"origin": [-0.5, 43.5, 4.5], "size": [1, 2, 1], "inflate": 0.01, "uv": [113, 74]}
					]
				},
				{
					"name": "chestdetail",
					"parent": "body",
					"pivot": [0.5, 45.74536, 2.46954],
					"cubes": [
						{"origin": [-3, 43.49536, -2.53046], "size": [2, 6, 0], "pivot": [-3, 46.49536, -2.53046], "rotation": [0, -45, 0], "uv": [29, 0]},
						{"origin": [-3, 47.5, -2.5], "size": [6, 2, 0], "pivot": [0, 49.5, -2.5], "rotation": [45, 0, 0], "uv": [52, 29]},
						{"origin": [1, 43.49536, -2.53046], "size": [2, 6, 0], "pivot": [3, 46.49536, -2.53046], "rotation": [0, 45, 0], "uv": [52, 53]},
						{"origin": [-3, 43.5, -2.5], "size": [6, 2, 0], "pivot": [0, 43.5, -2.5], "rotation": [-45, 0, 0], "uv": [52, 31]},
						{"origin": [-2, 44.5, -2], "size": [4, 4, 2], "uv": [49, 0]}
					]
				},
				{
					"name": "collar",
					"parent": "body",
					"pivot": [-0.5, 45.74536, 1.96954],
					"cubes": [
						{"origin": [-2.5, 48.99768, -1.64023], "size": [5, 2, 7], "pivot": [-0.5, 50.24768, 1.60977], "rotation": [7.5, 0, 0], "uv": [68, 14]},
						{"origin": [-0.5, 49.5, -2.5], "size": [1, 1, 2], "inflate": 0.01, "uv": [112, 70]},
						{"origin": [-0.5, 50.5, -0.25], "size": [1, 3, 1], "inflate": 0.01, "uv": [107, 71]}
					]
				},
				{
					"name": "hips",
					"parent": "body",
					"pivot": [0, 37.25, 1.5],
					"cubes": [
						{"origin": [-3.5, 37, -2], "size": [7, 2, 7], "uv": [61, 29]},
						{"origin": [-4.5, 32.75, -2], "size": [9, 5, 7], "uv": [52, 41]},
						{"origin": [-5.5, 34, -2.5], "size": [11, 4, 8], "uv": [0, 103], "mirror": true}
					]
				},
				{
					"name": "left_arm",
					"parent": "body",
					"pivot": [5, 47.25, 1.5]
				},
				{
					"name": "Lred1",
					"parent": "left_arm",
					"pivot": [5, 47.25, 1.5],
					"cubes": [
						{"origin": [1, 46.25, 0.5], "size": [8, 2, 2], "uv": [94, 95]}
					]
				},
				{
					"name": "Lred2",
					"parent": "Lred1",
					"pivot": [9, 47.25, 1.5],
					"cubes": [
						{"origin": [9, 46.25, 0.5], "size": [8, 2, 2], "uv": [94, 45]}
					]
				},
				{
					"name": "Lred3",
					"parent": "Lred2",
					"pivot": [17, 47.25, 1.5],
					"cubes": [
						{"origin": [17, 46.25, 0.5], "size": [8, 2, 2], "uv": [94, 20]}
					]
				},
				{
					"name": "Lred4",
					"parent": "Lred3",
					"pivot": [25, 47.25, 1.5],
					"cubes": [
						{"origin": [25, 46.25, 0.5], "size": [8, 2, 2], "uv": [93, 59]}
					]
				},
				{
					"name": "Lred5",
					"parent": "Lred4",
					"pivot": [33, 47.25, 1.5],
					"cubes": [
						{"origin": [33, 46.25, 0.5], "size": [8, 2, 2], "uv": [93, 0]}
					]
				},
				{
					"name": "Lred6",
					"parent": "Lred5",
					"pivot": [41, 47.25, 1.5],
					"cubes": [
						{"origin": [41, 46.25, 0.5], "size": [8, 2, 2], "uv": [85, 91]}
					]
				},
				{
					"name": "Lred7",
					"parent": "Lred6",
					"pivot": [49, 47.25, 1.5],
					"cubes": [
						{"origin": [49, 46.25, 0.5], "size": [8, 2, 2], "uv": [91, 77]}
					]
				},
				{
					"name": "right_arm",
					"parent": "body",
					"pivot": [-5, 47.25, 1.5]
				},
				{
					"name": "Rblue1",
					"parent": "right_arm",
					"pivot": [-5, 47.25, 1.5],
					"cubes": [
						{"origin": [-9, 46.25, 0.5], "size": [8, 2, 2], "uv": [94, 49]}
					]
				},
				{
					"name": "Rblue2",
					"parent": "Rblue1",
					"pivot": [-9, 47.25, 1.5],
					"cubes": [
						{"origin": [-17, 46.25, 0.5], "size": [8, 2, 2], "uv": [91, 38]}
					]
				},
				{
					"name": "Rblue3",
					"parent": "Rblue2",
					"pivot": [-17, 47.25, 1.5],
					"cubes": [
						{"origin": [-25, 46.25, 0.5], "size": [8, 2, 2], "uv": [89, 34]}
					]
				},
				{
					"name": "Rblue4",
					"parent": "Rblue3",
					"pivot": [-25, 47.25, 1.5],
					"cubes": [
						{"origin": [-33, 46.25, 0.5], "size": [8, 2, 2], "uv": [85, 16]}
					]
				},
				{
					"name": "Rblue5",
					"parent": "Rblue4",
					"pivot": [-33, 47.25, 1.5],
					"cubes": [
						{"origin": [-41, 46.25, 0.5], "size": [8, 2, 2], "uv": [85, 12]}
					]
				},
				{
					"name": "Rblue6",
					"parent": "Rblue5",
					"pivot": [-41, 47.25, 1.5],
					"cubes": [
						{"origin": [-49, 46.25, 0.5], "size": [8, 2, 2], "uv": [81, 73]}
					]
				},
				{
					"name": "Rblue7",
					"parent": "Rblue6",
					"pivot": [-49, 47.25, 1.5],
					"cubes": [
						{"origin": [-57, 46.25, 0.5], "size": [8, 2, 2], "uv": [0, 65]}
					]
				},
				{
					"name": "head",
					"parent": "body",
					"pivot": [0, 54.81756, 2.1537],
					"cubes": [
						{"origin": [-4.5, 53.5, -3], "size": [9, 8, 8], "uv": [30, 8]},
						{"origin": [-3.5, 61.25, -2], "size": [7, 1, 6], "uv": [29, 0]},
						{"origin": [-3.5, 52.75, -3.25], "size": [7, 8, 9], "uv": [29, 24]},
						{"origin": [-3.5, 52.67083, 5.78609], "size": [7, 5, 1], "pivot": [0, 52.60809, 5.54355], "rotation": [20, 0, 0], "uv": [42, 41]}
					]
				},
				{
					"name": "topspike",
					"parent": "head",
					"pivot": [0, 62.18884, 11.1226],
					"rotation": [-2.5, 0, 0],
					"cubes": [
						{"origin": [-2, 53.84405, 8.50863], "size": [4, 12, 6], "pivot": [0, 64.34405, 8.25863], "rotation": [-72.5, 0, 0], "uv": [41, 67]},
						{"origin": [-0.5, 71.59405, 8.50863], "size": [1, 4, 4], "pivot": [0, 64.34405, 8.25863], "rotation": [-72.5, 0, 0], "uv": [113, 20]},
						{"origin": [0, 70.84405, 8.50863], "size": [0, 8, 4], "pivot": [0, 64.34405, 8.25863], "rotation": [-72.5, 0, 0], "uv": [0, 12]},
						{"origin": [-1, 64.59405, 8.50863], "size": [2, 7, 5], "pivot": [0, 64.34405, 8.25863], "rotation": [-72.5, 0, 0], "uv": [84, 0], "mirror": true}
					]
				},
				{
					"name": "ears",
					"parent": "head",
					"pivot": [0, 24.25, -2]
				},
				{
					"name": "R_ear",
					"parent": "ears",
					"pivot": [0, 24.25, -2],
					"cubes": [
						{"origin": [-5, 58.25, -2.25], "size": [0, 6, 5], "uv": [0, 40], "mirror": true},
						{"origin": [-5.25, 56.25, -0.25], "size": [1, 3, 1], "inflate": 0.02, "uv": [116, 30], "mirror": true},
						{"origin": [-5.25, 54.25, -2.75], "size": [1, 5, 6], "uv": [34, 85]}
					]
				},
				{
					"name": "L_ear",
					"parent": "ears",
					"pivot": [0, 24.25, -2],
					"cubes": [
						{"origin": [5, 58.25, -2.25], "size": [0, 6, 5], "uv": [0, 40]},
						{"origin": [4.25, 56.25, -0.25], "size": [1, 3, 1], "inflate": 0.02, "uv": [116, 30]},
						{"origin": [4.25, 54.25, -2.75], "size": [1, 5, 6], "uv": [0, 86]}
					]
				},
				{
					"name": "lefteye",
					"parent": "head",
					"pivot": [2.3517, 57.16453, -2.368],
					"rotation": [0, 0, -12.55],
					"cubes": [
						{"origin": [3, 57, -3.25], "size": [1, 1, 2], "inflate": 0.01, "uv": [30, 67]},
						{"origin": [1.5, 56, -3.25], "size": [2, 2, 2], "inflate": 0.01, "uv": [42, 47]},
						{"origin": [1.6, 57, -3.7], "size": [1, 1, 2], "inflate": -0.3, "pivot": [2, 57.5, -2.75], "rotation": [0, 0, 10], "uv": [61, 33]},
						{"origin": [1.66, 56.84, -3.1], "size": [1, 1, 2], "inflate": 0.17, "uv": [61, 38]},
						{"origin": [1, 56, -3.25], "size": [1, 1, 2], "inflate": 0.01, "uv": [20, 65]}
					]
				},
				{
					"name": "righteye6",
					"parent": "head",
					"pivot": [-2.3517, 57.16453, -2.368],
					"rotation": [0, 0, 12.55],
					"cubes": [
						{"origin": [-3.5, 56, -3.25], "size": [2, 2, 2], "inflate": 0.01, "uv": [0, 36]},
						{"origin": [-4, 57, -3.25], "size": [1, 1, 2], "inflate": 0.01, "uv": [4, 52]},
						{"origin": [-2.66, 56.84, -3.1], "size": [1, 1, 2], "inflate": 0.17, "uv": [16, 51]},
						{"origin": [-2, 56, -3.25], "size": [1, 1, 2], "inflate": 0.01, "uv": [20, 52]},
						{"origin": [-2.6, 57, -3.7], "size": [1, 1, 2], "inflate": -0.3, "pivot": [-2, 57.5, -2.75], "rotation": [0, 0, -10], "uv": [0, 51]}
					]
				},
				{
					"name": "eyelids",
					"parent": "head",
					"pivot": [0, 55.75506, 3.4037]
				},
				{
					"name": "righteyelid",
					"parent": "eyelids",
					"pivot": [0, 57, -1.25],
					"cubes": [
						{"origin": [-3.25, 56, -2.25], "size": [2, 1, 2], "inflate": 0.01, "pivot": [-2.5, 57, -1.25], "rotation": [0, 0, 12.5], "uv": [102, 2]}
					]
				},
				{
					"name": "lefteyelid",
					"parent": "eyelids",
					"pivot": [0, 55.75506, 3.4037],
					"cubes": [
						{"origin": [1.25, 56, -2.25], "size": [2, 1, 2], "inflate": 0.01, "pivot": [2.5, 57, -1.25], "rotation": [0, 0, -12.5], "uv": [102, 2], "mirror": true}
					]
				},
				{
					"name": "leftleg",
					"parent": "deoxys",
					"pivot": [4, 36, 1.5]
				},
				{
					"name": "leftlegguard",
					"parent": "leftleg",
					"pivot": [7.25, 35.75, 4.25],
					"rotation": [0, 0, 47.5],
					"cubes": [
						{"origin": [6.25, 34.75, -2.75], "size": [2, 4, 11], "uv": [15, 61]},
						{"origin": [6.25, 27.25, -4], "size": [2, 10, 10], "uv": [50, 100]},
						{"origin": [7.25, 32.75, 3.25], "size": [0, 6, 9], "uv": [16, 36]},
						{"origin": [5.75, 27.75, -3.5], "size": [3, 10, 10], "uv": [0, 45]}
					]
				},
				{
					"name": "left_thigh",
					"parent": "leftleg",
					"pivot": [5.5, 33.44667, 1.58333],
					"cubes": [
						{"origin": [4.5, 18.84, -1], "size": [2, 1, 1], "uv": [117, 80], "mirror": true},
						{"origin": [3, 18.75, -1], "size": [5, 9, 5], "inflate": -0.1, "uv": [76, 77]},
						{"origin": [3, 25.75, -1], "size": [5, 10, 5], "inflate": 0.1, "uv": [61, 67]}
					]
				},
				{
					"name": "left_calf",
					"parent": "left_thigh",
					"pivot": [5.5, 19.75, 1.5],
					"cubes": [
						{"origin": [3.5, 11, -0.5], "size": [4, 10, 4], "uv": [57, 82]},
						{"origin": [4, 5.25, 0], "size": [3, 10, 3], "uv": [14, 90]},
						{"origin": [4, 0.25, 0], "size": [3, 10, 3], "inflate": -0.3, "uv": [14, 90]},
						{"origin": [5, 16, -0.5], "size": [1, 3, 1], "inflate": 0.01, "uv": [111, 80], "mirror": true}
					]
				},
				{
					"name": "rightleg",
					"parent": "deoxys",
					"pivot": [-4, 36, 1.5]
				},
				{
					"name": "rightleftguard",
					"parent": "rightleg",
					"pivot": [-7.25, 35.75, 4.25],
					"rotation": [0, 0, -47.5],
					"cubes": [
						{"origin": [-8.25, 27.25, -4], "size": [2, 10, 10], "uv": [50, 100], "mirror": true},
						{"origin": [-7.25, 32.75, 3], "size": [0, 6, 9], "uv": [30, 52]},
						{"origin": [-8.75, 27.75, -3.5], "size": [3, 10, 10], "uv": [0, 45], "mirror": true},
						{"origin": [-8.25, 34.75, -2.75], "size": [2, 4, 11], "uv": [15, 61], "mirror": true}
					]
				},
				{
					"name": "right_thigh",
					"parent": "rightleg",
					"pivot": [-5.5, 33.44667, 1.33333],
					"cubes": [
						{"origin": [-6.5, 18.84, -1], "size": [2, 1, 1], "uv": [117, 80]},
						{"origin": [-8, 25.75, -1], "size": [5, 10, 5], "inflate": 0.1, "uv": [61, 67], "mirror": true},
						{"origin": [-8, 18.75, -1], "size": [5, 9, 5], "inflate": -0.1, "uv": [20, 76]}
					]
				},
				{
					"name": "right_calf",
					"parent": "right_thigh",
					"pivot": [-5.5, 19.75, 1.5],
					"cubes": [
						{"origin": [-6, 16, -0.5], "size": [1, 3, 1], "inflate": 0.01, "uv": [111, 80]},
						{"origin": [-7.5, 11, -0.5], "size": [4, 10, 4], "uv": [81, 59]},
						{"origin": [-7, 0.25, 0], "size": [3, 10, 3], "inflate": -0.3, "uv": [14, 90], "mirror": true},
						{"origin": [-7, 5.25, 0], "size": [3, 10, 3], "uv": [14, 90], "mirror": true}
					]
				}
			]
		}
	]
}