{
	"format_version": "1.8.0",
	"animations": {
		"animation.ducklett.ground_idle": {
			"loop": true,
			"animation_length": 4,
			"bones": {
				"torso": {
					"rotation": ["2.5+math.sin(query.anim_time*90*4-60)*1", "0+math.sin(query.anim_time*90*2)*2", 0]
				},
				"legleft": {
					"rotation": {
						"0.0": [0, 0, 0],
						"2.875": [0, -17.5, 0]
					}
				},
				"legright": {
					"rotation": {
						"0.0": [0, 0, 0],
						"2.875": [0, 30, 0]
					}
				},
				"kneeleft": {
					"rotation": {
						"0.0": [0, -25, 0],
						"2.875": [0, 2.5, 0]
					}
				},
				"kneeright": {
					"rotation": {
						"0.0": [0, 45, 0],
						"2.875": [0, 0, 0]
					}
				},
				"neck": {
					"rotation": ["0-math.sin(query.anim_time*90*4-30)*3", "0+math.sin(query.anim_time*90*2-90)*3", 0]
				},
				"neck2": {
					"rotation": [0, 0, 0]
				},
				"head": {
					"rotation": [0, 0, "0-math.sin(query.anim_time*90*2-120)*5"]
				},
				"feathers": {
					"rotation": ["7.4891-math.sin(query.anim_time*90*4-120)*5", -0.51237, "2.447-math.sin(query.anim_time*90*2-120)*10"]
				},
				"wingleft": {
					"rotation": [0, "0+math.sin(query.anim_time*90*4-90)*5", "0+math.sin(query.anim_time*90*4-90)*3"]
				},
				"wingright": {
					"rotation": [0, "0-math.sin(query.anim_time*90*4-90)*3", "0-math.sin(query.anim_time*90*4-90)*3"]
				},
				"tail": {
					"rotation": ["0-math.sin(query.anim_time*90*4-120)*5", "0-math.sin(query.anim_time*90*2-120)*5", 0]
				}
			}
		},
		"animation.ducklett.ground_walk": {
			"loop": true,
			"animation_length": 1,
			"bones": {
				"body": {
					"rotation": {
						"0.0": {
							"post": [0, 12.5, 0],
							"lerp_mode": "catmullrom"
						},
						"0.25": {
							"post": [0, 5, -2.5],
							"lerp_mode": "catmullrom"
						},
						"0.5": {
							"post": [0, -7.5, 0],
							"lerp_mode": "catmullrom"
						},
						"0.75": {
							"post": [0, 0, 2.5],
							"lerp_mode": "catmullrom"
						},
						"1.0": {
							"post": [0, 12.5, 0],
							"lerp_mode": "catmullrom"
						}
					},
					"position": {
						"0.0": {
							"post": [0, 0, 0],
							"lerp_mode": "catmullrom"
						},
						"0.25": {
							"post": [0, 0.3, 0],
							"lerp_mode": "catmullrom"
						},
						"0.5": {
							"post": [0, 0, 0],
							"lerp_mode": "catmullrom"
						},
						"0.75": {
							"post": [0, 0.3, 0],
							"lerp_mode": "catmullrom"
						},
						"1.0": {
							"post": [0, 0, 0],
							"lerp_mode": "catmullrom"
						}
					}
				},
				"legleft": {
					"rotation": {
						"0.0": {
							"post": [27.5, 0, 0],
							"lerp_mode": "catmullrom"
						},
						"0.3333": {
							"post": [1.13292, 0.52824, -24.99478],
							"lerp_mode": "catmullrom"
						},
						"0.5": {
							"post": [-25, 0, 0],
							"lerp_mode": "catmullrom"
						},
						"1.0": {
							"post": [27.5, 0, 0],
							"lerp_mode": "catmullrom"
						}
					},
					"position": {
						"0.0": {
							"post": [0, 0, 0],
							"lerp_mode": "catmullrom"
						},
						"0.25": {
							"post": [0, 3, -1.5],
							"lerp_mode": "catmullrom"
						},
						"0.5": {
							"post": [0, 0, -3],
							"lerp_mode": "catmullrom"
						},
						"1.0": {
							"post": [0, 0, 0],
							"lerp_mode": "catmullrom"
						}
					}
				},
				"legright": {
					"rotation": {
						"0.0": {
							"post": [-15, 0, 0],
							"lerp_mode": "catmullrom"
						},
						"0.5": {
							"post": [40, 0, 0],
							"lerp_mode": "catmullrom"
						},
						"0.8333": {
							"post": [10.29284, -7.13136, 34.3569],
							"lerp_mode": "catmullrom"
						},
						"1.0": {
							"post": [-15, 0, 0],
							"lerp_mode": "catmullrom"
						}
					},
					"position": {
						"0.0": {
							"post": [0, 0, -3],
							"lerp_mode": "catmullrom"
						},
						"0.5": {
							"post": [0, 0, 1],
							"lerp_mode": "catmullrom"
						},
						"0.75": {
							"post": [0, 2, -1],
							"lerp_mode": "catmullrom"
						},
						"1.0": {
							"post": [0, 0, -3],
							"lerp_mode": "catmullrom"
						}
					}
				},
				"leftfoot": {
					"rotation": {
						"0.0": {
							"post": [-15, 0, 0],
							"lerp_mode": "catmullrom"
						},
						"0.1667": {
							"post": [8.09, 0, 0],
							"lerp_mode": "catmullrom"
						},
						"0.3333": {
							"post": [-9.55, 0, 0],
							"lerp_mode": "catmullrom"
						},
						"0.5": {
							"post": [27.5, 0, 0],
							"lerp_mode": "catmullrom"
						},
						"0.7917": {
							"post": [-3.04, 0, 0],
							"lerp_mode": "catmullrom"
						},
						"1.0": {
							"post": [-15, 0, 0],
							"lerp_mode": "catmullrom"
						}
					}
				},
				"rightfoot": {
					"rotation": {
						"0.0": {
							"post": [15, 0, 0],
							"lerp_mode": "catmullrom"
						},
						"0.1667": {
							"post": [-6.44, 0, 0],
							"lerp_mode": "catmullrom"
						},
						"0.5": {
							"post": [-27.5, 0, 0],
							"lerp_mode": "catmullrom"
						},
						"0.7083": {
							"post": [15.1, 0, 0],
							"lerp_mode": "catmullrom"
						},
						"0.8333": {
							"post": [-24.94, 0, 0],
							"lerp_mode": "catmullrom"
						},
						"1.0": {
							"post": [15, 0, 0],
							"lerp_mode": "catmullrom"
						}
					}
				},
				"neck": {
					"rotation": {
						"0.0": {
							"post": [0, -10, 0],
							"lerp_mode": "catmullrom"
						},
						"0.25": {
							"post": [0, -2.5, 0],
							"lerp_mode": "catmullrom"
						},
						"0.5": {
							"post": [0, 15, 0],
							"lerp_mode": "catmullrom"
						},
						"0.75": {
							"post": [0, 0, 0],
							"lerp_mode": "catmullrom"
						},
						"1.0": {
							"post": [0, -10, 0],
							"lerp_mode": "catmullrom"
						}
					}
				},
				"head": {
					"rotation": ["0+math.sin(query.anim_time*90*8-60)*3", 0, "0-math.sin(query.anim_time*90*4-60)*5"]
				},
				"feathers": {
					"rotation": ["0+math.sin(query.anim_time*90*8-1200)*10", 0, "2.5-math.sin(query.anim_time*90*4-120)*10"]
				},
				"wingleft": {
					"rotation": [0, "0+math.sin(query.anim_time*90*4-60)*3", 0]
				},
				"wingright": {
					"rotation": ["0+math.sin(query.anim_time*90*4-60)*3", 0, 0]
				},
				"tail": {
					"rotation": [0, "0-math.sin(query.anim_time*90*4-120)*10", 0]
				}
			}
		},
		"animation.ducklett.cry": {
			"animation_length": 0.75,
			"bones": {
				"neck": {
					"rotation": {
						"0.0": [0, 0, 0],
						"0.125": [15, 0, 0],
						"0.25": [2.5, 0, 0],
						"0.4167": [10, 0, 0],
						"0.75": [0, 0, 0]
					}
				},
				"head": {
					"rotation": {
						"0.0": [0, 0, 0],
						"0.0833": [-12.5, 0, 0],
						"0.2083": [0, 0, 0],
						"0.3333": [-12.5, 0, 0],
						"0.4167": [-5, 0, 0],
						"0.75": [0, 0, 0]
					}
				},
				"beak": {
					"rotation": {
						"0.0": [0, 0, 0],
						"0.125": [52.5, 0, 0],
						"0.2917": [17.5, 0, 0],
						"0.4167": [57.5, 0, 0],
						"0.5833": [17.5, 0, 0],
						"0.75": [0, 0, 0]
					}
				},
				"feathers": {
					"rotation": {
						"0.0": [0, 0, 0],
						"0.125": [-30, 0, 0],
						"0.25": [42.5, 0, 0],
						"0.4167": [-12.5, 0, 0],
						"0.5417": [7.5, 0, 0],
						"0.6667": [0, 0, 0]
					}
				}
			},
			"sound_effects": {
				"0.0": {
					"effect": "pokemon.ducklett.cry"
				}
			}
		},
		"animation.ducklett.blink": {
			"animation_length": 0.375,
			"bones": {
				"pupils": {
					"scale": {
						"0.0": [1, 1, 1],
						"0.125": [1, 0.3, 1],
						"0.25": [1, 0.3, 1],
						"0.375": [1, 1, 1]
					}
				}
			}
		},
		"animation.ducklett.water_idle": {
			"loop": true,
			"animation_length": 4,
			"bones": {
				"body": {
					"position": [0, "0+math.sin(query.anim_time*90*1)*0.5", 0]
				},
				"legleft": {
					"rotation": ["-25+math.sin(query.anim_time*90*1-60)*5", 0, 0]
				},
				"legright": {
					"rotation": ["-27.5-math.sin(query.anim_time*90*1-60)*5", 0, 0]
				},
				"neck": {
					"rotation": ["0-math.sin(query.anim_time*90*1-60)*5", 0, 0]
				},
				"head": {
					"rotation": [0, 0, "0+math.sin(query.anim_time*90*1-90)*5"]
				},
				"feathers": {
					"rotation": ["5-math.sin(query.anim_time*90*1-120)*10", 0, 0]
				},
				"wingleft": {
					"rotation": [0, "12.5+math.sin(query.anim_time*90*2-60)*5", 0]
				},
				"wingright": {
					"rotation": [0, "-10-math.sin(query.anim_time*90*2-60)*5", 0]
				}
			}
		},
		"animation.ducklett.water_swim": {
			"loop": true,
			"animation_length": 4,
			"bones": {
				"body": {
					"rotation": ["40-math.sin(query.anim_time*90*4-60)*3", 0, 0],
					"position": [0, "0-math.sin(query.anim_time*90*4)*0.5", 0]
				},
				"torso": {
					"rotation": [-22.5, 0, 0]
				},
				"legleft": {
					"rotation": ["30+math.sin(query.anim_time*90*4-60)*30", 0, 0]
				},
				"legright": {
					"rotation": ["27.5-math.sin(query.anim_time*90*4-60)*20", 0, 0]
				},
				"kneeleft": {
					"rotation": ["0+math.sin(query.anim_time*90*4-120)*10", 0, 0]
				},
				"kneeright": {
					"rotation": ["0-math.sin(query.anim_time*90*4-120)*10", 0, 0]
				},
				"neck": {
					"rotation": ["-5-math.sin(query.anim_time*90*4-120)*5", 0, 0]
				},
				"head": {
					"rotation": [-10, 0, 0]
				},
				"beak": {
					"rotation": [52.5, 0, 0]
				},
				"feathers": {
					"rotation": ["-10-math.sin(query.anim_time*90*4-180)*10", 0, 0]
				},
				"wingleft": {
					"rotation": [0, "10-math.sin(query.anim_time*90*4-120)*10", 0]
				},
				"wingright": {
					"rotation": [0, "-10+math.sin(query.anim_time*90*4-120)*10", 0]
				},
				"tail": {
					"rotation": ["2.5-math.sin(query.anim_time*90*4-120)*10", 0, 0]
				}
			}
		},
		"animation.ducklett.sleep": {
			"loop": true
		}
	}
}