{
    // More info on template pools can be found here: https://minecraft.gamepedia.com/Custom_world_generation#JSON_format_8
    // Yes, worldgen json files can have comments. Minecraft does "lenient" parsing of these json files.

  "name": "mvs:well/side_pool",
  "fallback": "minecraft:empty",
  "elements": [
    {
      "weight": 1,
      "element": {
        "location": "mvs:well/well_lower",
        "processors": "minecraft:empty",
        "projection": "rigid",
        "element_type": "minecraft:single_pool_element"
      }
    },
    {

      "weight": 1,
      "element": {
        "location": "mvs:well/well_lower_no_chest",
        "processors": "minecraft:empty",
        "projection": "rigid",
        "element_type": "minecraft:single_pool_element"
      }
    }
  ]
}