{
  "type": "mvs:mvs_generic_jigsaw_structure",
  "start_pool": "mvs:cathedral/temp",
  "size": 17,
  "max_distance_from_center": 35,
  "project_start_to_heightmap": "WORLD_SURFACE_WG",
  "cannot_spawn_in_liquid": true,
  "terrain_height_radius_check": 1,
  "allowed_terrain_height_range": 5,

  "biomes": "#mvs:has_structure/overworld_biomes",
  "step": "surface_structures",
  "terrain_adaptation": "beard_thin",
  "start_height": {
    "absolute": 0
  },

  "spawn_overrides": {
    "monster": {
      "bounding_box": "full",
      "spawns": [
        {
          "type": "minecraft:skeleton",
          "weight": 1,
          "minCount": 1,
          "maxCount": 2
        },
        {
          "type": "minecraft:zombie",
          "weight": 2,
          "minCount": 2,
          "maxCount": 5
        }
      ]
    }
  }
}