{
    "type": "minecraft:chest",
    "pools": [
      {
        "bonus_rolls": 0.0,
        "entries": [
          {
            "type": "loot_table",
            "name": "minecraft:numismatic/bronze_tier0"
          }
        ],
        "rolls": {
            "type": "minecraft:uniform",
            "max": 1.0,
            "min": 1.0
          }
      },
      {
        "rolls": {
          "type": "minecraft:uniform",
          "min": 1,
          "max": 2
        },
        "bonus_rolls": 0,
        "entries": [
          {
            "type": "minecraft:item",
            "weight": 5,
            "name": "cobblemon:exp_candy_xs",
            "functions": [
              {
                "function": "minecraft:set_count",
                "count": {
                  "min": 1,
                  "max": 3
                }
              }
            ]
          },
          {
            "type": "minecraft:item",
            "weight": 3,
            "name": "cobblemon:exp_candy_s",
            "functions": [
              {
                "function": "minecraft:set_count",
                "count": {
                  "min": 1,
                  "max": 2
                }
              }
            ]
          }
        ]
      }
    ]
  }
  