{
	"format_version": "1.8.0",
	"animations": {
		"animation.binacle.pose": {
			"loop": true,
			"bones": {
				"bone4": {
					"rotation": [12.5, 0, 0]
				},
				"bone17": {
					"rotation": [7.5, 0, 0]
				},
				"bone18": {
					"rotation": [2.5, 0, 0],
					"position": [0, -1.5, 0]
				},
				"other_head": {
					"rotation": [-9.91615, 1.29876, 7.38733]
				},
				"bone21": {
					"rotation": [15, 0, 0]
				},
				"bone22": {
					"rotation": [20, 0, 0]
				},
				"bone23": {
					"rotation": [15, 0, 0]
				},
				"bone24": {
					"rotation": [14.65993, -3.21132, 12.08681]
				},
				"bone25": {
					"rotation": [20, 0, 0]
				},
				"bone26": {
					"rotation": [19.71975, 3.40487, -9.40804]
				},
				"bone27": {
					"rotation": [15, 0, 0]
				},
				"bone29": {
					"position": [0.375, -0.25, 0],
					"scale": {
						"0.0": {
							"post": [0.7, 0.7, 1],
							"lerp_mode": "catmullrom"
						}
					}
				},
				"bone30": {
					"position": [0.5, 0.025, 0],
					"scale": {
						"0.0": {
							"post": [0.7, 0.7, 1],
							"lerp_mode": "catmullrom"
						}
					}
				},
				"bone2": {
					"rotation": [12.5, 0, 0]
				},
				"bone3": {
					"rotation": [10, 0, 0]
				},
				"head": {
					"rotation": [-9.7987, 9.74557, -16.89528]
				},
				"bone5": {
					"rotation": [17.5, 0, 0]
				},
				"bone6": {
					"rotation": [15, 0, 0]
				},
				"bone7": {
					"rotation": [12.5, 0, 0]
				},
				"bone10": {
					"rotation": [9.76758, 2.15393, -12.31594]
				},
				"bone11": {
					"rotation": [22.5, 0, 0]
				},
				"bone8": {
					"rotation": [14.65993, -3.21132, 12.08681]
				},
				"bone9": {
					"rotation": [22.5, 0, 0]
				},
				"bone15": {
					"position": [-0.25, -0.5, 0],
					"scale": {
						"0.0": {
							"post": [0.7, 0.7, 1],
							"lerp_mode": "catmullrom"
						}
					}
				},
				"bone14": {
					"position": [-0.25, -0.5, 0],
					"scale": {
						"0.0": {
							"post": [0.7, 0.7, 1],
							"lerp_mode": "catmullrom"
						}
					}
				},
				"bone20": {
					"rotation": [0, 0, 10]
				},
				"bone13": {
					"rotation": [0, 0, -15]
				}
			}
		},
		"animation.binacle.ground_idle": {
			"loop": true,
			"animation_length": 2,
			"bones": {
				"bone4": {
					"rotation": {
						"0.0": {
							"post": [15, 0, 0],
							"lerp_mode": "catmullrom"
						},
						"1.0": {
							"post": [27.5, 0, 0],
							"lerp_mode": "catmullrom"
						},
						"2.0": {
							"post": [15, 0, 0],
							"lerp_mode": "catmullrom"
						}
					}
				},
				"bone17": {
					"rotation": {
						"0.0": {
							"post": [10, 0, 0],
							"lerp_mode": "catmullrom"
						},
						"0.5": {
							"post": [0, 0, 0],
							"lerp_mode": "catmullrom"
						},
						"1.0": {
							"post": [17.5, 0, 0],
							"lerp_mode": "catmullrom"
						},
						"1.5": {
							"post": [25, 0, 0],
							"lerp_mode": "catmullrom"
						},
						"2.0": {
							"post": [10, 0, 0],
							"lerp_mode": "catmullrom"
						}
					}
				},
				"bone18": {
					"rotation": {
						"0.0": {
							"post": [0, 0, 0],
							"lerp_mode": "catmullrom"
						},
						"1.0": {
							"post": [2.5, 0, 0],
							"lerp_mode": "catmullrom"
						},
						"2.0": {
							"post": [0, 0, 0],
							"lerp_mode": "catmullrom"
						}
					},
					"position": {
						"0.0": {
							"post": [0, -1.25, 0],
							"lerp_mode": "catmullrom"
						},
						"2.0": {
							"post": [0, -1.25, 0],
							"lerp_mode": "catmullrom"
						}
					}
				},
				"other_head": {
					"rotation": {
						"0.0": {
							"post": [-15, 0, 0],
							"lerp_mode": "catmullrom"
						},
						"1.0": {
							"post": [-7.5, 0, 0],
							"lerp_mode": "catmullrom"
						},
						"1.5": {
							"post": [5, 0, 0],
							"lerp_mode": "catmullrom"
						},
						"2.0": {
							"post": [-15, 0, 0],
							"lerp_mode": "catmullrom"
						}
					}
				},
				"bone21": {
					"rotation": {
						"0.0": {
							"post": [20, 0, 0],
							"lerp_mode": "catmullrom"
						},
						"0.375": {
							"post": [15, 0, 0],
							"lerp_mode": "catmullrom"
						},
						"1.5417": {
							"post": [27.5, 0, 0],
							"lerp_mode": "catmullrom"
						},
						"2.0": {
							"post": [20, 0, 0],
							"lerp_mode": "catmullrom"
						}
					}
				},
				"bone22": {
					"rotation": {
						"0.0": {
							"post": [17.5, 0, 0],
							"lerp_mode": "catmullrom"
						},
						"2.0": {
							"post": [17.5, 0, 0],
							"lerp_mode": "catmullrom"
						}
					}
				},
				"bone23": {
					"rotation": {
						"0.0": {
							"post": [20, 0, 0],
							"lerp_mode": "catmullrom"
						},
						"2.0": {
							"post": [20, 0, 0],
							"lerp_mode": "catmullrom"
						}
					}
				},
				"bone24": {
					"rotation": {
						"0.0": {
							"post": [29.40842, -6.21271, 10.86815],
							"lerp_mode": "catmullrom"
						},
						"0.375": {
							"post": [19.40842, -6.21271, 10.86815],
							"lerp_mode": "catmullrom"
						},
						"1.5417": {
							"post": [29.40842, -6.21271, 10.86815],
							"lerp_mode": "catmullrom"
						},
						"2.0": {
							"post": [29.40842, -6.21271, 10.86815],
							"lerp_mode": "catmullrom"
						}
					}
				},
				"bone25": {
					"rotation": {
						"0.0": {
							"post": [22.5, 0, 0],
							"lerp_mode": "catmullrom"
						},
						"2.0": {
							"post": [22.5, 0, 0],
							"lerp_mode": "catmullrom"
						}
					}
				},
				"bone26": {
					"rotation": {
						"0.0": {
							"post": [26.40319, 7.98133, -15.62489],
							"lerp_mode": "catmullrom"
						},
						"0.375": {
							"post": [16.40319, 7.98133, -15.62489],
							"lerp_mode": "catmullrom"
						},
						"1.5417": {
							"post": [23.90319, 7.98133, -15.62489],
							"lerp_mode": "catmullrom"
						},
						"2.0": {
							"post": [26.40319, 7.98133, -15.62489],
							"lerp_mode": "catmullrom"
						}
					}
				},
				"bone27": {
					"rotation": {
						"0.0": {
							"post": [20, 0, 0],
							"lerp_mode": "catmullrom"
						},
						"2.0": {
							"post": [20, 0, 0],
							"lerp_mode": "catmullrom"
						}
					}
				},
				"bone29": {
					"scale": {
						"0.0": {
							"post": [0.7, 0.7, 1],
							"lerp_mode": "catmullrom"
						},
						"2.0": {
							"post": [0.7, 0.7, 1],
							"lerp_mode": "catmullrom"
						}
					}
				},
				"bone30": {
					"scale": {
						"0.0": {
							"post": [0.7, 0.7, 1],
							"lerp_mode": "catmullrom"
						},
						"2.0": {
							"post": [0.7, 0.7, 1],
							"lerp_mode": "catmullrom"
						}
					}
				},
				"bone": {
					"rotation": {
						"0.0": {
							"post": [20, 0, 0],
							"lerp_mode": "catmullrom"
						},
						"1.0": {
							"post": [35, 0, 0],
							"lerp_mode": "catmullrom"
						},
						"2.0": {
							"post": [20, 0, 0],
							"lerp_mode": "catmullrom"
						}
					}
				},
				"bone2": {
					"rotation": {
						"0.0": {
							"post": [12.5, 0, 0],
							"lerp_mode": "catmullrom"
						},
						"0.5": {
							"post": [2.5, 0, 0],
							"lerp_mode": "catmullrom"
						},
						"1.0": {
							"post": [12.5, 0, 0],
							"lerp_mode": "catmullrom"
						},
						"1.5": {
							"post": [20, 0, 0],
							"lerp_mode": "catmullrom"
						},
						"2.0": {
							"post": [12.5, 0, 0],
							"lerp_mode": "catmullrom"
						}
					}
				},
				"bone3": {
					"rotation": {
						"0.0": {
							"post": [5, 0, 0],
							"lerp_mode": "catmullrom"
						},
						"0.4583": {
							"post": [-10, 0, 0],
							"lerp_mode": "catmullrom"
						},
						"1.0": {
							"post": [12.5, 0, 0],
							"lerp_mode": "catmullrom"
						},
						"1.25": {
							"post": [13.13, 0, 0],
							"lerp_mode": "catmullrom"
						},
						"2.0": {
							"post": [5, 0, 0],
							"lerp_mode": "catmullrom"
						}
					}
				},
				"head": {
					"rotation": {
						"0.0": {
							"post": [-15, 0, 0],
							"lerp_mode": "catmullrom"
						},
						"1.0": {
							"post": [-30.5, 0, 0],
							"lerp_mode": "catmullrom"
						},
						"1.4583": {
							"post": [-17.5, 0, 0],
							"lerp_mode": "catmullrom"
						},
						"2.0": {
							"post": [-15, 0, 0],
							"lerp_mode": "catmullrom"
						}
					}
				},
				"bone5": {
					"rotation": {
						"0.0": {
							"post": [17.5, 0, 0],
							"lerp_mode": "catmullrom"
						},
						"0.375": {
							"post": [10, 0, 0],
							"lerp_mode": "catmullrom"
						},
						"1.5417": {
							"post": [27.5, 0, 0],
							"lerp_mode": "catmullrom"
						},
						"2.0": {
							"post": [17.5, 0, 0],
							"lerp_mode": "catmullrom"
						}
					}
				},
				"bone6": {
					"rotation": {
						"0.0": {
							"post": [12.5, 0, 0],
							"lerp_mode": "catmullrom"
						},
						"2.0": {
							"post": [12.5, 0, 0],
							"lerp_mode": "catmullrom"
						}
					}
				},
				"bone7": {
					"rotation": {
						"0.0": {
							"post": [15, 0, 0],
							"lerp_mode": "catmullrom"
						},
						"2.0": {
							"post": [15, 0, 0],
							"lerp_mode": "catmullrom"
						}
					}
				},
				"bone10": {
					"rotation": {
						"0.0": {
							"post": [24.47761, 5.24826, -11.36081],
							"lerp_mode": "catmullrom"
						},
						"0.375": {
							"post": [16.97761, 5.24826, -11.36081],
							"lerp_mode": "catmullrom"
						},
						"1.5417": {
							"post": [31.97761, 5.24826, -11.36081],
							"lerp_mode": "catmullrom"
						},
						"2.0": {
							"post": [24.47761, 5.24826, -11.36081],
							"lerp_mode": "catmullrom"
						}
					}
				},
				"bone11": {
					"rotation": {
						"0.0": {
							"post": [32.5, 0, 0],
							"lerp_mode": "catmullrom"
						},
						"2.0": {
							"post": [32.5, 0, 0],
							"lerp_mode": "catmullrom"
						}
					}
				},
				"bone8": {
					"rotation": {
						"0.0": {
							"post": [26.94093, -5.73576, 11.12501],
							"lerp_mode": "catmullrom"
						},
						"0.375": {
							"post": [11.94093, -5.73576, 11.12501],
							"lerp_mode": "catmullrom"
						},
						"1.5417": {
							"post": [24.44093, -5.73576, 11.12501],
							"lerp_mode": "catmullrom"
						},
						"2.0": {
							"post": [26.94093, -5.73576, 11.12501],
							"lerp_mode": "catmullrom"
						}
					}
				},
				"bone9": {
					"rotation": {
						"0.0": {
							"post": [27.5, 0, 0],
							"lerp_mode": "catmullrom"
						},
						"2.0": {
							"post": [27.5, 0, 0],
							"lerp_mode": "catmullrom"
						}
					}
				},
				"bone15": {
					"scale": {
						"0.0": {
							"post": [0.7, 0.7, 1],
							"lerp_mode": "catmullrom"
						},
						"2.0": {
							"post": [0.7, 0.7, 1],
							"lerp_mode": "catmullrom"
						}
					}
				},
				"bone14": {
					"scale": {
						"0.0": {
							"post": [0.7, 0.7, 1],
							"lerp_mode": "catmullrom"
						},
						"2.0": {
							"post": [0.7, 0.7, 1],
							"lerp_mode": "catmullrom"
						}
					}
				}
			}
		},
		"animation.binacle.blink": {
			"animation_length": 0.25,
			"bones": {
				"bone29": {
					"position": {
						"0.0": [0, 0, 0],
						"0.25": {
							"pre": [0, 0, 0],
							"post": [0, -0.25, 0]
						}
					},
					"scale": {
						"0.0": [0.7, 0.7, 1],
						"0.25": {
							"pre": [0.7, 0.7, 1],
							"post": [1, 0.2, 1]
						}
					}
				},
				"bone30": {
					"position": {
						"0.0": [0, 0, 0],
						"0.25": {
							"pre": [0, 0, 0],
							"post": [0, -0.25, 0]
						}
					},
					"scale": {
						"0.0": [0.7, 0.7, 1],
						"0.25": {
							"pre": [0.7, 0.7, 1],
							"post": [1, 0.2, 1]
						}
					}
				},
				"bone15": {
					"position": {
						"0.0": [0, 0, 0],
						"0.25": {
							"pre": [0, 0, 0],
							"post": [0, -0.25, 0]
						}
					},
					"scale": {
						"0.0": [0.7, 0.7, 1],
						"0.25": {
							"pre": [0.7, 0.7, 1],
							"post": [1, 0.2, 1]
						}
					}
				},
				"bone14": {
					"position": {
						"0.0": [0, 0, 0],
						"0.25": {
							"pre": [0, 0, 0],
							"post": [0, -0.25, 0]
						}
					},
					"scale": {
						"0.0": [0.7, 0.7, 1],
						"0.25": {
							"pre": [0.7, 0.7, 1],
							"post": [1, 0.2, 1]
						}
					}
				}
			}
		},
		"animation.binacle.physical": {
			"animation_length": 1.625,
			"bones": {
				"bone4": {
					"rotation": {
						"0.0": {
							"post": [15, 0, 0],
							"lerp_mode": "catmullrom"
						},
						"0.375": {
							"post": [0, 0, 0],
							"lerp_mode": "catmullrom"
						},
						"0.75": {
							"post": [57.46964, 14.88668, -9.30578],
							"lerp_mode": "catmullrom"
						},
						"1.625": {
							"post": [15, 0, 0],
							"lerp_mode": "catmullrom"
						}
					}
				},
				"bone17": {
					"rotation": {
						"0.0": {
							"post": [10, 0, 0],
							"lerp_mode": "catmullrom"
						},
						"0.375": {
							"post": [8.34, 0, 0],
							"lerp_mode": "catmullrom"
						},
						"0.7917": {
							"post": [22.5, 0, 0],
							"lerp_mode": "catmullrom"
						},
						"1.125": {
							"post": [22.5, 0, 0],
							"lerp_mode": "catmullrom"
						},
						"1.625": {
							"post": [10, 0, 0],
							"lerp_mode": "catmullrom"
						}
					},
					"position": {
						"0.0": {
							"post": [0, 0, 0],
							"lerp_mode": "catmullrom"
						},
						"0.375": {
							"post": [0, 0, 0],
							"lerp_mode": "catmullrom"
						},
						"0.7917": {
							"post": [0, 0, 0],
							"lerp_mode": "catmullrom"
						},
						"1.125": {
							"post": [0, 0, 0],
							"lerp_mode": "catmullrom"
						},
						"1.625": {
							"post": [0, 0, 0],
							"lerp_mode": "catmullrom"
						}
					}
				},
				"bone18": {
					"rotation": {
						"0.0": {
							"post": [0, 0, 0],
							"lerp_mode": "catmullrom"
						},
						"0.375": {
							"post": [10.77, 0, 0],
							"lerp_mode": "catmullrom"
						},
						"0.625": {
							"post": [-13.01, 0, 0],
							"lerp_mode": "catmullrom"
						},
						"0.7917": {
							"post": [7.5, 0, 0],
							"lerp_mode": "catmullrom"
						},
						"1.125": {
							"post": [7.5, 0, 0],
							"lerp_mode": "catmullrom"
						},
						"1.625": {
							"post": [0, 0, 0],
							"lerp_mode": "catmullrom"
						}
					},
					"position": {
						"0.0": {
							"post": [0, -1.25, 0],
							"lerp_mode": "catmullrom"
						},
						"0.375": {
							"post": [0, -0.25, 0],
							"lerp_mode": "catmullrom"
						},
						"0.7917": {
							"post": [0, 0.15, 0],
							"lerp_mode": "catmullrom"
						},
						"1.125": {
							"post": [0, 0.15, 0],
							"lerp_mode": "catmullrom"
						},
						"1.625": {
							"post": [0, -1.25, 0],
							"lerp_mode": "catmullrom"
						}
					}
				},
				"other_head": {
					"rotation": {
						"0.0": {
							"post": [-15, 0, 0],
							"lerp_mode": "catmullrom"
						},
						"0.375": {
							"post": [15, 0, 0],
							"lerp_mode": "catmullrom"
						},
						"0.625": {
							"post": [-27.35, 0, 0],
							"lerp_mode": "catmullrom"
						},
						"0.7917": {
							"post": [23.44, 0, 0],
							"lerp_mode": "catmullrom"
						},
						"1.125": {
							"post": [23.44, 0, 0],
							"lerp_mode": "catmullrom"
						},
						"1.625": {
							"post": [-15, 0, 0],
							"lerp_mode": "catmullrom"
						}
					}
				},
				"bone21": {
					"rotation": {
						"0.0": {
							"post": [20, 0, 0],
							"lerp_mode": "catmullrom"
						},
						"0.625": {
							"post": [12.5, 0, 0],
							"lerp_mode": "catmullrom"
						},
						"0.875": {
							"post": [26, 0, 0],
							"lerp_mode": "catmullrom"
						},
						"1.625": {
							"post": [20, 0, 0],
							"lerp_mode": "catmullrom"
						}
					}
				},
				"bone22": {
					"rotation": {
						"0.0": {
							"post": [17.5, 0, 0],
							"lerp_mode": "catmullrom"
						},
						"0.875": {
							"post": [27.5, 0, 0],
							"lerp_mode": "catmullrom"
						},
						"1.625": {
							"post": [17.5, 0, 0],
							"lerp_mode": "catmullrom"
						}
					}
				},
				"bone23": {
					"rotation": {
						"0.0": {
							"post": [20, 0, 0],
							"lerp_mode": "catmullrom"
						},
						"0.875": {
							"post": [27.5, 0, 0],
							"lerp_mode": "catmullrom"
						},
						"1.625": {
							"post": [20, 0, 0],
							"lerp_mode": "catmullrom"
						}
					}
				},
				"bone24": {
					"rotation": {
						"0.0": {
							"post": [29.40842, -6.21271, 10.86815],
							"lerp_mode": "catmullrom"
						},
						"0.625": {
							"post": [16.90842, -6.21271, 10.86815],
							"lerp_mode": "catmullrom"
						},
						"0.875": {
							"post": [23.56858, -6.21271, 10.86815],
							"lerp_mode": "catmullrom"
						},
						"1.625": {
							"post": [29.40842, -6.21271, 10.86815],
							"lerp_mode": "catmullrom"
						}
					}
				},
				"bone25": {
					"rotation": {
						"0.0": {
							"post": [22.5, 0, 0],
							"lerp_mode": "catmullrom"
						},
						"0.875": {
							"post": [47.5, 0, 0],
							"lerp_mode": "catmullrom"
						},
						"1.625": {
							"post": [22.5, 0, 0],
							"lerp_mode": "catmullrom"
						}
					}
				},
				"bone26": {
					"rotation": {
						"0.0": {
							"post": [26.40319, 7.98133, -15.62489],
							"lerp_mode": "catmullrom"
						},
						"0.625": {
							"post": [11.40319, 7.98133, -15.62489],
							"lerp_mode": "catmullrom"
						},
						"0.875": {
							"post": [25.89537, 7.98133, -15.62489],
							"lerp_mode": "catmullrom"
						},
						"1.625": {
							"post": [26.40319, 7.98133, -15.62489],
							"lerp_mode": "catmullrom"
						}
					}
				},
				"bone27": {
					"rotation": {
						"0.0": {
							"post": [20, 0, 0],
							"lerp_mode": "catmullrom"
						},
						"0.875": {
							"post": [32.5, 0, 0],
							"lerp_mode": "catmullrom"
						},
						"1.625": {
							"post": [20, 0, 0],
							"lerp_mode": "catmullrom"
						}
					}
				},
				"bone29": {
					"position": {
						"0.0": [0, 0, 0],
						"0.375": [0, 0.25, 0],
						"1.0": [0, 0.5, 0],
						"1.625": [0, 0, 0]
					},
					"scale": {
						"0.0": {
							"post": [0.7, 0.7, 1],
							"lerp_mode": "catmullrom"
						},
						"1.625": {
							"post": [0.7, 0.7, 1],
							"lerp_mode": "catmullrom"
						}
					}
				},
				"bone30": {
					"position": {
						"0.0": [0, 0, 0],
						"0.375": [0, 0.25, 0],
						"1.0": [0, 0.25, 0],
						"1.625": [0, 0, 0]
					},
					"scale": {
						"0.0": {
							"post": [0.7, 0.7, 1],
							"lerp_mode": "catmullrom"
						},
						"1.625": {
							"post": [0.7, 0.7, 1],
							"lerp_mode": "catmullrom"
						}
					}
				},
				"bone": {
					"rotation": {
						"0.0": {
							"post": [20, 0, 0],
							"lerp_mode": "catmullrom"
						},
						"0.375": {
							"post": [2.5, 0, 0],
							"lerp_mode": "catmullrom"
						},
						"0.75": {
							"post": [51.94325, -9.69923, 20.14292],
							"lerp_mode": "catmullrom"
						},
						"1.625": {
							"post": [20, 0, 0],
							"lerp_mode": "catmullrom"
						}
					}
				},
				"bone2": {
					"rotation": {
						"0.0": {
							"post": [12.5, 0, 0],
							"lerp_mode": "catmullrom"
						},
						"0.375": {
							"post": [7.17, 0, 0],
							"lerp_mode": "catmullrom"
						},
						"0.7917": {
							"post": [22.5, 0, 0],
							"lerp_mode": "catmullrom"
						},
						"1.125": {
							"post": [22.5, 0, 0],
							"lerp_mode": "catmullrom"
						},
						"1.625": {
							"post": [12.5, 0, 0],
							"lerp_mode": "catmullrom"
						}
					}
				},
				"bone3": {
					"rotation": {
						"0.0": {
							"post": [5, 0, 0],
							"lerp_mode": "catmullrom"
						},
						"0.375": {
							"post": [12.18, 0, 0],
							"lerp_mode": "catmullrom"
						},
						"0.625": {
							"post": [-18.1, 0, 0],
							"lerp_mode": "catmullrom"
						},
						"0.7917": {
							"post": [10, 0, 0],
							"lerp_mode": "catmullrom"
						},
						"1.125": {
							"post": [10, 0, 0],
							"lerp_mode": "catmullrom"
						},
						"1.625": {
							"post": [5, 0, 0],
							"lerp_mode": "catmullrom"
						}
					}
				},
				"head": {
					"rotation": {
						"0.0": {
							"post": [-15, 0, 0],
							"lerp_mode": "catmullrom"
						},
						"0.375": {
							"post": [15, 0, 0],
							"lerp_mode": "catmullrom"
						},
						"0.625": {
							"post": [-30.59, 0, 0],
							"lerp_mode": "catmullrom"
						},
						"0.7917": {
							"post": [20.46, 0, 0],
							"lerp_mode": "catmullrom"
						},
						"1.125": {
							"post": [20.46, 0, 0],
							"lerp_mode": "catmullrom"
						},
						"1.625": {
							"post": [-15, 0, 0],
							"lerp_mode": "catmullrom"
						}
					}
				},
				"bone5": {
					"rotation": {
						"0.0": {
							"post": [17.5, 0, 0],
							"lerp_mode": "catmullrom"
						},
						"0.625": {
							"post": [7.5, 0, 0],
							"lerp_mode": "catmullrom"
						},
						"0.875": {
							"post": [26.07, 0, 0],
							"lerp_mode": "catmullrom"
						},
						"1.75": {
							"post": [17.5, 0, 0],
							"lerp_mode": "catmullrom"
						}
					}
				},
				"bone6": {
					"rotation": {
						"0.0": {
							"post": [12.5, 0, 0],
							"lerp_mode": "catmullrom"
						},
						"0.875": {
							"post": [20, 0, 0],
							"lerp_mode": "catmullrom"
						},
						"1.75": {
							"post": [12.5, 0, 0],
							"lerp_mode": "catmullrom"
						}
					}
				},
				"bone7": {
					"rotation": {
						"0.0": {
							"post": [15, 0, 0],
							"lerp_mode": "catmullrom"
						},
						"0.875": {
							"post": [22.5, 0, 0],
							"lerp_mode": "catmullrom"
						},
						"1.75": {
							"post": [15, 0, 0],
							"lerp_mode": "catmullrom"
						}
					}
				},
				"bone10": {
					"rotation": {
						"0.0": {
							"post": [24.47761, 5.24826, -11.36081],
							"lerp_mode": "catmullrom"
						},
						"0.625": {
							"post": [11.97761, 5.24826, -11.36081],
							"lerp_mode": "catmullrom"
						},
						"0.875": {
							"post": [25.81505, 5.24826, -11.36081],
							"lerp_mode": "catmullrom"
						},
						"1.75": {
							"post": [24.47761, 5.24826, -11.36081],
							"lerp_mode": "catmullrom"
						}
					}
				},
				"bone11": {
					"rotation": {
						"0.0": {
							"post": [32.5, 0, 0],
							"lerp_mode": "catmullrom"
						},
						"0.875": {
							"post": [45, 0, 0],
							"lerp_mode": "catmullrom"
						},
						"1.75": {
							"post": [32.5, 0, 0],
							"lerp_mode": "catmullrom"
						}
					}
				},
				"bone8": {
					"rotation": {
						"0.0": {
							"post": [26.94093, -5.73576, 11.12501],
							"lerp_mode": "catmullrom"
						},
						"0.625": {
							"post": [6.94093, -5.73576, 11.12501],
							"lerp_mode": "catmullrom"
						},
						"0.875": {
							"post": [29.08085, -5.73576, 11.12501],
							"lerp_mode": "catmullrom"
						},
						"1.75": {
							"post": [26.94093, -5.73576, 11.12501],
							"lerp_mode": "catmullrom"
						}
					}
				},
				"bone9": {
					"rotation": {
						"0.0": {
							"post": [27.5, 0, 0],
							"lerp_mode": "catmullrom"
						},
						"0.875": {
							"post": [37.5, 0, 0],
							"lerp_mode": "catmullrom"
						},
						"1.75": {
							"post": [27.5, 0, 0],
							"lerp_mode": "catmullrom"
						}
					}
				},
				"bone15": {
					"position": {
						"0.0": [0, 0, 0],
						"0.375": [0, 0.25, 0],
						"1.0": [0, 0.25, 0],
						"1.625": [0, 0, 0]
					},
					"scale": {
						"0.0": {
							"post": [0.7, 0.7, 1],
							"lerp_mode": "catmullrom"
						},
						"1.625": {
							"post": [0.7, 0.7, 1],
							"lerp_mode": "catmullrom"
						}
					}
				},
				"bone14": {
					"position": {
						"0.0": [0, 0, 0],
						"0.375": [0, 0.25, 0],
						"1.0": [0, 0.25, 0],
						"1.625": [0, 0, 0]
					},
					"scale": {
						"0.0": {
							"post": [0.7, 0.7, 1],
							"lerp_mode": "catmullrom"
						},
						"1.625": {
							"post": [0.7, 0.7, 1],
							"lerp_mode": "catmullrom"
						}
					}
				}
			}
		},
		"animation.binacle.special": {
			"animation_length": 1.5,
			"bones": {
				"bone4": {
					"rotation": {
						"0.0": {
							"post": [15, 0, 0],
							"lerp_mode": "catmullrom"
						},
						"1.5": {
							"post": [15, 0, 0],
							"lerp_mode": "catmullrom"
						}
					}
				},
				"bone17": {
					"rotation": {
						"0.0": {
							"post": [10, 0, 0],
							"lerp_mode": "catmullrom"
						},
						"0.25": {
							"post": [25, 0, 0],
							"lerp_mode": "catmullrom"
						},
						"0.5": {
							"post": [0, 0, 0],
							"lerp_mode": "catmullrom"
						},
						"1.0": {
							"post": [0, 0, 0],
							"lerp_mode": "catmullrom"
						},
						"1.5": {
							"post": [10, 0, 0],
							"lerp_mode": "catmullrom"
						}
					},
					"position": {
						"0.0": {
							"post": [0, 0, 0],
							"lerp_mode": "catmullrom"
						},
						"1.5": {
							"post": [0, 0, 0],
							"lerp_mode": "catmullrom"
						}
					}
				},
				"bone18": {
					"rotation": {
						"0.0": {
							"post": [0, 0, 0],
							"lerp_mode": "catmullrom"
						},
						"0.25": {
							"post": [2.5, 0, 0],
							"lerp_mode": "catmullrom"
						},
						"0.5": {
							"post": [-2.5, 0, 0],
							"lerp_mode": "catmullrom"
						},
						"1.0": {
							"post": [-2.5, 0, 0],
							"lerp_mode": "catmullrom"
						},
						"1.5": {
							"post": [0, 0, 0],
							"lerp_mode": "catmullrom"
						}
					},
					"position": {
						"0.0": {
							"post": [0, -1.25, 0],
							"lerp_mode": "catmullrom"
						},
						"0.5": {
							"post": [0, -0.25, 0],
							"lerp_mode": "catmullrom"
						},
						"1.0": {
							"post": [0, -0.25, 0],
							"lerp_mode": "catmullrom"
						},
						"1.5": {
							"post": [0, -1.25, 0],
							"lerp_mode": "catmullrom"
						}
					}
				},
				"other_head": {
					"rotation": {
						"0.0": {
							"post": [-15, 0, 0],
							"lerp_mode": "catmullrom"
						},
						"0.25": {
							"post": [17.5, 0, 0],
							"lerp_mode": "catmullrom"
						},
						"0.5": {
							"post": [-15, 0, 0],
							"lerp_mode": "catmullrom"
						},
						"1.0": {
							"post": [-15, 0, 0],
							"lerp_mode": "catmullrom"
						},
						"1.5": {
							"post": [-15, 0, 0],
							"lerp_mode": "catmullrom"
						}
					}
				},
				"bone19": {
					"position": {
						"0.0": [0, 0, 0],
						"0.5": {
							"pre": [0, 0, 0],
							"post": [0, 0, -1]
						},
						"1.0": {
							"pre": [0, 0, -1],
							"post": [0, 0, -1]
						},
						"1.5": {
							"pre": [0, 0, -1],
							"post": [0, 0, 0]
						}
					}
				},
				"bone20": {
					"position": {
						"0.0": [0, 0, 0],
						"0.5": {
							"pre": [0, 0, 0],
							"post": [0, 0, 1]
						},
						"1.0": {
							"pre": [0, 0, 1],
							"post": [0, 0, 1]
						},
						"1.5": {
							"pre": [0, 0, 1],
							"post": [0, 0, 0]
						}
					}
				},
				"bone21": {
					"rotation": {
						"0.0": {
							"post": [20, 0, 0],
							"lerp_mode": "catmullrom"
						},
						"1.5": {
							"post": [20, 0, 0],
							"lerp_mode": "catmullrom"
						}
					}
				},
				"bone22": {
					"rotation": {
						"0.0": {
							"post": [17.5, 0, 0],
							"lerp_mode": "catmullrom"
						},
						"1.5": {
							"post": [17.5, 0, 0],
							"lerp_mode": "catmullrom"
						}
					}
				},
				"bone23": {
					"rotation": {
						"0.0": {
							"post": [20, 0, 0],
							"lerp_mode": "catmullrom"
						},
						"1.5": {
							"post": [20, 0, 0],
							"lerp_mode": "catmullrom"
						}
					}
				},
				"bone24": {
					"rotation": {
						"0.0": {
							"post": [29.40842, -6.21271, 10.86815],
							"lerp_mode": "catmullrom"
						},
						"1.5": {
							"post": [29.40842, -6.21271, 10.86815],
							"lerp_mode": "catmullrom"
						}
					}
				},
				"bone25": {
					"rotation": {
						"0.0": {
							"post": [22.5, 0, 0],
							"lerp_mode": "catmullrom"
						},
						"1.5": {
							"post": [22.5, 0, 0],
							"lerp_mode": "catmullrom"
						}
					}
				},
				"bone26": {
					"rotation": {
						"0.0": {
							"post": [26.40319, 7.98133, -15.62489],
							"lerp_mode": "catmullrom"
						},
						"1.5": {
							"post": [26.40319, 7.98133, -15.62489],
							"lerp_mode": "catmullrom"
						}
					}
				},
				"bone27": {
					"rotation": {
						"0.0": {
							"post": [20, 0, 0],
							"lerp_mode": "catmullrom"
						},
						"1.5": {
							"post": [20, 0, 0],
							"lerp_mode": "catmullrom"
						}
					}
				},
				"bone29": {
					"position": {
						"0.0": [0, 0, 0],
						"0.25": [0, 0, 0],
						"0.3333": {
							"pre": [0, 0, 0],
							"post": [0, -0.25, 0]
						}
					},
					"scale": {
						"0.0": {
							"post": [0.7, 0.7, 1],
							"lerp_mode": "catmullrom"
						},
						"0.25": [0.7, 0.7, 1],
						"0.3333": {
							"pre": [0.7, 0.7, 1],
							"post": [1, 0.2, 1]
						},
						"0.5": {
							"pre": [0.7, 0.7, 1],
							"post": [0.7, 0.7, 1],
							"lerp_mode": "catmullrom"
						},
						"1.5": {
							"post": [0.7, 0.7, 1],
							"lerp_mode": "catmullrom"
						}
					}
				},
				"bone30": {
					"position": {
						"0.0": [0, 0, 0],
						"0.25": [0, 0, 0],
						"0.3333": {
							"pre": [0, 0, 0],
							"post": [0, -0.25, 0]
						}
					},
					"scale": {
						"0.0": {
							"post": [0.7, 0.7, 1],
							"lerp_mode": "catmullrom"
						},
						"0.25": [0.7, 0.7, 1],
						"0.3333": {
							"pre": [0.7, 0.7, 1],
							"post": [1, 0.2, 1]
						},
						"0.5": {
							"pre": [0.7, 0.7, 1],
							"post": [0.7, 0.7, 1],
							"lerp_mode": "catmullrom"
						},
						"1.5": {
							"post": [0.7, 0.7, 1],
							"lerp_mode": "catmullrom"
						}
					}
				},
				"bone": {
					"rotation": {
						"0.0": {
							"post": [20, 0, 0],
							"lerp_mode": "catmullrom"
						},
						"1.5": {
							"post": [20, 0, 0],
							"lerp_mode": "catmullrom"
						}
					}
				},
				"bone2": {
					"rotation": {
						"0.0": {
							"post": [12.5, 0, 0],
							"lerp_mode": "catmullrom"
						},
						"0.25": {
							"post": [30, 0, 0],
							"lerp_mode": "catmullrom"
						},
						"0.5": {
							"post": [2.5, 0, 0],
							"lerp_mode": "catmullrom"
						},
						"1.0": {
							"post": [2.5, 0, 0],
							"lerp_mode": "catmullrom"
						},
						"1.5": {
							"post": [12.5, 0, 0],
							"lerp_mode": "catmullrom"
						}
					}
				},
				"bone3": {
					"rotation": {
						"0.0": {
							"post": [5, 0, 0],
							"lerp_mode": "catmullrom"
						},
						"0.25": {
							"post": [12.5, 0, 0],
							"lerp_mode": "catmullrom"
						},
						"0.5": {
							"post": [-12.5, 0, 0],
							"lerp_mode": "catmullrom"
						},
						"1.0": {
							"post": [-12.5, 0, 0],
							"lerp_mode": "catmullrom"
						},
						"1.5": {
							"post": [5, 0, 0],
							"lerp_mode": "catmullrom"
						}
					}
				},
				"head": {
					"rotation": {
						"0.0": {
							"post": [-15, 0, 0],
							"lerp_mode": "catmullrom"
						},
						"0.25": {
							"post": [20, 0, 0],
							"lerp_mode": "catmullrom"
						},
						"0.5": {
							"post": [-12.5, 0, 0],
							"lerp_mode": "catmullrom"
						},
						"1.0": {
							"post": [-12.5, 0, 0],
							"lerp_mode": "catmullrom"
						},
						"1.5": {
							"post": [-15, 0, 0],
							"lerp_mode": "catmullrom"
						}
					}
				},
				"bone16": {
					"position": {
						"0.0": [0, 0, 0],
						"0.5": {
							"pre": [0, 0, 0],
							"post": [0, 0, -1]
						},
						"1.0": {
							"pre": [0, 0, -1],
							"post": [0, 0, -1]
						},
						"1.5": {
							"pre": [0, 0, -1],
							"post": [0, 0, 0]
						}
					}
				},
				"bone13": {
					"position": {
						"0.0": [0, 0, 0],
						"0.5": {
							"pre": [0, 0, 0],
							"post": [0, 0, 1]
						},
						"1.0": {
							"pre": [0, 0, 1],
							"post": [0, 0, 1]
						},
						"1.5": {
							"pre": [0, 0, 1],
							"post": [0, 0, 0]
						}
					}
				},
				"bone5": {
					"rotation": {
						"0.0": {
							"post": [17.5, 0, 0],
							"lerp_mode": "catmullrom"
						},
						"1.5": {
							"post": [17.5, 0, 0],
							"lerp_mode": "catmullrom"
						}
					}
				},
				"bone6": {
					"rotation": {
						"0.0": {
							"post": [12.5, 0, 0],
							"lerp_mode": "catmullrom"
						},
						"1.5": {
							"post": [12.5, 0, 0],
							"lerp_mode": "catmullrom"
						}
					}
				},
				"bone7": {
					"rotation": {
						"0.0": {
							"post": [15, 0, 0],
							"lerp_mode": "catmullrom"
						},
						"1.5": {
							"post": [15, 0, 0],
							"lerp_mode": "catmullrom"
						}
					}
				},
				"bone10": {
					"rotation": {
						"0.0": {
							"post": [24.47761, 5.24826, -11.36081],
							"lerp_mode": "catmullrom"
						},
						"1.5": {
							"post": [24.47761, 5.24826, -11.36081],
							"lerp_mode": "catmullrom"
						}
					}
				},
				"bone11": {
					"rotation": {
						"0.0": {
							"post": [32.5, 0, 0],
							"lerp_mode": "catmullrom"
						},
						"1.5": {
							"post": [32.5, 0, 0],
							"lerp_mode": "catmullrom"
						}
					}
				},
				"bone8": {
					"rotation": {
						"0.0": {
							"post": [26.94093, -5.73576, 11.12501],
							"lerp_mode": "catmullrom"
						},
						"1.5": {
							"post": [26.94093, -5.73576, 11.12501],
							"lerp_mode": "catmullrom"
						}
					}
				},
				"bone9": {
					"rotation": {
						"0.0": {
							"post": [27.5, 0, 0],
							"lerp_mode": "catmullrom"
						},
						"1.5": {
							"post": [27.5, 0, 0],
							"lerp_mode": "catmullrom"
						}
					}
				},
				"bone15": {
					"position": {
						"0.0": [0, 0, 0],
						"0.25": [0, 0, 0],
						"0.3333": {
							"pre": [0, 0, 0],
							"post": [0, -0.25, 0]
						}
					},
					"scale": {
						"0.0": {
							"post": [0.7, 0.7, 1],
							"lerp_mode": "catmullrom"
						},
						"0.25": [0.7, 0.7, 1],
						"0.3333": {
							"pre": [0.7, 0.7, 1],
							"post": [1, 0.2, 1]
						},
						"0.5": {
							"pre": [0.7, 0.7, 1],
							"post": [0.7, 0.7, 1],
							"lerp_mode": "catmullrom"
						},
						"1.5": {
							"post": [0.7, 0.7, 1],
							"lerp_mode": "catmullrom"
						}
					}
				},
				"bone14": {
					"position": {
						"0.0": [0, 0, 0],
						"0.25": [0, 0, 0],
						"0.3333": {
							"pre": [0, 0, 0],
							"post": [0, -0.25, 0]
						}
					},
					"scale": {
						"0.0": {
							"post": [0.7, 0.7, 1],
							"lerp_mode": "catmullrom"
						},
						"0.25": [0.7, 0.7, 1],
						"0.3333": {
							"pre": [0.7, 0.7, 1],
							"post": [1, 0.2, 1]
						},
						"0.5": {
							"pre": [0.7, 0.7, 1],
							"post": [0.7, 0.7, 1],
							"lerp_mode": "catmullrom"
						},
						"1.5": {
							"post": [0.7, 0.7, 1],
							"lerp_mode": "catmullrom"
						}
					}
				}
			}
		},
		"animation.binacle.ground_walk": {
			"loop": true,
			"animation_length": 0.875,
			"bones": {
				"body": {
					"position": {
						"0.0": [0, 0, 0],
						"0.5417": [0, 0, 0],
						"0.625": [0, 1.5, 0],
						"0.875": [0, 0, 0]
					}
				},
				"bone4": {
					"rotation": {
						"0.0": {
							"post": [25, 0, 0],
							"lerp_mode": "catmullrom"
						},
						"0.625": {
							"post": [10, 0, 0],
							"lerp_mode": "catmullrom"
						},
						"0.875": {
							"post": [25, 0, 0],
							"lerp_mode": "catmullrom"
						}
					}
				},
				"bone17": {
					"rotation": {
						"0.0": {
							"post": [10, 0, 0],
							"lerp_mode": "catmullrom"
						},
						"0.3333": {
							"post": [25, 0, 0],
							"lerp_mode": "catmullrom"
						},
						"0.625": {
							"post": [2.5, 0, 0],
							"lerp_mode": "catmullrom"
						},
						"0.875": {
							"post": [10, 0, 0],
							"lerp_mode": "catmullrom"
						}
					}
				},
				"bone18": {
					"rotation": {
						"0.0": {
							"post": [0, 0, 0],
							"lerp_mode": "catmullrom"
						},
						"0.625": {
							"post": [0, 0, 0],
							"lerp_mode": "catmullrom"
						},
						"0.875": {
							"post": [0, 0, 0],
							"lerp_mode": "catmullrom"
						}
					},
					"position": {
						"0.0": {
							"post": [0, -1.25, 0],
							"lerp_mode": "catmullrom"
						},
						"0.3333": {
							"post": [0, -1.5, 0],
							"lerp_mode": "catmullrom"
						},
						"0.625": {
							"post": [0, -0.5, 0],
							"lerp_mode": "catmullrom"
						},
						"0.875": {
							"post": [0, -1.25, 0],
							"lerp_mode": "catmullrom"
						}
					}
				},
				"other_head": {
					"rotation": {
						"0.0": {
							"post": [-15, 0, 0],
							"lerp_mode": "catmullrom"
						},
						"0.3333": {
							"post": [10, 0, 0],
							"lerp_mode": "catmullrom"
						},
						"0.625": {
							"post": [-20, 0, 0],
							"lerp_mode": "catmullrom"
						},
						"0.875": {
							"post": [-15, 0, 0],
							"lerp_mode": "catmullrom"
						}
					}
				},
				"bone21": {
					"rotation": {
						"0.0": {
							"post": [20, 0, 0],
							"lerp_mode": "catmullrom"
						},
						"0.625": {
							"post": [20, 0, 0],
							"lerp_mode": "catmullrom"
						},
						"0.875": {
							"post": [20, 0, 0],
							"lerp_mode": "catmullrom"
						}
					}
				},
				"bone22": {
					"rotation": {
						"0.0": {
							"post": [17.5, 0, 0],
							"lerp_mode": "catmullrom"
						},
						"0.625": {
							"post": [17.5, 0, 0],
							"lerp_mode": "catmullrom"
						},
						"0.875": {
							"post": [17.5, 0, 0],
							"lerp_mode": "catmullrom"
						}
					}
				},
				"bone23": {
					"rotation": {
						"0.0": {
							"post": [20, 0, 0],
							"lerp_mode": "catmullrom"
						},
						"0.625": {
							"post": [20, 0, 0],
							"lerp_mode": "catmullrom"
						},
						"0.875": {
							"post": [20, 0, 0],
							"lerp_mode": "catmullrom"
						}
					}
				},
				"bone24": {
					"rotation": {
						"0.0": {
							"post": [29.40842, -6.21271, 10.86815],
							"lerp_mode": "catmullrom"
						},
						"0.625": {
							"post": [29.40842, -6.21271, 10.86815],
							"lerp_mode": "catmullrom"
						},
						"0.875": {
							"post": [29.40842, -6.21271, 10.86815],
							"lerp_mode": "catmullrom"
						}
					}
				},
				"bone25": {
					"rotation": {
						"0.0": {
							"post": [22.5, 0, 0],
							"lerp_mode": "catmullrom"
						},
						"0.625": {
							"post": [22.5, 0, 0],
							"lerp_mode": "catmullrom"
						},
						"0.875": {
							"post": [22.5, 0, 0],
							"lerp_mode": "catmullrom"
						}
					}
				},
				"bone26": {
					"rotation": {
						"0.0": {
							"post": [26.40319, 7.98133, -15.62489],
							"lerp_mode": "catmullrom"
						},
						"0.625": {
							"post": [26.40319, 7.98133, -15.62489],
							"lerp_mode": "catmullrom"
						},
						"0.875": {
							"post": [26.40319, 7.98133, -15.62489],
							"lerp_mode": "catmullrom"
						}
					}
				},
				"bone27": {
					"rotation": {
						"0.0": {
							"post": [20, 0, 0],
							"lerp_mode": "catmullrom"
						},
						"0.625": {
							"post": [20, 0, 0],
							"lerp_mode": "catmullrom"
						},
						"0.875": {
							"post": [20, 0, 0],
							"lerp_mode": "catmullrom"
						}
					}
				},
				"bone29": {
					"position": {
						"0.0": [0, 0, 0],
						"0.25": [0, 0.25, 0],
						"0.625": [0, 0, 0]
					},
					"scale": {
						"0.0": {
							"post": [0.7, 0.7, 1],
							"lerp_mode": "catmullrom"
						},
						"0.625": {
							"post": [0.7, 0.7, 1],
							"lerp_mode": "catmullrom"
						},
						"0.875": {
							"post": [0.7, 0.7, 1],
							"lerp_mode": "catmullrom"
						}
					}
				},
				"bone30": {
					"position": {
						"0.0": [0, 0, 0],
						"0.25": [0, 0.25, 0],
						"0.625": [0, 0, 0]
					},
					"scale": {
						"0.0": {
							"post": [0.7, 0.7, 1],
							"lerp_mode": "catmullrom"
						},
						"0.625": {
							"post": [0.7, 0.7, 1],
							"lerp_mode": "catmullrom"
						},
						"0.875": {
							"post": [0.7, 0.7, 1],
							"lerp_mode": "catmullrom"
						}
					}
				},
				"bone": {
					"rotation": {
						"0.0": {
							"post": [27.5, 0, 0],
							"lerp_mode": "catmullrom"
						},
						"0.625": {
							"post": [5, 0, 0],
							"lerp_mode": "catmullrom"
						},
						"0.875": {
							"post": [27.5, 0, 0],
							"lerp_mode": "catmullrom"
						}
					}
				},
				"bone2": {
					"rotation": {
						"0.0": {
							"post": [12.5, 0, 0],
							"lerp_mode": "catmullrom"
						},
						"0.3333": {
							"post": [27.5, 0, 0],
							"lerp_mode": "catmullrom"
						},
						"0.625": {
							"post": [0, 0, 0],
							"lerp_mode": "catmullrom"
						},
						"0.875": {
							"post": [12.5, 0, 0],
							"lerp_mode": "catmullrom"
						}
					}
				},
				"bone3": {
					"rotation": {
						"0.0": {
							"post": [5, 0, 0],
							"lerp_mode": "catmullrom"
						},
						"0.3333": {
							"post": [7.5, 0, 0],
							"lerp_mode": "catmullrom"
						},
						"0.625": {
							"post": [-7.5, 0, 0],
							"lerp_mode": "catmullrom"
						},
						"0.875": {
							"post": [5, 0, 0],
							"lerp_mode": "catmullrom"
						}
					},
					"position": {
						"0.0": [0, 0, 0],
						"0.3333": [0, -1, 0.1],
						"0.625": [0, 0, 0],
						"0.875": [0, 0, 0]
					}
				},
				"head": {
					"rotation": {
						"0.0": {
							"post": [-15, 0, 0],
							"lerp_mode": "catmullrom"
						},
						"0.3333": {
							"post": [12.5, 0, 0],
							"lerp_mode": "catmullrom"
						},
						"0.625": {
							"post": [-17.5, 0, 0],
							"lerp_mode": "catmullrom"
						},
						"0.875": {
							"post": [-15, 0, 0],
							"lerp_mode": "catmullrom"
						}
					}
				},
				"bone5": {
					"rotation": {
						"0.0": {
							"post": [17.5, 0, 0],
							"lerp_mode": "catmullrom"
						},
						"0.625": {
							"post": [17.5, 0, 0],
							"lerp_mode": "catmullrom"
						},
						"0.875": {
							"post": [17.5, 0, 0],
							"lerp_mode": "catmullrom"
						}
					}
				},
				"bone6": {
					"rotation": {
						"0.0": {
							"post": [12.5, 0, 0],
							"lerp_mode": "catmullrom"
						},
						"0.625": {
							"post": [12.5, 0, 0],
							"lerp_mode": "catmullrom"
						},
						"0.875": {
							"post": [12.5, 0, 0],
							"lerp_mode": "catmullrom"
						}
					}
				},
				"bone7": {
					"rotation": {
						"0.0": {
							"post": [15, 0, 0],
							"lerp_mode": "catmullrom"
						},
						"0.625": {
							"post": [15, 0, 0],
							"lerp_mode": "catmullrom"
						},
						"0.875": {
							"post": [15, 0, 0],
							"lerp_mode": "catmullrom"
						}
					}
				},
				"bone10": {
					"rotation": {
						"0.0": {
							"post": [24.47761, 5.24826, -11.36081],
							"lerp_mode": "catmullrom"
						},
						"0.625": {
							"post": [24.47761, 5.24826, -11.36081],
							"lerp_mode": "catmullrom"
						},
						"0.875": {
							"post": [24.47761, 5.24826, -11.36081],
							"lerp_mode": "catmullrom"
						}
					}
				},
				"bone11": {
					"rotation": {
						"0.0": {
							"post": [32.5, 0, 0],
							"lerp_mode": "catmullrom"
						},
						"0.625": {
							"post": [32.5, 0, 0],
							"lerp_mode": "catmullrom"
						},
						"0.875": {
							"post": [32.5, 0, 0],
							"lerp_mode": "catmullrom"
						}
					}
				},
				"bone8": {
					"rotation": {
						"0.0": {
							"post": [26.94093, -5.73576, 11.12501],
							"lerp_mode": "catmullrom"
						},
						"0.625": {
							"post": [26.94093, -5.73576, 11.12501],
							"lerp_mode": "catmullrom"
						},
						"0.875": {
							"post": [26.94093, -5.73576, 11.12501],
							"lerp_mode": "catmullrom"
						}
					}
				},
				"bone9": {
					"rotation": {
						"0.0": {
							"post": [27.5, 0, 0],
							"lerp_mode": "catmullrom"
						},
						"0.625": {
							"post": [27.5, 0, 0],
							"lerp_mode": "catmullrom"
						},
						"0.875": {
							"post": [27.5, 0, 0],
							"lerp_mode": "catmullrom"
						}
					}
				},
				"bone15": {
					"position": {
						"0.0": [0, 0, 0],
						"0.25": [0, 0.25, 0],
						"0.625": [0, 0, 0]
					},
					"scale": {
						"0.0": {
							"post": [0.7, 0.7, 1],
							"lerp_mode": "catmullrom"
						},
						"0.625": {
							"post": [0.7, 0.7, 1],
							"lerp_mode": "catmullrom"
						},
						"0.875": {
							"post": [0.7, 0.7, 1],
							"lerp_mode": "catmullrom"
						}
					}
				},
				"bone14": {
					"position": {
						"0.0": [0, 0, 0],
						"0.25": [0, 0.25, 0],
						"0.625": [0, 0, 0]
					},
					"scale": {
						"0.0": {
							"post": [0.7, 0.7, 1],
							"lerp_mode": "catmullrom"
						},
						"0.625": {
							"post": [0.7, 0.7, 1],
							"lerp_mode": "catmullrom"
						},
						"0.875": {
							"post": [0.7, 0.7, 1],
							"lerp_mode": "catmullrom"
						}
					}
				}
			}
		},
		"animation.binacle.recoil": {
			"animation_length": 0.875,
			"bones": {
				"bone4": {
					"rotation": {
						"0.0": {
							"post": [15, 0, 0],
							"lerp_mode": "catmullrom"
						},
						"0.25": {
							"post": [-20, 0, 0],
							"lerp_mode": "catmullrom"
						},
						"0.875": {
							"post": [15, 0, 0],
							"lerp_mode": "catmullrom"
						}
					}
				},
				"bone17": {
					"rotation": {
						"0.0": {
							"post": [10, 0, 0],
							"lerp_mode": "catmullrom"
						},
						"0.0833": {
							"post": [20, 0, 0],
							"lerp_mode": "catmullrom"
						},
						"0.25": {
							"post": [2.5, 0, 0],
							"lerp_mode": "catmullrom"
						},
						"0.875": {
							"post": [10, 0, 0],
							"lerp_mode": "catmullrom"
						}
					}
				},
				"bone18": {
					"rotation": {
						"0.0": {
							"post": [0, 0, 0],
							"lerp_mode": "catmullrom"
						},
						"0.0833": {
							"post": [2.5, 0, 0],
							"lerp_mode": "catmullrom"
						},
						"0.25": {
							"post": [-12.5, 0, 0],
							"lerp_mode": "catmullrom"
						},
						"0.875": {
							"post": [0, 0, 0],
							"lerp_mode": "catmullrom"
						}
					},
					"position": {
						"0.0": {
							"post": [0, -1.25, 0],
							"lerp_mode": "catmullrom"
						},
						"0.25": {
							"post": [0, -0.25, 0],
							"lerp_mode": "catmullrom"
						},
						"0.5": {
							"post": [0, -0.55, -0.025],
							"lerp_mode": "catmullrom"
						},
						"0.875": {
							"post": [0, -1.25, 0],
							"lerp_mode": "catmullrom"
						}
					}
				},
				"other_head": {
					"rotation": {
						"0.0": {
							"post": [-15, 0, 0],
							"lerp_mode": "catmullrom"
						},
						"0.0833": {
							"post": [17.5, 0, 0],
							"lerp_mode": "catmullrom"
						},
						"0.25": {
							"post": [-20, 0, 0],
							"lerp_mode": "catmullrom"
						},
						"0.875": {
							"post": [-15, 0, 0],
							"lerp_mode": "catmullrom"
						}
					}
				},
				"bone21": {
					"rotation": {
						"0.0": {
							"post": [20, 0, 0],
							"lerp_mode": "catmullrom"
						},
						"0.875": {
							"post": [20, 0, 0],
							"lerp_mode": "catmullrom"
						}
					}
				},
				"bone22": {
					"rotation": {
						"0.0": {
							"post": [17.5, 0, 0],
							"lerp_mode": "catmullrom"
						},
						"0.875": {
							"post": [17.5, 0, 0],
							"lerp_mode": "catmullrom"
						}
					}
				},
				"bone23": {
					"rotation": {
						"0.0": {
							"post": [20, 0, 0],
							"lerp_mode": "catmullrom"
						},
						"0.875": {
							"post": [20, 0, 0],
							"lerp_mode": "catmullrom"
						}
					}
				},
				"bone24": {
					"rotation": {
						"0.0": {
							"post": [29.40842, -6.21271, 10.86815],
							"lerp_mode": "catmullrom"
						},
						"0.875": {
							"post": [29.40842, -6.21271, 10.86815],
							"lerp_mode": "catmullrom"
						}
					}
				},
				"bone25": {
					"rotation": {
						"0.0": {
							"post": [22.5, 0, 0],
							"lerp_mode": "catmullrom"
						},
						"0.875": {
							"post": [22.5, 0, 0],
							"lerp_mode": "catmullrom"
						}
					}
				},
				"bone26": {
					"rotation": {
						"0.0": {
							"post": [26.40319, 7.98133, -15.62489],
							"lerp_mode": "catmullrom"
						},
						"0.875": {
							"post": [26.40319, 7.98133, -15.62489],
							"lerp_mode": "catmullrom"
						}
					}
				},
				"bone27": {
					"rotation": {
						"0.0": {
							"post": [20, 0, 0],
							"lerp_mode": "catmullrom"
						},
						"0.875": {
							"post": [20, 0, 0],
							"lerp_mode": "catmullrom"
						}
					}
				},
				"bone29": {
					"scale": {
						"0.0": [0.7, 0.7, 1],
						"0.1667": {
							"pre": [0.7, 0.7, 1],
							"post": [1, 0.2, 1]
						},
						"0.5": {
							"pre": [1, 0.2, 1],
							"post": [0.7, 0.7, 1]
						},
						"0.875": {
							"pre": [0.7, 0.7, 1],
							"post": [0.7, 0.7, 1]
						}
					}
				},
				"bone30": {
					"scale": {
						"0.0": [0.7, 0.7, 1],
						"0.1667": {
							"pre": [0.7, 0.7, 1],
							"post": [1, 0.2, 1]
						},
						"0.5": {
							"pre": [1, 0.2, 1],
							"post": [0.7, 0.7, 1]
						},
						"0.875": {
							"pre": [0.7, 0.7, 1],
							"post": [0.7, 0.7, 1]
						}
					}
				},
				"bone": {
					"rotation": {
						"0.0": {
							"post": [20, 0, 0],
							"lerp_mode": "catmullrom"
						},
						"0.0833": {
							"post": [27.5, 0, 0],
							"lerp_mode": "catmullrom"
						},
						"0.25": {
							"post": [-20, 0, 0],
							"lerp_mode": "catmullrom"
						},
						"0.875": {
							"post": [20, 0, 0],
							"lerp_mode": "catmullrom"
						}
					}
				},
				"bone2": {
					"rotation": {
						"0.0": {
							"post": [12.5, 0, 0],
							"lerp_mode": "catmullrom"
						},
						"0.0833": {
							"post": [22.5, 0, 0],
							"lerp_mode": "catmullrom"
						},
						"0.25": {
							"post": [-2.5, 0, 0],
							"lerp_mode": "catmullrom"
						},
						"0.875": {
							"post": [12.5, 0, 0],
							"lerp_mode": "catmullrom"
						}
					}
				},
				"bone3": {
					"rotation": {
						"0.0": {
							"post": [5, 0, 0],
							"lerp_mode": "catmullrom"
						},
						"0.0833": {
							"post": [12.5, 0, 0],
							"lerp_mode": "catmullrom"
						},
						"0.25": {
							"post": [-12.5, 0, 0],
							"lerp_mode": "catmullrom"
						},
						"0.875": {
							"post": [5, 0, 0],
							"lerp_mode": "catmullrom"
						}
					}
				},
				"head": {
					"rotation": {
						"0.0": {
							"post": [-15, 0, 0],
							"lerp_mode": "catmullrom"
						},
						"0.0833": {
							"post": [17.5, 0, 0],
							"lerp_mode": "catmullrom"
						},
						"0.25": {
							"post": [-17.5, 0, 0],
							"lerp_mode": "catmullrom"
						},
						"0.875": {
							"post": [-15, 0, 0],
							"lerp_mode": "catmullrom"
						}
					}
				},
				"bone5": {
					"rotation": {
						"0.0": {
							"post": [17.5, 0, 0],
							"lerp_mode": "catmullrom"
						},
						"0.875": {
							"post": [17.5, 0, 0],
							"lerp_mode": "catmullrom"
						}
					}
				},
				"bone6": {
					"rotation": {
						"0.0": {
							"post": [12.5, 0, 0],
							"lerp_mode": "catmullrom"
						},
						"0.875": {
							"post": [12.5, 0, 0],
							"lerp_mode": "catmullrom"
						}
					}
				},
				"bone7": {
					"rotation": {
						"0.0": {
							"post": [15, 0, 0],
							"lerp_mode": "catmullrom"
						},
						"0.875": {
							"post": [15, 0, 0],
							"lerp_mode": "catmullrom"
						}
					}
				},
				"bone10": {
					"rotation": {
						"0.0": {
							"post": [24.47761, 5.24826, -11.36081],
							"lerp_mode": "catmullrom"
						},
						"0.875": {
							"post": [24.47761, 5.24826, -11.36081],
							"lerp_mode": "catmullrom"
						}
					}
				},
				"bone11": {
					"rotation": {
						"0.0": {
							"post": [32.5, 0, 0],
							"lerp_mode": "catmullrom"
						},
						"0.875": {
							"post": [32.5, 0, 0],
							"lerp_mode": "catmullrom"
						}
					}
				},
				"bone8": {
					"rotation": {
						"0.0": {
							"post": [26.94093, -5.73576, 11.12501],
							"lerp_mode": "catmullrom"
						},
						"0.875": {
							"post": [26.94093, -5.73576, 11.12501],
							"lerp_mode": "catmullrom"
						}
					}
				},
				"bone9": {
					"rotation": {
						"0.0": {
							"post": [27.5, 0, 0],
							"lerp_mode": "catmullrom"
						},
						"0.875": {
							"post": [27.5, 0, 0],
							"lerp_mode": "catmullrom"
						}
					}
				},
				"bone15": {
					"scale": {
						"0.0": [0.7, 0.7, 1],
						"0.1667": {
							"pre": [0.7, 0.7, 1],
							"post": [1, 0.2, 1]
						},
						"0.5": {
							"pre": [1, 0.2, 1],
							"post": [0.7, 0.7, 1]
						},
						"0.875": {
							"pre": [0.7, 0.7, 1],
							"post": [0.7, 0.7, 1]
						}
					}
				},
				"bone14": {
					"scale": {
						"0.0": [0.7, 0.7, 1],
						"0.1667": {
							"pre": [0.7, 0.7, 1],
							"post": [1, 0.2, 1]
						},
						"0.5": {
							"pre": [1, 0.2, 1],
							"post": [0.7, 0.7, 1]
						},
						"0.875": {
							"pre": [0.7, 0.7, 1],
							"post": [0.7, 0.7, 1]
						}
					}
				}
			}
		},
		"animation.binacle.sleep": {
			"loop": true,
			"animation_length": 3,
			"bones": {
				"bone4": {
					"rotation": {
						"0.0": {
							"post": [15, 0, 0],
							"lerp_mode": "catmullrom"
						},
						"1.0417": {
							"post": [14.78217, 2.57594, -9.6658],
							"lerp_mode": "catmullrom"
						},
						"1.9167": {
							"post": [19.78217, 2.57594, -9.6658],
							"lerp_mode": "catmullrom"
						},
						"3.0": {
							"post": [15, 0, 0],
							"lerp_mode": "catmullrom"
						}
					}
				},
				"bone17": {
					"rotation": {
						"0.0": {
							"post": [22.5, 0, 0],
							"lerp_mode": "catmullrom"
						},
						"3.0": {
							"post": [22.5, 0, 0],
							"lerp_mode": "catmullrom"
						}
					}
				},
				"bone18": {
					"rotation": {
						"0.0": {
							"post": [0, 0, 0],
							"lerp_mode": "catmullrom"
						}
					},
					"position": {
						"0.0": {
							"post": [0, -1.25, 0],
							"lerp_mode": "catmullrom"
						}
					}
				},
				"other_head": {
					"rotation": {
						"0.0": {
							"post": [25, 0, 0],
							"lerp_mode": "catmullrom"
						},
						"0.75": {
							"post": [20.2, 0, 0],
							"lerp_mode": "catmullrom"
						},
						"2.5": {
							"post": [37.5, 0, 0],
							"lerp_mode": "catmullrom"
						},
						"3.0": {
							"post": [25, 0, 0],
							"lerp_mode": "catmullrom"
						}
					}
				},
				"bone21": {
					"rotation": {
						"0.0": {
							"post": [20, 0, 0],
							"lerp_mode": "catmullrom"
						}
					}
				},
				"bone22": {
					"rotation": {
						"0.0": {
							"post": [17.5, 0, 0],
							"lerp_mode": "catmullrom"
						}
					}
				},
				"bone23": {
					"rotation": {
						"0.0": {
							"post": [20, 0, 0],
							"lerp_mode": "catmullrom"
						}
					}
				},
				"bone24": {
					"rotation": {
						"0.0": {
							"post": [29.40842, -6.21271, 10.86815],
							"lerp_mode": "catmullrom"
						}
					}
				},
				"bone25": {
					"rotation": {
						"0.0": {
							"post": [22.5, 0, 0],
							"lerp_mode": "catmullrom"
						}
					}
				},
				"bone26": {
					"rotation": {
						"0.0": {
							"post": [26.40319, 7.98133, -15.62489],
							"lerp_mode": "catmullrom"
						}
					}
				},
				"bone27": {
					"rotation": {
						"0.0": {
							"post": [20, 0, 0],
							"lerp_mode": "catmullrom"
						}
					}
				},
				"bone29": {
					"position": {
						"0.0": [0, -0.25, 0],
						"3.0": {
							"pre": [0, -0.25, 0],
							"post": [0, -0.25, 0]
						}
					},
					"scale": {
						"0.0": [1, 0.2, 1],
						"3.0": {
							"pre": [1, 0.2, 1],
							"post": [1, 0.2, 1]
						}
					}
				},
				"bone30": {
					"position": {
						"0.0": [0, -0.25, 0],
						"3.0": {
							"pre": [0, -0.25, 0],
							"post": [0, -0.25, 0]
						}
					},
					"scale": {
						"0.0": [1, 0.2, 1],
						"3.0": {
							"pre": [1, 0.2, 1],
							"post": [1, 0.2, 1]
						}
					}
				},
				"bone": {
					"rotation": {
						"0.0": {
							"post": [20, 0, 0],
							"lerp_mode": "catmullrom"
						},
						"1.0417": {
							"post": [19.8423, -2.55868, 7.05239],
							"lerp_mode": "catmullrom"
						},
						"1.9167": {
							"post": [27.3423, -2.55868, 7.05239],
							"lerp_mode": "catmullrom"
						},
						"3.0": {
							"post": [20, 0, 0],
							"lerp_mode": "catmullrom"
						}
					}
				},
				"bone2": {
					"rotation": {
						"0.0": {
							"post": [20, 0, 0],
							"lerp_mode": "catmullrom"
						},
						"3.0": {
							"post": [20, 0, 0],
							"lerp_mode": "catmullrom"
						}
					}
				},
				"bone3": {
					"rotation": {
						"0.0": {
							"post": [17.5, 0, 0],
							"lerp_mode": "catmullrom"
						},
						"3.0": {
							"post": [17.5, 0, 0],
							"lerp_mode": "catmullrom"
						}
					}
				},
				"head": {
					"rotation": {
						"0.0": {
							"post": [25, 0, 0],
							"lerp_mode": "catmullrom"
						},
						"0.75": {
							"post": [17.7, 0, 0],
							"lerp_mode": "catmullrom"
						},
						"2.5": {
							"post": [37.5, 0, 0],
							"lerp_mode": "catmullrom"
						},
						"3.0": {
							"post": [25, 0, 0],
							"lerp_mode": "catmullrom"
						}
					}
				},
				"bone5": {
					"rotation": {
						"0.0": {
							"post": [17.5, 0, 0],
							"lerp_mode": "catmullrom"
						}
					}
				},
				"bone6": {
					"rotation": {
						"0.0": {
							"post": [12.5, 0, 0],
							"lerp_mode": "catmullrom"
						}
					}
				},
				"bone7": {
					"rotation": {
						"0.0": {
							"post": [15, 0, 0],
							"lerp_mode": "catmullrom"
						}
					}
				},
				"bone10": {
					"rotation": {
						"0.0": {
							"post": [24.47761, 5.24826, -11.36081],
							"lerp_mode": "catmullrom"
						}
					}
				},
				"bone11": {
					"rotation": {
						"0.0": {
							"post": [32.5, 0, 0],
							"lerp_mode": "catmullrom"
						}
					}
				},
				"bone8": {
					"rotation": {
						"0.0": {
							"post": [26.94093, -5.73576, 11.12501],
							"lerp_mode": "catmullrom"
						}
					}
				},
				"bone9": {
					"rotation": {
						"0.0": {
							"post": [27.5, 0, 0],
							"lerp_mode": "catmullrom"
						}
					}
				},
				"bone15": {
					"position": {
						"0.0": [0, -0.25, 0],
						"3.0": {
							"pre": [0, -0.25, 0],
							"post": [0, -0.25, 0]
						}
					},
					"scale": {
						"0.0": [1, 0.2, 1],
						"3.0": {
							"pre": [1, 0.2, 1],
							"post": [1, 0.2, 1]
						}
					}
				},
				"bone14": {
					"position": {
						"0.0": [0, -0.25, 0],
						"3.0": {
							"pre": [0, -0.25, 0],
							"post": [0, -0.25, 0]
						}
					},
					"scale": {
						"0.0": [1, 0.2, 1],
						"3.0": {
							"pre": [1, 0.2, 1],
							"post": [1, 0.2, 1]
						}
					}
				}
			}
		},
		"animation.binacle.faint": {
			"animation_length": 5.7917,
			"bones": {
				"bone4": {
					"rotation": {
						"0.0": {
							"post": [15, 0, 0],
							"lerp_mode": "catmullrom"
						},
						"0.25": {
							"post": [14.65993, 3.21132, -12.08681],
							"lerp_mode": "catmullrom"
						},
						"0.4583": {
							"post": [-0.05452, 1.29256, -4.83045],
							"lerp_mode": "catmullrom"
						},
						"0.7917": {
							"post": [-0.05452, 1.29256, -4.83045],
							"lerp_mode": "catmullrom"
						},
						"1.8333": {
							"post": [27.44548, 1.29256, -4.83045],
							"lerp_mode": "catmullrom"
						}
					}
				},
				"bone17": {
					"rotation": {
						"0.0": {
							"post": [10, 0, 0],
							"lerp_mode": "catmullrom"
						},
						"0.4583": {
							"post": [0, 0, 0],
							"lerp_mode": "catmullrom"
						},
						"0.7917": {
							"post": [0, 0, 0],
							"lerp_mode": "catmullrom"
						},
						"1.8333": {
							"post": [17.5, 0, 0],
							"lerp_mode": "catmullrom"
						}
					}
				},
				"bone18": {
					"rotation": {
						"0.0": {
							"post": [0, 0, 0],
							"lerp_mode": "catmullrom"
						},
						"0.4583": {
							"post": [-5, 0, 0],
							"lerp_mode": "catmullrom"
						},
						"0.7917": {
							"post": [-5, 0, 0],
							"lerp_mode": "catmullrom"
						},
						"1.7917": {
							"post": [0, 0, 0],
							"lerp_mode": "catmullrom"
						}
					},
					"position": {
						"0.0": {
							"post": [0, -1.25, 0],
							"lerp_mode": "catmullrom"
						},
						"0.4583": {
							"post": [0, -0.25, 0],
							"lerp_mode": "catmullrom"
						},
						"0.7917": {
							"post": [0, -0.25, 0],
							"lerp_mode": "catmullrom"
						},
						"1.7917": {
							"post": [0, -2.25, 0],
							"lerp_mode": "catmullrom"
						}
					}
				},
				"other_head": {
					"rotation": {
						"0.0": {
							"post": [-15, 0, 0],
							"lerp_mode": "catmullrom"
						},
						"1.8333": {
							"post": [42.5, 0, 0],
							"lerp_mode": "catmullrom"
						}
					}
				},
				"bone21": {
					"rotation": {
						"0.0": {
							"post": [20, 0, 0],
							"lerp_mode": "catmullrom"
						}
					}
				},
				"bone22": {
					"rotation": {
						"0.0": {
							"post": [17.5, 0, 0],
							"lerp_mode": "catmullrom"
						}
					}
				},
				"bone23": {
					"rotation": {
						"0.0": {
							"post": [20, 0, 0],
							"lerp_mode": "catmullrom"
						}
					}
				},
				"bone24": {
					"rotation": {
						"0.0": {
							"post": [29.40842, -6.21271, 10.86815],
							"lerp_mode": "catmullrom"
						}
					}
				},
				"bone25": {
					"rotation": {
						"0.0": {
							"post": [22.5, 0, 0],
							"lerp_mode": "catmullrom"
						}
					}
				},
				"bone26": {
					"rotation": {
						"0.0": {
							"post": [26.40319, 7.98133, -15.62489],
							"lerp_mode": "catmullrom"
						}
					}
				},
				"bone27": {
					"rotation": {
						"0.0": {
							"post": [20, 0, 0],
							"lerp_mode": "catmullrom"
						}
					}
				},
				"bone29": {
					"position": {
						"0.0": [0, 0, 0],
						"0.375": {
							"pre": [0, 0, 0],
							"post": [0, -0.25, 0]
						}
					},
					"scale": {
						"0.0": [0.7, 0.7, 1],
						"0.375": {
							"pre": [0.7, 0.7, 1],
							"post": [1, 0.2, 1]
						}
					}
				},
				"bone30": {
					"position": {
						"0.0": [0, 0, 0],
						"0.375": {
							"pre": [0, 0, 0],
							"post": [0, -0.25, 0]
						}
					},
					"scale": {
						"0.0": [0.7, 0.7, 1],
						"0.375": {
							"pre": [0.7, 0.7, 1],
							"post": [1, 0.2, 1]
						}
					}
				},
				"bone": {
					"rotation": {
						"0.0": {
							"post": [20, 0, 0],
							"lerp_mode": "catmullrom"
						},
						"0.25": {
							"post": [19.5623, -4.2453, 11.76782],
							"lerp_mode": "catmullrom"
						},
						"0.4583": {
							"post": [12.48247, 0.85481, -2.34941],
							"lerp_mode": "catmullrom"
						},
						"0.7917": {
							"post": [12.48247, 0.85481, -2.34941],
							"lerp_mode": "catmullrom"
						},
						"1.8333": {
							"post": [32.48247, 0.85481, -2.34941],
							"lerp_mode": "catmullrom"
						}
					}
				},
				"bone2": {
					"rotation": {
						"0.0": {
							"post": [12.5, 0, 0],
							"lerp_mode": "catmullrom"
						},
						"0.4583": {
							"post": [0, 0, 0],
							"lerp_mode": "catmullrom"
						},
						"0.7917": {
							"post": [0, 0, 0],
							"lerp_mode": "catmullrom"
						},
						"1.8333": {
							"post": [22.5, 0, 0],
							"lerp_mode": "catmullrom"
						}
					}
				},
				"bone3": {
					"rotation": {
						"0.0": {
							"post": [5, 0, 0],
							"lerp_mode": "catmullrom"
						},
						"0.4583": {
							"post": [-2.5, 0, 0],
							"lerp_mode": "catmullrom"
						},
						"0.7917": {
							"post": [-2.5, 0, 0],
							"lerp_mode": "catmullrom"
						},
						"1.3333": {
							"post": [-2.97, 0, 0],
							"lerp_mode": "catmullrom"
						},
						"1.4167": {
							"post": [-1.94, 0, 0],
							"lerp_mode": "catmullrom"
						},
						"1.5": {
							"post": [-2.5, 0, 0],
							"lerp_mode": "catmullrom"
						}
					},
					"position": {
						"0.0": {
							"post": [0, 0, 0],
							"lerp_mode": "catmullrom"
						},
						"1.5": {
							"post": [0, -2, 0],
							"lerp_mode": "catmullrom"
						}
					}
				},
				"head": {
					"rotation": {
						"0.0": {
							"post": [-15, 0, 0],
							"lerp_mode": "catmullrom"
						},
						"0.4583": {
							"post": [-30, 0, 0],
							"lerp_mode": "catmullrom"
						},
						"0.7917": {
							"post": [-30, 0, 0],
							"lerp_mode": "catmullrom"
						},
						"1.8333": {
							"post": [32.5, 0, 0],
							"lerp_mode": "catmullrom"
						}
					}
				},
				"bone5": {
					"rotation": {
						"0.0": {
							"post": [17.5, 0, 0],
							"lerp_mode": "catmullrom"
						}
					}
				},
				"bone6": {
					"rotation": {
						"0.0": {
							"post": [12.5, 0, 0],
							"lerp_mode": "catmullrom"
						}
					}
				},
				"bone7": {
					"rotation": {
						"0.0": {
							"post": [15, 0, 0],
							"lerp_mode": "catmullrom"
						}
					}
				},
				"bone10": {
					"rotation": {
						"0.0": {
							"post": [24.47761, 5.24826, -11.36081],
							"lerp_mode": "catmullrom"
						}
					}
				},
				"bone11": {
					"rotation": {
						"0.0": {
							"post": [32.5, 0, 0],
							"lerp_mode": "catmullrom"
						}
					}
				},
				"bone8": {
					"rotation": {
						"0.0": {
							"post": [26.94093, -5.73576, 11.12501],
							"lerp_mode": "catmullrom"
						}
					}
				},
				"bone9": {
					"rotation": {
						"0.0": {
							"post": [27.5, 0, 0],
							"lerp_mode": "catmullrom"
						}
					}
				},
				"bone15": {
					"position": {
						"0.0": [0, 0, 0],
						"0.375": {
							"pre": [0, 0, 0],
							"post": [0, -0.25, 0]
						}
					},
					"scale": {
						"0.0": [0.7, 0.7, 1],
						"0.375": {
							"pre": [0.7, 0.7, 1],
							"post": [1, 0.2, 1]
						}
					}
				},
				"bone14": {
					"position": {
						"0.0": [0, 0, 0],
						"0.375": {
							"pre": [0, 0, 0],
							"post": [0, -0.25, 0]
						}
					},
					"scale": {
						"0.0": [0.7, 0.7, 1],
						"0.375": {
							"pre": [0.7, 0.7, 1],
							"post": [1, 0.2, 1]
						}
					}
				}
			}
		}
	}
}