{
	"format_version": "1.12.0",
	"minecraft:geometry": [
		{
			"description": {
				"identifier": "geometry.poipole",
				"texture_width": 64,
				"texture_height": 64,
				"visible_bounds_width": 3,
				"visible_bounds_height": 3.5,
				"visible_bounds_offset": [0, 1.25, 0]
			},
			"bones": [
				{
					"name": "poipole",
					"pivot": [0, 0, 0]
				},
				{
					"name": "body",
					"parent": "poipole",
					"pivot": [0, 9.5, 0.25]
				},
				{
					"name": "torso_top",
					"parent": "body",
					"pivot": [0, 8.5, 0.25],
					"cubes": [
						{"origin": [-2, 7.5, -1.75], "size": [4, 4, 4], "uv": [26, 0]}
					]
				},
				{
					"name": "neck",
					"parent": "torso_top",
					"pivot": [0, 11.5, 0.25],
					"cubes": [
						{"origin": [-1.5, 10.5, -0.75], "size": [3, 3, 2], "uv": [13, 27]}
					]
				},
				{
					"name": "head",
					"parent": "neck",
					"pivot": [0, 12.25, 0.25],
					"rotation": [-5, 0, 0],
					"cubes": [
						{"origin": [-4, 12.25, -3.75], "size": [8, 7, 8], "uv": [0, 0]},
						{"origin": [-1.5, 14.49049, -3.96789], "size": [3, 5, 0], "pivot": [0, 16.99049, -3.96789], "rotation": [5, 0, 0], "uv": [0, 27]},
						{"origin": [-3.5, 18.25, -3.25], "size": [7, 4, 7], "uv": [0, 16]},
						{"origin": [-2, 22.25, -1.25], "size": [4, 1, 4], "uv": [20, 32]},
						{"origin": [-0.5, 22.75, 0.35], "size": [1, 4, 1], "pivot": [0, 24.75, 0.85], "rotation": [-2.5, 0, 0], "uv": [26, 37]},
						{"origin": [-5.01335, 12.7149, -2.75], "size": [1, 6, 5], "pivot": [-3.52854, 15.54125, -1.75], "rotation": [0, 0, -10], "uv": [15, 37]},
						{"origin": [-5.01335, 18.7149, -0.75], "size": [1, 2, 1], "pivot": [-3.52854, 15.54125, -1.75], "rotation": [0, 0, -10], "uv": [21, 16]},
						{"origin": [4.01335, 12.7149, -2.75], "size": [1, 6, 5], "pivot": [3.52854, 15.54125, -1.75], "rotation": [0, 0, 10], "uv": [31, 33]},
						{"origin": [4.01335, 18.7149, -0.75], "size": [1, 2, 1], "pivot": [3.52854, 15.54125, -1.75], "rotation": [0, 0, 10], "uv": [4, 5]},
						{"origin": [-0.5, 12.25, -3.75], "size": [1, 1, 0], "inflate": 0.01, "uv": [45, 0]}
					]
				},
				{
					"name": "eyes",
					"parent": "head",
					"pivot": [0, 0.5, 0]
				},
				{
					"name": "eye_right",
					"parent": "eyes",
					"pivot": [-2.5, 14.25, -2.75],
					"cubes": [
						{"origin": [-4, 13.25, -3.75], "size": [3, 2, 2], "inflate": 0.01, "uv": [0, 46], "mirror": true}
					]
				},
				{
					"name": "eye_left",
					"parent": "eyes",
					"pivot": [2.5, 14.25, -2.75],
					"cubes": [
						{"origin": [1, 13.25, -3.75], "size": [3, 2, 2], "inflate": 0.01, "uv": [0, 46]}
					]
				},
				{
					"name": "eyelids",
					"parent": "eyes",
					"pivot": [0, 0.5, 0]
				},
				{
					"name": "eyelid_right",
					"parent": "eyelids",
					"pivot": [-2.4, 14.25, -2.65],
					"cubes": [
						{"origin": [-3.9, 13.25, -3.65], "size": [3, 2, 2], "inflate": 0.02, "uv": [0, 50], "mirror": true}
					]
				},
				{
					"name": "eyelid_left",
					"parent": "eyelids",
					"pivot": [2.4, 14.25, -2.65],
					"cubes": [
						{"origin": [0.9, 13.25, -3.65], "size": [3, 2, 2], "inflate": 0.02, "uv": [0, 50]}
					]
				},
				{
					"name": "arm_right",
					"parent": "torso_top",
					"pivot": [-2, 11.25, 0.25],
					"cubes": [
						{"origin": [-4, 9.25, 0.25], "size": [2, 2, 0], "inflate": 0.01, "uv": [26, 0]}
					]
				},
				{
					"name": "arm_right2",
					"parent": "arm_right",
					"pivot": [-4, 9.25, 0.25],
					"cubes": [
						{"origin": [-7, 9.25, 0.25], "size": [3, 2, 0], "uv": [0, 32]}
					]
				},
				{
					"name": "arm_left",
					"parent": "torso_top",
					"pivot": [2, 11.25, 0.25],
					"cubes": [
						{"origin": [2, 9.25, 0.25], "size": [2, 2, 0], "inflate": 0.01, "uv": [4, 0]}
					]
				},
				{
					"name": "arm_left2",
					"parent": "arm_left",
					"pivot": [4, 9.25, 0.25],
					"cubes": [
						{"origin": [4, 9.25, 0.25], "size": [3, 2, 0], "uv": [0, 21]}
					]
				},
				{
					"name": "torso_bottom",
					"parent": "body",
					"pivot": [0, 8.5, 0.25],
					"cubes": [
						{"origin": [-3, 3.5, -2.25], "size": [6, 5, 5], "uv": [23, 22]}
					]
				},
				{
					"name": "leg_right",
					"parent": "torso_bottom",
					"pivot": [-2.75, 7, 0.25],
					"rotation": [-2.5, 0, -5],
					"cubes": [
						{"origin": [-4.25, 3, -1.25], "size": [2, 5, 3], "uv": [39, 5]}
					]
				},
				{
					"name": "leg_right2",
					"parent": "leg_right",
					"pivot": [-3, 3, -0.75],
					"rotation": [5, 0, 5],
					"cubes": [
						{"origin": [-3.5, 0, -0.75], "size": [1, 3, 2], "uv": [0, 16]}
					]
				},
				{
					"name": "leg_left",
					"parent": "torso_bottom",
					"pivot": [2.75, 7, 0.25],
					"rotation": [-2.5, 0, 5],
					"cubes": [
						{"origin": [2.25, 3, -1.25], "size": [2, 5, 3], "uv": [0, 38]}
					]
				},
				{
					"name": "leg_left2",
					"parent": "leg_left",
					"pivot": [3, 3, -0.75],
					"rotation": [5, 0, -5],
					"cubes": [
						{"origin": [2.5, 0, -0.75], "size": [1, 3, 2], "uv": [0, 0]}
					]
				},
				{
					"name": "tail",
					"parent": "torso_bottom",
					"pivot": [0, 5.4, 2.75],
					"cubes": [
						{"origin": [-1.5, 3.4, -0.25], "size": [3, 4, 7], "uv": [0, 27]}
					]
				},
				{
					"name": "tail2",
					"parent": "tail",
					"pivot": [0, 5.1, 6.75],
					"cubes": [
						{"origin": [-1, 3.6, 5.75], "size": [2, 3, 5], "uv": [27, 11]},
						{"origin": [0, 6.1, 7.15], "size": [0, 2, 2], "pivot": [0, 7.1, 8.15], "rotation": [-10, 0, 0], "uv": [0, 3]}
					]
				},
				{
					"name": "tail3",
					"parent": "tail2",
					"pivot": [0, 4.8, 10.75],
					"cubes": [
						{"origin": [-0.5, 3.8, 9.75], "size": [1, 2, 4], "uv": [21, 16]}
					]
				}
			]
		}
	]
}