{
	"format_version": "1.12.0",
	"minecraft:geometry": [
		{
			"description": {
				"identifier": "geometry.kilowattrel",
				"texture_width": 256,
				"texture_height": 64,
				"visible_bounds_width": 7,
				"visible_bounds_height": 4,
				"visible_bounds_offset": [0, 1, 0]
			},
			"bones": [
				{
					"name": "kilowattrel",
					"pivot": [0, 0, 0]
				},
				{
					"name": "body",
					"parent": "kilowattrel",
					"pivot": [0, 10, -3]
				},
				{
					"name": "legs",
					"parent": "body",
					"pivot": [0, 3.5, -2.5]
				},
				{
					"name": "leg_left",
					"parent": "legs",
					"pivot": [3, 3.5, -2.5],
					"rotation": [0, -7.5, 0],
					"cubes": [
						{"origin": [1.5, 1, -4], "size": [3, 4, 3], "inflate": -0.02, "uv": [75, 26]}
					]
				},
				{
					"name": "foot_left",
					"parent": "leg_left",
					"pivot": [3, 1, -2.5],
					"cubes": [
						{"origin": [1.5, 0, -4], "size": [3, 1, 2], "inflate": 0.02, "uv": [26, 20]},
						{"origin": [2, 0, -2], "size": [2, 1, 1], "uv": [7, 16]}
					]
				},
				{
					"name": "foot_left_claw",
					"parent": "foot_left",
					"pivot": [4.25, 1, -2.75],
					"rotation": [0, -15, 0],
					"cubes": [
						{"origin": [3.44351, 0, -4.828], "size": [1, 1, 2], "uv": [5, 30]}
					]
				},
				{
					"name": "foot_left_claw_tip",
					"parent": "foot_left_claw",
					"pivot": [3.94351, 1, -4.728],
					"cubes": [
						{"origin": [3.44351, 0, -5.728], "size": [1, 1, 1], "inflate": -0.02, "uv": [34, 20]},
						{"origin": [3.94351, 0, -6.728], "size": [0, 1, 1], "pivot": [3.9353, 1, -5.64148], "rotation": [15, 0, 0], "uv": [12, 5]}
					]
				},
				{
					"name": "foot_left_claw2",
					"parent": "foot_left",
					"pivot": [3, 1, -4],
					"cubes": [
						{"origin": [2.5, 0, -5], "size": [1, 1, 1], "uv": [13, 0]}
					]
				},
				{
					"name": "foot_left_claw_tip2",
					"parent": "foot_left_claw2",
					"pivot": [3, 1, -4.9],
					"cubes": [
						{"origin": [2.5, 0, -5.9], "size": [1, 1, 1], "inflate": -0.02, "uv": [18, 5]},
						{"origin": [3, 0, -6.9], "size": [0, 1, 1], "pivot": [3, 1, -5.9], "rotation": [15, 0, 0], "uv": [12, 4]}
					]
				},
				{
					"name": "foot_left_claw3",
					"parent": "foot_left",
					"pivot": [1.75, 1, -2.75],
					"rotation": [0, 15, 0],
					"cubes": [
						{"origin": [1.55649, 0, -4.828], "size": [1, 1, 2], "uv": [14, 5]}
					]
				},
				{
					"name": "foot_left_claw_tip3",
					"parent": "foot_left_claw3",
					"pivot": [2.05649, 1, -4.728],
					"cubes": [
						{"origin": [1.55649, 0, -5.728], "size": [1, 1, 1], "inflate": -0.02, "uv": [0, 26]},
						{"origin": [2.05649, 0, -6.728], "size": [0, 1, 1], "pivot": [2.05649, 1, -5.728], "rotation": [15, 0, 0], "uv": [3, 12]}
					]
				},
				{
					"name": "foot_left_claw_back",
					"parent": "foot_left",
					"pivot": [3, 1, -1],
					"cubes": [
						{"origin": [2.5, 0, -1], "size": [1, 1, 1], "uv": [0, 28]}
					]
				},
				{
					"name": "foot_left_claw_back_tip",
					"parent": "foot_left_claw_back",
					"pivot": [3, 1, 0],
					"rotation": [-10, 0, 0],
					"cubes": [
						{"origin": [3, 0, 0], "size": [0, 1, 1], "uv": [12, 2]}
					]
				},
				{
					"name": "leg_right",
					"parent": "legs",
					"pivot": [-3, 3.5, -2.5],
					"rotation": [0, 7.5, 0],
					"cubes": [
						{"origin": [-4.5, 1, -4], "size": [3, 4, 3], "inflate": -0.02, "uv": [87, 29]}
					]
				},
				{
					"name": "foot_right",
					"parent": "leg_right",
					"pivot": [-3, 1, -2.5],
					"cubes": [
						{"origin": [-4.5, 0, -4], "size": [3, 1, 2], "inflate": 0.02, "uv": [16, 20]},
						{"origin": [-4, 0, -2], "size": [2, 1, 1], "uv": [7, 3]}
					]
				},
				{
					"name": "foot_right_claw",
					"parent": "foot_right",
					"pivot": [-4.25, 1, -2.75],
					"rotation": [0, 15, 0],
					"cubes": [
						{"origin": [-4.44351, 0, -4.828], "size": [1, 1, 2], "uv": [7, 13]}
					]
				},
				{
					"name": "foot_right_claw_tip",
					"parent": "foot_right_claw",
					"pivot": [-3.94351, 1, -4.728],
					"cubes": [
						{"origin": [-4.44351, 0, -5.728], "size": [1, 1, 1], "inflate": -0.02, "uv": [24, 20]},
						{"origin": [-3.94351, 0, -6.728], "size": [0, 1, 1], "pivot": [-3.9353, 1, -5.64148], "rotation": [15, 0, 0], "uv": [11, 0]}
					]
				},
				{
					"name": "foot_right_claw2",
					"parent": "foot_right",
					"pivot": [-3, 1, -4],
					"cubes": [
						{"origin": [-3.5, 0, -5], "size": [1, 1, 1], "uv": [10, 35]}
					]
				},
				{
					"name": "foot_right_claw_tip2",
					"parent": "foot_right_claw2",
					"pivot": [-3, 1, -4.9],
					"cubes": [
						{"origin": [-3.5, 0, -5.9], "size": [1, 1, 1], "inflate": -0.02, "uv": [8, 33]},
						{"origin": [-3, 0, -6.9], "size": [0, 1, 1], "pivot": [-3, 1, -5.9], "rotation": [15, 0, 0], "uv": [7, 0]}
					]
				},
				{
					"name": "foot_right_claw3",
					"parent": "foot_right",
					"pivot": [-1.75, 1, -2.75],
					"rotation": [0, -15, 0],
					"cubes": [
						{"origin": [-2.55649, 0, -4.828], "size": [1, 1, 2], "uv": [7, 0]}
					]
				},
				{
					"name": "foot_right_claw_tip3",
					"parent": "foot_right_claw3",
					"pivot": [-2.05649, 1, -4.728],
					"cubes": [
						{"origin": [-2.55649, 0, -5.728], "size": [1, 1, 1], "inflate": -0.02, "uv": [0, 15]},
						{"origin": [-2.05649, 0, -6.728], "size": [0, 1, 1], "pivot": [-2.05649, 1, -5.728], "rotation": [15, 0, 0], "uv": [2, 3]}
					]
				},
				{
					"name": "foot_right_claw_back",
					"parent": "foot_right",
					"pivot": [-3, 1, -1],
					"cubes": [
						{"origin": [-3.5, 0, -1], "size": [1, 1, 1], "uv": [0, 13]}
					]
				},
				{
					"name": "foot_right_claw_back_tip",
					"parent": "foot_right_claw_back",
					"pivot": [-3, 1, 0],
					"rotation": [-10, 0, 0],
					"cubes": [
						{"origin": [-3, 0, 0], "size": [0, 1, 1], "uv": [0, 3]}
					]
				},
				{
					"name": "torso",
					"parent": "body",
					"pivot": [0, 9, -3],
					"rotation": [-35, 0, 0],
					"cubes": [
						{"origin": [-5, 4, -10], "size": [10, 10, 14], "inflate": -0.02, "uv": [0, 23]}
					]
				},
				{
					"name": "wings_open",
					"parent": "torso",
					"pivot": [0, 12.5, -4.5]
				},
				{
					"name": "wing_open_left",
					"parent": "wings_open",
					"pivot": [5, 11.5, -3.5],
					"cubes": [
						{"origin": [4.5, 11, -7.5], "size": [7, 1, 8], "uv": [62, 17]}
					]
				},
				{
					"name": "wing_open_left2",
					"parent": "wing_open_left",
					"pivot": [11.5, 11.5, -4.5],
					"cubes": [
						{"origin": [11.5, 11.5, -8], "size": [7, 0, 8], "inflate": 0.01, "uv": [30, 0]},
						{"origin": [11.5, 11, -7], "size": [7, 1, 6], "uv": [106, 0]}
					]
				},
				{
					"name": "wing_open_left3",
					"parent": "wing_open_left2",
					"pivot": [18.5, 11.5, -5],
					"cubes": [
						{"origin": [18.5, 11.5, -10], "size": [11, 0, 11], "uv": [188, 1]}
					]
				},
				{
					"name": "wing_open_left4",
					"parent": "wing_open_left3",
					"pivot": [29.5, 11.5, -4],
					"cubes": [
						{"origin": [29.5, 11.5, -8], "size": [17, 0, 14], "uv": [208, 0]}
					]
				},
				{
					"name": "wing_open_right",
					"parent": "wings_open",
					"pivot": [-5, 11.5, -3.5],
					"cubes": [
						{"origin": [-11.5, 11, -7.5], "size": [7, 1, 8], "uv": [62, 7]}
					]
				},
				{
					"name": "wing_open_right2",
					"parent": "wing_open_right",
					"pivot": [-11.5, 11.5, -4.5],
					"cubes": [
						{"origin": [-18.5, 11.5, -8], "size": [7, 0, 8], "inflate": 0.01, "uv": [217, 56]},
						{"origin": [-18.5, 11, -7], "size": [7, 1, 6], "uv": [56, 0]}
					]
				},
				{
					"name": "wing_open_right3",
					"parent": "wing_open_right2",
					"pivot": [-18.5, 11.5, -5],
					"cubes": [
						{"origin": [-29.5, 11.5, -10], "size": [11, 0, 11], "uv": [223, 17]}
					]
				},
				{
					"name": "wing_open_right4",
					"parent": "wing_open_right3",
					"pivot": [-29.5, 11.5, -4],
					"cubes": [
						{"origin": [-46.5, 11.5, -8], "size": [17, 0, 14], "uv": [185, 15]}
					]
				},
				{
					"name": "wings_closed",
					"parent": "torso",
					"pivot": [0.25, 10.5, -7.5]
				},
				{
					"name": "wing_closed_left",
					"parent": "wings_closed",
					"pivot": [4.75, 10.5, -7.5],
					"rotation": [-5, 0, -5],
					"cubes": [
						{"origin": [4.75, 5, -8.5], "size": [2, 10, 10], "inflate": 0.02, "uv": [99, 20]}
					]
				},
				{
					"name": "wing_closed_left2",
					"parent": "wing_closed_left",
					"pivot": [5.5, 6, 1.5],
					"cubes": [
						{"origin": [5, 6, 1.5], "size": [1, 8, 5], "uv": [0, 13]}
					]
				},
				{
					"name": "wing_closed_left3",
					"parent": "wing_closed_left2",
					"pivot": [5.5, 7, 6.5],
					"cubes": [
						{"origin": [5.5, 7, 6.5], "size": [0, 6, 6], "inflate": 0.01, "uv": [219, 42]}
					]
				},
				{
					"name": "wing_closed_left4",
					"parent": "wing_closed_left3",
					"pivot": [5.5, 8, 12.5],
					"cubes": [
						{"origin": [5.5, 8, 12.5], "size": [0, 4, 11], "uv": [214, 24]}
					]
				},
				{
					"name": "wing_closed_right",
					"parent": "wings_closed",
					"pivot": [-4.75, 10.5, -7.5],
					"rotation": [-5, 0, 5],
					"cubes": [
						{"origin": [-6.75, 5, -8.5], "size": [2, 10, 10], "inflate": 0.02, "uv": [92, 0]}
					]
				},
				{
					"name": "wing_closed_right2",
					"parent": "wing_closed_right",
					"pivot": [-5.5, 6, 1.5],
					"cubes": [
						{"origin": [-6, 6, 1.5], "size": [1, 8, 5], "uv": [0, 0]}
					]
				},
				{
					"name": "wing_closed_right3",
					"parent": "wing_closed_right2",
					"pivot": [-5.5, 7, 6.5],
					"cubes": [
						{"origin": [-5.5, 7, 6.5], "size": [0, 6, 6], "inflate": 0.01, "uv": [232, 42]}
					]
				},
				{
					"name": "wing_closed_right4",
					"parent": "wing_closed_right3",
					"pivot": [-5.5, 8, 12.5],
					"cubes": [
						{"origin": [-5.5, 8, 12.5], "size": [0, 4, 11], "uv": [214, 29]}
					]
				},
				{
					"name": "tail",
					"parent": "torso",
					"pivot": [0, 5.5, 4],
					"rotation": [20, 0, 0],
					"cubes": [
						{"origin": [-4.5, 5.56031, 2.65798], "size": [9, 7, 8], "inflate": -0.02, "uv": [49, 26]}
					]
				},
				{
					"name": "tail_feathers",
					"parent": "tail",
					"pivot": [0, 10.56031, 10.65798],
					"rotation": [-10, 0, 0]
				},
				{
					"name": "tail_feather_left",
					"parent": "tail_feathers",
					"pivot": [0, 10.56031, 10.65798],
					"rotation": [0, 5, 0],
					"cubes": [
						{"origin": [0, 10.56031, 9.65798], "size": [4, 0, 11], "inflate": 0.01, "uv": [236, 47]}
					]
				},
				{
					"name": "tail_feather_left2",
					"parent": "tail_feather_left",
					"pivot": [2, 10.56031, 20.65798],
					"cubes": [
						{"origin": [1, 10.56031, 20.65798], "size": [2, 0, 11], "uv": [241, 35]}
					]
				},
				{
					"name": "tail_feather_right",
					"parent": "tail_feathers",
					"pivot": [0, 10.56031, 10.65798],
					"rotation": [0, -5, 0],
					"cubes": [
						{"origin": [-4, 10.56031, 9.65798], "size": [4, 0, 11], "inflate": 0.01, "uv": [227, 35]}
					]
				},
				{
					"name": "tail_feather_right2",
					"parent": "tail_feather_right",
					"pivot": [-2, 10.56031, 20.65798],
					"cubes": [
						{"origin": [-3, 10.56031, 20.65798], "size": [2, 0, 11], "uv": [236, 35]}
					]
				},
				{
					"name": "neck",
					"parent": "torso",
					"pivot": [0, 7.5, -10],
					"rotation": [35, 0, 0],
					"cubes": [
						{"origin": [-4, 7.5, -10], "size": [8, 9, 8], "inflate": -0.02, "uv": [14, 0]}
					]
				},
				{
					"name": "neck_sac",
					"parent": "neck",
					"pivot": [0, 15.5, -10],
					"cubes": [
						{"origin": [-3.5, 5.5, -10], "size": [7, 10, 8], "inflate": -0.04, "uv": [116, 7]}
					]
				},
				{
					"name": "head",
					"parent": "neck",
					"pivot": [0, 16.5, -6],
					"cubes": [
						{"origin": [-4, 15.5, -10], "size": [8, 7, 8], "uv": [38, 9]}
					]
				},
				{
					"name": "eyes",
					"parent": "head",
					"pivot": [0, 19.5, -10]
				},
				{
					"name": "eye_left",
					"parent": "eyes",
					"pivot": [3, 19.5, -9],
					"cubes": [
						{"origin": [2, 18.5, -10], "size": [2, 2, 2], "inflate": 0.02, "uv": [5, 26]}
					]
				},
				{
					"name": "iris_left",
					"parent": "eye_left",
					"pivot": [2.5, 19.5, -10.04],
					"cubes": [
						{"origin": [1.5, 18.5, -10.04], "size": [2, 2, 0], "uv": [4, 26]}
					]
				},
				{
					"name": "pupil_left",
					"parent": "iris_left",
					"pivot": [2.5, 19.5, -10.06],
					"cubes": [
						{"origin": [2, 19, -10.06], "size": [1, 1, 0], "uv": [12, 7]}
					]
				},
				{
					"name": "eyelid_left",
					"parent": "eye_left",
					"pivot": [2.4, 19.5, -8.9],
					"cubes": [
						{"origin": [0.9, 18.5, -9.9], "size": [3, 2, 2], "inflate": 0.07, "uv": [64, 41]}
					]
				},
				{
					"name": "eyelid_left_happy",
					"parent": "eye_left",
					"pivot": [2.4, 19.5, -8.9],
					"cubes": [
						{"origin": [0.9, 18.5, -9.9], "size": [3, 2, 2], "inflate": 0.08, "uv": [77, 0]}
					]
				},
				{
					"name": "iris_left_sad",
					"parent": "eye_left",
					"pivot": [2.5, 19.5, -9.94],
					"cubes": [
						{"origin": [1.5, 18.5, -9.94], "size": [2, 2, 0], "uv": [0, 0]}
					]
				},
				{
					"name": "pupil_left_sad",
					"parent": "iris_left_sad",
					"pivot": [2.5, 19.5, -9.96],
					"cubes": [
						{"origin": [2, 19, -9.96], "size": [1, 1, 0], "uv": [7, 0]}
					]
				},
				{
					"name": "eye_right",
					"parent": "eyes",
					"pivot": [-3, 19.5, -9],
					"cubes": [
						{"origin": [-4, 18.5, -10], "size": [2, 2, 2], "inflate": 0.02, "uv": [34, 25]}
					]
				},
				{
					"name": "iris_right",
					"parent": "eye_right",
					"pivot": [-2.5, 19.5, -10.04],
					"cubes": [
						{"origin": [-3.5, 18.5, -10.04], "size": [2, 2, 0], "uv": [9, 30]}
					]
				},
				{
					"name": "pupil_right",
					"parent": "iris_right",
					"pivot": [-2.5, 19.5, -10.06],
					"cubes": [
						{"origin": [-3, 19, -10.06], "size": [1, 1, 0], "uv": [12, 8]}
					]
				},
				{
					"name": "iris_right_sad",
					"parent": "eye_right",
					"pivot": [-2.5, 19.5, -9.94],
					"cubes": [
						{"origin": [-3.5, 18.5, -9.94], "size": [2, 2, 0], "uv": [0, 2]}
					]
				},
				{
					"name": "pupil_right_sad",
					"parent": "iris_right_sad",
					"pivot": [-2.5, 19.5, -9.96],
					"cubes": [
						{"origin": [-3, 19, -9.96], "size": [1, 1, 0], "uv": [11, 0]}
					]
				},
				{
					"name": "eyelid_right",
					"parent": "eye_right",
					"pivot": [-2.4, 19.5, -8.9],
					"cubes": [
						{"origin": [-3.9, 18.5, -9.9], "size": [3, 2, 2], "inflate": 0.07, "uv": [74, 41]}
					]
				},
				{
					"name": "eyelid_right_happy",
					"parent": "eye_right",
					"pivot": [-2.4, 19.5, -8.9],
					"cubes": [
						{"origin": [-3.9, 18.5, -9.9], "size": [3, 2, 2], "inflate": 0.08, "uv": [0, 33]}
					]
				},
				{
					"name": "beak",
					"parent": "head",
					"pivot": [0, 18.5, -10],
					"cubes": [
						{"origin": [-1.5, 17.5, -14], "size": [3, 1, 2], "uv": [52, 0]},
						{"origin": [-0.5, 17.75, -13.5], "size": [1, 1, 4], "inflate": -0.02, "pivot": [-0.5, 18.75, -14.5], "rotation": [7.5, 0, 0], "uv": [35, 32]},
						{"origin": [-2.5, 17.5, -12], "size": [5, 1, 3], "uv": [48, 41]}
					]
				},
				{
					"name": "beak2",
					"parent": "beak",
					"pivot": [0, 18.5, -14],
					"rotation": [12.5, 0, 0],
					"cubes": [
						{"origin": [-0.5, 17.5, -16], "size": [1, 2, 3], "inflate": 0.02, "uv": [14, 0]},
						{"origin": [-0.5, 17, -16.04], "size": [1, 1, 0], "uv": [12, 9]}
					]
				},
				{
					"name": "jaw",
					"parent": "beak",
					"pivot": [0, 18, -10],
					"cubes": [
						{"origin": [-1, 17, -13], "size": [2, 1, 3], "uv": [47, 25]},
						{"origin": [-0.5, 17, -15], "size": [1, 1, 2], "pivot": [0.5, 18, -13], "rotation": [12.5, 0, 0], "uv": [12, 17]}
					]
				},
				{
					"name": "held_item",
					"parent": "jaw",
					"pivot": [0, 17.5, -13.5],
					"rotation": [102.5, 0, 0],
					"locators": {
						"held_item": [0, 17.5, -13.5]
					}
				}
			]
		}
	]
}