{
	"format_version": "1.12.0",
	"minecraft:geometry": [
		{
			"description": {
				"identifier": "geometry.unknown",
				"texture_width": 256,
				"texture_height": 256,
				"visible_bounds_width": 6,
				"visible_bounds_height": 4.5,
				"visible_bounds_offset": [0, 1.75, 0]
			},
			"bones": [
				{
					"name": "latios",
					"pivot": [0, 0, 0]
				},
				{
					"name": "body",
					"parent": "latios",
					"pivot": [0, 16, 0],
					"cubes": [
						{"origin": [-8, 6, 7.25], "size": [16, 14, 11], "uv": [68, 0]},
						{"origin": [-6.5, 7, -5.75], "size": [13, 3, 13], "uv": [8, 8]},
						{"origin": [-8, 10, -7.75], "size": [16, 11, 15], "uv": [34, 25]}
					]
				},
				{
					"name": "chestTriangle",
					"parent": "body",
					"pivot": [0.04075, 7.5, 4.7941],
					"rotation": [0, 135, 0],
					"cubes": [
						{"origin": [-3, 7, 5.75], "size": [5, 1, 1], "inflate": 0.01, "uv": [0, 3]},
						{"origin": [-1, 7, 3.75], "size": [5, 1, 1], "inflate": 0.01, "pivot": [1.5, 7.5, 4.25], "rotation": [0, -90, 0], "uv": [0, 11]},
						{"origin": [-5.7, 7, 3.57], "size": [7, 1, 1], "inflate": 0.01, "pivot": [-1.5, 7.5, 4.25], "rotation": [0, -135, 0], "uv": [-1, 7]}
					]
				},
				{
					"name": "wings",
					"parent": "body",
					"pivot": [0, 14, 0]
				},
				{
					"name": "wing_left",
					"parent": "wings",
					"pivot": [-6.25, 17, 11.75],
					"rotation": [0, 0, 5],
					"cubes": [
						{"origin": [-4.25, 17.5, 1.25], "size": [0, 38, 17], "pivot": [-6.25, 17, 11.75], "rotation": [0, 0, -52.5], "uv": [0, 25]},
						{"origin": [-7.76609, 15.52709, 1.25], "size": [7, 6, 17], "inflate": 0.001, "pivot": [-6.25, 17, 11.75], "rotation": [0, 0, -52.5], "uv": [68, 52]}
					]
				},
				{
					"name": "wing_right",
					"parent": "wings",
					"pivot": [6.25, 17, 11.75],
					"rotation": [0, 0, -5],
					"cubes": [
						{"origin": [4.25, 17.5, 1.25], "size": [0, 38, 17], "pivot": [6.25, 17, 11.75], "rotation": [0, 0, 52.5], "uv": [34, 52]},
						{"origin": [0.76609, 15.52709, 1.25], "size": [7, 6, 17], "inflate": 0.001, "pivot": [6.25, 17, 11.75], "rotation": [0, 0, 52.5], "uv": [68, 75]}
					]
				},
				{
					"name": "tail",
					"parent": "body",
					"pivot": [0, 14, 22]
				},
				{
					"name": "bone",
					"parent": "tail",
					"pivot": [5.25, 13.5, 21.75],
					"cubes": [
						{"origin": [-3, 12, 24.25], "size": [6, 5, 5], "uv": [117, 82]}
					]
				},
				{
					"name": "foot_left",
					"parent": "tail",
					"pivot": [-4.75, 13.5, 18.75],
					"cubes": [
						{"origin": [-5.25, 11, 19.25], "size": [0, 7, 13], "pivot": [-5.25, 13.5, 18.75], "rotation": [-27.44548, 1.29256, 4.83045], "uv": [100, 98]}
					]
				},
				{
					"name": "foot_right",
					"parent": "tail",
					"pivot": [4.75, 13.5, 18.75],
					"cubes": [
						{"origin": [5.25, 11, 19.25], "size": [0, 7, 13], "pivot": [5.25, 13.5, 18.75], "rotation": [-27.44548, -1.29256, -4.83045], "uv": [32, 107]}
					]
				},
				{
					"name": "bone6",
					"parent": "tail",
					"pivot": [5.25, 13.5, 21.75],
					"cubes": [
						{"origin": [-5, 8, 18.25], "size": [10, 11, 6], "uv": [68, 98]}
					]
				},
				{
					"name": "arms",
					"parent": "body",
					"pivot": [0, 14, 0]
				},
				{
					"name": "arm_left",
					"parent": "arms",
					"pivot": [6, 13.5, -1.75],
					"cubes": [
						{"origin": [-10, 12, -6.75], "size": [2, 4, 9], "uv": [118, 52]},
						{"origin": [-12.75, 13, 0.25], "size": [6, 1, 1], "uv": [96, 50]},
						{"origin": [-14.25, 12.5, 1], "size": [2, 3, 2], "uv": [58, 107]},
						{"origin": [-14.25, 12, -7], "size": [2, 4, 8], "uv": [117, 97]},
						{"origin": [-13.75, 14.75, -8], "size": [1, 1, 2], "uv": [110, 47]},
						{"origin": [-13.75, 13.5, -9], "size": [1, 1, 3], "uv": [122, 0]},
						{"origin": [-13.75, 12.25, -8], "size": [1, 1, 2], "uv": [58, 112]}
					]
				},
				{
					"name": "arm_right",
					"parent": "arms",
					"pivot": [-6, 13.5, -1.75],
					"cubes": [
						{"origin": [8, 12, -6.75], "size": [2, 4, 9], "uv": [118, 67]},
						{"origin": [6.75, 13, 0.25], "size": [6, 1, 1], "uv": [105, 100]},
						{"origin": [12.25, 12.5, 1], "size": [2, 3, 2], "uv": [120, 118]},
						{"origin": [12.25, 12, -7], "size": [2, 4, 8], "uv": [100, 118]},
						{"origin": [12.75, 14.75, -8], "size": [1, 1, 2], "uv": [122, 8]},
						{"origin": [12.75, 13.5, -9], "size": [1, 1, 3], "uv": [122, 4]},
						{"origin": [12.75, 12.25, -8], "size": [1, 1, 2], "uv": [122, 11]}
					]
				},
				{
					"name": "neck",
					"parent": "body",
					"pivot": [0, 16, -7.25],
					"cubes": [
						{"origin": [-4.5, 11, -12.75], "size": [9, 10, 7], "inflate": 0.01, "uv": [0, 97]}
					]
				},
				{
					"name": "neck2",
					"parent": "neck",
					"pivot": [0, 16.5, -12.25],
					"cubes": [
						{"origin": [-3.5, 12, -21.75], "size": [7, 9, 13], "uv": [96, 25]}
					]
				},
				{
					"name": "head",
					"parent": "neck2",
					"pivot": [-0.00056, 15.00418, -21.69311],
					"cubes": [
						{"origin": [-5, 11.5, -28.75], "size": [10, 10, 7], "inflate": 0.01, "uv": [0, 80]},
						{"origin": [-5, 11, -30.75], "size": [10, 9, 4], "inflate": 0.005, "pivot": [-0.00056, 15.75, -29.98178], "rotation": [10, 0, 0], "uv": [58, 115]},
						{"origin": [-4.0184, 13, -33.99883], "size": [7, 6, 7], "pivot": [-0.00056, 15.75, -29.98178], "rotation": [14.00194, -44.13603, -9.85108], "uv": [0, 114]},
						{"origin": [-4.0184, 11, -33.99883], "size": [7, 2, 7], "pivot": [-0.00056, 15.75, -29.98178], "rotation": [14.00194, -44.13603, -9.85108], "uv": [0, 141]}
					]
				},
				{
					"name": "mouth",
					"parent": "head",
					"pivot": [-0.00056, 12.25, -28.98178],
					"cubes": [
						{"origin": [-4.02, 11.5, -32.99883], "size": [0, 1, 1], "pivot": [-0.00056, 15.75, -28.98178], "rotation": [14.00194, -44.13603, -9.85108], "uv": [9, 137]},
						{"origin": [-4.0184, 11.5, -33], "size": [1, 1, 0], "pivot": [-0.00056, 15.75, -28.98178], "rotation": [14.00194, -44.13603, -9.85108], "uv": [9, 137]}
					]
				},
				{
					"name": "eyes",
					"parent": "head",
					"pivot": [-0.00056, 15.75, -29.98178]
				},
				{
					"name": "eye_right",
					"parent": "eyes",
					"pivot": [0.00056, 15.75, -29.98178],
					"cubes": [
						{"origin": [-2.98, 13, -29.99883], "size": [7, 3, 3], "pivot": [0.00056, 15.75, -29.98178], "rotation": [14.00194, 44.13603, 9.85108], "uv": [62, 132], "mirror": true}
					]
				},
				{
					"name": "eyebrow_right",
					"parent": "eye_right",
					"pivot": [0.00056, 15.75, -29.98178],
					"cubes": [
						{"origin": [-2.9, 16, -29.99883], "size": [7, 1, 3], "pivot": [0.00056, 15.75, -29.98178], "rotation": [14.00194, 44.13603, 9.85108], "uv": [0, 132], "mirror": true}
					]
				},
				{
					"name": "pupil_right",
					"parent": "eye_right",
					"pivot": [0.00056, 15.75, -29.98178],
					"cubes": [
						{"origin": [-1.6816, 13.4, -30.69883], "size": [6, 2, 1], "pivot": [1.00056, 15.75, -29.98178], "rotation": [14.00194, 44.13603, 9.85108], "uv": [96, 47], "mirror": true}
					]
				},
				{
					"name": "eye_left",
					"parent": "eyes",
					"pivot": [0.00056, 15.75, -29.98178],
					"cubes": [
						{"origin": [-4.02, 13, -29.99883], "size": [7, 3, 3], "pivot": [-0.00056, 15.75, -29.98178], "rotation": [14.00194, -44.13603, -9.85108], "uv": [35, 133]}
					]
				},
				{
					"name": "eyebrow_left",
					"parent": "eye_left",
					"pivot": [0.00056, 15.75, -29.98178],
					"cubes": [
						{"origin": [-4.1, 16, -29.99883], "size": [7, 1, 3], "pivot": [-0.00056, 15.75, -29.98178], "rotation": [14.00194, -44.13603, -9.85108], "uv": [0, 132]}
					]
				},
				{
					"name": "pupil_left",
					"parent": "eye_left",
					"pivot": [-1.00056, 15.75, -29.98178],
					"cubes": [
						{"origin": [-4.3184, 13.4, -30.69883], "size": [6, 2, 1], "pivot": [-1.00056, 15.75, -29.98178], "rotation": [14.00194, -44.13603, -9.85108], "uv": [96, 47]}
					]
				},
				{
					"name": "ears",
					"parent": "head",
					"pivot": [3.75, 16.75, -25.5],
					"cubes": [
						{"origin": [-2.95, 19.25, -29], "size": [0, 11, 7], "pivot": [-1.75, 18.75, -24.5], "rotation": [-18.79052, -0.4395, -33.1558], "uv": [86, 115]},
						{"origin": [2.95, 19.25, -29], "size": [0, 11, 7], "pivot": [1.75, 18.75, -24.5], "rotation": [-18.79052, 0.4395, 33.1558], "uv": [86, 115], "mirror": true}
					]
				},
				{
					"name": "bone4",
					"parent": "head",
					"pivot": [0, 0, 1]
				},
				{
					"name": "upperjaw",
					"parent": "bone4",
					"pivot": [0, 17, 0.25]
				},
				{
					"name": "lowerjaw",
					"parent": "bone4",
					"pivot": [0, 17, 0.25]
				}
			]
		}
	]
}