{
	"format_version": "1.12.0",
	"minecraft:geometry": [
		{
			"description": {
				"identifier": "geometry.unknown",
				"texture_width": 256,
				"texture_height": 256,
				"visible_bounds_width": 7,
				"visible_bounds_height": 6.5,
				"visible_bounds_offset": [0, 2.75, 0]
			},
			"bones": [
				{
					"name": "root",
					"pivot": [0, 0, 0]
				},
				{
					"name": "zekrom",
					"parent": "root",
					"pivot": [0, 0, 0]
				},
				{
					"name": "body",
					"parent": "zekrom",
					"pivot": [0, 23, -1],
					"cubes": [
						{"origin": [-6, 18, -4], "size": [12, 8, 8], "uv": [42, 66]},
						{"origin": [-4, 17, -5], "size": [8, 8, 8], "uv": [76, 145]}
					]
				},
				{
					"name": "body1",
					"parent": "body",
					"pivot": [0, 26, 0],
					"cubes": [
						{"origin": [-5, 26, -4.1], "size": [10, 5, 9], "uv": [89, 57]}
					]
				},
				{
					"name": "body2",
					"parent": "body1",
					"pivot": [0, 31, 0],
					"cubes": [
						{"origin": [4.6, 32.65, -3.5], "size": [4, 9, 7], "pivot": [2.6, 39.65, 0.5], "rotation": [0, 0, 19.5], "uv": [62, 109]},
						{"origin": [-6, 31, -4.1], "size": [12, 14, 9], "uv": [0, 54]},
						{"origin": [-7.6, 31.50817, -3.5], "size": [4, 9, 7], "pivot": [-5.66395, 36.00817, 0], "rotation": [0, 0, -19.5], "uv": [99, 106]}
					]
				},
				{
					"name": "body3",
					"parent": "body2",
					"pivot": [0, 41, 0],
					"cubes": [
						{"origin": [-9, 39, -5], "size": [18, 12, 10], "uv": [42, 44]}
					]
				},
				{
					"name": "arm_r",
					"parent": "body3",
					"pivot": [-9, 47, -0.5],
					"cubes": [
						{"origin": [-19, 44, -3], "size": [10, 5, 5], "uv": [98, 71]},
						{"origin": [-13, 49, -2.5], "size": [4, 1, 4], "uv": [30, 139]}
					]
				},
				{
					"name": "r_arm_lower",
					"parent": "arm_r",
					"pivot": [-19, 46.7, 0.1],
					"cubes": [
						{"origin": [-32, 40, 0.1], "size": [13, 3, 2], "uv": [88, 0]},
						{"origin": [-34, 43, -0.9], "size": [15, 6, 3], "uv": [84, 90]},
						{"origin": [-19.4, 40.5, 0.5], "size": [2, 1, 1], "pivot": [-18.4, 41, 1], "rotation": [0, 0, -32.5], "uv": [56, 16]},
						{"origin": [-39.2, 37.7, 0], "size": [9, 3, 2], "pivot": [-34.7, 39.2, 0.5], "rotation": [0, 0, -42.5], "uv": [132, 47]},
						{"origin": [-39.4, 39, 1], "size": [9, 4, 0], "pivot": [-34.9, 40.5, -0.5], "rotation": [0, 0, -25], "uv": [136, 108]},
						{"origin": [-42.2, 41.7, 0], "size": [9, 3, 2], "pivot": [-37.7, 43.2, 0.5], "rotation": [0, 0, -17.5], "uv": [134, 38]},
						{"origin": [-42.2, 44.7, 1], "size": [9, 3, 0], "pivot": [-37.7, 46.2, -0.5], "rotation": [0, 0, -17.5], "uv": [98, 54]},
						{"origin": [-44, 46, 0], "size": [10, 3, 2], "uv": [0, 129]},
						{"origin": [-31.6, 43.7, -1.2], "size": [5, 4, 1], "uv": [142, 5]}
					]
				},
				{
					"name": "r_finger1",
					"parent": "r_arm_lower",
					"pivot": [-28.1, 45.7, -1.2],
					"cubes": [
						{"origin": [-28.6, 44.7, -2.7], "size": [1, 2, 1], "pivot": [-28.1, 45.7, -2.2], "rotation": [90, 0, 0], "uv": [42, 31]}
					]
				},
				{
					"name": "r_finger2",
					"parent": "r_arm_lower",
					"pivot": [-31.1, 46.7, -1.2],
					"cubes": [
						{"origin": [-31.6, 45.7, -2.7], "size": [1, 2, 1], "pivot": [-31.1, 46.7, -2.2], "rotation": [90, 0, 0], "uv": [46, 0]}
					]
				},
				{
					"name": "r_finger3",
					"parent": "r_arm_lower",
					"pivot": [-31.1, 44.7, -1.2],
					"cubes": [
						{"origin": [-31.6, 43.7, -2.7], "size": [1, 2, 1], "pivot": [-31.1, 44.7, -2.2], "rotation": [90, 0, 0], "uv": [38, 54]}
					]
				},
				{
					"name": "arm_l",
					"parent": "body3",
					"pivot": [9, 47, -0.5],
					"cubes": [
						{"origin": [9, 44, -3], "size": [10, 5, 5], "uv": [52, 99]},
						{"origin": [9, 49, -2.5], "size": [4, 1, 4], "uv": [74, 67]}
					]
				},
				{
					"name": "l_arm_lower",
					"parent": "arm_l",
					"pivot": [19, 46, 0.03333],
					"cubes": [
						{"origin": [19, 43, -0.9], "size": [15, 6, 3], "uv": [48, 90]},
						{"origin": [26.6, 43.7, -1.2], "size": [5, 4, 1], "uv": [77, 99]},
						{"origin": [34, 46, 0], "size": [10, 3, 2], "uv": [126, 0]},
						{"origin": [33.2, 44.7, 1], "size": [9, 3, 0], "pivot": [37.7, 46.2, -0.5], "rotation": [0, 0, 17.5], "uv": [48, 87]},
						{"origin": [33.2, 41.7, 0], "size": [9, 3, 2], "pivot": [37.7, 43.2, 0.5], "rotation": [0, 0, 17.5], "uv": [129, 113]},
						{"origin": [30.2, 37.7, 0], "size": [9, 3, 2], "pivot": [34.7, 39.2, 0.5], "rotation": [0, 0, 42.5], "uv": [99, 101]},
						{"origin": [19, 40, 0.1], "size": [13, 3, 2], "uv": [38, 82]},
						{"origin": [17.4, 40.5, 0.5], "size": [2, 1, 1], "pivot": [18.4, 41, 1], "rotation": [0, 0, 32.5], "uv": [52, 42]},
						{"origin": [30.4, 39, 1], "size": [9, 4, 0], "pivot": [34.9, 40.5, -0.5], "rotation": [0, 0, 25], "uv": [129, 118]}
					]
				},
				{
					"name": "l_finger1",
					"parent": "l_arm_lower",
					"pivot": [31.1, 46.7, -1.2],
					"cubes": [
						{"origin": [30.6, 45.7, -2.7], "size": [1, 2, 1], "pivot": [31.1, 46.7, -2.2], "rotation": [90, 0, 0], "uv": [5, 28]}
					]
				},
				{
					"name": "l_finger2",
					"parent": "l_arm_lower",
					"pivot": [31.1, 44.7, -1.2],
					"cubes": [
						{"origin": [30.6, 43.7, -2.7], "size": [1, 2, 1], "pivot": [31.1, 44.7, -2.2], "rotation": [90, 0, 0], "uv": [5, 0]}
					]
				},
				{
					"name": "l_finger3",
					"parent": "l_arm_lower",
					"pivot": [28.1, 45.7, -1.2],
					"cubes": [
						{"origin": [27.6, 44.7, -2.7], "size": [1, 2, 1], "pivot": [28.1, 45.7, -2.2], "rotation": [90, 0, 0], "uv": [42, 28]}
					]
				},
				{
					"name": "r_wing_base",
					"parent": "body3",
					"pivot": [-6, 50, 5],
					"cubes": [
						{"origin": [-7, 48, 5], "size": [2, 3, 3], "uv": [88, 42]}
					]
				},
				{
					"name": "r_wing_main",
					"parent": "r_wing_base",
					"pivot": [-6, 50, 7.5],
					"cubes": [
						{"origin": [-7.5, 49.3, 6.5], "size": [2, 2, 3], "pivot": [-6.5, 49.8, 8], "rotation": [0, -90, -25], "uv": [32, 144]},
						{"origin": [-9.9, 48, 6.6], "size": [2, 3, 4], "pivot": [-8.9, 49.5, 8.1], "rotation": [0, -90, 22.5], "uv": [104, 140]},
						{"origin": [-11.9, 49.35, 6.8], "size": [2, 3, 4], "pivot": [-10.9, 50.85, 8.3], "rotation": [0, -90, 72.5], "uv": [140, 27]},
						{"origin": [-12.7, 37.35, 6.9], "size": [2, 17, 4], "pivot": [-11.7, 52.85, 8.4], "rotation": [0, -90, 90], "uv": [60, 125]},
						{"origin": [-13.6, 38.35, 7], "size": [2, 18, 4], "pivot": [-12.6, 54.85, 8.5], "rotation": [0, -90, 109.5], "uv": [48, 117]},
						{"origin": [-10.7, 43.35, 4.9], "size": [0, 12, 5], "pivot": [-11.7, 58.85, 7.4], "rotation": [0, -90, 80], "uv": [132, 0]},
						{"origin": [-10.7, 40.35, 4.9], "size": [0, 12, 5], "pivot": [-11.7, 55.85, 7.4], "rotation": [0, -90, 122.5], "uv": [0, 129]},
						{"origin": [-13.6, 39.75, 7.1], "size": [2, 20, 4], "pivot": [-12.6, 58.25, 8.6], "rotation": [0, -90, 122.5], "uv": [84, 113]},
						{"origin": [-9.4, 51.35, 6.8], "size": [1, 7, 3], "pivot": [-8.4, 56.85, 8.3], "rotation": [0, -90, 122.5], "uv": [0, 28]},
						{"origin": [-12.7, 50.35, 6.9], "size": [2, 8, 4], "pivot": [-11.7, 56.85, 8.4], "rotation": [0, -90, 90], "uv": [72, 137]}
					]
				},
				{
					"name": "l_wing_base",
					"parent": "body3",
					"pivot": [6, 50, 5],
					"cubes": [
						{"origin": [5, 48, 5], "size": [2, 3, 3], "uv": [0, 77]}
					]
				},
				{
					"name": "l_wing_main",
					"parent": "l_wing_base",
					"pivot": [6, 50, 7.5],
					"cubes": [
						{"origin": [5.5, 49.3, 6.5], "size": [2, 2, 3], "pivot": [6.5, 49.8, 8], "rotation": [0, 90, 25], "uv": [114, 47]},
						{"origin": [9.9, 49.35, 6.8], "size": [2, 3, 4], "pivot": [10.9, 50.85, 8.3], "rotation": [0, 90, -72.5], "uv": [46, 139]},
						{"origin": [7.9, 48, 6.6], "size": [2, 3, 4], "pivot": [8.9, 49.5, 8.1], "rotation": [0, 90, -22.5], "uv": [139, 122]},
						{"origin": [10.7, 37.35, 6.9], "size": [2, 17, 4], "pivot": [11.7, 52.85, 8.4], "rotation": [0, 90, -90], "uv": [96, 122]},
						{"origin": [11.6, 38.35, 7], "size": [2, 18, 4], "pivot": [12.6, 54.85, 8.5], "rotation": [0, 90, -109.5], "uv": [36, 117]},
						{"origin": [11.6, 39.75, 7.1], "size": [2, 20, 4], "pivot": [12.6, 58.25, 8.6], "rotation": [0, 90, -122.5], "uv": [24, 105]},
						{"origin": [8.4, 51.35, 6.8], "size": [1, 7, 3], "pivot": [8.4, 56.85, 8.3], "rotation": [0, 90, -122.5], "uv": [0, 0]},
						{"origin": [10.7, 50.35, 6.9], "size": [2, 8, 4], "pivot": [11.7, 56.85, 8.4], "rotation": [0, 90, -90], "uv": [136, 133]},
						{"origin": [10.7, 40.35, 4.9], "size": [0, 12, 5], "pivot": [11.7, 55.85, 7.4], "rotation": [0, 90, -122.5], "uv": [72, 120]},
						{"origin": [10.7, 43.35, 4.9], "size": [0, 12, 5], "pivot": [11.7, 58.85, 7.4], "rotation": [0, 90, -80], "uv": [126, 128]}
					]
				},
				{
					"name": "neck",
					"parent": "body3",
					"pivot": [0, 51, 1],
					"cubes": [
						{"origin": [-2.5, 51, -5], "size": [5, 6, 6], "uv": [122, 75]},
						{"origin": [-1, 53.5, -0.5], "size": [2, 3, 3], "pivot": [0, 55, 1], "rotation": [45, 0, 0], "uv": [116, 140]}
					]
				},
				{
					"name": "head",
					"parent": "neck",
					"pivot": [0, 57, -5],
					"cubes": [
						{"origin": [-3, 57, -5], "size": [6, 7, 3], "uv": [108, 130]},
						{"origin": [-3, 57, -2], "size": [6, 7, 4], "uv": [127, 62]},
						{"origin": [-3, 60, -11], "size": [6, 4, 6], "uv": [0, 119]},
						{"origin": [1.4, 62.95, -10.8], "size": [2, 2, 6], "pivot": [5.9, 63.9, -7.8], "rotation": [17.5, 0, 0], "uv": [108, 81]},
						{"origin": [-3.4, 62.95, -10.8], "size": [2, 2, 6], "pivot": [1.1, 63.9, -7.8], "rotation": [17.5, 0, 0], "uv": [92, 18]},
						{"origin": [-3.05, 61.59874, -9.08446], "size": [1, 2, 3], "uv": [28, 129]},
						{"origin": [1.95, 61.89874, -9.08446], "size": [1, 2, 1], "pivot": [2.45, 62.89874, -8.58446], "rotation": [0, -45, 0], "uv": [60, 0]},
						{"origin": [2.05, 61.59874, -9.08446], "size": [1, 2, 3], "uv": [77, 110]},
						{"origin": [-2.95, 61.89874, -9.08446], "size": [1, 2, 1], "pivot": [-2.45, 62.89874, -8.58446], "rotation": [0, -45, 0], "uv": [42, 71]},
						{"origin": [-1.5, 58.8, -11.075], "size": [3, 2, 0], "uv": [52, 8]},
						{"origin": [-1.5, 59.7, -9.5], "size": [0, 1, 4], "pivot": [0.5, 63.7, -8.5], "rotation": [89.99997, -87.5, -89.99997], "uv": [68, 2]},
						{"origin": [-2.5, 59.7, -10.5], "size": [0, 1, 5], "pivot": [-0.5, 63.7, -7.5], "rotation": [2.5, 0, 0], "uv": [64, 10]},
						{"origin": [2.6, 59.7, -10.5], "size": [0, 1, 5], "pivot": [4.6, 63.7, -7.5], "rotation": [2.5, 0, 0], "uv": [64, 10]}
					]
				},
				{
					"name": "head_spike",
					"parent": "head",
					"pivot": [0, 79.98074, 2.46532],
					"rotation": [5, 0, 0],
					"cubes": [
						{"origin": [-3.5, 65.22976, -13.60514], "size": [7, 3, 6], "pivot": [2, 76.7, -3.3], "rotation": [32.5, 0, 0], "uv": [114, 38]},
						{"origin": [-1, 65.87431, -11.37142], "size": [2, 2, 10], "pivot": [0.5, 78.7, -3.3], "rotation": [20, 0, 0], "uv": [110, 89]},
						{"origin": [1, 66.57431, -11.37142], "size": [1, 1, 7], "pivot": [2.5, 78.4, -3.3], "rotation": [20, 0, 0], "uv": [138, 52]},
						{"origin": [-2, 66.57431, -11.37142], "size": [1, 1, 7], "pivot": [-0.5, 78.4, -3.3], "rotation": [20, 0, 0], "uv": [84, 137]},
						{"origin": [-1.5, 65.22976, -10.10514], "size": [3, 3, 7], "pivot": [1, 76.7, 0.2], "rotation": [32.5, 0, 0], "uv": [128, 98]},
						{"origin": [-1.5, 77.13369, -11.54734], "size": [3, 3, 6], "pivot": [2, 80.6, 3.4], "rotation": [77.5, 0, 0], "uv": [136, 11]},
						{"origin": [-2.5, 67.2077, -7.15], "size": [5, 3, 4], "pivot": [2, 79.5, 1.9], "rotation": [25, 0, 0], "uv": [136, 20]},
						{"origin": [-1, 71.51345, -2.0422], "size": [2, 2, 3], "pivot": [2.5, 85.5, 5.6], "rotation": [17.5, 0, 0], "uv": [144, 78]},
						{"origin": [-0.5, 73.39345, 0.8078], "size": [1, 1, 3], "pivot": [2, 86.4, 8.4], "rotation": [17.5, 0, 0], "uv": [88, 48]},
						{"origin": [-1, 61.95267, 7.40708], "size": [2, 7, 2], "pivot": [1, 73.8, 2.3], "rotation": [-47.5, 0, 0], "uv": [0, 54]}
					]
				},
				{
					"name": "bottom_jaw",
					"parent": "head",
					"pivot": [0, 60.1, -5],
					"cubes": [
						{"origin": [-3, 58, -11], "size": [6, 2, 6], "uv": [122, 30]},
						{"origin": [-2.5, 59.4, -10.5], "size": [0, 1, 6], "uv": [62, 11]},
						{"origin": [2.6, 59.4, -10.5], "size": [0, 1, 6], "uv": [62, 11]},
						{"origin": [-1.5, 59.4, -10.5], "size": [0, 1, 5], "pivot": [0.5, 63.4, -8.5], "rotation": [0, -90, 0], "uv": [68, 2]}
					]
				},
				{
					"name": "skull_helmet",
					"parent": "head",
					"pivot": [0.6, 73.1, -11.5],
					"rotation": [10, 0, 0],
					"cubes": [
						{"origin": [-3.04, 62.50587, -17.24098], "size": [2, 3, 7], "pivot": [-3.5, 74.1, -11.5], "rotation": [17.5, 0, 0], "uv": [17, 129]},
						{"origin": [-1.5, 61.50587, -17.34098], "size": [3, 4, 8], "pivot": [-2, 73.1, -11.6], "rotation": [17.5, 0, 0], "uv": [114, 101]},
						{"origin": [1.04, 62.50587, -17.24098], "size": [2, 3, 7], "pivot": [0.5, 74.1, -11.5], "rotation": [17.5, 0, 0], "uv": [128, 123]},
						{"origin": [-3.1, 61.50587, -17.24098], "size": [2, 3, 3], "pivot": [-3.6, 73.1, -11.5], "rotation": [17.5, 0, 0], "uv": [143, 60]},
						{"origin": [1.1, 61.50587, -17.24098], "size": [2, 3, 3], "pivot": [0.6, 73.1, -11.5], "rotation": [17.5, 0, 0], "uv": [7, 144]}
					]
				},
				{
					"name": "tail",
					"parent": "body",
					"pivot": [-0.43553, 23.06497, 4],
					"cubes": [
						{"origin": [-11.43553, 14.06497, 8], "size": [2, 18, 10], "pivot": [-0.43553, 23.06497, 10.5], "rotation": [0, 0, 45], "uv": [0, 77]},
						{"origin": [-9.43553, 14.06497, 8], "size": [18, 18, 10], "pivot": [-0.43553, 23.06497, 10.5], "rotation": [0, 0, 45], "uv": [0, 0]},
						{"origin": [-9.43553, 32.06497, 8], "size": [18, 2, 10], "pivot": [-0.43553, 23.06497, 10.5], "rotation": [0, 0, 45], "uv": [52, 30]},
						{"origin": [-9.43553, 12.06497, 8], "size": [18, 2, 10], "pivot": [-0.43553, 23.06497, 10.5], "rotation": [0, 0, 45], "uv": [46, 18]},
						{"origin": [-8.43553, 15.06497, 18], "size": [16, 16, 10], "pivot": [-0.43553, 23.06497, 20.5], "rotation": [0, 0, 45], "uv": [0, 28]},
						{"origin": [-6.43553, 19.06497, 28], "size": [2, 8, 10], "pivot": [-0.43553, 23.06497, 30.5], "rotation": [0, 0, 45], "uv": [98, 20]},
						{"origin": [-4.43553, 27.06497, 28], "size": [8, 2, 10], "pivot": [-0.43553, 23.06497, 30.5], "rotation": [0, 0, 45], "uv": [88, 42]},
						{"origin": [-0.43553, 28.06497, 31], "size": [1, 5, 5], "pivot": [0.56447, 22.06497, 30.5], "rotation": [0, 0, 45], "uv": [53, 141]},
						{"origin": [-4.43553, 19.06497, 28], "size": [8, 8, 10], "pivot": [-0.43553, 23.06497, 30.5], "rotation": [0, 0, 45], "uv": [72, 72]},
						{"origin": [-4.43553, 17.06497, 28], "size": [8, 2, 10], "pivot": [-0.43553, 23.06497, 30.5], "rotation": [0, 0, 45], "uv": [86, 6]},
						{"origin": [-12.43553, 22.06497, 31], "size": [5, 1, 5], "pivot": [-1.43553, 22.06497, 30.5], "rotation": [0, 0, 45], "uv": [143, 140]},
						{"origin": [-2.94239, 14.62893, 31], "size": [5, 1, 5], "pivot": [-0.44239, 15.12893, 33.5], "rotation": [0, 0, -90], "uv": [143, 140]},
						{"origin": [3.56447, 19.06497, 28], "size": [2, 8, 10], "pivot": [-0.43553, 23.06497, 30.5], "rotation": [0, 0, 45], "uv": [38, 99]},
						{"origin": [-4.43553, 19.66497, 38], "size": [6, 6, 5], "pivot": [-0.43553, 21.66497, 40.5], "rotation": [0, 0, 45], "uv": [124, 87]},
						{"origin": [-2.43553, 21.66497, 43], "size": [2, 2, 5], "pivot": [-0.43553, 21.66497, 45.5], "rotation": [0, 0, 45], "uv": [21, 139]},
						{"origin": [8.56447, 14.06497, 8], "size": [2, 18, 10], "pivot": [-0.43553, 23.06497, 10.5], "rotation": [0, 0, 45], "uv": [24, 77]},
						{"origin": [-3, 20, 4], "size": [6, 6, 4], "pivot": [0, 23, 6], "rotation": [0, 0, -45], "uv": [14, 77]}
					]
				},
				{
					"name": "leg_l",
					"parent": "body",
					"pivot": [6, 22.5, 0],
					"cubes": [
						{"origin": [6, 12, -3], "size": [4, 9, 6], "uv": [112, 0]},
						{"origin": [6, 19, -3.5], "size": [5, 7, 7], "pivot": [8, 22.5, 0], "rotation": [45, 0, 0], "uv": [82, 99]}
					]
				},
				{
					"name": "l_leg_lower",
					"parent": "leg_l",
					"pivot": [7.9, 12, -3],
					"cubes": [
						{"origin": [5.9, 4, -3], "size": [4, 8, 6], "uv": [115, 116]}
					]
				},
				{
					"name": "l_foot",
					"parent": "l_leg_lower",
					"pivot": [7.9, 4, 0],
					"cubes": [
						{"origin": [5.4, 0, 0], "size": [5, 4, 4], "uv": [42, 30]},
						{"origin": [7.4, 3, 2.9], "size": [1, 2, 3], "pivot": [7.9, 4, 4.9], "rotation": [40, 0, 0], "uv": [33, 54]},
						{"origin": [5.9, 2, -3], "size": [4, 2, 3], "uv": [141, 84]},
						{"origin": [5.4, 0, -3], "size": [5, 2, 3], "uv": [138, 73]},
						{"origin": [5.4, 0, -5], "size": [5, 2, 2], "uv": [32, 105]}
					]
				},
				{
					"name": "bone5",
					"parent": "l_foot",
					"pivot": [4.4, -1.7, -8.8],
					"rotation": [0, 12.5, 0],
					"cubes": [
						{"origin": [4.4, -0.2, -6.3], "size": [2, 2, 2], "uv": [33, 59]},
						{"origin": [4.4, -0.2, -7.3], "size": [2, 1, 1], "uv": [46, 8]}
					]
				},
				{
					"name": "bone4",
					"parent": "l_foot",
					"pivot": [7.9, 0.65, -6.75],
					"cubes": [
						{"origin": [6.9, -0.1, -7], "size": [2, 2, 2], "uv": [56, 12]},
						{"origin": [6.9, -0.1, -8], "size": [2, 1, 1], "uv": [63, 2]}
					]
				},
				{
					"name": "bone3",
					"parent": "l_foot",
					"pivot": [11, -1.7, -6.9],
					"rotation": [0, -12.5, 0],
					"cubes": [
						{"origin": [9, -0.2, -7.4], "size": [2, 1, 1], "uv": [63, 42]},
						{"origin": [9, -0.2, -6.4], "size": [2, 2, 2], "uv": [56, 8]}
					]
				},
				{
					"name": "right_leg",
					"parent": "body",
					"pivot": [-6, 22.5, -0.1],
					"cubes": [
						{"origin": [-11, 19, -3.5], "size": [5, 7, 7], "pivot": [-8, 22.5, 0], "rotation": [45, 0, 0], "uv": [0, 105]},
						{"origin": [-10, 12, -3], "size": [4, 9, 6], "uv": [116, 15]}
					]
				},
				{
					"name": "r_leg_bottom",
					"parent": "right_leg",
					"pivot": [-7.9, 12, -3],
					"cubes": [
						{"origin": [-9.9, 4, -3], "size": [4, 8, 6], "uv": [118, 48]}
					]
				},
				{
					"name": "r_foot",
					"parent": "r_leg_bottom",
					"pivot": [-7.9, 4, 0],
					"cubes": [
						{"origin": [-10.4, 0, 0], "size": [5, 4, 4], "uv": [46, 0]},
						{"origin": [-8.4, 3, 2.9], "size": [1, 2, 3], "pivot": [-7.9, 4, 4.9], "rotation": [40, 0, 0], "uv": [42, 66]},
						{"origin": [-9.9, 2, -3], "size": [4, 2, 3], "uv": [141, 98]},
						{"origin": [-10.4, 0, -3], "size": [5, 2, 3], "uv": [10, 139]},
						{"origin": [-10.4, 0, -5], "size": [5, 2, 2], "uv": [140, 43]}
					]
				},
				{
					"name": "bone8",
					"parent": "r_foot",
					"pivot": [-10.8, -1.5, -9.5],
					"cubes": [
						{"origin": [-10.8, -0.2, -6.6], "size": [2, 2, 2], "pivot": [-9.8, 0.55, -6.35], "rotation": [0, 12.5, 0], "uv": [62, 10]},
						{"origin": [-10.8, -0.2, -7.6], "size": [2, 1, 1], "pivot": [-9.8, 0.55, -6.35], "rotation": [0, 12.5, 0], "uv": [64, 4]}
					]
				},
				{
					"name": "bone7",
					"parent": "r_foot",
					"pivot": [-9.9, -1.6, -9.5],
					"cubes": [
						{"origin": [-8.9, -0.1, -7], "size": [2, 2, 2], "uv": [62, 6]},
						{"origin": [-8.9, -0.1, -8], "size": [2, 1, 1], "uv": [64, 0]}
					]
				},
				{
					"name": "bone6",
					"parent": "r_foot",
					"pivot": [-6, 0.55, -6.35],
					"rotation": [0, -12.5, 0],
					"cubes": [
						{"origin": [-7, -0.2, -6.6], "size": [2, 2, 2], "uv": [0, 83]},
						{"origin": [-7, -0.2, -7.6], "size": [2, 1, 1], "uv": [52, 38]}
					]
				}
			]
		}
	]
}