{
  "replace": false,

  "_comment": " This biome tag can specify the biome directly. Or specify another biome tag by starting with # ",
  "values": [
    "minecraft:flower_forest",
    "biomeswevegone:allium_shrubland",
    "biomeswevegone:amaranth_grassland",
    "biomeswevegone:coconino_meadow",
    "biomeswevegone:enchanted_tangle",
    "biomeswevegone:lush_stacks",
    "biomeswevegone:orchard",
    "biomeswevegone:sakura_grove",
    {
      "id": "byg:allium_fields",
      "required": false
    },
    {
      "id": "byg:amaranth_fields",
      "required": false
    },
    {
      "id": "byg:rose_fields",
      "required": false
    },
    {
      "id": "biomesoplenty:lavender_field",
      "required": false
    },
    {
      "id": "biomesoplenty:mystic_grove",
      "required": false
    }
  ]
}