{
  "replace": false,

  "_comment": " This biome tag can specify the biome directly. Or specify another biome tag by starting with # ",
  "values": [
    "minecraft:forest",
    "minecraft:forest",
    "biomeswevegone:aspen_boreal",
    "biomeswevegone:black_forest",
    "biomeswevegone:canadian_shield",
    "biomeswevegone:cika_woods",
    "biomeswevegone:coniferous_forest",
    "biomeswevegone:dacite_ridges",
    "biomeswevegone:ebony_woods",
    "biomeswevegone:enchanted_tangle",
    "biomeswevegone:eroded_borealis",
    "biomeswevegone:forgotten_forest",
    "biomeswevegone:frosted_coniferous_forest",
    "biomeswevegone:howling_peaks",
    "biomeswevegone:orchard",
    "biomeswevegone:overgrowth_woodlands",
    "biomeswevegone:redwood_thicket",
    "biomeswevegone:sakura_grove",
    "biomeswevegone:skyrise_vale",
    "biomeswevegone:weeping_witch_forest",
    "biomeswevegone:zelkova_forest",
    {
      "id": "biomesoplenty:bamboo_grove",
      "required": false
    },
    {
      "id": "biomesoplenty:boreal_forest",
      "required": false
    },
    {
      "id": "biomesoplenty:cherry_blossom_grove",
      "required": false
    },
    {
      "id": "biomesoplenty:lavender_forest",
      "required": false
    },
    {
      "id": "biomesoplenty:maple_woods",
      "required": false
    },
    {
      "id": "biomesoplenty:seasonal_forest",
      "required": false
    },    
	{
      "id": "biomesoplenty:orchard",
      "required": false
    }
  ]
}