{
  "replace": false,

  "_comment": " This biome tag can specify the biome directly. Or specify another biome tag by starting with # ",
  "values": [
    "#minecraft:is_taiga",
    "biomeswevegone:frosted_taiga",
    "biomeswevegone:maple_taiga",
    {
      "id": "byg:canadian_shield",
      "required": false
    },
    {
      "id": "byg:snowy_deciduous_forest",
      "required": false
    },
    {
      "id": "byg:snowy_evergreen_taiga",
      "required": false
    }
  ]
}