{
    "head": "head",
	"portraitScale": 2.3,
    "portraitTranslation": [ -0.2, -1.2, 0 ],
    "profileScale": 0.9,
    "profileTranslation": [ 0, 0.4, 0 ],
    "poses": {
      "standing": {
        "poseName": "standing",
        "transformTicks": 10,
        "poseTypes": [
          "STAND",
          "NONE",
          "PORTRAIT",
          "PROFILE"
        ],
        "animations": [
          "bedrock(pichus, ground_idle2)"
        ]
      },
      "walking": {
        "poseName": "walking",
        "transformTicks": 10,
        "poseTypes": [ "WALK" ],
        "animations": [ "bedrock(pichus, ground_walk)" ]
		}
      }
    }