{
    "portraitScale": 2.3,
    "portraitTranslation": [ -0.4, -0.2, 0 ],
    "profileScale": 0.9,
    "profileRotation": 90,
    "profileTranslation": [ 0, 0.5, 0 ],
    "poses": {

      "standing": {
        "poseName": "standing",
        "transformTicks": 10,
        "poseTypes": [
          "STAND",
          "NONE",
          "PORTRAIT",
          "PROFILE"
        ],
        "animations": [
          "bedrock(sylveonz, ground_sit)"
        ],
        "quirks": [
          {
            "name": "blink",
            "animations": ["bedrock(sylveonz, blink)"]
          }
        ]
      },

      "walking": {
        "poseName": "walking",
        "transformTicks": 10,
        "poseTypes": [ "WALK" ],
        "animations": [ "bedrock(sylveonz, ground_run)" ],
        "quirks": [
          {
            "name": "blink",
            "animations": ["bedrock(sylveonz, blink)"]
          }
        ]
      }
    }
  }