{
	"format_version": "1.12.0",
	"minecraft:geometry": [
		{
			"description": {
				"identifier": "geometry.unknown",
				"texture_width": 256,
				"texture_height": 256,
				"visible_bounds_width": 12,
				"visible_bounds_height": 7.5,
				"visible_bounds_offset": [0, 3.25, 0]
			},
			"bones": [
				{
					"name": "root",
					"pivot": [0, 0, 0]
				},
				{
					"name": "lugia",
					"parent": "root",
					"pivot": [0, 0, 0]
				},
				{
					"name": "body",
					"parent": "lugia",
					"pivot": [0.09286, 39.01917, 11.4289],
					"cubes": [
						{"origin": [-42.75907, 29, 22.00907], "size": [16, 22, 16], "pivot": [0.1, 47.62162, 29.98407], "rotation": [0, -90, 0], "uv": [68, 30]},
						{"origin": [-38.63508, 38.14307, 22.50907], "size": [22, 31, 15], "pivot": [0.1, 47.62162, 29.98407], "rotation": [90, -45, -90], "uv": [0, 0]},
						{"origin": [-34.52162, 52.48069, 21.00907], "size": [16, 22, 18], "pivot": [0.1, 47.62162, 29.98407], "rotation": [90, 0, -90], "uv": [0, 46]},
						{"origin": [-43.30199, 41.97114, 21.50907], "size": [11, 23, 17], "pivot": [0.1, 47.62162, 29.98407], "rotation": [90, -45, -90], "uv": [68, 68]},
						{"origin": [-8.69168, 64.43597, 12.98125], "size": [9, 4, 1], "pivot": [0.1, 47.62162, 29.98407], "rotation": [55.95742, -31.42176, -37.65635], "uv": [176, 53]},
						{"origin": [-0.10832, 64.43597, 12.98125], "size": [9, 4, 1], "pivot": [0.1, 47.62162, 29.98407], "rotation": [55.95742, 31.42176, 37.65635], "uv": [44, 143]},
						{"origin": [-2.10832, 58.77911, 12.98125], "size": [11, 4, 1], "pivot": [0.1, 47.62162, 29.98407], "rotation": [55.95742, 31.42176, 37.65635], "uv": [44, 86]},
						{"origin": [-1.10832, 53.12226, 12.98125], "size": [10, 4, 1], "pivot": [0.1, 47.62162, 29.98407], "rotation": [55.95742, 31.42176, 37.65635], "uv": [64, 157]},
						{"origin": [0.89168, 47.4654, 12.98125], "size": [8, 4, 1], "pivot": [0.1, 47.62162, 29.98407], "rotation": [55.95742, 31.42176, 37.65635], "uv": [50, 58]},
						{"origin": [1.89168, 41.80855, 12.98125], "size": [7, 4, 1], "pivot": [0.1, 47.62162, 29.98407], "rotation": [55.95742, 31.42176, 37.65635], "uv": [52, 91]},
						{"origin": [-8.69168, 41.80855, 12.98125], "size": [7, 4, 1], "pivot": [0.1, 47.62162, 29.98407], "rotation": [55.95742, -31.42176, -37.65635], "uv": [68, 79]},
						{"origin": [-8.69168, 47.4654, 12.98125], "size": [8, 4, 1], "pivot": [0.1, 47.62162, 29.98407], "rotation": [55.95742, -31.42176, -37.65635], "uv": [97, 19]},
						{"origin": [-8.69168, 53.12226, 12.98125], "size": [10, 4, 1], "pivot": [0.1, 47.62162, 29.98407], "rotation": [55.95742, -31.42176, -37.65635], "uv": [25, 138]},
						{"origin": [-8.69168, 58.77911, 12.98125], "size": [11, 4, 1], "pivot": [0.1, 47.62162, 29.98407], "rotation": [55.95742, -31.42176, -37.65635], "uv": [107, 79]}
					]
				},
				{
					"name": "l_wing",
					"parent": "body",
					"pivot": [8, 41.2687, 1.4898],
					"cubes": [
						{"origin": [-19.63508, 36.14307, -11.49093], "size": [3, 14, 24], "pivot": [0.1, 28.62162, 19.98407], "rotation": [0, -90, 0], "uv": [30, 100]}
					]
				},
				{
					"name": "l_wing1",
					"parent": "l_wing",
					"pivot": [31.58012, 41.00093, 1.45277],
					"cubes": [
						{"origin": [-19.63508, 31.14307, -30.49093], "size": [3, 19, 19], "pivot": [0.1, 28.62162, 19.98407], "rotation": [0, -90, 0], "uv": [0, 124]}
					]
				},
				{
					"name": "l_wing2",
					"parent": "l_wing1",
					"pivot": [50.69764, 41.06058, 1.4034],
					"cubes": [
						{"origin": [-19.63508, 28.14307, -49.49093], "size": [3, 23, 19], "pivot": [0.1, 28.62162, 19.98407], "rotation": [0, -90, 0], "uv": [116, 0]},
						{"origin": [7.88026, 45.6481, -52.47166], "size": [3, 5, 9], "pivot": [0.1, 28.62162, 19.98407], "rotation": [0, -65, 0], "uv": [45, 175]},
						{"origin": [-19.63508, 46.14307, -57.49093], "size": [3, 5, 8], "pivot": [0.1, 28.62162, 19.98407], "rotation": [0, -90, 0], "uv": [182, 22]},
						{"origin": [-19.63508, 40.14307, -59.49093], "size": [3, 5, 10], "pivot": [0.1, 28.62162, 19.98407], "rotation": [0, -90, 0], "uv": [149, 171]},
						{"origin": [-19.63508, 34.14307, -58.49093], "size": [3, 5, 9], "pivot": [0.1, 28.62162, 19.98407], "rotation": [0, -90, 0], "uv": [175, 171]},
						{"origin": [-19.63508, 28.14307, -57.49093], "size": [3, 5, 8], "pivot": [0.1, 28.62162, 19.98407], "rotation": [0, -90, 0], "uv": [0, 181]}
					]
				},
				{
					"name": "leg_right",
					"parent": "body",
					"pivot": [-10.75833, 26.58259, 0.01133],
					"cubes": [
						{"origin": [-28.47385, 70.05608, 37.00907], "size": [15, 15, 8], "pivot": [0.1, 47.62162, 29.98407], "rotation": [90, 0, -90], "uv": [153, 127]}
					]
				},
				{
					"name": "leg_right_lower",
					"parent": "leg_right",
					"pivot": [-10.675, 19.09999, -0.0078],
					"cubes": [
						{"origin": [-44.36941, 75.1709, 38.00906], "size": [9, 5, 5], "pivot": [0.1, 47.62162, 29.98407], "rotation": [90, 0, -90], "uv": [74, 19]},
						{"origin": [-35.47385, 72.55608, 37.00906], "size": [7, 10, 8], "pivot": [0.1, 47.62162, 29.98407], "rotation": [90, 0, -90], "uv": [167, 71]}
					]
				},
				{
					"name": "foot_right",
					"parent": "leg_right_lower",
					"pivot": [-10.425, 3.15552, -0.20244],
					"rotation": [0, 0, 0],
					"cubes": [
						{"origin": [-47.36611, 73.80813, 36.50906], "size": [3, 16, 8], "pivot": [0.1, 47.62162, 29.98407], "rotation": [90, 0, -90], "uv": [30, 86]}
					]
				},
				{
					"name": "neck",
					"parent": "body",
					"pivot": [0.075, 51.25, -7.125],
					"cubes": [
						{"origin": [-42.00907, 68, 25.00907], "size": [10, 11, 10], "pivot": [0.1, 47.62162, 29.98407], "rotation": [0, -90, 0], "uv": [153, 150]},
						{"origin": [-42.50907, 46, 24.50907], "size": [11, 22, 11], "pivot": [0.1, 47.62162, 29.98407], "rotation": [0, -90, 0], "uv": [109, 131]}
					]
				},
				{
					"name": "head",
					"parent": "neck",
					"pivot": [0.11653, 79.24901, -8.37178],
					"rotation": [180, 0, 180],
					"cubes": [
						{"origin": [-4.88347, 79, -15.52707], "size": [10, 11, 12], "uv": [148, 30]},
						{"origin": [-4.88347, 90, -19.02707], "size": [10, 5, 14], "uv": [74, 0]},
						{"origin": [-3.88347, 95.24204, -50.77299], "size": [8, 7, 10], "pivot": [0.13307, 47.62162, -46.72763], "rotation": [-35, 0, 0], "uv": [141, 0]},
						{"origin": [-2.88347, 89, -24.02707], "size": [6, 6, 5], "uv": [73, 108]},
						{"origin": [-1.38347, 92, -30.02707], "size": [3, 3, 6], "uv": [0, 124]},
						{"origin": [-4.38347, 96.31161, -21.11354], "size": [9, 9, 11], "pivot": [0.13307, 47.62162, -46.72763], "rotation": [-17.5, 0, 0], "uv": [75, 157]},
						{"origin": [-12.15921, 99.6426, -23.17289], "size": [1, 4, 11], "pivot": [0.13307, 47.62162, -46.72763], "rotation": [-17.89807, 11.91276, -3.81397], "uv": [90, 120]},
						{"origin": [-12.15921, 100.6426, -26.17289], "size": [1, 3, 3], "pivot": [0.13307, 47.62162, -46.72763], "rotation": [-17.89807, 11.91276, -3.81397], "uv": [0, 86]},
						{"origin": [-12.15921, 101.6426, -28.17289], "size": [1, 2, 2], "pivot": [0.13307, 47.62162, -46.72763], "rotation": [-17.89807, 11.91276, -3.81397], "uv": [0, 11]},
						{"origin": [-3.88347, 108.27037, -61.74082], "size": [8, 6, 7], "pivot": [0.13307, 47.62162, -46.72763], "rotation": [-62.5, 0, 0], "uv": [160, 17]},
						{"origin": [-3.38347, 89.97218, -84.80601], "size": [7, 13, 3], "pivot": [0.13307, 47.62162, -46.72763], "rotation": [-90, 0, 0], "uv": [69, 177]},
						{"origin": [11.38274, 99.62757, -23.21229], "size": [1, 4, 11], "pivot": [0.13307, 47.62162, -46.72763], "rotation": [-17.89807, -11.91276, 3.81397], "uv": [60, 108]},
						{"origin": [11.38274, 100.62757, -26.21229], "size": [1, 3, 3], "pivot": [0.13307, 47.62162, -46.72763], "rotation": [-17.89807, -11.91276, 3.81397], "uv": [74, 36]},
						{"origin": [11.38274, 101.62757, -28.21229], "size": [1, 2, 2], "pivot": [0.13307, 47.62162, -46.72763], "rotation": [-17.89807, -11.91276, 3.81397], "uv": [6, 0]}
					]
				},
				{
					"name": "lower_jaw",
					"parent": "head",
					"pivot": [0.11653, 82.7, -3.62707],
					"cubes": [
						{"origin": [-2.88347, 89.97218, -81.80601], "size": [6, 12, 3], "pivot": [0.13307, 47.62162, -46.72763], "rotation": [-90, 0, 0], "uv": [0, 46]}
					]
				},
				{
					"name": "r_wing",
					"parent": "body",
					"pivot": [-8, 41.2687, 1.4898],
					"cubes": [
						{"origin": [16.83508, 36.14307, -11.49093], "size": [3, 14, 24], "pivot": [0.1, 28.62162, 19.98407], "rotation": [0, 90, 0], "uv": [0, 86]}
					]
				},
				{
					"name": "bone",
					"parent": "r_wing",
					"pivot": [-31.38012, 41.00093, 1.45277],
					"cubes": [
						{"origin": [16.83508, 31.14307, -30.49093], "size": [3, 19, 19], "pivot": [0.1, 28.62162, 19.98407], "rotation": [0, 90, 0], "uv": [65, 119]}
					]
				},
				{
					"name": "bone2",
					"parent": "bone",
					"pivot": [-50.375, 39.64307, 0.71224],
					"cubes": [
						{"origin": [-69.66174, 28.14307, -1.53776], "size": [3, 23, 19], "pivot": [-67.125, 39.64307, 0.71224], "rotation": [0, 90, 0], "uv": [105, 89]},
						{"origin": [-66.96095, 45.6481, -2.67232], "size": [3, 5, 9], "pivot": [-67.125, 39.64307, 0.71224], "rotation": [0, 65, 0], "uv": [21, 175]},
						{"origin": [-69.66174, 46.14307, -9.53776], "size": [3, 5, 8], "pivot": [-67.125, 39.64307, 0.71224], "rotation": [0, 90, 0], "uv": [180, 89]},
						{"origin": [-69.66174, 40.14307, -11.53776], "size": [3, 5, 10], "pivot": [-67.125, 39.64307, 0.71224], "rotation": [0, 90, 0], "uv": [160, 53]},
						{"origin": [-69.66174, 34.14307, -10.53776], "size": [3, 5, 9], "pivot": [-67.125, 39.64307, 0.71224], "rotation": [0, 90, 0], "uv": [108, 0]},
						{"origin": [-69.66174, 28.14307, -9.53776], "size": [3, 5, 8], "pivot": [-67.125, 39.64307, 0.71224], "rotation": [0, 90, 0], "uv": [89, 177]}
					]
				},
				{
					"name": "leg_left",
					"parent": "body",
					"pivot": [10.875, 26.85082, -1.04211],
					"cubes": [
						{"origin": [13.67385, 70.05608, 37.00907], "size": [15, 15, 8], "pivot": [0.1, 47.62162, 29.98407], "rotation": [90, 0, 90], "uv": [149, 104]}
					]
				},
				{
					"name": "leg_right_lower2",
					"parent": "leg_left",
					"pivot": [10.875, 19.09999, -0.0078],
					"cubes": [
						{"origin": [28.67385, 72.55608, 37.00906], "size": [7, 10, 8], "pivot": [0.1, 47.62162, 29.98407], "rotation": [90, 0, 90], "uv": [0, 162]},
						{"origin": [35.56941, 75.1709, 38.00906], "size": [9, 5, 5], "pivot": [0.1, 47.62162, 29.98407], "rotation": [90, 0, 90], "uv": [59, 0]}
					]
				},
				{
					"name": "left_foot",
					"parent": "leg_right_lower2",
					"pivot": [10.625, 3.15552, -0.20244],
					"cubes": [
						{"origin": [44.56611, 73.80813, 36.50906], "size": [3, 16, 8], "pivot": [0.1, 47.62162, 29.98407], "rotation": [90, 0, 90], "uv": [0, 86]}
					]
				},
				{
					"name": "tail",
					"parent": "body",
					"pivot": [0.075, 28, 24.625],
					"cubes": [
						{"origin": [-33.52162, 41.48069, 22.50907], "size": [14, 11, 15], "pivot": [0.1, 47.62162, 29.98407], "rotation": [90, 0, -90], "uv": [117, 53]}
					]
				},
				{
					"name": "tail1",
					"parent": "tail",
					"pivot": [0.075, 21, 36.125],
					"cubes": [
						{"origin": [-32.52162, 29.48069, 23.50907], "size": [12, 12, 13], "pivot": [0.1, 47.62162, 29.98407], "rotation": [90, 0, -90], "uv": [130, 79]}
					]
				},
				{
					"name": "tail2",
					"parent": "tail1",
					"pivot": [0.075, 21, 48.125],
					"cubes": [
						{"origin": [-31.52162, 16.48069, 24.50907], "size": [10, 13, 11], "pivot": [0.1, 47.62162, 29.98407], "rotation": [90, 0, -90], "uv": [33, 151]}
					]
				},
				{
					"name": "tail3",
					"parent": "tail2",
					"pivot": [0.075, 21, 61.125],
					"cubes": [
						{"origin": [-30.52162, 7.48069, 25.50907], "size": [8, 9, 9], "pivot": [0.1, 47.62162, 29.98407], "rotation": [90, 0, -90], "uv": [115, 164]}
					]
				},
				{
					"name": "tail4",
					"parent": "tail3",
					"pivot": [0.09167, 21, 70.20522],
					"cubes": [
						{"origin": [-27.02162, 14.32656, 64.31969], "size": [1, 7, 4], "pivot": [0.1, 47.62162, 29.98407], "rotation": [35, 0, -90], "uv": [68, 68]},
						{"origin": [-27.02162, 10.32656, 65.31969], "size": [1, 4, 3], "pivot": [0.1, 47.62162, 29.98407], "rotation": [35, 0, -90], "uv": [74, 29]},
						{"origin": [26.22162, 10.32656, 65.31969], "size": [1, 4, 3], "pivot": [0.1, 47.62162, 29.98407], "rotation": [35, 0, 90], "uv": [7, 8]},
						{"origin": [26.22162, 14.32656, 64.31969], "size": [1, 7, 4], "pivot": [0.1, 47.62162, 29.98407], "rotation": [35, 0, 90], "uv": [0, 0]},
						{"origin": [-29.52162, 0.48069, 27.00907], "size": [6, 7, 6], "pivot": [0.1, 47.62162, 29.98407], "rotation": [90, 0, -90], "uv": [177, 0]},
						{"origin": [-28.52162, -7.51931, 28.00907], "size": [4, 8, 4], "pivot": [0.1, 47.62162, 29.98407], "rotation": [90, 0, -90], "uv": [50, 46]}
					]
				}
			]
		}
	]
}