{
  "allowStarterOnJoin": true,
  "promptStarterOnceOnly": true,
  "starters": [
    {
      "name": "Kanto",
      "displayName": "cobblemon.starterselection.category.kanto",
      "pokemon": [
        "Bulbasaur level=5",
        "Charmander level=5",
        "Squirtle level=5"
      ]
    },
    {
      "name": "Johto",
      "displayName": "cobblemon.starterselection.category.johto",
      "pokemon": [
        "Chikorita level=5",
        "Cyndaquil level=5",
        "Totodile level=5"
      ]
    },
    {
      "name": "Hoenn",
      "displayName": "cobblemon.starterselection.category.hoenn",
      "pokemon": [
        "Treecko level=5",
        "Torchic level=5",
        "Mudkip level=5"
      ]
    },
    {
      "name": "Sinnoh",
      "displayName": "cobblemon.starterselection.category.sinnoh",
      "pokemon": [
        "Turtwig level=5",
        "Chimchar level=5",
        "Piplup level=5"
      ]
    },
    {
      "name": "Unova",
      "displayName": "cobblemon.starterselection.category.unova",
      "pokemon": [
        "Snivy level=5",
        "Tepig level=5",
        "Oshawott level=5"
      ]
    },
    {
      "name": "Kalos",
      "displayName": "cobblemon.starterselection.category.kalos",
      "pokemon": [
        "Chespin level=5",
        "Fennekin level=5",
        "Froakie level=5"
      ]
    },
    {
      "name": "Alola",
      "displayName": "cobblemon.starterselection.category.alola",
      "pokemon": [
        "Rowlet level=5",
        "Litten level=5",
        "Popplio level=5"
      ]
    },
    {
      "name": "Galar",
      "displayName": "cobblemon.starterselection.category.galar",
      "pokemon": [
        "Grookey level=5",
        "Scorbunny level=5",
        "Sobble level=5"
      ]
    },
    {
      "name": "Hisui Bias",
      "displayName": "cobblemon.starterselection.category.hisui_bias",
      "pokemon": [
        "Rowlet region_bias=hisui level=5 pokeball=ancient_poke_ball",
        "Cyndaquil region_bias=hisui level=5 pokeball=ancient_poke_ball",
        "Oshawott region_bias=hisui level=5 pokeball=ancient_poke_ball"
      ]
    },
    {
      "name": "Paldea",
      "displayName": "cobblemon.starterselection.category.paldea",
      "pokemon": [
        "Sprigatito level=5",
        "Fuecoco level=5",
        "Quaxly level=5"
      ]
    },
    {
      "name": "Academy",
      "displayName": "Academy",
      "pokemon": [
        "Pikachu level=5",
        "Eevee level=5",
        "Magikarp level=5",
        "Rattata level=5",
        "Ekans level=5",
        "Pidgey level=5",
        "Abra level=5",
        "Luvdisc level=5",
        "Fletchling level=5"
      ]
    }
  ]
}