{
	"format_version": "1.12.0",
	"minecraft:geometry": [
		{
			"description": {
				"identifier": "geometry.arceus",
				"texture_width": 256,
				"texture_height": 256,
				"visible_bounds_width": 7,
				"visible_bounds_height": 5.5,
				"visible_bounds_offset": [0, 2.25, 0]
			},
			"bones": [
				{
					"name": "arceus",
					"pivot": [0, 0, 0]
				},
				{
					"name": "front_leg_left",
					"parent": "arceus",
					"pivot": [5.0247, 32.55294, -9.84014],
					"rotation": [-7.5, 0, 0],
					"cubes": [
						{"origin": [5, 21.16231, -12.04087], "size": [5, 15, 5], "pivot": [-0.5, 30.16231, -10.04087], "rotation": [7.5, 0, 0], "uv": [60, 64]},
						{"origin": [5.97868, 28.51061, -10.89751], "size": [4, 4, 2], "pivot": [11, 28.97507, -11.39751], "rotation": [5.31847, -5.29571, 44.75386], "uv": [32, 120]}
					]
				},
				{
					"name": "BottomLegFL",
					"parent": "front_leg_left",
					"pivot": [7.5, 20.94696, -10.73431],
					"cubes": [
						{"origin": [4, 13.16231, -13.04087], "size": [7, 6, 5], "pivot": [-0.5, 30.16231, -10.04087], "rotation": [7.5, 0, 0], "uv": [0, 94]},
						{"origin": [5, 11.34734, -10.21778], "size": [5, 10, 5], "pivot": [7.5, 16.34734, -7.71778], "rotation": [7.5, 0, 0], "uv": [34, 95]},
						{"origin": [4, 14.48143, -17.80053], "size": [7, 2, 1], "pivot": [-0.5, 12.98143, -10.30053], "rotation": [-82.5, 0, 0], "uv": [0, 71]},
						{"origin": [5.5, 4.16231, -12.04087], "size": [4, 7, 5], "pivot": [-0.5, 30.16231, -10.04087], "rotation": [7.5, 0, 0], "uv": [49, 105]},
						{"origin": [6, 0.16231, -11.04087], "size": [3, 4, 3], "pivot": [-0.5, 30.16231, -10.04087], "rotation": [7.5, 0, 0], "uv": [112, 7]},
						{"origin": [6, 13.16231, -7.04087], "size": [3, 7, 3], "pivot": [-0.5, 30.16231, -10.04087], "rotation": [7.5, 0, 0], "uv": [110, 110]}
					]
				},
				{
					"name": "front_leg_right",
					"parent": "arceus",
					"pivot": [-6.01518, 32.48604, -9.70751],
					"rotation": [-7.5, 0, 0],
					"cubes": [
						{"origin": [-11, 21.16035, -11.70362], "size": [5, 15, 5], "pivot": [-0.5, 30.16035, -10.00362], "rotation": [7.5, 0, 0], "uv": [40, 64]},
						{"origin": [-8.83553, 13.79444, -10.56026], "size": [4, 4, 2], "pivot": [11, 28.97312, -11.36026], "rotation": [5.31847, -5.29571, 44.75386], "uv": [72, 119]}
					]
				},
				{
					"name": "bottomLegFR",
					"parent": "front_leg_right",
					"pivot": [-8.5, 20.945, -10.79706],
					"cubes": [
						{"origin": [-12, 14.47947, -17.46329], "size": [7, 2, 1], "pivot": [-0.5, 12.97947, -10.26329], "rotation": [-82.5, 0, 0], "uv": [66, 44]},
						{"origin": [-12, 13.16035, -12.70362], "size": [7, 6, 5], "pivot": [-0.5, 30.16035, -10.00362], "rotation": [7.5, 0, 0], "uv": [90, 90]},
						{"origin": [-11, 11.16035, -11.70362], "size": [5, 10, 5], "pivot": [-0.5, 30.16035, -10.00362], "rotation": [7.5, 0, 0], "uv": [58, 90]},
						{"origin": [-10.5, 4.16035, -11.70362], "size": [4, 7, 5], "pivot": [-0.5, 30.16035, -10.00362], "rotation": [7.5, 0, 0], "uv": [106, 67]},
						{"origin": [-10, 0.16035, -10.70362], "size": [3, 4, 3], "pivot": [-0.5, 30.16035, -10.00362], "rotation": [7.5, 0, 0], "uv": [113, 34]},
						{"origin": [-10, 13.16035, -6.70362], "size": [3, 7, 3], "pivot": [-0.5, 30.16035, -10.00362], "rotation": [7.5, 0, 0], "uv": [36, 110]}
					]
				},
				{
					"name": "torso",
					"parent": "arceus",
					"pivot": [-0.5, 36.48333, 7.66667],
					"cubes": [
						{"origin": [-6, 30, 9], "size": [11, 13, 10], "uv": [34, 41]},
						{"origin": [-5, 31, 8], "size": [9, 11, 1], "uv": [93, 101]},
						{"origin": [-8, 29.9, -7], "size": [15, 13, 15], "uv": [0, 0]}
					]
				},
				{
					"name": "tail",
					"parent": "torso",
					"pivot": [-0.5, 40.5, 16],
					"cubes": [
						{"origin": [-3, 37, 16], "size": [5, 7, 8], "uv": [45, 0]}
					]
				},
				{
					"name": "tail_piece_1",
					"parent": "tail",
					"pivot": [-0.5, 41, 24],
					"cubes": [
						{"origin": [-2.5, 38, 24], "size": [4, 6, 8], "uv": [64, 7]}
					]
				},
				{
					"name": "tail_piece_2",
					"parent": "tail_piece_1",
					"pivot": [-0.5, 42, 32],
					"cubes": [
						{"origin": [-2, 40, 32], "size": [3, 4, 8], "uv": [94, 25]}
					]
				},
				{
					"name": "tail_piece_3",
					"parent": "tail_piece_2",
					"pivot": [-0.5, 43, 40],
					"cubes": [
						{"origin": [-1.5, 42, 40], "size": [2, 2, 4], "uv": [118, 49]}
					]
				},
				{
					"name": "ring",
					"parent": "torso",
					"pivot": [-0.34779, 37.54742, 8.5],
					"cubes": [
						{"origin": [9.8, 48.9, 8.5], "size": [6, 5, 0], "pivot": [0.2, 25.2, 8], "rotation": [0, 0, -45], "uv": [96, 57]},
						{"origin": [5.7, 54.3, 8.5], "size": [4, 7, 0], "pivot": [0.6, 25.6, 8], "rotation": [0, 0, -45], "uv": [45, 0]},
						{"origin": [5.7, 49.3, 7.5], "size": [4, 5, 2], "pivot": [0.6, 25.6, 8], "rotation": [0, 0, -45], "uv": [48, 117]},
						{"origin": [7.1, 49.5, 7], "size": [2, 4, 3], "pivot": [1, 25.5, 8], "rotation": [0, 0, -45], "uv": [41, 123]},
						{"origin": [-16.7, 42.3, 8], "size": [3, 8, 1], "pivot": [-17.9, 47.9, 8.5], "rotation": [0, 0, 27.5], "uv": [84, 123]},
						{"origin": [-19.4, 33.4, 7.5], "size": [3, 9, 2], "uv": [112, 42]},
						{"origin": [10.40778, 19.08309, 8], "size": [3, 9.8, 1], "pivot": [-1.22298, 30.27332, 8.5], "rotation": [0, 0, 152.5], "uv": [120, 86]},
						{"origin": [0.04688, 43.91094, 7.5], "size": [4, 5, 2], "pivot": [-1.20312, 33.11094, 8], "rotation": [0, 0, -135], "uv": [118, 102]},
						{"origin": [1.44688, 44.11094, 7], "size": [2, 4, 3], "pivot": [-0.80312, 33.01094, 7.5], "rotation": [0, 0, -135], "uv": [123, 76]},
						{"origin": [0.04688, 48.91094, 8.5], "size": [4, 7, 0], "pivot": [-1.20312, 33.11094, 8], "rotation": [0, 0, -135], "uv": [124, 5]},
						{"origin": [-5.95312, 43.91094, 8.5], "size": [6, 5, 0], "pivot": [-1.20312, 33.11094, 8], "rotation": [0, 0, -135], "uv": [118, 0]},
						{"origin": [1.04688, 30.91094, 8], "size": [2, 13, 1], "pivot": [-1.20312, 33.11094, 8.5], "rotation": [0, 0, -135], "uv": [101, 113]},
						{"origin": [6.7, 36.3, 8], "size": [2, 13, 1], "pivot": [0.6, 25.6, 8.5], "rotation": [0, 0, -45], "uv": [6, 117]},
						{"origin": [1.06533, 43.07559, 8], "size": [2, 13, 1], "pivot": [-4.43467, 41.97559, 8.5], "rotation": [0, 0, 45], "uv": [0, 117]},
						{"origin": [-5.93467, 56.07559, 8.5], "size": [6, 5, 0], "pivot": [-4.43467, 41.97559, 8], "rotation": [0, 0, 45], "uv": [120, 55]},
						{"origin": [0.06533, 56.07559, 7.5], "size": [4, 5, 2], "pivot": [-4.43467, 41.97559, 8], "rotation": [0, 0, 45], "uv": [20, 117]},
						{"origin": [1.06533, 56.37559, 7], "size": [2, 4, 3], "pivot": [-4.43467, 41.97559, 8], "rotation": [0, 0, 45], "uv": [122, 38]},
						{"origin": [0.06533, 61.07559, 8.5], "size": [4, 7, 0], "pivot": [-4.43467, 41.97559, 8], "rotation": [0, 0, 45], "uv": [51, 124]},
						{"origin": [12.5, 42.2, 8], "size": [3, 10, 1], "pivot": [16.5, 47.4, 8.4], "rotation": [0, 0, -27.5], "uv": [12, 117]},
						{"origin": [15, 33.3, 7.5], "size": [3, 9, 2], "uv": [91, 113]},
						{"origin": [-14.18904, 19.13252, 8], "size": [3, 8, 1], "pivot": [0.17702, 30.17332, 8.4], "rotation": [0, 0, -152.5], "uv": [122, 109]},
						{"origin": [4.53553, 25.83919, 8], "size": [2, 13, 1], "pivot": [5.53553, 32.33919, 8.5], "rotation": [0, 0, 135], "uv": [114, 90]},
						{"origin": [4.53553, 39.13919, 7], "size": [2, 4, 3], "pivot": [5.53553, 32.33919, 7.5], "rotation": [0, 0, 135], "uv": [122, 30]},
						{"origin": [3.53553, 38.83919, 7.5], "size": [4, 5, 2], "pivot": [5.53553, 32.33919, 8], "rotation": [0, 0, 135], "uv": [117, 14]},
						{"origin": [3.53553, 43.83919, 8.5], "size": [4, 7, 0], "pivot": [5.53553, 32.33919, 8], "rotation": [0, 0, 135], "uv": [20, 124]},
						{"origin": [8.33553, 39.23919, 8.5], "size": [6, 5, 0], "pivot": [5.83553, 32.73919, 8], "rotation": [0, 0, 135], "uv": [119, 67]},
						{"origin": [-2.5, 40.7, -2], "size": [4, 2, 4], "pivot": [-0.5, 41.7, 3], "rotation": [0, 0, 90], "uv": [34, 29]},
						{"origin": [-2.5, 39.7, 2], "size": [4, 4, 7], "pivot": [-0.5, 41.7, 3], "rotation": [0, 0, 90], "uv": [95, 46]},
						{"origin": [-9, 35.2, 2], "size": [4, 4, 7], "uv": [71, 98]},
						{"origin": [-9, 36.2, -2], "size": [4, 2, 4], "uv": [64, 1]},
						{"origin": [7, 36.2, -2], "size": [1, 2, 4], "uv": [70, 21]},
						{"origin": [3, 35.2, 2], "size": [5, 4, 7], "uv": [0, 77]}
					]
				},
				{
					"name": "back_leg_left",
					"parent": "arceus",
					"pivot": [4.9247, 33.56109, 14.25],
					"rotation": [-7.5, 0, 0],
					"cubes": [
						{"origin": [5, 20.94479, 11.65769], "size": [5, 15, 5], "pivot": [-0.5, 32.94479, 13.65769], "rotation": [7.5, 0, 0], "uv": [0, 51]},
						{"origin": [8.1, 29.17177, 12.80105], "size": [4, 4, 2], "pivot": [11, 31.75756, 12.30105], "rotation": [5.31847, -5.29571, 44.75386], "uv": [63, 84]}
					]
				},
				{
					"name": "BottomLegBL",
					"parent": "back_leg_left",
					"pivot": [7.5, 21.4551, 18.05583],
					"cubes": [
						{"origin": [6, 12.94479, 16.65769], "size": [3, 7, 3], "pivot": [-0.5, 32.94479, 13.65769], "rotation": [7.5, 0, 0], "uv": [79, 109]},
						{"origin": [5, 10.94479, 11.65769], "size": [5, 10, 5], "pivot": [-0.5, 32.94479, 13.65769], "rotation": [7.5, 0, 0], "uv": [75, 80]},
						{"origin": [4, 17.26391, 8.89803], "size": [7, 2, 1], "pivot": [-0.5, 15.76391, 13.39803], "rotation": [-82.5, 0, 0], "uv": [33, 35]},
						{"origin": [4, 12.94479, 10.65769], "size": [7, 6, 5], "pivot": [-0.5, 32.94479, 13.65769], "rotation": [7.5, 0, 0], "uv": [81, 0]},
						{"origin": [5.5, 3.94479, 11.65769], "size": [4, 7, 5], "pivot": [-0.5, 32.94479, 13.65769], "rotation": [7.5, 0, 0], "uv": [0, 105]},
						{"origin": [6, -0.05521, 12.65769], "size": [3, 4, 3], "pivot": [-0.5, 32.94479, 13.65769], "rotation": [7.5, 0, 0], "uv": [84, 34]}
					]
				},
				{
					"name": "back_leg_right",
					"parent": "arceus",
					"pivot": [-6.01518, 33.39645, 14.25],
					"rotation": [-7.5, 0, 0],
					"cubes": [
						{"origin": [-11, 20.94509, 11.66231], "size": [5, 15, 5], "pivot": [-0.5, 32.94509, 13.66231], "rotation": [7.5, 0, 0], "uv": [20, 64]},
						{"origin": [-6.71421, 14.45786, 12.80567], "size": [4, 4, 2], "pivot": [11, 31.75786, 12.30567], "rotation": [5.31847, -5.29571, 44.75386], "uv": [0, 88]}
					]
				},
				{
					"name": "BottomLegBR",
					"parent": "back_leg_right",
					"pivot": [-8.5, 21.35526, 18.17732],
					"cubes": [
						{"origin": [-12, 17.26422, 8.90264], "size": [7, 2, 1], "pivot": [-0.5, 15.76422, 13.40264], "rotation": [-82.5, 0, 0], "uv": [66, 41]},
						{"origin": [-10, 12.94509, 16.66231], "size": [3, 7, 3], "pivot": [-0.5, 32.94509, 13.66231], "rotation": [7.5, 0, 0], "uv": [67, 109]},
						{"origin": [-12, 12.94509, 10.66231], "size": [7, 6, 5], "pivot": [-0.5, 32.94509, 13.66231], "rotation": [7.5, 0, 0], "uv": [39, 84]},
						{"origin": [-11, 10.94509, 11.66231], "size": [5, 10, 5], "pivot": [-0.5, 32.94509, 13.66231], "rotation": [7.5, 0, 0], "uv": [19, 84]},
						{"origin": [-10.5, 3.94509, 11.66231], "size": [4, 7, 5], "pivot": [-0.5, 32.94509, 13.66231], "rotation": [7.5, 0, 0], "uv": [18, 105]},
						{"origin": [-10, -0.05491, 12.66231], "size": [3, 4, 3], "pivot": [-0.5, 32.94509, 13.66231], "rotation": [7.5, 0, 0], "uv": [111, 79]}
					]
				},
				{
					"name": "neck",
					"parent": "arceus",
					"pivot": [-0.5, 30, -10],
					"rotation": [-7.5, 0, 0],
					"cubes": [
						{"origin": [-6, 30, -16], "size": [11, 12, 11], "pivot": [-0.5, 30, -10], "rotation": [7.5, 0, 0], "uv": [0, 28]}
					]
				},
				{
					"name": "neck_upper",
					"parent": "neck",
					"pivot": [-0.5, 42.12756, -10.2788],
					"cubes": [
						{"origin": [-2.95, 52, -15], "size": [5, 3, 4], "pivot": [-0.4, 30, -10], "rotation": [7.5, 0, 0], "uv": [108, 23]},
						{"origin": [-3.45, 47, -15.5], "size": [6, 5, 5], "pivot": [-0.2, 30, -10], "rotation": [7.5, 0, 0], "uv": [103, 57]},
						{"origin": [-4, 42, -16], "size": [7, 5, 7], "pivot": [-0.5, 30, -10], "rotation": [7.5, 0, 0], "uv": [75, 57]},
						{"origin": [1.8, 41.45871, -14.55854], "size": [7, 11, 0], "pivot": [5.5, 46.95871, -15.25854], "rotation": [8.64388, -29.7174, -4.30963], "uv": [20, 51]},
						{"origin": [-9.8, 41.45871, -14.55854], "size": [7, 11, 0], "pivot": [-6.5, 46.95871, -15.25854], "rotation": [8.64388, 29.7174, 4.30963], "uv": [0, 0]},
						{"origin": [-2.5, 43, -17.1], "size": [4, 5, 2], "pivot": [-0.4, 30, -10], "rotation": [7.5, 0, 0], "uv": [60, 119]},
						{"origin": [-2, 48, -16.7], "size": [3, 3, 2], "pivot": [-0.4, 30, -10], "rotation": [7.5, 0, 0], "uv": [35, 64]}
					]
				},
				{
					"name": "head",
					"parent": "neck_upper",
					"pivot": [-0.5, 53.82682, -18.23846],
					"rotation": [0.5, 0, 0],
					"cubes": [
						{"origin": [-5, 55.37084, -14.5942], "size": [9, 7, 4], "pivot": [-0.5, 30.62099, -6.1291], "rotation": [7.5, 0, 0], "uv": [80, 69]},
						{"origin": [4.55, 62.37084, -16.5942], "size": [0, 7, 5], "pivot": [0, 30.62099, -6.1291], "rotation": [7.5, 0, 0], "uv": [60, 16]},
						{"origin": [-5.65, 62.37084, -16.5942], "size": [0, 7, 5], "pivot": [-1.1, 30.62099, -6.1291], "rotation": [7.5, 0, 0], "uv": [0, 23]},
						{"origin": [-5, 55.37084, -19.5942], "size": [9, 1, 5], "pivot": [-0.5, 30.62099, -6.1291], "rotation": [7.5, 0, 0], "uv": [89, 11]},
						{"origin": [-4, 56.37084, -18.5942], "size": [7, 2, 4], "pivot": [-0.5, 30.62099, -6.1291], "rotation": [7.5, 0, 0], "uv": [96, 17]},
						{"origin": [-4.5, 54.77808, -21.62836], "size": [8, 6, 6], "pivot": [0, 55.9806, -16.52816], "rotation": [20, 0, 0], "uv": [74, 21]},
						{"origin": [-5.5, 59.93998, -23.85934], "size": [10, 3, 10], "pivot": [0, 59.08546, -15.92829], "rotation": [22.5, 0, 0], "uv": [44, 28]},
						{"origin": [-4.6, 56.82682, -21.63846], "size": [1, 2, 2], "pivot": [-4.7, 56.82682, -20.63846], "rotation": [23, 0, 0], "uv": [0, 11]},
						{"origin": [-4.65, 57.22682, -21.73846], "size": [1, 1, 1], "pivot": [-4.8, 57.22682, -20.73846], "rotation": [23, 0, 0], "uv": [4, 11]},
						{"origin": [-4.55, 56.52682, -21.63846], "size": [1, 2, 3], "pivot": [-4.6, 56.52682, -20.63846], "rotation": [23, 0, 0], "uv": [46, 28]},
						{"origin": [2.65, 57.22682, -21.73846], "size": [1, 1, 1], "pivot": [2.5, 57.22682, -20.73846], "rotation": [23, 0, 0], "uv": [4, 11]},
						{"origin": [2.6, 56.82682, -21.63846], "size": [1, 2, 2], "pivot": [2.5, 56.82682, -20.63846], "rotation": [23, 0, 0], "uv": [0, 11]},
						{"origin": [2.55, 56.52682, -21.63846], "size": [1, 2, 3], "pivot": [2.5, 56.52682, -20.63846], "rotation": [23, 0, 0], "uv": [46, 28]}
					]
				},
				{
					"name": "head_tail",
					"parent": "head",
					"pivot": [-0.5, 62.4489, -15.94941],
					"rotation": [7.5, 0, 0],
					"cubes": [
						{"origin": [-3.95, 58.2489, -15.62441], "size": [7, 6, 6], "pivot": [-0.5, 62.4489, -9.24941], "rotation": [7.5, 0, 0], "uv": [76, 41]}
					]
				},
				{
					"name": "head_tail_2",
					"parent": "head_tail",
					"pivot": [-0.5, 63.01522, -10.14056],
					"cubes": [
						{"origin": [-2.95, 60.9929, -9.77318], "size": [5, 4, 6], "pivot": [-0.5, 64.1929, -3.39818], "rotation": [7.5, 0, 0], "uv": [95, 80]}
					]
				},
				{
					"name": "head_tail_3",
					"parent": "head_tail_2",
					"pivot": [-0.5, 63.94175, -4.68162],
					"cubes": [
						{"origin": [-2.45, 63.66522, -4.01556], "size": [4, 2, 5], "pivot": [-0.5, 66.11522, 1.85944], "rotation": [7.5, 0, 0], "uv": [105, 0]}
					]
				},
				{
					"name": "head_tail_4",
					"parent": "head_tail_3",
					"pivot": [-0.5, 62.24175, 0.21838],
					"cubes": [
						{"origin": [-2.45, 64.19175, 0.94338], "size": [4, 2, 5], "pivot": [-0.5, 66.64175, 6.21838], "rotation": [7.5, 0, 0], "uv": [96, 37]}
					]
				}
			]
		}
	]
}