{
	"format_version": "1.8.0",
	"animations": {
		"animation.kilowattrel.ground_idle": {
			"loop": true,
			"bones": {
				"wing_closed_left2": {
					"rotation": [10, 0, 0]
				},
				"wing_closed_left3": {
					"rotation": [15, 0, 0]
				},
				"tail": {
					"rotation": [5, 0, 0]
				},
				"head": {
					"rotation": [-5, 0, 0]
				},
				"wing_closed_left4": {
					"rotation": [7.5, 0, 0]
				},
				"wing_closed_right2": {
					"rotation": [10, 0, 0]
				},
				"wing_closed_right3": {
					"rotation": [15, 0, 0]
				},
				"wing_closed_right4": {
					"rotation": [7.5, 0, 0]
				},
				"wings_open": {
					"scale": 0
				},
				"foot_right_claw_tip": {
					"rotation": [12.5, 0, 0]
				},
				"foot_right_claw_tip2": {
					"rotation": [12.5, 0, 0]
				},
				"foot_right_claw_tip3": {
					"rotation": [12.5, 0, 0]
				},
				"foot_right_claw_back_tip": {
					"rotation": [-12.5, 0, 0]
				},
				"foot_left_claw_tip": {
					"rotation": [12.5, 0, 0]
				},
				"foot_left_claw_tip2": {
					"rotation": [12.5, 0, 0]
				},
				"foot_left_claw_tip3": {
					"rotation": [12.5, 0, 0]
				},
				"foot_left_claw_back_tip": {
					"rotation": [-12.5, 0, 0]
				}
			}
		},
		"animation.kilowattrel.ground_walk": {
			"loop": true,
			"bones": {
				"wing_closed_left2": {
					"rotation": [10, 0, 0]
				},
				"wing_closed_left3": {
					"rotation": [15, 0, 0]
				},
				"tail": {
					"rotation": [5, 0, 0]
				},
				"head": {
					"rotation": [-5, 0, 0]
				},
				"wing_closed_left4": {
					"rotation": [7.5, 0, 0]
				},
				"wing_closed_right2": {
					"rotation": [10, 0, 0]
				},
				"wing_closed_right3": {
					"rotation": [15, 0, 0]
				},
				"wing_closed_right4": {
					"rotation": [7.5, 0, 0]
				},
				"wings_open": {
					"scale": 0
				},
				"foot_right_claw_tip": {
					"rotation": [12.5, 0, 0]
				},
				"foot_right_claw_tip2": {
					"rotation": [12.5, 0, 0]
				},
				"foot_right_claw_tip3": {
					"rotation": [12.5, 0, 0]
				},
				"foot_right_claw_back_tip": {
					"rotation": [-12.5, 0, 0]
				},
				"foot_left_claw_tip": {
					"rotation": [12.5, 0, 0]
				},
				"foot_left_claw_tip2": {
					"rotation": [12.5, 0, 0]
				},
				"foot_left_claw_tip3": {
					"rotation": [12.5, 0, 0]
				},
				"foot_left_claw_back_tip": {
					"rotation": [-12.5, 0, 0]
				}
			}
		},
		"animation.kilowattrel.blink": {
			"animation_length": 0.1667,
			"bones": {
				"eyelid_right": {
					"position": {
						"0.0": [-0.1, 0, -0.1],
						"0.125": [-0.1, 0, -0.1],
						"0.1667": [0, 0, 0]
					}
				},
				"eyelid_left": {
					"position": {
						"0.0": [0.1, 0, -0.1],
						"0.125": [0.1, 0, -0.1],
						"0.1667": [0, 0, 0]
					}
				}
			}
		},
		"animation.kilowattrel.sad": {
			"loop": true,
			"bones": {
				"iris_right": {
					"position": [0, 0, 0.1]
				},
				"iris_left": {
					"position": [0, 0, 0.1]
				},
				"iris_right_sad": {
					"rotation": [0, 0, -5],
					"position": [0, 0, -0.1]
				},
				"iris_left_sad": {
					"rotation": [0, 0, 5],
					"position": [0, 0, -0.1]
				}
			}
		},
		"animation.kilowattrel.mad": {
			"loop": true,
			"bones": {
				"iris_right": {
					"rotation": [0, 0, 5]
				},
				"iris_left": {
					"rotation": [0, 0, -5]
				}
			}
		},
		"animation.kilowattrel.happy": {
			"loop": true,
			"bones": {
				"eyelid_right_happy": {
					"position": [-0.1, 0, -0.1]
				},
				"eyelid_left_happy": {
					"position": [0.1, 0, -0.1]
				},
				"jaw": {
					"rotation": [15, 0, 0]
				}
			}
		}
	}
}