{
  "enhanced_egg_lore": true,
  "enhanced_berry_lore": true,
  "enhanced_consumable_lore": true,
  "enhanced_held_item_lore": true,
  "wt_compact_lore": true,
  "pc_iv_display": true,
  "open_box_history": true,
  "pc_search": true,
  "custom_pc_wallpapers": true,
  "custom_pc_box_names": true,
  "pc_wallpapers": {
    "10.0.0.213:25565": {
      "29": "more_cobblemon_tweaks:textures/gui/pc/wallpapers/default_wallpaper.png",
      "0": "more_cobblemon_tweaks:textures/gui/pc/wallpapers/default_wallpaper.png"
    }
  },
  "pc_box_names": {
    "10.0.0.213:25565": {}
  }
}