{
  "shiftClickEquipping": false,
  "dispenserEquipping": true,
  "enchanting": true,
  "mobsCanEquipHats": false,
  "allowAllItems": false,
  "allowedItems": [
    "pokeblocks:pokedoll_bulbasaur",
    "pokeblocks:pokedoll_squirtle",
    "pokeblocks:pokedoll_charmander",
    "pokeblocks:pokedoll_smoliv",
    "pokeblocks:pokedoll_rellor",
    "pokeblocks:pokedoll_happiny",
    "pokeblocks:pokedoll_swinub",
    "pokeblocks:pokedoll_drifloon",
    "pokeblocks:pokedoll_rookidee",
    "pokeblocks:pokedoll_wailmer",
    "pokeblocks:pokedoll_rowlet",
    "pokeblocks:pokedoll_lickitung",
    "pokeblocks:pokedoll_mareep",
    "pokeblocks:pokedoll_dolliv",
    "pokeblocks:pokedoll_arboliva",
    "pokeblocks:pokedoll_wooper",
    "pokeblocks:pokedoll_gastly",
    "pokeblocks:pokedoll_sandygast",
    "pokeblocks:pokedoll_shellder",
    "pokeblocks:pokedoll_pumpkaboo",
    "pokeblocks:pokedoll_bellossom",
    "pokeblocks:pokedoll_bulbasaur_posed",
    "pokeblocks:pokedoll_flaaffy",
    "pokeblocks:pokedoll_snorlax",
    "pokeblocks:pokedoll_sentret",
    "pokeblocks:pokedoll_furret",
    "pokeblocks:pokedoll_munchlax",
    "pokeblocks:pokedoll_rabsca",
    "pokeblocks:pokedoll_wartortle",
    "pokeblocks:pokedoll_quagsire",
    "pokeblocks:pokedoll_corvisquire",
    "pokeblocks:pokedoll_eevee",
    "pokeblocks:pokedoll_cloyster",
    "pokeblocks:pokedoll_wailord",
    "pokeblocks:pokedoll_phantump",
    "pokeblocks:pokedoll_calyrex",
    "pokeblocks:pokedoll_ampharos",
    "pokeblocks:applin_basket",
    "pokeblocks:pokedoll_sableye",
    "pokeblocks:pokedoll_absol",
    "pokeblocks:pokedoll_ivysaur",
    "pokeblocks:magikarp_fishbowl",
    "pokeblocks:pokedoll_stonjourner",
    "pokeblocks:pokedoll_palossand",
    "pokeblocks:pokedoll_tropius",
    "pokeblocks:pokedoll_mimikyu",
    "pokeblocks:pokedoll_calyrex_animated",
    "pokeblocks:pokedoll_washing_machine",
    "pokeblocks:pokedoll_venusaur",
    "pokeblocks:pokedoll_blastoise",
    "pokeblocks:pokedoll_gengar",
    "pokeblocks:pokedoll_corviknight",
    "pokeblocks:pokedoll_gholdengo",
    "pokeblocks:pokedoll_netherite_gholdengo",
    "pokeblocks:pokedoll_kyogre",
    "pokeblocks:pokedoll_trevenant",
    "pokeblocks:pokedoll_marshadow",
    "pokeblocks:pokedoll_marshadow_zenith",
    "pokeblocks:gigantic_pokedoll_bulbasaur",
    "pokeblocks:gigantic_pokedoll_squirtle",
    "pokeblocks:gigantic_pokedoll_charmander",
    "pokeblocks:gigantic_pokedoll_smoliv",
    "pokeblocks:gigantic_pokedoll_rellor",
    "pokeblocks:gigantic_pokedoll_happiny",
    "pokeblocks:gigantic_pokedoll_swinub",
    "pokeblocks:gigantic_pokedoll_drifloon",
    "pokeblocks:gigantic_pokedoll_rookidee",
    "pokeblocks:gigantic_pokedoll_wailmer",
    "pokeblocks:gigantic_pokedoll_rowlet",
    "pokeblocks:gigantic_pokedoll_lickitung",
    "pokeblocks:gigantic_pokedoll_mareep",
    "pokeblocks:gigantic_pokedoll_dolliv",
    "pokeblocks:gigantic_pokedoll_arboliva",
    "pokeblocks:gigantic_pokedoll_wooper",
    "pokeblocks:gigantic_pokedoll_gastly",
    "pokeblocks:gigantic_pokedoll_sandygast",
    "pokeblocks:gigantic_pokedoll_shellder",
    "pokeblocks:gigantic_pokedoll_pumpkaboo",
    "pokeblocks:gigantic_pokedoll_bellossom",
    "pokeblocks:gigantic_pokedoll_bulbasaur_posed",
    "pokeblocks:gigantic_pokedoll_flaaffy",
    "pokeblocks:gigantic_pokedoll_snorlax",
    "pokeblocks:gigantic_pokedoll_sentret",
    "pokeblocks:gigantic_pokedoll_furret",
    "pokeblocks:gigantic_pokedoll_munchlax",
    "pokeblocks:gigantic_pokedoll_rabsca",
    "pokeblocks:gigantic_pokedoll_wartortle",
    "pokeblocks:gigantic_pokedoll_quagsire",
    "pokeblocks:gigantic_pokedoll_corvisquire",
    "pokeblocks:gigantic_pokedoll_eevee",
    "pokeblocks:gigantic_pokedoll_cloyster",
    "pokeblocks:gigantic_pokedoll_wailord",
    "pokeblocks:gigantic_pokedoll_phantump",
    "pokeblocks:gigantic_pokedoll_calyrex",
    "pokeblocks:gigantic_pokedoll_ampharos",
    "pokeblocks:gigantic_pokedoll_sableye",
    "pokeblocks:gigantic_pokedoll_absol",
    "pokeblocks:gigantic_pokedoll_ivysaur",
    "pokeblocks:gigantic_pokedoll_stonjourner",
    "pokeblocks:gigantic_pokedoll_palossand",
    "pokeblocks:gigantic_pokedoll_tropius",
    "pokeblocks:gigantic_pokedoll_mimikyu",
    "pokeblocks:gigantic_pokedoll_calyrex_animated",
    "pokeblocks:gigantic_pokedoll_washing_machine",
    "pokeblocks:gigantic_pokedoll_venusaur",
    "pokeblocks:gigantic_pokedoll_blastoise",
    "pokeblocks:gigantic_pokedoll_gengar",
    "pokeblocks:gigantic_pokedoll_corviknight",
    "pokeblocks:gigantic_pokedoll_gholdengo",
    "pokeblocks:gigantic_pokedoll_netherite_gholdengo",
    "pokeblocks:gigantic_pokedoll_kyogre",
    "pokeblocks:gigantic_pokedoll_trevenant",
    "pokeblocks:gigantic_pokedoll_marshadow",
    "pokeblocks:gigantic_pokedoll_marshadow_zenith",
    "pokeblocks:pokedoll_shiny_bulbasaur",
    "pokeblocks:pokedoll_shiny_squirtle",
    "pokeblocks:pokedoll_shiny_charmander",
    "pokeblocks:pokedoll_shiny_smoliv",
    "pokeblocks:pokedoll_shiny_rellor",
    "pokeblocks:pokedoll_shiny_happiny",
    "pokeblocks:pokedoll_shiny_swinub",
    "pokeblocks:pokedoll_shiny_drifloon",
    "pokeblocks:pokedoll_shiny_rookidee",
    "pokeblocks:pokedoll_shiny_wailmer",
    "pokeblocks:pokedoll_shiny_rowlet",
    "pokeblocks:pokedoll_shiny_lickitung",
    "pokeblocks:pokedoll_shiny_mareep",
    "pokeblocks:pokedoll_shiny_dolliv",
    "pokeblocks:pokedoll_shiny_arboliva",
    "pokeblocks:pokedoll_shiny_wooper",
    "pokeblocks:pokedoll_shiny_gastly",
    "pokeblocks:pokedoll_shiny_sandygast",
    "pokeblocks:pokedoll_shiny_shellder",
    "pokeblocks:pokedoll_shiny_pumpkaboo",
    "pokeblocks:pokedoll_shiny_bellossom",
    "pokeblocks:pokedoll_shiny_bulbasaur_posed",
    "pokeblocks:pokedoll_shiny_flaaffy",
    "pokeblocks:pokedoll_shiny_snorlax",
    "pokeblocks:pokedoll_shiny_sentret",
    "pokeblocks:pokedoll_shiny_furret",
    "pokeblocks:pokedoll_shiny_munchlax",
    "pokeblocks:pokedoll_shiny_rabsca",
    "pokeblocks:pokedoll_shiny_wartortle",
    "pokeblocks:pokedoll_shiny_quagsire",
    "pokeblocks:pokedoll_shiny_corvisquire",
    "pokeblocks:pokedoll_shiny_eevee",
    "pokeblocks:pokedoll_shiny_cloyster",
    "pokeblocks:pokedoll_shiny_wailord",
    "pokeblocks:pokedoll_shiny_phantump",
    "pokeblocks:pokedoll_shiny_calyrex",
    "pokeblocks:pokedoll_shiny_ampharos",
    "pokeblocks:shiny_applin_basket",
    "pokeblocks:pokedoll_shiny_sableye",
    "pokeblocks:pokedoll_shiny_absol",
    "pokeblocks:pokedoll_shiny_ivysaur",
    "pokeblocks:shiny_magikarp_fishbowl",
    "pokeblocks:pokedoll_shiny_stonjourner",
    "pokeblocks:pokedoll_shiny_palossand",
    "pokeblocks:pokedoll_shiny_tropius",
    "pokeblocks:pokedoll_shiny_mimikyu",
    "pokeblocks:pokedoll_shiny_calyrex_animated",
    "pokeblocks:pokedoll_shiny_venusaur",
    "pokeblocks:pokedoll_shiny_blastoise",
    "pokeblocks:pokedoll_shiny_gengar",
    "pokeblocks:pokedoll_shiny_corviknight",
    "pokeblocks:pokedoll_shiny_gholdengo",
    "pokeblocks:pokedoll_shiny_netherite_gholdengo",
    "pokeblocks:pokedoll_shiny_kyogre",
    "pokeblocks:pokedoll_shiny_trevenant",
    "pokeblocks:pokedoll_shiny_marshadow",
    "pokeblocks:pokedoll_shiny_marshadow_zenith",
    "pokeblocks:gigantic_pokedoll_shiny_bulbasaur",
    "pokeblocks:gigantic_pokedoll_shiny_squirtle",
    "pokeblocks:gigantic_pokedoll_shiny_charmander",
    "pokeblocks:gigantic_pokedoll_shiny_smoliv",
    "pokeblocks:gigantic_pokedoll_shiny_rellor",
    "pokeblocks:gigantic_pokedoll_shiny_happiny",
    "pokeblocks:gigantic_pokedoll_shiny_swinub",
    "pokeblocks:gigantic_pokedoll_shiny_drifloon",
    "pokeblocks:gigantic_pokedoll_shiny_rookidee",
    "pokeblocks:gigantic_pokedoll_shiny_wailmer",
    "pokeblocks:gigantic_pokedoll_shiny_rowlet",
    "pokeblocks:gigantic_pokedoll_shiny_lickitung",
    "pokeblocks:gigantic_pokedoll_shiny_mareep",
    "pokeblocks:gigantic_pokedoll_shiny_dolliv",
    "pokeblocks:gigantic_pokedoll_shiny_arboliva",
    "pokeblocks:gigantic_pokedoll_shiny_wooper",
    "pokeblocks:gigantic_pokedoll_shiny_gastly",
    "pokeblocks:gigantic_pokedoll_shiny_sandygast",
    "pokeblocks:gigantic_pokedoll_shiny_shellder",
    "pokeblocks:gigantic_pokedoll_shiny_pumpkaboo",
    "pokeblocks:gigantic_pokedoll_shiny_bellossom",
    "pokeblocks:gigantic_pokedoll_shiny_bulbasaur_posed",
    "pokeblocks:gigantic_pokedoll_shiny_flaaffy",
    "pokeblocks:gigantic_pokedoll_shiny_snorlax",
    "pokeblocks:gigantic_pokedoll_shiny_sentret",
    "pokeblocks:gigantic_pokedoll_shiny_furret",
    "pokeblocks:gigantic_pokedoll_shiny_munchlax",
    "pokeblocks:gigantic_pokedoll_shiny_rabsca",
    "pokeblocks:gigantic_pokedoll_shiny_wartortle",
    "pokeblocks:gigantic_pokedoll_shiny_quagsire",
    "pokeblocks:gigantic_pokedoll_shiny_corvisquire",
    "pokeblocks:gigantic_pokedoll_shiny_eevee",
    "pokeblocks:gigantic_pokedoll_shiny_cloyster",
    "pokeblocks:gigantic_pokedoll_shiny_wailord",
    "pokeblocks:gigantic_pokedoll_shiny_phantump",
    "pokeblocks:gigantic_pokedoll_shiny_calyrex",
    "pokeblocks:gigantic_pokedoll_shiny_ampharos",
    "pokeblocks:gigantic_pokedoll_shiny_sableye",
    "pokeblocks:gigantic_pokedoll_shiny_absol",
    "pokeblocks:gigantic_pokedoll_shiny_ivysaur",
    "pokeblocks:gigantic_pokedoll_shiny_stonjourner",
    "pokeblocks:gigantic_pokedoll_shiny_palossand",
    "pokeblocks:gigantic_pokedoll_shiny_tropius",
    "pokeblocks:gigantic_pokedoll_shiny_mimikyu",
    "pokeblocks:gigantic_pokedoll_shiny_calyrex_animated",
    "pokeblocks:gigantic_pokedoll_shiny_venusaur",
    "pokeblocks:gigantic_pokedoll_shiny_blastoise",
    "pokeblocks:gigantic_pokedoll_shiny_gengar",
    "pokeblocks:gigantic_pokedoll_shiny_corviknight",
    "pokeblocks:gigantic_pokedoll_shiny_gholdengo",
    "pokeblocks:gigantic_pokedoll_shiny_netherite_gholdengo",
    "pokeblocks:gigantic_pokedoll_shiny_kyogre",
    "pokeblocks:gigantic_pokedoll_shiny_trevenant",
    "pokeblocks:gigantic_pokedoll_shiny_marshadow",
    "pokeblocks:gigantic_pokedoll_shiny_marshadow_zenith"
  ]
}