{
  "implemented": true,
  "name": "Mew",
  "nationalPokedexNumber": 151,
  "primaryType": "psychic",
  "abilities": [
    "synchronize"
  ],
  "baseStats": {
    "hp": 100,
    "attack": 100,
    "defence": 100,
    "special_attack": 100,
    "special_defence": 100,
    "speed": 100
  },
  "catchRate": 45,
  "maleRatio": -1,
  "shoulderMountable": false,
  "baseExperienceYield": 300,
  "experienceGroup": "medium_slow",
  "eggCycles": 120,
  "eggGroups": [
    "undiscovered"
  ],
  "behaviour": {
    "moving": {
      "fly": {
        "canFly": true
      }
    }
  },
  "moves": [
    "1:pound",
    "1:reflecttype",
    "10:amnesia",
    "10:megapunch",
    "20:batonpass",
    "30:ancientpower",
    "40:barrier",
    "40:lifedew",
    "50:nastyplot",
    "60:metronome",
    "70:imprison",
    "70:mefirst",
    "80:transform",
    "90:aurasphere",
    "100:psychic",
    "tm:acidspray",
    "tm:acrobatics",
    "tm:aerialace",
    "tm:agility",
    "tm:aircutter",
    "tm:airslash",
    "tm:alluringvoice",
    "tm:allyswitch",
    "tm:amnesia",
    "tm:assurance",
    "tm:attract",
    "tm:aurasphere",
    "tm:auroraveil",
    "tm:avalanche",
    "tm:batonpass",
    "tm:beatup",
    "tm:blastburn",
    "tm:blazekick",
    "tm:blizzard",
    "tm:bodypress",
    "tm:bodyslam",
    "tm:bounce",
    "tm:bravebird",
    "tm:breakingswipe",
    "tm:brickbreak",
    "tm:brine",
    "tm:brutalswing",
    "tm:bugbite",
    "tm:bugbuzz",
    "tm:bulkup",
    "tm:bulldoze",
    "tm:bulletseed",
    "tm:burningjealousy",
    "tm:calmmind",
    "tm:captivate",
    "tm:charge",
    "tm:chargebeam",
    "tm:charm",
    "tm:chillingwater",
    "tm:closecombat",
    "tm:coaching",
    "tm:confide",
    "tm:confuseray",
    "tm:cosmicpower",
    "tm:crosspoison",
    "tm:crunch",
    "tm:curse",
    "tm:cut",
    "tm:darkestlariat",
    "tm:darkpulse",
    "tm:dazzlinggleam",
    "tm:defog",
    "tm:dig",
    "tm:disarmingvoice",
    "tm:dive",
    "tm:doubleedge",
    "tm:doubleteam",
    "tm:dracometeor",
    "tm:dragoncheer",
    "tm:dragonclaw",
    "tm:dragondance",
    "tm:dragonpulse",
    "tm:dragontail",
    "tm:drainingkiss",
    "tm:drainpunch",
    "tm:dreameater",
    "tm:drillrun",
    "tm:dualwingbeat",
    "tm:earthpower",
    "tm:earthquake",
    "tm:echoedvoice",
    "tm:eerieimpulse",
    "tm:electricterrain",
    "tm:electroball",
    "tm:electroweb",
    "tm:embargo",
    "tm:encore",
    "tm:endeavor",
    "tm:endure",
    "tm:energyball",
    "tm:expandingforce",
    "tm:explosion",
    "tm:facade",
    "tm:faketears",
    "tm:falseswipe",
    "tm:featherdance",
    "tm:fireblast",
    "tm:firefang",
    "tm:firepledge",
    "tm:firepunch",
    "tm:firespin",
    "tm:flamecharge",
    "tm:flamethrower",
    "tm:flareblitz",
    "tm:flash",
    "tm:flashcannon",
    "tm:fling",
    "tm:flipturn",
    "tm:fly",
    "tm:focusblast",
    "tm:focusenergy",
    "tm:focuspunch",
    "tm:foulplay",
    "tm:frenzyplant",
    "tm:frostbreath",
    "tm:frustration",
    "tm:futuresight",
    "tm:gigadrain",
    "tm:gigaimpact",
    "tm:grassknot",
    "tm:grasspledge",
    "tm:grassyglide",
    "tm:grassyterrain",
    "tm:gravity",
    "tm:guardswap",
    "tm:gunkshot",
    "tm:gyroball",
    "tm:hail",
    "tm:hardpress",
    "tm:haze",
    "tm:heatcrash",
    "tm:heatwave",
    "tm:heavyslam",
    "tm:helpinghand",
    "tm:hex",
    "tm:hiddenpower",
    "tm:highhorsepower",
    "tm:honeclaws",
    "tm:hurricane",
    "tm:hydrocannon",
    "tm:hydropump",
    "tm:hyperbeam",
    "tm:hypervoice",
    "tm:icebeam",
    "tm:icefang",
    "tm:icepunch",
    "tm:icespinner",
    "tm:iciclespear",
    "tm:icywind",
    "tm:imprison",
    "tm:incinerate",
    "tm:infestation",
    "tm:irondefense",
    "tm:ironhead",
    "tm:irontail",
    "tm:knockoff",
    "tm:lashout",
    "tm:leafblade",
    "tm:leafstorm",
    "tm:leechlife",
    "tm:lightscreen",
    "tm:liquidation",
    "tm:lowkick",
    "tm:lowsweep",
    "tm:lunge",
    "tm:magicalleaf",
    "tm:magicroom",
    "tm:megahorn",
    "tm:megakick",
    "tm:megapunch",
    "tm:metalclaw",
    "tm:metalsound",
    "tm:meteorbeam",
    "tm:metronome",
    "tm:mistyexplosion",
    "tm:mistyterrain",
    "tm:muddywater",
    "tm:mudshot",
    "tm:mudslap",
    "tm:mysticalfire",
    "tm:nastyplot",
    "tm:naturalgift",
    "tm:naturepower",
    "tm:nightshade",
    "tm:outrage",
    "tm:overheat",
    "tm:painsplit",
    "tm:payback",
    "tm:payday",
    "tm:petalblizzard",
    "tm:phantomforce",
    "tm:pinmissile",
    "tm:playrough",
    "tm:pluck",
    "tm:poisonjab",
    "tm:poisontail",
    "tm:pollenpuff",
    "tm:poltergeist",
    "tm:pounce",
    "tm:powergem",
    "tm:powerswap",
    "tm:poweruppunch",
    "tm:powerwhip",
    "tm:protect",
    "tm:psybeam",
    "tm:psychic",
    "tm:psychicfangs",
    "tm:psychicnoise",
    "tm:psychicterrain",
    "tm:psychocut",
    "tm:psychup",
    "tm:psyshock",
    "tm:quash",
    "tm:raindance",
    "tm:razorshell",
    "tm:recycle",
    "tm:reflect",
    "tm:rest",
    "tm:retaliate",
    "tm:return",
    "tm:revenge",
    "tm:reversal",
    "tm:roar",
    "tm:rockblast",
    "tm:rockclimb",
    "tm:rockpolish",
    "tm:rockslide",
    "tm:rocksmash",
    "tm:rocktomb",
    "tm:roost",
    "tm:round",
    "tm:safeguard",
    "tm:sandstorm",
    "tm:sandtomb",
    "tm:scald",
    "tm:scaleshot",
    "tm:scaryface",
    "tm:screech",
    "tm:scorchingsands",
    "tm:secretpower",
    "tm:seedbomb",
    "tm:selfdestruct",
    "tm:shadowball",
    "tm:shadowclaw",
    "tm:shockwave",
    "tm:silverwind",
    "tm:skillswap",
    "tm:skittersmack",
    "tm:skydrop",
    "tm:sleeptalk",
    "tm:sludgebomb",
    "tm:sludgewave",
    "tm:smackdown",
    "tm:smartstrike",
    "tm:snarl",
    "tm:snatch",
    "tm:snore",
    "tm:snowscape",
    "tm:solarbeam",
    "tm:solarblade",
    "tm:speedswap",
    "tm:spikes",
    "tm:spite",
    "tm:stealthrock",
    "tm:steelbeam",
    "tm:steelwing",
    "tm:stompingtantrum",
    "tm:stoneedge",
    "tm:storedpower",
    "tm:strength",
    "tm:strugglebug",
    "tm:substitute",
    "tm:sunnyday",
    "tm:supercellslam",
    "tm:superfang",
    "tm:superpower",
    "tm:surf",
    "tm:swagger",
    "tm:swift",
    "tm:swordsdance",
    "tm:tailslap",
    "tm:tailwind",
    "tm:takedown",
    "tm:taunt",
    "tm:telekinesis",
    "tm:temperflare",
    "tm:terablast",
    "tm:thief",
    "tm:throatchop",
    "tm:thunder",
    "tm:thunderbolt",
    "tm:thunderfang",
    "tm:thunderpunch",
    "tm:thunderwave",
    "tm:torment",
    "tm:toxic",
    "tm:toxicspikes",
    "tm:trailblaze",
    "tm:triattack",
    "tm:trick",
    "tm:trickroom",
    "tm:tripleaxel",
    "tm:upperhand",
    "tm:uproar",
    "tm:uturn",
    "tm:vacuumwave",
    "tm:venomdrench",
    "tm:venoshock",
    "tm:voltswitch",
    "tm:waterfall",
    "tm:waterpledge",
    "tm:waterpulse",
    "tm:weatherball",
    "tm:whirlpool",
    "tm:wildcharge",
    "tm:willowisp",
    "tm:wonderroom",
    "tm:workup",
    "tm:xscissor",
    "tm:zenheadbutt",
    "tutor:afteryou",
    "tutor:aircutter",
    "tutor:allyswitch",
    "tutor:amnesia",
    "tutor:ancientpower",
    "tutor:aquatail",
    "tutor:attract",
    "tutor:barrier",
    "tutor:bide",
    "tutor:bind",
    "tutor:blizzard",
    "tutor:block",
    "tutor:bodyslam",
    "tutor:bounce",
    "tutor:brickbreak",
    "tutor:bubblebeam",
    "tutor:bugbite",
    "tutor:bulkup",
    "tutor:burningjealousy",
    "tutor:calmmind",
    "tutor:coaching",
    "tutor:confusion",
    "tutor:corrosivegas",
    "tutor:counter",
    "tutor:covet",
    "tutor:curse",
    "tutor:cut",
    "tutor:defensecurl",
    "tutor:defog",
    "tutor:detect",
    "tutor:dig",
    "tutor:dive",
    "tutor:doubleedge",
    "tutor:doubleteam",
    "tutor:dragonbreath",
    "tutor:dragonrage",
    "tutor:dragontail",
    "tutor:drainpunch",
    "tutor:dreameater",
    "tutor:drillrun",
    "tutor:dualchop",
    "tutor:dualwingbeat",
    "tutor:dynamicpunch",
    "tutor:earthquake",
    "tutor:eggbomb",
    "tutor:electroweb",
    "tutor:endeavor",
    "tutor:endure",
    "tutor:expandingforce",
    "tutor:explosion",
    "tutor:facade",
    "tutor:fakeout",
    "tutor:feintattack",
    "tutor:fireblast",
    "tutor:firepunch",
    "tutor:fissure",
    "tutor:flash",
    "tutor:flipturn",
    "tutor:fly",
    "tutor:focuspunch",
    "tutor:foulplay",
    "tutor:frustration",
    "tutor:furycutter",
    "tutor:gastroacid",
    "tutor:gigadrain",
    "tutor:grassyglide",
    "tutor:gravity",
    "tutor:gunkshot",
    "tutor:headbutt",
    "tutor:healbell",
    "tutor:heatwave",
    "tutor:helpinghand",
    "tutor:hiddenpower",
    "tutor:horndrill",
    "tutor:hyperbeam",
    "tutor:hypnosis",
    "tutor:icepunch",
    "tutor:icywind",
    "tutor:irondefense",
    "tutor:ironhead",
    "tutor:irontail",
    "tutor:knockoff",
    "tutor:laserfocus",
    "tutor:lashout",
    "tutor:lastresort",
    "tutor:liquidation",
    "tutor:lowkick",
    "tutor:magiccoat",
    "tutor:magicroom",
    "tutor:magnetrise",
    "tutor:megadrain",
    "tutor:megahorn",
    "tutor:megakick",
    "tutor:megapunch",
    "tutor:meteorbeam",
    "tutor:metronome",
    "tutor:mimic",
    "tutor:mistyexplosion",
    "tutor:mudslap",
    "tutor:nastyplot",
    "tutor:nightmare",
    "tutor:nightshade",
    "tutor:ominouswind",
    "tutor:outrage",
    "tutor:painsplit",
    "tutor:payday",
    "tutor:playrough",
    "tutor:poisonjab",
    "tutor:poltergeist",
    "tutor:pound",
    "tutor:protect",
    "tutor:psychic",
    "tutor:psychup",
    "tutor:psywave",
    "tutor:rage",
    "tutor:raindance",
    "tutor:razorwind",
    "tutor:recycle",
    "tutor:reflect",
    "tutor:rest",
    "tutor:return",
    "tutor:risingvoltage",
    "tutor:roar",
    "tutor:rockslide",
    "tutor:rocksmash",
    "tutor:roleplay",
    "tutor:rollout",
    "tutor:roost",
    "tutor:sandstorm",
    "tutor:scald",
    "tutor:scaleshot",
    "tutor:scorchingsands",
    "tutor:seedbomb",
    "tutor:seismictoss",
    "tutor:selfdestruct",
    "tutor:shockwave",
    "tutor:signalbeam",
    "tutor:skillswap",
    "tutor:skittersmack",
    "tutor:skullbash",
    "tutor:skyattack",
    "tutor:sleeptalk",
    "tutor:snatch",
    "tutor:snore",
    "tutor:softboiled",
    "tutor:solarbeam",
    "tutor:spite",
    "tutor:stealthrock",
    "tutor:steelroller",
    "tutor:steelwing",
    "tutor:stompingtantrum",
    "tutor:strength",
    "tutor:stringshot",
    "tutor:submission",
    "tutor:substitute",
    "tutor:suckerpunch",
    "tutor:sunnyday",
    "tutor:superfang",
    "tutor:superpower",
    "tutor:swagger",
    "tutor:sweetscent",
    "tutor:swordsdance",
    "tutor:synthesis",
    "tutor:tailwind",
    "tutor:takedown",
    "tutor:taunt",
    "tutor:telekinesis",
    "tutor:teleport",
    "tutor:terrainpulse",
    "tutor:thief",
    "tutor:throatchop",
    "tutor:thunder",
    "tutor:thunderpunch",
    "tutor:thunderwave",
    "tutor:toxic",
    "tutor:transform",
    "tutor:triattack",
    "tutor:trick",
    "tutor:tripleaxel",
    "tutor:twister",
    "tutor:uproar",
    "tutor:uturn",
    "tutor:vacuumwave",
    "tutor:waterfall",
    "tutor:watergun",
    "tutor:waterpulse",
    "tutor:whirlpool",
    "tutor:whirlwind",
    "tutor:willowisp",
    "tutor:wonderroom",
    "tutor:worryseed",
    "tutor:xscissor",
    "tutor:zapcannon",
    "tutor:zenheadbutt"
  ],
  "labels": [
    "gen1",
    "mythical",
    "legendary"
  ],
  "pokedex": [
    "cobblemon.species.mew.desc"
  ],
  "evolutions": [ 
{
      "id": "mew_cafe_mew",
      "variant": "item_interact",
      "result": "cafe_mew",
      "consumeHeldItem": false,
      "learnableMoves": [],
      "requirements": [],
      "requiredContext": "minecraft:brown_wool"
    },


{
      "id": "mew_kimono_mew",
      "variant": "item_interact",
      "result": "kimono_mew",
      "consumeHeldItem": false,
      "learnableMoves": [],
      "requirements": [],
      "requiredContext": "minecraft:lime_wool"
    }
  ],
  "baseScale": 0.5,
  "hitbox": {
    "width": 0.6,
    "height": 1,
    "fixed": false
  },
  "baseFriendship": 100,
  "evYield": {
    "hp": 3,
    "attack": 0,
    "defence": 0,
    "special_attack": 0,
    "special_defence": 0,
    "speed": 0
  },
  "height": 4,
  "weight": 40,
  "aspects": [],
  "cannotDynamax": false
}
