{
	"format_version": "1.12.0",
	"minecraft:geometry": [
		{
			"description": {
				"identifier": "geometry.ash_greninja_omen",
				"texture_width": 128,
				"texture_height": 128,
				"visible_bounds_width": 7,
				"visible_bounds_height": 9.5,
				"visible_bounds_offset": [0, 4.25, 0]
			},
			"bones": [
				{
					"name": "greninja",
					"pivot": [0, 0, 0]
				},
				{
					"name": "body",
					"parent": "greninja",
					"pivot": [0, 0, 0]
				},
				{
					"name": "torso",
					"parent": "body",
					"pivot": [0, 16.8, 1.4],
					"cubes": [
						{"origin": [-2, 15.8, -0.5], "size": [4, 2, 4], "uv": [30, 72]}
					]
				},
				{
					"name": "waist",
					"parent": "torso",
					"pivot": [0, 17.8, 3.5],
					"cubes": [
						{"origin": [-3, 17.8, -1.2], "size": [6, 3, 5], "uv": [58, 59]}
					]
				},
				{
					"name": "chest",
					"parent": "waist",
					"pivot": [0, 20.8, 3.75],
					"cubes": [
						{"origin": [-4, 20.8, -2], "size": [8, 4, 6], "uv": [32, 26]},
						{"origin": [-3, 24.8, -1], "size": [6, 2, 5], "inflate": 0.01, "uv": [0, 63]}
					]
				},
				{
					"name": "bone9",
					"parent": "chest",
					"pivot": [0, 0, 0]
				},
				{
					"name": "bone10",
					"parent": "bone9",
					"pivot": [0, 0, 0],
					"cubes": [
						{"origin": [-4, 20.8, -1], "size": [8, 4, 0], "inflate": 0.01, "uv": [2, 96]}
					]
				},
				{
					"name": "neck",
					"parent": "chest",
					"pivot": [0, 24.8, 1],
					"cubes": [
						{"origin": [-5.5, 24.8, -5], "size": [11, 3, 11], "uv": [32, 0]}
					]
				},
				{
					"name": "head",
					"parent": "neck",
					"pivot": [0, 26.8, 1.1],
					"rotation": [2.5, 0, 0],
					"cubes": [
						{"origin": [-4, 27.66914, -3.60286], "size": [6, 3, 6], "pivot": [0, -5.33086, -1.60286], "rotation": [0, 45, 0], "uv": [0, 50]},
						{"origin": [-4, 26.66914, 0.09714], "size": [8, 4, 4], "inflate": 0.01, "uv": [24, 50]}
					]
				},
				{
					"name": "bone14",
					"parent": "head",
					"pivot": [1, 0, 0],
					"cubes": [
						{"origin": [-3, 28.66914, 0.09714], "size": [0, 2, 3], "inflate": 0.02, "uv": [26, 53]}
					]
				},
				{
					"name": "bone18",
					"parent": "head",
					"pivot": [-1, 0, 0],
					"cubes": [
						{"origin": [3, 28.66914, 0.09714], "size": [0, 2, 3], "inflate": 0.02, "uv": [26, 53], "mirror": true}
					]
				},
				{
					"name": "bone8",
					"parent": "head",
					"pivot": [0, 0, 0],
					"cubes": [
						{"origin": [-2, 28.66914, -1.90286], "size": [4, 1, 3], "inflate": 0.02, "uv": [25, 50]}
					]
				},
				{
					"name": "bone5",
					"parent": "head",
					"pivot": [0, 0, 0],
					"cubes": [
						{"origin": [0, 30.66914, -4.40286], "size": [0, 2, 12], "uv": [32, 12]}
					]
				},
				{
					"name": "bone15",
					"parent": "head",
					"pivot": [0, 0, 0],
					"cubes": [
						{"origin": [0, 30.66914, -4.40286], "size": [0, 2, 12], "inflate": -0.01, "uv": [86, -12]}
					]
				},
				{
					"name": "eye_right",
					"parent": "head",
					"pivot": [-2.2682, 29.86914, -0.749],
					"rotation": [7.5, -45, 0],
					"cubes": [
						{"origin": [-3.3, 28.36914, -2.25286], "size": [2, 3, 3], "uv": [78, 47]}
					]
				},
				{
					"name": "outer_pupil_right",
					"parent": "eye_right",
					"pivot": [-3.31, 29.76914, -1.45286],
					"cubes": [
						{"origin": [-3.31, 28.76914, -1.95286], "size": [0, 2, 1], "uv": [38, 5]}
					]
				},
				{
					"name": "outer_eyelid_right",
					"parent": "eye_right",
					"pivot": [-3.32, 30.86914, -0.75286],
					"cubes": [
						{"origin": [-3.32, 30.36914, -2.25286], "size": [0, 1, 3], "uv": [32, 41]}
					]
				},
				{
					"name": "bone13",
					"parent": "outer_eyelid_right",
					"pivot": [-6, 0, 0],
					"cubes": [
						{"origin": [-2.68, 30.36914, -2.25286], "size": [0, 1, 3], "uv": [0, 86]}
					]
				},
				{
					"name": "inner_eyelid_right",
					"parent": "eye_right",
					"pivot": [-3.23, 29.86914, -0.75286],
					"cubes": [
						{"origin": [-3.23, 28.36914, -2.25286], "size": [0, 3, 3], "uv": [44, 47]}
					]
				},
				{
					"name": "inner_eyelid_cover_right",
					"parent": "inner_eyelid_right",
					"pivot": [-3.23, 30.86914, -0.75286],
					"cubes": [
						{"origin": [-3.231, 30.36914, -2.25286], "size": [0, 1, 3], "uv": [32, 28]}
					]
				},
				{
					"name": "inner_pupil_right",
					"parent": "inner_eyelid_right",
					"pivot": [-3.24, 29.61914, -0.75286],
					"rotation": [5, 0, 0],
					"cubes": [
						{"origin": [-3.24, 29.11914, -1.75286], "size": [0, 1, 2], "uv": [38, 1]}
					]
				},
				{
					"name": "eye_left",
					"parent": "head",
					"pivot": [2.2682, 29.86914, -0.749],
					"rotation": [7.5, 45, 0],
					"cubes": [
						{"origin": [1.3, 28.36914, -2.25286], "size": [2, 3, 3], "uv": [78, 38]}
					]
				},
				{
					"name": "outer_pupil_left",
					"parent": "eye_left",
					"pivot": [2.3, 30.26914, -1.45286],
					"cubes": [
						{"origin": [3.31, 28.76914, -1.95286], "size": [0, 2, 1], "uv": [38, 3], "mirror": true}
					]
				},
				{
					"name": "outer_eyelid_left",
					"parent": "eye_left",
					"pivot": [2.3, 29.86914, -0.75286]
				},
				{
					"name": "bone6",
					"parent": "outer_eyelid_left",
					"pivot": [-1, 0, 0],
					"cubes": [
						{"origin": [3.32, 30.36914, -2.25286], "size": [0, 1, 3], "inflate": 0.01, "uv": [32, 27], "mirror": true}
					]
				},
				{
					"name": "bone7",
					"parent": "outer_eyelid_left",
					"pivot": [0, 0, 0],
					"cubes": [
						{"origin": [3.32, 30.36914, -2.25286], "size": [0, 1, 3], "uv": [0, 86], "mirror": true}
					]
				},
				{
					"name": "inner_eyelid_left",
					"parent": "eye_left",
					"pivot": [3.23, 29.86914, -0.75286],
					"cubes": [
						{"origin": [3.23, 28.36914, -2.25286], "size": [0, 3, 3], "uv": [0, 47], "mirror": true}
					]
				},
				{
					"name": "inner_eyelid_cover_left",
					"parent": "inner_eyelid_left",
					"pivot": [3.231, 30.86914, -0.75286],
					"cubes": [
						{"origin": [3.231, 30.36914, -2.25286], "size": [0, 1, 3], "uv": [32, 7], "mirror": true}
					]
				},
				{
					"name": "inner_pupil_left",
					"parent": "inner_eyelid_left",
					"pivot": [3.24, 29.61914, -0.75286],
					"rotation": [5, 0, 0],
					"cubes": [
						{"origin": [3.24, 29.11914, -1.75286], "size": [0, 1, 2], "uv": [38, 0], "mirror": true}
					]
				},
				{
					"name": "jaw",
					"parent": "head",
					"pivot": [0, 27.66914, -0.20286],
					"rotation": [-2.5, 0, 0],
					"cubes": [
						{"origin": [-4, 26.66914, -3.60286], "size": [6, 1, 6], "pivot": [0, -5.33086, -1.60286], "rotation": [0, 45, 0], "uv": [54, 20]}
					]
				},
				{
					"name": "head_ruff_right",
					"parent": "head",
					"pivot": [-4.5, 30.66914, 2.09714],
					"rotation": [38.8725, -8.1833, -7.33962],
					"cubes": [
						{"origin": [-7.1, 30.66914, -2.40286], "size": [3, 0, 5], "uv": [27, 5]}
					]
				},
				{
					"name": "head_ruff_left",
					"parent": "head",
					"pivot": [4.5, 30.66914, 2.09714],
					"rotation": [38.862, 8.32078, 7.1694],
					"cubes": [
						{"origin": [4.1, 30.66914, -2.40286], "size": [3, 0, 5], "uv": [27, 0]}
					]
				},
				{
					"name": "tongue_hidden",
					"parent": "head",
					"pivot": [0, 27.16914, 0.09714],
					"cubes": [
						{"origin": [-1, 26.66914, -4.90286], "size": [2, 1, 5], "inflate": 0.01, "uv": [75, 32]}
					]
				},
				{
					"name": "tongue_hidden2",
					"parent": "tongue_hidden",
					"pivot": [0, 27.16914, -4.90286],
					"cubes": [
						{"origin": [-1.5, 26.66914, -8.65286], "size": [3, 1, 4], "uv": [75, 67]}
					]
				},
				{
					"name": "tongue_hidden3",
					"parent": "tongue_hidden2",
					"pivot": [0, 27.16914, -8.65286],
					"cubes": [
						{"origin": [-1.5, 26.66914, -12.40286], "size": [3, 1, 4], "inflate": 0.01, "uv": [75, 56]}
					]
				},
				{
					"name": "tongue_hidden4",
					"parent": "tongue_hidden3",
					"pivot": [0, 27.16914, -12.40286],
					"cubes": [
						{"origin": [-1.5, 26.16914, -17.15286], "size": [3, 2, 5], "uv": [72, 18]}
					]
				},
				{
					"name": "tongue_hidden5",
					"parent": "tongue_hidden4",
					"pivot": [0, 27.16914, -17.15286],
					"cubes": [
						{"origin": [-1.5, 26.16914, -21.90286], "size": [3, 2, 5], "inflate": 0.01, "uv": [71, 11]}
					]
				},
				{
					"name": "tongue_hidden6",
					"parent": "tongue_hidden5",
					"pivot": [0, 27.16914, -21.90286],
					"cubes": [
						{"origin": [-1.5, 26.16914, -26.65286], "size": [3, 2, 5], "uv": [0, 70]}
					]
				},
				{
					"name": "tongue_hidden7",
					"parent": "tongue_hidden6",
					"pivot": [0, 27.16914, -26.65286],
					"cubes": [
						{"origin": [-1.5, 26.16914, -31.40286], "size": [3, 2, 5], "inflate": 0.01, "uv": [64, 69]}
					]
				},
				{
					"name": "tongue_hidden8",
					"parent": "tongue_hidden7",
					"pivot": [0, 27.16914, -31.40286],
					"cubes": [
						{"origin": [-2, 25.66914, -37.15286], "size": [4, 3, 6], "uv": [60, 27]}
					]
				},
				{
					"name": "head_fin_right",
					"parent": "head",
					"pivot": [-3.7, 30.66914, 0.09714],
					"rotation": [0, -15, 0],
					"cubes": [
						{"origin": [-3.7, 30.66914, 2.09714], "size": [5, 6, 0], "pivot": [0.1, 30.66914, 2.09714], "rotation": [-75, 0, 0], "uv": [36, 78]}
					]
				},
				{
					"name": "bone11",
					"parent": "head_fin_right",
					"pivot": [0, 0, 0],
					"cubes": [
						{"origin": [-3.7, 30.66914, 0.09714], "size": [0, 4, 13], "inflate": 0.01, "uv": [32, 7]}
					]
				},
				{
					"name": "bone12",
					"parent": "head_fin_right",
					"pivot": [0, 0, 0],
					"cubes": [
						{"origin": [-3.7, 30.66914, 0.09714], "size": [0, 4, 13], "uv": [32, 3]}
					]
				},
				{
					"name": "head_fin_left",
					"parent": "head",
					"pivot": [3.7, 30.66914, 0.09714],
					"rotation": [0, 15, 0],
					"cubes": [
						{"origin": [-1.3, 30.66914, 2.09714], "size": [5, 6, 0], "pivot": [-0.1, 30.66914, 2.09714], "rotation": [-75, 0, 0], "uv": [47, 64]}
					]
				},
				{
					"name": "bone17",
					"parent": "head_fin_left",
					"pivot": [0, 0, 0],
					"cubes": [
						{"origin": [3.7, 30.66914, 0.09714], "size": [0, 4, 13], "uv": [32, 3], "mirror": true}
					]
				},
				{
					"name": "bone16",
					"parent": "head_fin_left",
					"pivot": [0, 0, 0],
					"cubes": [
						{"origin": [3.7, 30.66914, 0.09714], "size": [0, 4, 13], "uv": [32, 7], "mirror": true}
					]
				},
				{
					"name": "tongue",
					"parent": "neck",
					"pivot": [0, 27.8, 5.1],
					"cubes": [
						{"origin": [-1.5, 26.8, 5], "size": [3, 2, 6], "uv": [66, 48]}
					]
				},
				{
					"name": "tongue2",
					"parent": "tongue",
					"pivot": [0, 27.8, 10.5],
					"cubes": [
						{"origin": [-1.5, 26.8, 10.5], "size": [3, 2, 6], "inflate": 0.01, "uv": [66, 39]}
					]
				},
				{
					"name": "tongue3",
					"parent": "tongue2",
					"pivot": [0, 27.8, 16],
					"cubes": [
						{"origin": [-2, 26.8, 16], "size": [4, 2, 6], "uv": [65, 0]}
					]
				},
				{
					"name": "tongue4",
					"parent": "tongue3",
					"pivot": [0, 27.8, 21.5],
					"cubes": [
						{"origin": [-2, 26.8, 21.5], "size": [4, 2, 6], "inflate": 0.01, "uv": [33, 64]}
					]
				},
				{
					"name": "tongue5",
					"parent": "tongue4",
					"pivot": [0, 27.8, 27],
					"cubes": [
						{"origin": [-2.5, 26.3, 27], "size": [5, 3, 6], "uv": [50, 45]}
					]
				},
				{
					"name": "tongue6",
					"parent": "tongue5",
					"pivot": [0, 27.8, 32.5],
					"cubes": [
						{"origin": [-2.5, 26.3, 32.5], "size": [5, 3, 6], "inflate": 0.01, "uv": [50, 36]}
					]
				},
				{
					"name": "tongue7",
					"parent": "tongue6",
					"pivot": [0, 27.8, 38],
					"cubes": [
						{"origin": [-3, 25.8, 38], "size": [6, 4, 6], "inflate": 0.01, "uv": [32, 40]}
					]
				},
				{
					"name": "shuriken_hand",
					"parent": "chest",
					"pivot": [-35, 21.95, 2]
				},
				{
					"name": "shuriken_chest",
					"parent": "chest",
					"pivot": [0, 22.2, 4],
					"cubes": [
						{"origin": [-2.5, 19.7, 4], "size": [5, 5, 0], "inflate": 0.01, "uv": [64, 88], "mirror": true}
					]
				},
				{
					"name": "arm_right",
					"parent": "chest",
					"pivot": [-4, 24.8, 1.5],
					"cubes": [
						{"origin": [-10, 22.8, 0.5], "size": [6, 2, 2], "uv": [14, 75]}
					]
				},
				{
					"name": "arm_right2",
					"parent": "arm_right",
					"pivot": [-10, 23.8, 2.5],
					"cubes": [
						{"origin": [-15, 22.8, 0], "size": [5, 2, 3], "uv": [46, 74]},
						{"origin": [-17, 23.3, 0.5], "size": [2, 1, 2], "inflate": 0.02, "uv": [36, 84]},
						{"origin": [-13.45, 24.55, 0.5], "size": [3, 1, 2], "pivot": [-11.45, 24.8, 1.5], "rotation": [0, 0, -2.5], "uv": [66, 36]}
					]
				},
				{
					"name": "hand_right",
					"parent": "arm_right2",
					"pivot": [-17, 24.3, 1.5]
				},
				{
					"name": "finger_index_right",
					"parent": "hand_right",
					"pivot": [-17, 24.3, 1.5],
					"rotation": [0, -42.5, 0],
					"cubes": [
						{"origin": [-21, 23.3, 1], "size": [4, 1, 1], "uv": [48, 59]},
						{"origin": [-21, 23.8, 2], "size": [4, 0, 2], "pivot": [-21, 23.8, 2], "rotation": [0, 10, 0], "uv": [14, 61]}
					]
				},
				{
					"name": "finger_index_right_end",
					"parent": "finger_index_right",
					"pivot": [-21, 24.3, 1.5],
					"cubes": [
						{"origin": [-23, 23.3, 0.5], "size": [2, 1, 2], "uv": [50, 59]}
					]
				},
				{
					"name": "finger_middle_right",
					"parent": "hand_right",
					"pivot": [-17, 24.3, 1.5],
					"cubes": [
						{"origin": [-21, 23.3, 1], "size": [4, 1, 1], "inflate": 0.01, "uv": [73, 8]}
					]
				},
				{
					"name": "finger_middle_right_end",
					"parent": "finger_middle_right",
					"pivot": [-21, 24.3, 1.5],
					"cubes": [
						{"origin": [-23, 23.3, 0.5], "size": [2, 1, 2], "uv": [50, 60]}
					]
				},
				{
					"name": "finger_pinky_right",
					"parent": "hand_right",
					"pivot": [-17, 24.3, 1.5],
					"rotation": [0, 42.5, 0],
					"cubes": [
						{"origin": [-21, 23.3, 1], "size": [4, 1, 1], "uv": [42, 72]},
						{"origin": [-21, 23.81, -1], "size": [4, 0, 2], "pivot": [-21, 23.8, 1], "rotation": [0, -10, 0], "uv": [32, 60]}
					]
				},
				{
					"name": "finger_pinky_right_end",
					"parent": "finger_pinky_right",
					"pivot": [-21, 24.3, 1.5],
					"cubes": [
						{"origin": [-23, 23.3, 0.5], "size": [2, 1, 2], "uv": [49, 58]}
					]
				},
				{
					"name": "arm_left",
					"parent": "chest",
					"pivot": [4, 24.8, 1.5],
					"cubes": [
						{"origin": [4, 22.8, 0.5], "size": [6, 2, 2], "uv": [0, 59]}
					]
				},
				{
					"name": "arm_left2",
					"parent": "arm_left",
					"pivot": [10, 23.8, 2.5],
					"cubes": [
						{"origin": [10, 22.8, 0], "size": [5, 2, 3], "uv": [74, 27]},
						{"origin": [15, 23.3, 0.5], "size": [2, 1, 2], "inflate": 0.02, "uv": [44, 83]},
						{"origin": [10.45, 24.55, 0.5], "size": [3, 1, 2], "pivot": [11.45, 24.8, 1.5], "rotation": [0, 0, 2.5], "uv": [65, 8]}
					]
				},
				{
					"name": "hand_left",
					"parent": "arm_left2",
					"pivot": [17, 24.3, 1.5]
				},
				{
					"name": "finger_index_left",
					"parent": "hand_left",
					"pivot": [17, 24.3, 1.5],
					"rotation": [0, 42.5, 0],
					"cubes": [
						{"origin": [17, 23.3, 1], "size": [4, 1, 1], "uv": [11, 70]},
						{"origin": [17, 23.8, 2], "size": [4, 0, 2], "pivot": [21, 23.8, 2], "rotation": [0, -10, 0], "uv": [12, 59]}
					]
				},
				{
					"name": "finger_index_left_end",
					"parent": "finger_index_left",
					"pivot": [21, 24.3, 1.5],
					"cubes": [
						{"origin": [21, 23.3, 0.5], "size": [2, 1, 2], "uv": [48, 57]}
					]
				},
				{
					"name": "finger_middle_left",
					"parent": "hand_left",
					"pivot": [17, 24.3, 1.5],
					"cubes": [
						{"origin": [17, 23.3, 1], "size": [4, 1, 1], "inflate": 0.01, "uv": [65, 67]}
					]
				},
				{
					"name": "finger_middle_left_end",
					"parent": "finger_middle_left",
					"pivot": [21, 24.3, 1.5],
					"cubes": [
						{"origin": [21, 23.3, 0.5], "size": [2, 1, 2], "uv": [51, 58]}
					]
				},
				{
					"name": "finger_pinky_left",
					"parent": "hand_left",
					"pivot": [17, 24.3, 1.5],
					"rotation": [0, -42.5, 0],
					"cubes": [
						{"origin": [17, 23.3, 1], "size": [4, 1, 1], "uv": [48, 59]},
						{"origin": [17, 23.81, -1], "size": [4, 0, 2], "pivot": [21, 23.8, 1], "rotation": [0, 10, 0], "uv": [32, 58]}
					]
				},
				{
					"name": "finger_pinky_left_end",
					"parent": "finger_pinky_left",
					"pivot": [21, 24.3, 1.5],
					"cubes": [
						{"origin": [21, 23.3, 0.5], "size": [2, 1, 2], "uv": [0, 83]}
					]
				},
				{
					"name": "tail",
					"parent": "torso",
					"pivot": [0, 17.8, -0.1],
					"rotation": [2.5, 0, 0],
					"cubes": [
						{"origin": [0, 13.84798, -2.09895], "size": [0, 4, 11], "uv": [32, 25]}
					]
				},
				{
					"name": "leg_right",
					"parent": "body",
					"pivot": [-2, 16.8, 1.4],
					"cubes": [
						{"origin": [-2.7, 15.8, 0.4], "size": [2, 1, 2], "uv": [82, 72]},
						{"origin": [-3.8, 12.8, -0.6], "size": [4, 3, 4], "uv": [18, 68]},
						{"origin": [-4.3, 8.3, -1.1], "size": [5, 5, 5], "uv": [19, 58]},
						{"origin": [-3.3, 8.4, -1.85], "size": [3, 3, 1], "pivot": [-1.8, 9.9, -1.1], "rotation": [-2.5, 0, 0], "uv": [54, 80]}
					]
				},
				{
					"name": "shuriken_right",
					"parent": "leg_right",
					"pivot": [-4.3, 13.3, 1.4],
					"rotation": [-5, -1, 0],
					"cubes": [
						{"origin": [-4.3, 11.3, -0.6], "size": [0, 4, 4], "pivot": [-4.3, 13.3, 1.4], "rotation": [0, 0, 10], "uv": [54, 23]}
					]
				},
				{
					"name": "leg_right2",
					"parent": "leg_right",
					"pivot": [-1.8, 8.3, -0.4],
					"cubes": [
						{"origin": [-2.8, 0.4, -0.4], "size": [2, 8, 2], "uv": [28, 78]}
					]
				},
				{
					"name": "foot_right",
					"parent": "leg_right2",
					"pivot": [-1.8, 0.9, 1.6],
					"cubes": [
						{"origin": [-2.8, -0.1, -1.4], "size": [2, 1, 3], "inflate": 0.01, "uv": [14, 79]}
					]
				},
				{
					"name": "toe_right",
					"parent": "foot_right",
					"pivot": [-1.8, 0.4, -0.4],
					"cubes": [
						{"origin": [-3.3, 0.2, -4.9], "size": [3, 0, 4], "uv": [28, 40]}
					]
				},
				{
					"name": "toe_inner_right",
					"parent": "toe_right",
					"pivot": [-0.8, 0.4, -0.4],
					"rotation": [0, -20, 0],
					"cubes": [
						{"origin": [-1.8, -0.1, -5.4], "size": [1, 1, 5], "uv": [47, 56]}
					]
				},
				{
					"name": "toe_inner_right_end",
					"parent": "toe_inner_right",
					"pivot": [-1.3, 0.9, -5],
					"cubes": [
						{"origin": [-2.3, -0.1, -7], "size": [2, 1, 2], "inflate": 0.01, "uv": [48, 59]}
					]
				},
				{
					"name": "toe_outer_right",
					"parent": "toe_right",
					"pivot": [-2.8, 0.4, -0.4],
					"rotation": [0, 20, 0],
					"cubes": [
						{"origin": [-2.8, -0.1, -5.4], "size": [1, 1, 5], "uv": [0, 77]}
					]
				},
				{
					"name": "toe_outer_right_end",
					"parent": "toe_outer_right",
					"pivot": [-2.3, 0.9, -4.65],
					"cubes": [
						{"origin": [-3.3, -0.1, -6.65], "size": [2, 1, 2], "inflate": 0.01, "uv": [49, 60]}
					]
				},
				{
					"name": "toe_back_right",
					"parent": "foot_right",
					"pivot": [-1.8, 0.9, 1.6],
					"cubes": [
						{"origin": [-2.8, -0.1, 1.6], "size": [2, 1, 3], "uv": [79, 0]}
					]
				},
				{
					"name": "leg_left",
					"parent": "body",
					"pivot": [2, 16.8, 1.4],
					"cubes": [
						{"origin": [0.7, 15.8, 0.4], "size": [2, 1, 2], "uv": [81, 8]},
						{"origin": [-0.2, 12.8, -0.6], "size": [4, 3, 4], "uv": [53, 67]},
						{"origin": [-0.7, 8.3, -1.1], "size": [5, 5, 5], "uv": [43, 54]},
						{"origin": [0.3, 8.4, -1.85], "size": [3, 3, 1], "pivot": [1.8, 9.9, -1.1], "rotation": [-2.5, 0, 0], "uv": [46, 79]}
					]
				},
				{
					"name": "shuriken_left",
					"parent": "leg_left",
					"pivot": [4.3, 13.3, 1.4],
					"rotation": [-5, 1, 0],
					"cubes": [
						{"origin": [4.3, 11.3, -0.6], "size": [0, 4, 4], "pivot": [4.3, 13.3, 1.4], "rotation": [0, 0, -10], "uv": [18, 46]}
					]
				},
				{
					"name": "leg_left2",
					"parent": "leg_left",
					"pivot": [1.8, 8.3, -0.4],
					"cubes": [
						{"origin": [0.8, 0.4, -0.4], "size": [2, 8, 2], "uv": [69, 76]}
					]
				},
				{
					"name": "foot_left",
					"parent": "leg_left2",
					"pivot": [1.8, 0.9, 1.6],
					"cubes": [
						{"origin": [0.8, -0.1, -1.4], "size": [2, 1, 3], "inflate": 0.01, "uv": [58, 54]}
					]
				},
				{
					"name": "toe_back_left",
					"parent": "foot_left",
					"pivot": [1.8, 0.9, 1.6],
					"cubes": [
						{"origin": [0.8, -0.1, 1.6], "size": [2, 1, 3], "uv": [58, 16]}
					]
				},
				{
					"name": "toe_left",
					"parent": "foot_left",
					"pivot": [1.8, 0.4, -0.4],
					"cubes": [
						{"origin": [0.3, 0.2, -4.9], "size": [3, 0, 4], "uv": [28, 26]}
					]
				},
				{
					"name": "toe_inner_left",
					"parent": "toe_left",
					"pivot": [0.8, 0.4, -0.4],
					"rotation": [0, 20, 0],
					"cubes": [
						{"origin": [0.8, -0.1, -5.4], "size": [1, 1, 5], "uv": [47, 56]}
					]
				},
				{
					"name": "toe_inner_left_end",
					"parent": "toe_inner_left",
					"pivot": [1.3, 0.9, -5],
					"cubes": [
						{"origin": [0.3, -0.1, -7], "size": [2, 1, 2], "inflate": 0.01, "uv": [48, 59]}
					]
				},
				{
					"name": "toe_outer_left",
					"parent": "toe_left",
					"pivot": [2.8, 0.4, -0.4],
					"rotation": [0, -20, 0],
					"cubes": [
						{"origin": [1.8, -0.1, -5.4], "size": [1, 1, 5], "uv": [57, 74]}
					]
				},
				{
					"name": "toe_outer_left_end",
					"parent": "toe_outer_left",
					"pivot": [2.3, 0.9, -4.65],
					"cubes": [
						{"origin": [1.3, -0.1, -6.65], "size": [2, 1, 2], "inflate": 0.01, "uv": [50, 59]}
					]
				},
				{
					"name": "bone19",
					"parent": "body",
					"pivot": [0, 49, 0],
					"cubes": [
						{"origin": [-11.3, 0, -22.65], "size": [22, 50, 0], "pivot": [0, 49, 0], "rotation": [0, -45, 0], "uv": [82, 78], "mirror": true},
						{"origin": [-8.5, 0, 23.6], "size": [17, 50, 0], "pivot": [0, 49, 0], "rotation": [0, 90, 0], "uv": [91, 78]},
						{"origin": [-8, 0, -24], "size": [16, 50, 0], "uv": [85, 78]},
						{"origin": [-11.3, 0, 22.7], "size": [22, 50, 0], "pivot": [0, 49, 0], "rotation": [0, -45, 0], "uv": [83, 78]},
						{"origin": [-11.1, 0, 22.75], "size": [22, 50, 0], "pivot": [0, 49, 0], "rotation": [0, 45, 0], "uv": [82, 78]},
						{"origin": [-10.9, 0, -22.75], "size": [22, 50, 0], "pivot": [0, 49, 0], "rotation": [0, 45, 0], "uv": [82, 78], "mirror": true},
						{"origin": [-8.5, 0, -23.6], "size": [17, 49, 0], "pivot": [0, 49, 0], "rotation": [0, 90, 0], "uv": [84, 79]},
						{"origin": [-8.5, 0, 23.7], "size": [17, 50, 0], "uv": [92, 78]}
					]
				},
				{
					"name": "aura2",
					"parent": "bone19",
					"pivot": [0, 49, 0],
					"cubes": [
						{"origin": [-8, 49, -24], "size": [16, 50, 0], "uv": [85, 78]},
						{"origin": [-8.5, 49, 23.7], "size": [17, 50, 0], "uv": [92, 78]},
						{"origin": [-11.3, 49, -22.65], "size": [22, 50, 0], "pivot": [0, 49, 0], "rotation": [0, -45, 0], "uv": [82, 78], "mirror": true},
						{"origin": [-11.3, 49, 22.7], "size": [22, 50, 0], "pivot": [0, 49, 0], "rotation": [0, -45, 0], "uv": [83, 78]},
						{"origin": [-10.7, 49, -22.65], "size": [22, 50, 0], "pivot": [0, 49, 0], "rotation": [0, 45, 0], "uv": [82, 78]},
						{"origin": [-11.1, 49, 22.75], "size": [22, 50, 0], "pivot": [0, 49, 0], "rotation": [0, 45, 0], "uv": [82, 78]},
						{"origin": [-8.5, 49, 23.6], "size": [17, 50, 0], "pivot": [0, 49, 0], "rotation": [0, 90, 0], "uv": [91, 78]},
						{"origin": [-8.5, 49, -23.6], "size": [17, 49, 0], "pivot": [0, 49, 0], "rotation": [0, 90, 0], "uv": [84, 79]}
					]
				},
				{
					"name": "bone",
					"parent": "aura2",
					"pivot": [0, 49, 0],
					"cubes": [
						{"origin": [-8, 66.5, -51.5], "size": [16, 34, 0], "pivot": [0, 49, 0], "rotation": [-45, 0, 0], "uv": [85, 85]},
						{"origin": [-8, 66.75, 51.5], "size": [16, 34, 0], "pivot": [0, 49, 0], "rotation": [45, 0, 0], "uv": [85, 85]}
					]
				},
				{
					"name": "bone2",
					"parent": "aura2",
					"pivot": [0, 49, 0],
					"rotation": [0, 90, 0],
					"cubes": [
						{"origin": [-8, 66.5, -51.5], "size": [16, 34, 0], "pivot": [0, 49, 0], "rotation": [-45, 0, 0], "uv": [85, 85]},
						{"origin": [-8, 66.75, 51.5], "size": [16, 34, 0], "pivot": [0, 49, 0], "rotation": [45, 0, 0], "uv": [85, 85]}
					]
				},
				{
					"name": "bone3",
					"parent": "aura2",
					"pivot": [0, 49, 0],
					"rotation": [0, 45, 0],
					"cubes": [
						{"origin": [-12, 66.5, -50.5], "size": [23, 34, 0], "pivot": [0, 49, 0], "rotation": [-45, 0, 0], "uv": [85, 85]},
						{"origin": [-12, 66.75, 50.5], "size": [23, 33, 0], "pivot": [0, 49, 0], "rotation": [45, 0, 0], "uv": [85, 85]}
					]
				},
				{
					"name": "bone4",
					"parent": "aura2",
					"pivot": [0, 49, 0],
					"rotation": [0, -45, 0],
					"cubes": [
						{"origin": [-12, 66.5, -50.5], "size": [23, 34, 0], "pivot": [0, 49, 0], "rotation": [-45, 0, 0], "uv": [85, 85]},
						{"origin": [-12, 66.75, 50.5], "size": [23, 33, 0], "pivot": [0, 49, 0], "rotation": [45, 0, 0], "uv": [85, 85]}
					]
				}
			]
		}
	]
}