{
	"format_version": "1.21.0",
	"minecraft:geometry": [
		{
			"description": {
				"identifier": "geometry.unknown",
				"texture_width": 256,
				"texture_height": 256,
				"visible_bounds_width": 21,
				"visible_bounds_height": 8,
				"visible_bounds_offset": [0, 3, 0]
			},
			"bones": [
				{
					"name": "eternatus",
					"pivot": [0, 0, 0]
				},
				{
					"name": "mainbody",
					"parent": "eternatus",
					"pivot": [0, 25, 0],
					"rotation": [0, -90, 0]
				},
				{
					"name": "spine",
					"parent": "mainbody",
					"pivot": [0, 25, 0],
					"rotation": [0, 0, 17.5]
				},
				{
					"name": "looky",
					"parent": "spine",
					"pivot": [-5.52608, 53.89349, 1.97795],
					"rotation": [-163.43979, 71.79398, 15.77583]
				},
				{
					"name": "topspine",
					"parent": "looky",
					"pivot": [-5.08716, 54, 4.99619],
					"rotation": [175.69594, 72.50819, 0.72471],
					"cubes": [
						{"origin": [-13.13852, 51.61009, 3.56067], "size": [12, 6, 6], "uv": [26, 29]},
						{"origin": [-10.13852, 42.61009, 6.56067], "size": [2, 3, 0], "pivot": [-9.13852, 41.61009, 4.56067], "rotation": [0, 0, 27.5], "uv": [82, 97]},
						{"origin": [-9.13852, 49.61009, 2.56067], "size": [3, 4, 8], "uv": [92, 225]},
						{"origin": [-10.13852, 62.61009, 6.56067], "size": [2, 4, 0], "pivot": [-9.13852, 60.61009, 4.56067], "rotation": [0, 0, 27.5], "uv": [23, 12]},
						{"origin": [-9.13852, 54.61009, 2.56067], "size": [3, 4, 8], "uv": [190, 224]},
						{"origin": [-9.13852, 58.61009, 5.56067], "size": [3, 5, 2], "uv": [13, 96]},
						{"origin": [-9.13852, 44.61009, 5.56067], "size": [3, 5, 2], "uv": [28, 124]},
						{"origin": [-6.08852, 63.66009, 7.61067], "size": [-3.1, -5.1, -2.1], "uv": [0, 0]},
						{"origin": [-6.08852, 58.66009, 10.61067], "size": [-3.1, -4.1, -8.1], "uv": [0, 0]},
						{"origin": [-8.08852, 66.66009, 6.61067], "size": [-2.1, -4.1, -0.1], "pivot": [-9.13852, 60.61009, 4.56067], "rotation": [0, 0, 27.5], "uv": [0, 0]},
						{"origin": [-3.08852, 57.66009, 9.61067], "size": [-10.1, -6.1, -6.1], "uv": [0, 0]},
						{"origin": [-6.08852, 53.66009, 10.61067], "size": [-3.1, -4.1, -8.1], "uv": [0, 0]},
						{"origin": [-8.08852, 45.66009, 6.61067], "size": [-2.1, -3.1, -0.1], "pivot": [-9.13852, 41.61009, 4.56067], "rotation": [0, 0, 27.5], "uv": [0, 0]},
						{"origin": [-6.08852, 49.66009, 7.61067], "size": [-3.1, -5.1, -2.1], "uv": [0, 0]}
					]
				},
				{
					"name": "spineseg2",
					"parent": "topspine",
					"pivot": [-12.13852, 54.61009, 6.56067],
					"rotation": [0, 0, -5],
					"cubes": [
						{"origin": [-29.13297, 51.71531, 3.56067], "size": [18, 6, 6], "uv": [19, 30]},
						{"origin": [-25.13297, 46.71531, 5.56067], "size": [3, 3, 2], "uv": [126, 156]},
						{"origin": [-25.13297, 58.71531, 5.56067], "size": [3, 3, 2], "uv": [101, 156]},
						{"origin": [-25.13297, 54.71531, 2.56067], "size": [3, 4, 8], "uv": [227, 56]},
						{"origin": [-26.13297, 44.71531, 6.56067], "size": [2, 3, 0], "pivot": [-25.13297, 43.71531, 4.56067], "rotation": [0, 0, 27.5], "uv": [30, 99]},
						{"origin": [-26.13297, 60.71531, 6.56067], "size": [2, 4, 0], "pivot": [-25.13297, 58.71531, 4.56067], "rotation": [0, 0, 27.5], "uv": [8, 55]},
						{"origin": [-25.13297, 49.71531, 2.56067], "size": [3, 4, 8], "uv": [226, 91]},
						{"origin": [-17.13297, 58.71531, 5.56067], "size": [3, 4, 2], "uv": [85, 156]},
						{"origin": [-18.13297, 43.71531, 6.56067], "size": [2, 3, 0], "pivot": [-17.13297, 42.71531, 4.56067], "rotation": [0, 0, 27.5], "uv": [34, 99]},
						{"origin": [-17.13297, 45.71531, 5.56067], "size": [3, 4, 2], "uv": [75, 156]},
						{"origin": [-18.13297, 61.71531, 6.56067], "size": [2, 4, 0], "pivot": [-17.13297, 59.71531, 4.56067], "rotation": [0, 0, 27.5], "uv": [14, 73]},
						{"origin": [-17.13297, 49.71531, 2.56067], "size": [3, 4, 8], "uv": [226, 103]},
						{"origin": [-17.13297, 54.71531, 2.56067], "size": [3, 4, 8], "uv": [212, 225]},
						{"origin": [-14.08297, 58.76531, 10.61067], "size": [-3.1, -4.1, -8.1], "uv": [0, 0]},
						{"origin": [-14.08297, 53.76531, 10.61067], "size": [-3.1, -4.1, -8.1], "uv": [0, 0]},
						{"origin": [-16.08297, 65.76531, 6.61067], "size": [-2.1, -4.1, -0.1], "pivot": [-17.13297, 59.71531, 4.56067], "rotation": [0, 0, 27.5], "uv": [0, 0]},
						{"origin": [-14.08297, 49.76531, 7.61067], "size": [-3.1, -4.1, -2.1], "uv": [0, 0]},
						{"origin": [-16.08297, 46.76531, 6.61067], "size": [-2.1, -3.1, -0.1], "pivot": [-17.13297, 42.71531, 4.56067], "rotation": [0, 0, 27.5], "uv": [0, 0]},
						{"origin": [-14.08297, 62.76531, 7.61067], "size": [-3.1, -4.1, -2.1], "uv": [0, 0]},
						{"origin": [-22.08297, 53.76531, 10.61067], "size": [-3.1, -4.1, -8.1], "uv": [0, 0]},
						{"origin": [-24.08297, 64.76531, 6.61067], "size": [-2.1, -4.1, -0.1], "pivot": [-25.13297, 58.71531, 4.56067], "rotation": [0, 0, 27.5], "uv": [0, 0]},
						{"origin": [-24.08297, 47.76531, 6.61067], "size": [-2.1, -3.1, -0.1], "pivot": [-25.13297, 43.71531, 4.56067], "rotation": [0, 0, 27.5], "uv": [0, 0]},
						{"origin": [-22.08297, 58.76531, 10.61067], "size": [-3.1, -4.1, -8.1], "uv": [0, 0]},
						{"origin": [-22.08297, 61.76531, 7.61067], "size": [-3.1, -3.1, -2.1], "uv": [0, 0]},
						{"origin": [-22.08297, 49.76531, 7.61067], "size": [-3.1, -3.1, -2.1], "uv": [0, 0]},
						{"origin": [-11.08297, 57.76531, 9.61067], "size": [-18.1, -6.1, -6.1], "uv": [0, 0]}
					]
				},
				{
					"name": "spineseg3",
					"parent": "spineseg2",
					"pivot": [-26.13297, 52.71531, 6.56067],
					"rotation": [0, 0, -10],
					"cubes": [
						{"origin": [-46.63797, 51.89349, 3.53862], "size": [19, 6, 6], "uv": [19, 30]},
						{"origin": [-40.63797, 54.89349, 2.53862], "size": [3, 4, 8], "uv": [229, 142]},
						{"origin": [-40.63797, 58.89349, 5.53862], "size": [3, 2, 2], "uv": [101, 156]},
						{"origin": [-40.63797, 47.89349, 5.53862], "size": [3, 2, 2], "uv": [162, 37]},
						{"origin": [-41.63797, 59.89349, 6.53862], "size": [2, 3, 0], "pivot": [-40.63797, 57.89349, 4.53862], "rotation": [0, 0, 27.5], "uv": [54, 99]},
						{"origin": [-41.63797, 46.89349, 6.53862], "size": [2, 2, 0], "pivot": [-40.63797, 44.89349, 4.53862], "rotation": [0, 0, 27.5], "uv": [13, 104]},
						{"origin": [-40.63797, 49.89349, 2.53862], "size": [3, 4, 8], "uv": [229, 78]},
						{"origin": [-32.63797, 46.89349, 5.53862], "size": [3, 3, 2], "uv": [145, 156]},
						{"origin": [-33.63797, 60.89349, 6.53862], "size": [2, 3, 0], "pivot": [-32.63797, 58.89349, 4.53862], "rotation": [0, 0, 27.5], "uv": [50, 99]},
						{"origin": [-33.63797, 45.89349, 6.53862], "size": [2, 2, 0], "pivot": [-32.63797, 43.89349, 4.53862], "rotation": [0, 0, 27.5], "uv": [54, 102]},
						{"origin": [-32.63797, 49.89349, 2.53862], "size": [3, 4, 8], "uv": [36, 228]},
						{"origin": [-32.63797, 58.89349, 5.53862], "size": [3, 3, 2], "uv": [109, 159]},
						{"origin": [-32.63797, 54.89349, 2.53862], "size": [3, 4, 8], "uv": [114, 228]},
						{"origin": [-29.58797, 58.94349, 10.58862], "size": [-3.1, -4.1, -8.1], "uv": [0, 0]},
						{"origin": [-29.58797, 61.94349, 7.58862], "size": [-3.1, -3.1, -2.1], "uv": [0, 0]},
						{"origin": [-29.58797, 53.94349, 10.58862], "size": [-3.1, -4.1, -8.1], "uv": [0, 0]},
						{"origin": [-31.58797, 47.94349, 6.58862], "size": [-2.1, -2.1, -0.1], "pivot": [-32.63797, 43.89349, 4.53862], "rotation": [0, 0, 27.5], "uv": [0, 0]},
						{"origin": [-31.58797, 63.94349, 6.58862], "size": [-2.1, -3.1, -0.1], "pivot": [-32.63797, 58.89349, 4.53862], "rotation": [0, 0, 27.5], "uv": [0, 0]},
						{"origin": [-29.58797, 49.94349, 7.58862], "size": [-3.1, -3.1, -2.1], "uv": [0, 0]},
						{"origin": [-37.58797, 53.94349, 10.58862], "size": [-3.1, -4.1, -8.1], "uv": [0, 0]},
						{"origin": [-39.58797, 48.94349, 6.58862], "size": [-2.1, -2.1, -0.1], "pivot": [-40.63797, 44.89349, 4.53862], "rotation": [0, 0, 27.5], "uv": [0, 0]},
						{"origin": [-39.58797, 62.94349, 6.58862], "size": [-2.1, -3.1, -0.1], "pivot": [-40.63797, 57.89349, 4.53862], "rotation": [0, 0, 27.5], "uv": [0, 0]},
						{"origin": [-37.58797, 49.94349, 7.58862], "size": [-3.1, -2.1, -2.1], "uv": [0, 0]},
						{"origin": [-37.58797, 60.94349, 7.58862], "size": [-3.1, -2.1, -2.1], "uv": [0, 0]},
						{"origin": [-37.58797, 58.94349, 10.58862], "size": [-3.1, -4.1, -8.1], "uv": [0, 0]},
						{"origin": [-27.58797, 57.94349, 9.58862], "size": [-19.1, -6.1, -6.1], "uv": [0, 0]}
					]
				},
				{
					"name": "neck",
					"parent": "spineseg3",
					"pivot": [-45.64212, 53.97846, 7.50619],
					"rotation": [2.93168, -2.0764, -16.60382],
					"cubes": [
						{"origin": [-55.5885, 52.46802, 3.50619], "size": [12, 5, 6], "uv": [10, 31]},
						{"origin": [-44.5385, 57.51802, 9.55619], "size": [-11.1, -5.1, -6.1], "uv": [0, 0]}
					]
				},
				{
					"name": "head",
					"parent": "neck",
					"pivot": [-51.5885, 52.46802, 4.50619],
					"rotation": [0, 0, -15],
					"cubes": [
						{"origin": [-62.5885, 53.46802, 4.50619], "size": [12, 5, 4], "uv": [217, 167]},
						{"origin": [-62.5885, 53.46802, 6.50619], "size": [1, 3, 0], "uv": [10, 14]},
						{"origin": [-50.5385, 58.51802, 8.55619], "size": [-12.1, -5.1, -4.1], "uv": [0, 0]},
						{"origin": [-61.5385, 56.51802, 6.55619], "size": [-1.1, -3.1, -0.1], "uv": [0, 0]}
					]
				},
				{
					"name": "jaw",
					"parent": "head",
					"pivot": [-55.5885, 54.46802, 5.50619],
					"rotation": [0, 0, -15],
					"cubes": [
						{"origin": [-62.64212, 50.97846, 8.50619], "size": [5, 3, 1], "pivot": [-67.80572, 52.9363, 3.50619], "rotation": [0, -17.5, 0], "uv": [42, 138]},
						{"origin": [-62.64212, 53.97846, 9.50619], "size": [2, 1, 0], "pivot": [-67.80572, 56.9363, 3.50619], "rotation": [0, -17.5, 0], "uv": [0, 35]},
						{"origin": [-61.64212, 49.97846, 9.50619], "size": [1, 1, 0], "pivot": [-66.80572, 52.9363, 3.50619], "rotation": [0, -17.5, 0], "uv": [0, 1]},
						{"origin": [-53.64212, 51.97846, 0.50619], "size": [2, 1, 1], "pivot": [-64.80572, 52.9363, -5.49381], "rotation": [0, -70, 0], "uv": [8, 53]},
						{"origin": [-53.64212, 52.97846, 1.50619], "size": [1, 1, 0], "pivot": [-64.80572, 53.9363, -5.49381], "rotation": [0, -70, 0], "uv": [26, 27]},
						{"origin": [-53.64212, 50.97846, 1.50619], "size": [1, 1, 0], "pivot": [-64.80572, 51.9363, -5.49381], "rotation": [0, -70, 0], "uv": [8, 2]},
						{"origin": [-60.64212, 50.97846, 2.50619], "size": [3, 2, 1], "pivot": [-71.80572, 52.9363, -2.49381], "rotation": [0, -37.5, 0], "uv": [68, 70]},
						{"origin": [-59.64212, 52.97846, 3.50619], "size": [1, 1, 0], "pivot": [-71.80572, 54.9363, -2.49381], "rotation": [0, -37.5, 0], "uv": [6, 28]},
						{"origin": [-59.64212, 49.97846, 3.50619], "size": [2, 1, 0], "pivot": [-71.80572, 51.9363, -2.49381], "rotation": [0, -37.5, 0], "uv": [23, 16]},
						{"origin": [-60.64212, 48.97846, 11.50619], "size": [6, 3, 1], "pivot": [-61.80572, 50.9363, 5.50619], "rotation": [2.87048, 3.39656, -34.72722], "uv": [147, 78]},
						{"origin": [-57.80572, 46.9363, 12.50619], "size": [3, 4, 0], "pivot": [-59.80572, 49.9363, 5.50619], "rotation": [2.87048, 3.39656, -34.72722], "uv": [88, 0]},
						{"origin": [-50.64212, 52.97846, 5.50619], "size": [1, 1, 0], "pivot": [-58.80572, 53.9363, -1.49381], "rotation": [0, -105, 0], "uv": [0, 29]},
						{"origin": [-50.64212, 50.97846, 5.50619], "size": [1, 1, 0], "pivot": [-58.80572, 51.9363, -1.49381], "rotation": [0, -105, 0], "uv": [25, 26]},
						{"origin": [-51.64212, 51.97846, 4.50619], "size": [2, 1, 1], "pivot": [-58.80572, 52.9363, -1.49381], "rotation": [0, -105, 0], "uv": [20, 26]},
						{"origin": [-68.64212, 50.97846, 10.50619], "size": [4, 2, 1], "pivot": [-78.80572, 53.9363, 4.50619], "rotation": [0, 35, 0], "uv": [0, 14]},
						{"origin": [-67.64212, 52.97846, 10.50619], "size": [1, 1, 0], "pivot": [-78.80572, 55.9363, 4.50619], "rotation": [0, 35, 0], "uv": [0, 28]},
						{"origin": [-67.64212, 49.97846, 10.50619], "size": [2, 1, 0], "pivot": [-78.80572, 52.9363, 4.50619], "rotation": [0, 35, 0], "uv": [12, 4]},
						{"origin": [-61.85934, 50.44674, 0.50619], "size": [6, 3, 1], "pivot": [-62.80572, 52.9363, -5.49381], "rotation": [-7.01146, 1.64428, -33.9247], "uv": [0, 73]},
						{"origin": [-58.85934, 47.44674, 0.50619], "size": [3, 4, 0], "pivot": [-61.80572, 50.9363, -5.49381], "rotation": [-7.01146, 1.64428, -33.9247], "uv": [88, 8]},
						{"origin": [-65.64212, 50.97846, 2.50619], "size": [5, 3, 1], "pivot": [-69.80572, 53.9363, -3.49381], "rotation": [0, 12.5, 0], "uv": [16, 22]},
						{"origin": [-64.64212, 53.97846, 2.50619], "size": [2, 1, 0], "pivot": [-69.80572, 56.9363, -3.49381], "rotation": [0, 12.5, 0], "uv": [4, 35]},
						{"origin": [-64.64212, 49.97846, 2.50619], "size": [1, 1, 0], "pivot": [-69.80572, 52.9363, -3.49381], "rotation": [0, 12.5, 0], "uv": [1, 0]},
						{"origin": [-63.59212, 51.02846, 2.55619], "size": [-1.1, -1.1, -0.1], "pivot": [-69.80572, 52.9363, -3.49381], "rotation": [0, 12.5, 0], "uv": [0, 0]},
						{"origin": [-62.59212, 55.02846, 2.55619], "size": [-2.1, -1.1, -0.1], "pivot": [-69.80572, 56.9363, -3.49381], "rotation": [0, 12.5, 0], "uv": [0, 0]},
						{"origin": [-60.59212, 54.02846, 3.55619], "size": [-5.1, -3.1, -1.1], "pivot": [-69.80572, 53.9363, -3.49381], "rotation": [0, 12.5, 0], "uv": [0, 0]},
						{"origin": [-55.80934, 53.49674, 1.55619], "size": [-6.1, -3.1, -1.1], "pivot": [-62.80572, 52.9363, -5.49381], "rotation": [-7.01146, 1.64428, -33.9247], "uv": [0, 0]},
						{"origin": [-65.59212, 51.02846, 10.55619], "size": [-2.1, -1.1, -0.1], "pivot": [-78.80572, 52.9363, 4.50619], "rotation": [0, 35, 0], "uv": [0, 0]},
						{"origin": [-66.59212, 54.02846, 10.55619], "size": [-1.1, -1.1, -0.1], "pivot": [-78.80572, 55.9363, 4.50619], "rotation": [0, 35, 0], "uv": [0, 0]},
						{"origin": [-64.59212, 53.02846, 11.55619], "size": [-4.1, -2.1, -1.1], "pivot": [-78.80572, 53.9363, 4.50619], "rotation": [0, 35, 0], "uv": [0, 0]},
						{"origin": [-49.59212, 53.02846, 5.55619], "size": [-2.1, -1.1, -1.1], "pivot": [-58.80572, 52.9363, -1.49381], "rotation": [0, -105, 0], "uv": [0, 0]},
						{"origin": [-49.59212, 52.02846, 5.55619], "size": [-1.1, -1.1, -0.1], "pivot": [-58.80572, 51.9363, -1.49381], "rotation": [0, -105, 0], "uv": [0, 0]},
						{"origin": [-49.59212, 54.02846, 5.55619], "size": [-1.1, -1.1, -0.1], "pivot": [-58.80572, 53.9363, -1.49381], "rotation": [0, -105, 0], "uv": [0, 0]},
						{"origin": [-54.59212, 52.02846, 12.55619], "size": [-6.1, -3.1, -1.1], "pivot": [-61.80572, 50.9363, 5.50619], "rotation": [2.87048, 3.39656, -34.72722], "uv": [0, 0]},
						{"origin": [-57.59212, 51.02846, 3.55619], "size": [-2.1, -1.1, -0.1], "pivot": [-71.80572, 51.9363, -2.49381], "rotation": [0, -37.5, 0], "uv": [0, 0]},
						{"origin": [-58.59212, 54.02846, 3.55619], "size": [-1.1, -1.1, -0.1], "pivot": [-71.80572, 54.9363, -2.49381], "rotation": [0, -37.5, 0], "uv": [0, 0]},
						{"origin": [-57.59212, 53.02846, 3.55619], "size": [-3.1, -2.1, -1.1], "pivot": [-71.80572, 52.9363, -2.49381], "rotation": [0, -37.5, 0], "uv": [0, 0]},
						{"origin": [-52.59212, 52.02846, 1.55619], "size": [-1.1, -1.1, -0.1], "pivot": [-64.80572, 51.9363, -5.49381], "rotation": [0, -70, 0], "uv": [0, 0]},
						{"origin": [-52.59212, 54.02846, 1.55619], "size": [-1.1, -1.1, -0.1], "pivot": [-64.80572, 53.9363, -5.49381], "rotation": [0, -70, 0], "uv": [0, 0]},
						{"origin": [-51.59212, 53.02846, 1.55619], "size": [-2.1, -1.1, -1.1], "pivot": [-64.80572, 52.9363, -5.49381], "rotation": [0, -70, 0], "uv": [0, 0]},
						{"origin": [-60.59212, 51.02846, 9.55619], "size": [-1.1, -1.1, -0.1], "pivot": [-66.80572, 52.9363, 3.50619], "rotation": [0, -17.5, 0], "uv": [0, 0]},
						{"origin": [-60.59212, 55.02846, 9.55619], "size": [-2.1, -1.1, -0.1], "pivot": [-67.80572, 56.9363, 3.50619], "rotation": [0, -17.5, 0], "uv": [0, 0]},
						{"origin": [-57.59212, 54.02846, 9.55619], "size": [-5.1, -3.1, -1.1], "pivot": [-67.80572, 52.9363, 3.50619], "rotation": [0, -17.5, 0], "uv": [0, 0]}
					]
				},
				{
					"name": "hat",
					"parent": "head",
					"pivot": [-51.5885, 55.46802, 4.50619],
					"rotation": [0, 0, -10],
					"cubes": [
						{"origin": [-57.5885, 55.46802, 2.50619], "size": [6, 5, 8], "uv": [30, 96]},
						{"origin": [-55.5885, 56.46802, 1.50619], "size": [3, 3, 1], "uv": [96, 8]},
						{"origin": [-57.5885, 58.46802, 3.50619], "size": [2, 0, 2], "pivot": [-59.5885, 62.46802, -0.49381], "rotation": [0, 40, 0], "uv": [6, 4]},
						{"origin": [-57.5885, 58.46802, 13.50619], "size": [2, 0, 2], "pivot": [-59.5885, 62.46802, 9.50619], "rotation": [0, 40, 0], "uv": [4, 0]},
						{"origin": [-55.5885, 56.46802, 10.50619], "size": [3, 3, 1], "uv": [68, 66]},
						{"origin": [-60.64212, 60.97846, 6.50619], "size": [3, 9, 0], "pivot": [-60.5885, 64.46802, 4.50619], "rotation": [0, 0, 12.5], "uv": [8, 44]},
						{"origin": [-60.64212, 60.97846, 6.50619], "size": [3, 6, 0], "pivot": [-60.5885, 64.46802, 4.50619], "rotation": [0, 0, 12.5], "uv": [0, 64]},
						{"origin": [-67.5885, 56.46802, 3.50619], "size": [10, 5, 6], "uv": [122, 217]},
						{"origin": [-66.5885, 55.46802, 3.50619], "size": [2, 1, 0], "uv": [70, 76]},
						{"origin": [-62.5885, 55.46802, 3.50619], "size": [1, 1, 0], "uv": [70, 76]},
						{"origin": [-66.5885, 55.46802, 9.50619], "size": [2, 1, 0], "uv": [12, 69]},
						{"origin": [-61.5885, 55.46802, 9.50619], "size": [1, 1, 0], "uv": [13, 69]},
						{"origin": [-67.5885, 52.46802, 7.50619], "size": [0, 2, 2], "pivot": [-72.5885, 54.46802, 4.50619], "rotation": [45, 0, 0], "uv": [8, 6]},
						{"origin": [-67.5885, 52.46802, 4.50619], "size": [0, 2, 2], "pivot": [-72.5885, 54.46802, 1.50619], "rotation": [45, 0, 0], "uv": [8, 4]},
						{"origin": [-52.5885, 56.46802, 2.50619], "size": [5, 3, 8], "pivot": [-50.5885, 60.46802, 4.50619], "rotation": [0, 0, 20], "uv": [52, 219]},
						{"origin": [-50.64212, 55.97846, 1.50619], "size": [2, 5, 2], "pivot": [-48.5885, 60.46802, 2.50619], "rotation": [27.35617, -10.48038, 45.66574], "uv": [68, 59]},
						{"origin": [-46.64212, 57.97846, 0.50619], "size": [1, 4, 0], "pivot": [-45.5885, 63.46802, -0.49381], "rotation": [27.35617, -10.48038, 45.66574], "uv": [98, 68]},
						{"origin": [-45.64212, 58.97846, 12.50619], "size": [1, 4, 0], "pivot": [-44.5885, 64.46802, 11.50619], "rotation": [-21.09541, 26.85161, 50.08327], "uv": [86, 94]},
						{"origin": [-50.64212, 55.97846, 9.50619], "size": [2, 5, 2], "pivot": [-48.5885, 60.46802, 10.50619], "rotation": [-24.50076, 21.72569, 43.52165], "uv": [0, 28]},
						{"origin": [-52.5385, 59.51802, 2.55619], "size": [-3.1, -3.1, -1.1], "uv": [0, 0]},
						{"origin": [-55.5385, 58.51802, 5.55619], "size": [-2.1, -0.1, -2.1], "pivot": [-59.5885, 62.46802, -0.49381], "rotation": [0, 40, 0], "uv": [0, 0]},
						{"origin": [-55.5385, 58.51802, 15.55619], "size": [-2.1, -0.1, -2.1], "pivot": [-59.5885, 62.46802, 9.50619], "rotation": [0, 40, 0], "uv": [0, 0]},
						{"origin": [-52.5385, 59.51802, 11.55619], "size": [-3.1, -3.1, -1.1], "uv": [0, 0]},
						{"origin": [-57.59212, 70.02846, 6.55619], "size": [-3.1, -9.1, -0.1], "pivot": [-60.5885, 64.46802, 4.50619], "rotation": [0, 0, 12.5], "uv": [0, 0]},
						{"origin": [-57.59212, 67.02846, 6.55619], "size": [-3.1, -6.1, -0.1], "pivot": [-60.5885, 64.46802, 4.50619], "rotation": [0, 0, 12.5], "uv": [0, 0]},
						{"origin": [-57.5385, 61.51802, 9.55619], "size": [-10.1, -5.1, -6.1], "uv": [0, 0]},
						{"origin": [-64.5385, 56.51802, 3.55619], "size": [-2.1, -1.1, -0.1], "uv": [0, 0]},
						{"origin": [-64.5385, 56.51802, 9.55619], "size": [-2.1, -1.1, -0.1], "uv": [0, 0]},
						{"origin": [-67.5385, 54.51802, 9.55619], "size": [-0.1, -2.1, -2.1], "pivot": [-72.5885, 54.46802, 4.50619], "rotation": [45, 0, 0], "uv": [0, 0]},
						{"origin": [-67.5385, 54.51802, 6.55619], "size": [-0.1, -2.1, -2.1], "pivot": [-72.5885, 54.46802, 1.50619], "rotation": [45, 0, 0], "uv": [0, 0]},
						{"origin": [-47.5385, 59.51802, 10.55619], "size": [-5.1, -3.1, -8.1], "pivot": [-50.5885, 60.46802, 4.50619], "rotation": [0, 0, 20], "uv": [0, 0]},
						{"origin": [-48.59212, 61.02846, 3.55619], "size": [-2.1, -5.1, -2.1], "pivot": [-48.5885, 60.46802, 2.50619], "rotation": [27.35617, -10.48038, 45.66574], "uv": [0, 0]},
						{"origin": [-45.59212, 62.02846, 0.55619], "size": [-1.1, -4.1, -0.1], "pivot": [-45.5885, 63.46802, -0.49381], "rotation": [27.35617, -10.48038, 45.66574], "uv": [0, 0]},
						{"origin": [-44.59212, 63.02846, 12.55619], "size": [-1.1, -4.1, -0.1], "pivot": [-44.5885, 64.46802, 11.50619], "rotation": [-21.09541, 26.85161, 50.08327], "uv": [0, 0]},
						{"origin": [-48.59212, 61.02846, 11.55619], "size": [-2.1, -5.1, -2.1], "pivot": [-48.5885, 60.46802, 10.50619], "rotation": [-24.50076, 21.72569, 43.52165], "uv": [0, 0]},
						{"origin": [-51.5385, 60.51802, 10.55619], "size": [-6.1, -5.1, -8.1], "uv": [0, 0]}
					]
				},
				{
					"name": "crest",
					"parent": "hat",
					"pivot": [-75.5885, 62.46802, 1.50619],
					"rotation": [0, 0, -2.5],
					"cubes": [
						{"origin": [-57.34212, 64.27846, 13.80619], "size": [-6.6, -2.6, -4.6], "pivot": [-67.5885, 65.46802, 6.50619], "rotation": [3.30658, -18.17093, -44.83437], "uv": [0, 0]},
						{"origin": [-70.5885, 60.46802, 8.50619], "size": [5, 3, 2], "pivot": [-74.5885, 64.46802, 4.50619], "rotation": [-1.67745, -18.3856, -29.03397], "uv": [88, 132]},
						{"origin": [-66.64212, 60.97846, 8.50619], "size": [6, 2, 4], "pivot": [-70.5885, 64.46802, 5.50619], "rotation": [2.48388, -18.29723, -42.20553], "uv": [59, 136]},
						{"origin": [-63.64212, 61.97846, 9.50619], "size": [6, 2, 4], "pivot": [-67.5885, 65.46802, 6.50619], "rotation": [3.30658, -18.17093, -44.83437], "uv": [59, 136]},
						{"origin": [-63.64212, 64.97846, 11.50619], "size": [29, 2, 2], "pivot": [-67.5885, 68.46802, 7.50619], "rotation": [-3.32828, -18.1671, -23.77319], "uv": [162, 44]},
						{"origin": [-73.5885, 58.46802, 3.50619], "size": [5, 3, 2], "pivot": [-77.5885, 62.46802, -0.49381], "rotation": [0.84524, 18.44065, -31.66825], "uv": [88, 132]},
						{"origin": [-70.64212, 59.97846, 1.50619], "size": [6, 2, 4], "pivot": [-74.5885, 63.46802, -1.49381], "rotation": [0.84524, 18.44065, -31.66825], "uv": [59, 136]},
						{"origin": [-66.64212, 59.97846, 0.50619], "size": [6, 2, 4], "pivot": [-70.5885, 63.46802, -2.49381], "rotation": [-3.30658, 18.17093, -44.83437], "uv": [59, 136]},
						{"origin": [-66.64212, 62.97846, 0.50619], "size": [29, 2, 2], "pivot": [-70.5885, 66.46802, -4.49381], "rotation": [3.32828, 18.1671, -23.77319], "uv": [162, 44]},
						{"origin": [-71.5885, 54.46802, 0.50619], "size": [5, 3, 2], "pivot": [-75.5885, 58.46802, -3.49381], "rotation": [51.19241, 32.50122, -13.92821], "uv": [88, 132]},
						{"origin": [-69.64212, 55.97846, -2.49381], "size": [5, 2, 4], "pivot": [-72.5885, 59.46802, -5.49381], "rotation": [31.52065, 47.16978, -36.37166], "uv": [60, 136]},
						{"origin": [-66.64212, 56.97846, -4.49381], "size": [5, 2, 4], "pivot": [-69.5885, 60.46802, -7.49381], "rotation": [35.80127, 44.39524, -30.40332], "uv": [60, 136]},
						{"origin": [-66.64212, 56.97846, -3.49381], "size": [29, 2, 2], "pivot": [-69.5885, 60.46802, -7.49381], "rotation": [48.99287, 36.33835, -17.81628], "uv": [162, 44]},
						{"origin": [-69.5885, 61.46802, 13.50619], "size": [5, 3, 2], "pivot": [-73.5885, 65.46802, 9.50619], "rotation": [-37.71639, -41.36386, -22.36313], "uv": [88, 132]},
						{"origin": [-66.64212, 62.97846, 15.50619], "size": [5, 2, 4], "pivot": [-70.5885, 66.46802, 12.50619], "rotation": [-21.94171, -50.20312, -44.17974], "uv": [59, 136]},
						{"origin": [-63.64212, 63.97846, 17.50619], "size": [5, 2, 4], "pivot": [-67.5885, 67.46802, 14.50619], "rotation": [-21.94171, -50.20312, -44.17974], "uv": [59, 136]},
						{"origin": [-64.64212, 63.97846, 17.50619], "size": [29, 2, 2], "pivot": [-68.5885, 67.46802, 13.50619], "rotation": [-22.03954, -33.58048, -19.71543], "uv": [162, 44]},
						{"origin": [-71.5885, 58.46802, 5.50619], "size": [5, 3, 2], "pivot": [-75.5885, 62.46802, 1.50619], "rotation": [0, 0, -32.5], "uv": [88, 132]},
						{"origin": [-67.64212, 59.97846, 4.50619], "size": [6, 2, 4], "pivot": [-71.5885, 63.46802, 1.50619], "rotation": [0, 0, -40], "uv": [59, 136]},
						{"origin": [-63.64212, 59.97846, 4.50619], "size": [6, 2, 4], "pivot": [-67.5885, 63.46802, 1.50619], "rotation": [0, 0, -52.5], "uv": [59, 136]},
						{"origin": [-63.64212, 63.97846, 5.50619], "size": [29, 2, 2], "pivot": [-67.5885, 67.46802, 1.50619], "rotation": [0, 0, -25], "uv": [162, 44]},
						{"origin": [-34.59212, 66.02846, 7.55619], "size": [-29.1, -2.1, -2.1], "pivot": [-67.5885, 67.46802, 1.50619], "rotation": [0, 0, -25], "uv": [0, 0]},
						{"origin": [-61.59212, 62.02846, 8.55619], "size": [-6.1, -2.1, -4.1], "pivot": [-71.5885, 63.46802, 1.50619], "rotation": [0, 0, -40], "uv": [0, 0]},
						{"origin": [-66.5385, 61.51802, 7.55619], "size": [-5.1, -3.1, -2.1], "pivot": [-75.5885, 62.46802, 1.50619], "rotation": [0, 0, -32.5], "uv": [0, 0]},
						{"origin": [-35.59212, 66.02846, 19.55619], "size": [-29.1, -2.1, -2.1], "pivot": [-68.5885, 67.46802, 13.50619], "rotation": [-22.03954, -33.58048, -19.71543], "uv": [0, 0]},
						{"origin": [-61.59212, 65.02846, 19.55619], "size": [-5.1, -2.1, -4.1], "pivot": [-70.5885, 66.46802, 12.50619], "rotation": [-21.94171, -50.20312, -44.17974], "uv": [0, 0]},
						{"origin": [-64.5385, 64.51802, 15.55619], "size": [-5.1, -3.1, -2.1], "pivot": [-73.5885, 65.46802, 9.50619], "rotation": [-37.71639, -41.36386, -22.36313], "uv": [0, 0]},
						{"origin": [-37.59212, 59.02846, -1.44381], "size": [-29.1, -2.1, -2.1], "pivot": [-69.5885, 60.46802, -7.49381], "rotation": [48.99287, 36.33835, -17.81628], "uv": [0, 0]},
						{"origin": [-64.59212, 58.02846, 1.55619], "size": [-5.1, -2.1, -4.1], "pivot": [-72.5885, 59.46802, -5.49381], "rotation": [31.52065, 47.16978, -36.37166], "uv": [0, 0]},
						{"origin": [-66.5385, 57.51802, 2.55619], "size": [-5.1, -3.1, -2.1], "pivot": [-75.5885, 58.46802, -3.49381], "rotation": [51.19241, 32.50122, -13.92821], "uv": [0, 0]},
						{"origin": [-37.59212, 65.02846, 2.55619], "size": [-29.1, -2.1, -2.1], "pivot": [-70.5885, 66.46802, -4.49381], "rotation": [3.32828, 18.1671, -23.77319], "uv": [0, 0]},
						{"origin": [-64.59212, 62.02846, 5.55619], "size": [-6.1, -2.1, -4.1], "pivot": [-74.5885, 63.46802, -1.49381], "rotation": [0.84524, 18.44065, -31.66825], "uv": [0, 0]},
						{"origin": [-68.5385, 61.51802, 5.55619], "size": [-5.1, -3.1, -2.1], "pivot": [-77.5885, 62.46802, -0.49381], "rotation": [0.84524, 18.44065, -31.66825], "uv": [0, 0]},
						{"origin": [-34.59212, 67.02846, 13.55619], "size": [-29.1, -2.1, -2.1], "pivot": [-67.5885, 68.46802, 7.50619], "rotation": [-3.32828, -18.1671, -23.77319], "uv": [0, 0]},
						{"origin": [-60.59212, 63.02846, 12.55619], "size": [-6.1, -2.1, -4.1], "pivot": [-70.5885, 64.46802, 5.50619], "rotation": [-0.01612, -18.29723, -42.20553], "uv": [0, 0]},
						{"origin": [-60.59212, 63.02846, 12.55619], "size": [-6.1, -2.1, -4.1], "pivot": [-70.5885, 64.46802, 5.50619], "rotation": [2.48388, -18.29723, -42.20553], "uv": [0, 0]},
						{"origin": [-65.5385, 63.51802, 10.55619], "size": [-5.1, -3.1, -2.1], "pivot": [-74.5885, 64.46802, 4.50619], "rotation": [-1.67745, -18.3856, -29.03397], "uv": [0, 0]},
						{"origin": [-58.34212, 66.27846, 21.80619], "size": [-5.6, -2.6, -4.6], "pivot": [-67.5885, 67.46802, 14.50619], "rotation": [-21.94171, -50.20312, -44.17974], "uv": [0, 0]},
						{"origin": [-61.34212, 59.27846, -0.19381], "size": [-5.6, -2.6, -4.6], "pivot": [-69.5885, 60.46802, -7.49381], "rotation": [35.80127, 44.39524, -30.40332], "uv": [0, 0]},
						{"origin": [-60.34212, 62.27846, 4.80619], "size": [-6.6, -2.6, -4.6], "pivot": [-70.5885, 63.46802, -2.49381], "rotation": [-3.30658, 18.17093, -44.83437], "uv": [0, 0]},
						{"origin": [-57.34212, 62.27846, 8.80619], "size": [-6.6, -2.6, -4.6], "pivot": [-67.5885, 63.46802, 1.50619], "rotation": [0, 0, -52.5], "uv": [0, 0]}
					]
				},
				{
					"name": "semipermeablemembranelookingahh",
					"parent": "crest",
					"pivot": [-67.5885, 67.46802, 1.50619],
					"cubes": [
						{"origin": [-78.64212, 61.97846, -6.49381], "size": [29, 0, 27], "pivot": [-73.5885, 64.46802, 1.50619], "rotation": [0, 0, -25], "uv": [1, 0]},
						{"origin": [-80.64212, 55.97846, -3.49381], "size": [28, 0, 13], "pivot": [-77.5885, 58.46802, -8.49381], "rotation": [28.18809, 31.55464, -14.98552], "uv": [2, 45]},
						{"origin": [-77.64212, 61.97846, 6.50619], "size": [27, 0, 13], "pivot": [-72.5885, 64.46802, 14.50619], "rotation": [-22.03954, -33.58048, -19.71543], "uv": [61, 45]}
					]
				},
				{
					"name": "lowspine",
					"parent": "spine",
					"pivot": [19, 56, 0]
				},
				{
					"name": "spinebackseg2",
					"parent": "lowspine",
					"pivot": [36, 55, 0],
					"rotation": [0, 0, 2.5],
					"cubes": [
						{"origin": [34, 52, -1], "size": [19, 6, 6], "uv": [4, 30]},
						{"origin": [38, 44, 1], "size": [3, 6, 2], "uv": [0, 96]},
						{"origin": [38, 59, 1], "size": [3, 5, 2], "uv": [13, 96]},
						{"origin": [38, 55, -2], "size": [3, 4, 8], "uv": [222, 212]},
						{"origin": [46, 59, 1], "size": [3, 5, 2], "uv": [13, 96]},
						{"origin": [46, 50, -2], "size": [3, 4, 8], "uv": [223, 0]},
						{"origin": [45, 43, 2], "size": [2, 3, 0], "pivot": [46, 42, 0], "rotation": [0, 0, 27.5], "uv": [97, 0]},
						{"origin": [45, 63, 2], "size": [2, 4, 0], "pivot": [46, 61, 0], "rotation": [0, 0, 27.5], "uv": [23, 0]},
						{"origin": [46, 45, 1], "size": [3, 5, 2], "uv": [0, 96]},
						{"origin": [38, 50, -2], "size": [3, 4, 8], "uv": [0, 224]},
						{"origin": [37, 42, 2], "size": [2, 3, 0], "pivot": [38, 41, 0], "rotation": [0, 0, 27.5], "uv": [97, 3]},
						{"origin": [37, 63, 2], "size": [2, 4, 0], "pivot": [38, 61, 0], "rotation": [0, 0, 27.5], "uv": [23, 4]},
						{"origin": [46, 55, -2], "size": [3, 4, 8], "uv": [22, 224]},
						{"origin": [53.05, 58.05, 5.05], "size": [-19.1, -6.1, -6.1], "uv": [0, 0]},
						{"origin": [41.05, 50.05, 3.05], "size": [-3.1, -6.1, -2.1], "uv": [0, 0]},
						{"origin": [41.05, 64.05, 3.05], "size": [-3.1, -5.1, -2.1], "uv": [0, 0]},
						{"origin": [41.05, 59.05, 6.05], "size": [-3.1, -4.1, -8.1], "uv": [0, 0]},
						{"origin": [49.05, 64.05, 3.05], "size": [-3.1, -5.1, -2.1], "uv": [0, 0]},
						{"origin": [49.05, 54.05, 6.05], "size": [-3.1, -4.1, -8.1], "uv": [0, 0]},
						{"origin": [47.05, 46.05, 2.05], "size": [-2.1, -3.1, -0.1], "pivot": [46, 42, 0], "rotation": [0, 0, 27.5], "uv": [0, 0]},
						{"origin": [47.05, 67.05, 2.05], "size": [-2.1, -4.1, -0.1], "pivot": [46, 61, 0], "rotation": [0, 0, 27.5], "uv": [0, 0]},
						{"origin": [49.05, 50.05, 3.05], "size": [-3.1, -5.1, -2.1], "uv": [0, 0]},
						{"origin": [41.05, 54.05, 6.05], "size": [-3.1, -4.1, -8.1], "uv": [0, 0]},
						{"origin": [39.05, 45.05, 2.05], "size": [-2.1, -3.1, -0.1], "pivot": [38, 41, 0], "rotation": [0, 0, 27.5], "uv": [0, 0]},
						{"origin": [39.05, 67.05, 2.05], "size": [-2.1, -4.1, -0.1], "pivot": [38, 61, 0], "rotation": [0, 0, 27.5], "uv": [0, 0]},
						{"origin": [49.05, 59.05, 6.05], "size": [-3.1, -4.1, -8.1], "uv": [0, 0]}
					]
				},
				{
					"name": "lleg",
					"parent": "spinebackseg2",
					"pivot": [36, 55, 0],
					"cubes": [
						{"origin": [43, 53, -1], "size": [19, 5, 5], "pivot": [46, 55, 0], "rotation": [113.11665, 27.033, 110.92815], "uv": [181, 78]},
						{"origin": [62.05, 58.05, 4.05], "size": [-19.1, -5.1, -5.1], "pivot": [46, 55, 0], "rotation": [113.11665, 27.033, 110.92815], "uv": [0, 0]}
					]
				},
				{
					"name": "lfoot",
					"parent": "lleg",
					"pivot": [36, 55, 0],
					"cubes": [
						{"origin": [62.05, 43.05, -6.95], "size": [-19.1, -3.1, -3.1], "pivot": [46, 42, -9], "rotation": [82.68034, 8.58433, 10.23536], "uv": [0, 0]},
						{"origin": [57.64514, 38.31273, -11.53378], "size": [-1.1, -1.1, -6.1], "pivot": [57, 37.32823, -11.68766], "rotation": [-92.87472, -10.03217, -105.75208], "uv": [0, 0]},
						{"origin": [57.64514, 38.31273, 9.46622], "size": [-1.1, -1.1, -5.1], "pivot": [57, 37.32823, -11.68766], "rotation": [-92.87472, -10.03217, -105.75208], "uv": [0, 0]},
						{"origin": [57.64514, 45.31273, -13.53378], "size": [-1.1, -1.1, -4.1], "pivot": [57, 37.32823, -11.68766], "rotation": [-82.87472, -10.03217, -105.75208], "uv": [0, 0]},
						{"origin": [57.64514, 45.31273, 8.46622], "size": [-1.1, -1.1, -5.1], "pivot": [57, 37.32823, -11.68766], "rotation": [-82.87472, -10.03217, -105.75208], "uv": [0, 0]},
						{"origin": [58.64514, 46.31273, 4.46622], "size": [-3.1, -3.1, -19.1], "pivot": [57, 37.32823, -11.68766], "rotation": [-82.87472, -10.03217, -105.75208], "uv": [0, 0]},
						{"origin": [57.64514, 33.31273, -11.53378], "size": [-1.1, -1.1, -7.1], "pivot": [57, 37.32823, -11.68766], "rotation": [-107.87472, -10.03217, -105.75208], "uv": [0, 0]},
						{"origin": [57.64514, 33.31273, 9.46622], "size": [-1.1, -1.1, -5.1], "pivot": [57, 37.32823, -11.68766], "rotation": [-107.87472, -10.03217, -105.75208], "uv": [0, 0]},
						{"origin": [58.64514, 34.31273, 4.46622], "size": [-3.1, -3.1, -19.1], "pivot": [57, 37.32823, -11.68766], "rotation": [-107.87472, -10.03217, -105.75208], "uv": [0, 0]},
						{"origin": [57.64514, 44.31273, -7.53378], "size": [-2.1, -12.1, -2.1], "pivot": [57, 37.32823, -11.68766], "rotation": [-92.87472, -10.03217, -105.75208], "uv": [0, 0]},
						{"origin": [58.64514, 39.31273, 4.46622], "size": [-3.1, -3.1, -19.1], "pivot": [57, 37.32823, -11.68766], "rotation": [-92.87472, -10.03217, -105.75208], "uv": [0, 0]},
						{"origin": [43, 40, -10], "size": [19, 3, 3], "pivot": [46, 42, -9], "rotation": [82.68034, 8.58433, 10.23536], "uv": [94, 62]},
						{"origin": [56.59514, 37.26273, -17.58378], "size": [1, 1, 6], "pivot": [57, 37.32823, -11.68766], "rotation": [-92.87472, -10.03217, -105.75208], "uv": [124, 8]},
						{"origin": [56.59514, 37.26273, 4.41622], "size": [1, 1, 5], "pivot": [57, 37.32823, -11.68766], "rotation": [-92.87472, -10.03217, -105.75208], "uv": [0, 149]},
						{"origin": [56.59514, 44.26273, -17.58378], "size": [1, 1, 4], "pivot": [57, 37.32823, -11.68766], "rotation": [-82.87472, -10.03217, -105.75208], "uv": [148, 14]},
						{"origin": [56.59514, 44.26273, 3.41622], "size": [1, 1, 5], "pivot": [57, 37.32823, -11.68766], "rotation": [-82.87472, -10.03217, -105.75208], "uv": [148, 22]},
						{"origin": [55.59514, 43.26273, -14.58378], "size": [3, 3, 19], "pivot": [57, 37.32823, -11.68766], "rotation": [-82.87472, -10.03217, -105.75208], "uv": [156, 78]},
						{"origin": [56.59514, 32.26273, -18.58378], "size": [1, 1, 7], "pivot": [57, 37.32823, -11.68766], "rotation": [-107.87472, -10.03217, -105.75208], "uv": [88, 0]},
						{"origin": [56.59514, 32.26273, 4.41622], "size": [1, 1, 5], "pivot": [57, 37.32823, -11.68766], "rotation": [-107.87472, -10.03217, -105.75208], "uv": [148, 8]},
						{"origin": [55.59514, 31.26273, -14.58378], "size": [3, 3, 19], "pivot": [57, 37.32823, -11.68766], "rotation": [-107.87472, -10.03217, -105.75208], "uv": [156, 78]},
						{"origin": [55.59514, 32.26273, -9.58378], "size": [2, 12, 2], "pivot": [57, 37.32823, -11.68766], "rotation": [-92.87472, -10.03217, -105.75208], "uv": [94, 62]},
						{"origin": [55.59514, 36.26273, -14.58378], "size": [3, 3, 19], "pivot": [57, 37.32823, -11.68766], "rotation": [-92.87472, -10.03217, -105.75208], "uv": [156, 78]}
					]
				},
				{
					"name": "rleg",
					"parent": "spinebackseg2",
					"pivot": [36, 55, 0],
					"cubes": [
						{"origin": [45, 52, 4], "size": [19, 5, 5], "pivot": [48, 54, 5], "rotation": [-107.46542, -33.70811, 115.12504], "uv": [95, 178]},
						{"origin": [64.05, 57.05, 9.05], "size": [-19.1, -5.1, -5.1], "pivot": [48, 54, 5], "rotation": [-107.46542, -33.70811, 115.12504], "uv": [0, 0]}
					]
				},
				{
					"name": "rfoot",
					"parent": "rleg",
					"pivot": [48, 57, 14],
					"cubes": [
						{"origin": [61, 55, -1], "size": [3, 3, 19], "pivot": [48, 57, 14], "rotation": [-98.60192, -1.60789, 97.18898], "uv": [162, 22]},
						{"origin": [56.57408, 36.92845, -2.93689], "size": [3, 3, 19], "pivot": [57, 38, 15], "rotation": [88.27929, -85.3773, -103.89087], "uv": [162, 22]},
						{"origin": [57.57408, 37.92845, 16.06311], "size": [1, 1, 3], "pivot": [57, 38, 15], "rotation": [88.27929, -85.3773, -103.89087], "uv": [8, 0]},
						{"origin": [51.57408, 36.92845, 12.06311], "size": [13, 2, 2], "pivot": [57, 38, 15], "rotation": [88.27929, -85.3773, -103.89087], "uv": [94, 62]},
						{"origin": [62.57408, 36.92845, -2.93689], "size": [3, 3, 19], "pivot": [57, 38, 15], "rotation": [159.31631, -76.81633, -175.43413], "uv": [162, 22]},
						{"origin": [63.57408, 37.92845, 15.06311], "size": [1, 1, 4], "pivot": [57, 38, 15], "rotation": [159.31631, -76.81633, -175.43413], "uv": [8, 55]},
						{"origin": [63.57408, 37.92845, -7.93689], "size": [1, 1, 5], "pivot": [57, 38, 15], "rotation": [159.31631, -76.81633, -175.43413], "uv": [117, 36]},
						{"origin": [49.57408, 36.92845, -2.93689], "size": [3, 3, 19], "pivot": [57, 38, 15], "rotation": [31.29863, -81.07927, -46.60718], "uv": [162, 22]},
						{"origin": [50.57408, 37.92845, -7.93689], "size": [1, 1, 5], "pivot": [57, 38, 15], "rotation": [31.29863, -81.07927, -46.60718], "uv": [147, 62]},
						{"origin": [50.57408, 37.92845, 13.06311], "size": [1, 1, 6], "pivot": [57, 38, 15], "rotation": [31.29863, -81.07927, -46.60718], "uv": [80, 28]},
						{"origin": [57.57408, 37.92845, -7.93689], "size": [1, 1, 5], "pivot": [57, 38, 15], "rotation": [88.27929, -85.3773, -103.89087], "uv": [147, 68]},
						{"origin": [58.62408, 38.97845, -2.88689], "size": [-1.1, -1.1, -5.1], "pivot": [57, 38, 15], "rotation": [88.27929, -85.3773, -103.89087], "uv": [0, 0]},
						{"origin": [51.62408, 38.97845, 19.11311], "size": [-1.1, -1.1, -6.1], "pivot": [57, 38, 15], "rotation": [31.29863, -81.07927, -46.60718], "uv": [0, 0]},
						{"origin": [51.62408, 38.97845, -2.88689], "size": [-1.1, -1.1, -5.1], "pivot": [57, 38, 15], "rotation": [31.29863, -81.07927, -46.60718], "uv": [0, 0]},
						{"origin": [52.62408, 39.97845, 16.11311], "size": [-3.1, -3.1, -19.1], "pivot": [57, 38, 15], "rotation": [31.29863, -81.07927, -46.60718], "uv": [0, 0]},
						{"origin": [64.62408, 38.97845, -2.88689], "size": [-1.1, -1.1, -5.1], "pivot": [57, 38, 15], "rotation": [159.31631, -76.81633, -175.43413], "uv": [0, 0]},
						{"origin": [64.62408, 38.97845, 19.11311], "size": [-1.1, -1.1, -4.1], "pivot": [57, 38, 15], "rotation": [159.31631, -76.81633, -175.43413], "uv": [0, 0]},
						{"origin": [65.62408, 39.97845, 16.11311], "size": [-3.1, -3.1, -19.1], "pivot": [57, 38, 15], "rotation": [159.31631, -76.81633, -175.43413], "uv": [0, 0]},
						{"origin": [64.62408, 38.97845, 14.11311], "size": [-13.1, -2.1, -2.1], "pivot": [57, 38, 15], "rotation": [88.27929, -85.3773, -103.89087], "uv": [0, 0]},
						{"origin": [58.62408, 38.97845, 19.11311], "size": [-1.1, -1.1, -3.1], "pivot": [57, 38, 15], "rotation": [88.27929, -85.3773, -103.89087], "uv": [0, 0]},
						{"origin": [59.62408, 39.97845, 16.11311], "size": [-3.1, -3.1, -19.1], "pivot": [57, 38, 15], "rotation": [88.27929, -85.3773, -103.89087], "uv": [0, 0]},
						{"origin": [64.05, 58.05, 18.05], "size": [-3.1, -3.1, -19.1], "pivot": [48, 57, 14], "rotation": [-98.60192, -1.60789, 97.18898], "uv": [0, 0]}
					]
				},
				{
					"name": "spinebackseg3",
					"parent": "spinebackseg2",
					"pivot": [54, 56, 0],
					"rotation": [0, 0, -10],
					"cubes": [
						{"origin": [51, 52, -1], "size": [19, 6, 6], "uv": [19, 28]},
						{"origin": [55, 46, 1], "size": [3, 4, 2], "uv": [0, 96]},
						{"origin": [54, 62, 2], "size": [2, 4, 0], "pivot": [55, 60, 0], "rotation": [0, 0, 27.5], "uv": [0, 22]},
						{"origin": [54, 44, 2], "size": [2, 3, 0], "pivot": [55, 43, 0], "rotation": [0, 0, 27.5], "uv": [54, 96]},
						{"origin": [55, 50, -2], "size": [3, 4, 8], "uv": [168, 222]},
						{"origin": [55, 55, -2], "size": [3, 4, 8], "uv": [78, 221]},
						{"origin": [55, 59, 1], "size": [3, 4, 2], "uv": [85, 156]},
						{"origin": [63, 47, 1], "size": [3, 3, 2], "uv": [0, 98]},
						{"origin": [63, 59, 1], "size": [3, 3, 2], "uv": [85, 156]},
						{"origin": [63, 55, -2], "size": [3, 4, 8], "uv": [137, 202]},
						{"origin": [63, 50, -2], "size": [3, 4, 8], "uv": [146, 220]},
						{"origin": [62, 45, 2], "size": [2, 3, 0], "pivot": [63, 44, 0], "rotation": [0, 0, 27.5], "uv": [50, 96]},
						{"origin": [62, 61, 2], "size": [2, 4, 0], "pivot": [63, 59, 0], "rotation": [0, 0, 27.5], "uv": [8, 10]},
						{"origin": [70.05, 58.05, 5.05], "size": [-19.1, -6.1, -6.1], "uv": [0, 0]},
						{"origin": [58.05, 50.05, 3.05], "size": [-3.1, -4.1, -2.1], "uv": [0, 0]},
						{"origin": [56.05, 66.05, 2.05], "size": [-2.1, -4.1, -0.1], "pivot": [55, 60, 0], "rotation": [0, 0, 27.5], "uv": [0, 0]},
						{"origin": [56.05, 47.05, 2.05], "size": [-2.1, -3.1, -0.1], "pivot": [55, 43, 0], "rotation": [0, 0, 27.5], "uv": [0, 0]},
						{"origin": [58.05, 54.05, 6.05], "size": [-3.1, -4.1, -8.1], "uv": [0, 0]},
						{"origin": [58.05, 59.05, 6.05], "size": [-3.1, -4.1, -8.1], "uv": [0, 0]},
						{"origin": [58.05, 63.05, 3.05], "size": [-3.1, -4.1, -2.1], "uv": [0, 0]},
						{"origin": [66.05, 50.05, 3.05], "size": [-3.1, -3.1, -2.1], "uv": [0, 0]},
						{"origin": [66.05, 62.05, 3.05], "size": [-3.1, -3.1, -2.1], "uv": [0, 0]},
						{"origin": [66.05, 59.05, 6.05], "size": [-3.1, -4.1, -8.1], "uv": [0, 0]},
						{"origin": [66.05, 54.05, 6.05], "size": [-3.1, -4.1, -8.1], "uv": [0, 0]},
						{"origin": [64.05, 48.05, 2.05], "size": [-2.1, -3.1, -0.1], "pivot": [63, 44, 0], "rotation": [0, 0, 27.5], "uv": [0, 0]},
						{"origin": [64.05, 65.05, 2.05], "size": [-2.1, -4.1, -0.1], "pivot": [63, 59, 0], "rotation": [0, 0, 27.5], "uv": [0, 0]}
					]
				},
				{
					"name": "tail",
					"parent": "spinebackseg3",
					"pivot": [67, 53, 0],
					"rotation": [0, 0, -10],
					"cubes": [
						{"origin": [68, 52, -1], "size": [19, 6, 6], "uv": [19, 29]},
						{"origin": [81, 55, -2], "size": [3, 4, 8], "uv": [94, 109]},
						{"origin": [81, 59, 1], "size": [3, 2, 2], "uv": [85, 156]},
						{"origin": [81, 48, 1], "size": [3, 2, 2], "uv": [0, 100]},
						{"origin": [80, 60, 2], "size": [2, 3, 0], "pivot": [81, 58, 0], "rotation": [0, 0, 27.5], "uv": [30, 96]},
						{"origin": [80, 47, 2], "size": [2, 2, 0], "pivot": [81, 45, 0], "rotation": [0, 0, 27.5], "uv": [34, 102]},
						{"origin": [81, 50, -2], "size": [3, 4, 8], "uv": [0, 124]},
						{"origin": [72, 55, -2], "size": [3, 4, 8], "uv": [60, 124]},
						{"origin": [71, 46, 2], "size": [2, 2, 0], "pivot": [72, 44, 0], "rotation": [0, 0, 27.5], "uv": [50, 102]},
						{"origin": [72, 50, -2], "size": [3, 4, 8], "uv": [25, 149]},
						{"origin": [72, 59, 1], "size": [3, 3, 2], "uv": [85, 156]},
						{"origin": [71, 61, 2], "size": [2, 3, 0], "pivot": [72, 59, 0], "rotation": [0, 0, 27.5], "uv": [34, 96]},
						{"origin": [72, 47, 1], "size": [3, 3, 2], "uv": [0, 98]},
						{"origin": [87.05, 58.05, 5.05], "size": [-19.1, -6.1, -6.1], "uv": [0, 0]},
						{"origin": [84.05, 59.05, 6.05], "size": [-3.1, -4.1, -8.1], "uv": [0, 0]},
						{"origin": [84.05, 61.05, 3.05], "size": [-3.1, -2.1, -2.1], "uv": [0, 0]},
						{"origin": [84.05, 50.05, 3.05], "size": [-3.1, -2.1, -2.1], "uv": [0, 0]},
						{"origin": [82.05, 63.05, 2.05], "size": [-2.1, -3.1, -0.1], "pivot": [81, 58, 0], "rotation": [0, 0, 27.5], "uv": [0, 0]},
						{"origin": [82.05, 49.05, 2.05], "size": [-2.1, -2.1, -0.1], "pivot": [81, 45, 0], "rotation": [0, 0, 27.5], "uv": [0, 0]},
						{"origin": [84.05, 54.05, 6.05], "size": [-3.1, -4.1, -8.1], "uv": [0, 0]},
						{"origin": [75.05, 59.05, 6.05], "size": [-3.1, -4.1, -8.1], "uv": [0, 0]},
						{"origin": [73.05, 48.05, 2.05], "size": [-2.1, -2.1, -0.1], "pivot": [72, 44, 0], "rotation": [0, 0, 27.5], "uv": [0, 0]},
						{"origin": [75.05, 54.05, 6.05], "size": [-3.1, -4.1, -8.1], "uv": [0, 0]},
						{"origin": [75.05, 62.05, 3.05], "size": [-3.1, -3.1, -2.1], "uv": [0, 0]},
						{"origin": [73.05, 64.05, 2.05], "size": [-2.1, -3.1, -0.1], "pivot": [72, 59, 0], "rotation": [0, 0, 27.5], "uv": [0, 0]},
						{"origin": [75.05, 50.05, 3.05], "size": [-3.1, -3.1, -2.1], "uv": [0, 0]}
					]
				},
				{
					"name": "tailseg1",
					"parent": "tail",
					"pivot": [88, 52, 0],
					"rotation": [0, 0, -5],
					"cubes": [
						{"origin": [90, 55, -1], "size": [3, 3, 6], "uv": [118, 68]},
						{"origin": [90, 58, 1], "size": [3, 2, 2], "uv": [85, 156]},
						{"origin": [90, 50, 1], "size": [3, 2, 2], "uv": [161, 78]},
						{"origin": [89, 59, 2], "size": [2, 3, 0], "pivot": [90, 57, 0], "rotation": [0, 0, 27.5], "uv": [82, 94]},
						{"origin": [89, 49, 2], "size": [2, 2, 0], "pivot": [90, 47, 0], "rotation": [0, 0, 27.5], "uv": [30, 102]},
						{"origin": [90, 52, -1], "size": [3, 2, 6], "uv": [0, 136]},
						{"origin": [97, 55, -1], "size": [3, 3, 6], "uv": [30, 109]},
						{"origin": [97, 58, 1], "size": [3, 2, 2], "uv": [85, 156]},
						{"origin": [97, 50, 1], "size": [3, 2, 2], "uv": [25, 161]},
						{"origin": [96, 59, 2], "size": [2, 3, 0], "pivot": [97, 57, 0], "rotation": [0, 0, 27.5], "uv": [94, 71]},
						{"origin": [96, 49, 2], "size": [2, 2, 0], "pivot": [97, 47, 0], "rotation": [0, 0, 27.5], "uv": [100, 12]},
						{"origin": [97, 52, -1], "size": [3, 2, 6], "uv": [135, 41]},
						{"origin": [85, 53, 0], "size": [19, 4, 4], "uv": [22, 32]},
						{"origin": [93.05, 58.05, 5.05], "size": [-3.1, -3.1, -6.1], "uv": [0, 0]},
						{"origin": [93.05, 60.05, 3.05], "size": [-3.1, -2.1, -2.1], "uv": [0, 0]},
						{"origin": [93.05, 52.05, 3.05], "size": [-3.1, -2.1, -2.1], "uv": [0, 0]},
						{"origin": [91.05, 62.05, 2.05], "size": [-2.1, -3.1, -0.1], "pivot": [90, 57, 0], "rotation": [0, 0, 27.5], "uv": [0, 0]},
						{"origin": [91.05, 51.05, 2.05], "size": [-2.1, -2.1, -0.1], "pivot": [90, 47, 0], "rotation": [0, 0, 27.5], "uv": [0, 0]},
						{"origin": [93.05, 54.05, 5.05], "size": [-3.1, -2.1, -6.1], "uv": [0, 0]},
						{"origin": [100.05, 58.05, 5.05], "size": [-3.1, -3.1, -6.1], "uv": [0, 0]},
						{"origin": [100.05, 60.05, 3.05], "size": [-3.1, -2.1, -2.1], "uv": [0, 0]},
						{"origin": [100.05, 52.05, 3.05], "size": [-3.1, -2.1, -2.1], "uv": [0, 0]},
						{"origin": [98.05, 62.05, 2.05], "size": [-2.1, -3.1, -0.1], "pivot": [97, 57, 0], "rotation": [0, 0, 27.5], "uv": [0, 0]},
						{"origin": [98.05, 51.05, 2.05], "size": [-2.1, -2.1, -0.1], "pivot": [97, 47, 0], "rotation": [0, 0, 27.5], "uv": [0, 0]},
						{"origin": [100.05, 54.05, 5.05], "size": [-3.1, -2.1, -6.1], "uv": [0, 0]},
						{"origin": [104.05, 57.05, 4.05], "size": [-19.1, -4.1, -4.1], "uv": [0, 0]}
					]
				},
				{
					"name": "tailseg2",
					"parent": "tailseg1",
					"pivot": [104, 55, 0],
					"rotation": [0, 0, -7.5],
					"cubes": [
						{"origin": [113, 52, -1], "size": [3, 2, 6], "uv": [111, 133]},
						{"origin": [112, 49, 2], "size": [2, 2, 0], "pivot": [113, 47, 0], "rotation": [0, 0, 27.5], "uv": [88, 12]},
						{"origin": [112, 59, 2], "size": [2, 3, 0], "pivot": [113, 57, 0], "rotation": [0, 0, 27.5], "uv": [13, 0]},
						{"origin": [113, 50, 1], "size": [3, 2, 2], "uv": [8, 60]},
						{"origin": [113, 58, 1], "size": [3, 2, 2], "uv": [85, 156]},
						{"origin": [113, 55, -1], "size": [3, 3, 6], "uv": [0, 64]},
						{"origin": [106, 52, -1], "size": [3, 2, 6], "uv": [135, 33]},
						{"origin": [105, 49, 2], "size": [2, 2, 0], "pivot": [106, 47, 0], "rotation": [0, 0, 27.5], "uv": [96, 12]},
						{"origin": [105, 59, 2], "size": [2, 3, 0], "pivot": [106, 57, 0], "rotation": [0, 0, 27.5], "uv": [72, 73]},
						{"origin": [106, 50, 1], "size": [3, 2, 2], "uv": [107, 104]},
						{"origin": [106, 58, 1], "size": [3, 2, 2], "uv": [85, 156]},
						{"origin": [106, 55, -1], "size": [3, 3, 6], "uv": [94, 68]},
						{"origin": [102, 53, 0], "size": [17, 4, 4], "uv": [22, 31]},
						{"origin": [119.05, 57.05, 4.05], "size": [-17.1, -4.1, -4.1], "uv": [0, 0]},
						{"origin": [109.05, 58.05, 5.05], "size": [-3.1, -3.1, -6.1], "uv": [0, 0]},
						{"origin": [109.05, 60.05, 3.05], "size": [-3.1, -2.1, -2.1], "uv": [0, 0]},
						{"origin": [109.05, 52.05, 3.05], "size": [-3.1, -2.1, -2.1], "uv": [0, 0]},
						{"origin": [107.05, 62.05, 2.05], "size": [-2.1, -3.1, -0.1], "pivot": [106, 57, 0], "rotation": [0, 0, 27.5], "uv": [0, 0]},
						{"origin": [107.05, 51.05, 2.05], "size": [-2.1, -2.1, -0.1], "pivot": [106, 47, 0], "rotation": [0, 0, 27.5], "uv": [0, 0]},
						{"origin": [109.05, 54.05, 5.05], "size": [-3.1, -2.1, -6.1], "uv": [0, 0]},
						{"origin": [116.05, 58.05, 5.05], "size": [-3.1, -3.1, -6.1], "uv": [0, 0]},
						{"origin": [116.05, 60.05, 3.05], "size": [-3.1, -2.1, -2.1], "uv": [0, 0]},
						{"origin": [116.05, 52.05, 3.05], "size": [-3.1, -2.1, -2.1], "uv": [0, 0]},
						{"origin": [114.05, 62.05, 2.05], "size": [-2.1, -3.1, -0.1], "pivot": [113, 57, 0], "rotation": [0, 0, 27.5], "uv": [0, 0]},
						{"origin": [114.05, 51.05, 2.05], "size": [-2.1, -2.1, -0.1], "pivot": [113, 47, 0], "rotation": [0, 0, 27.5], "uv": [0, 0]},
						{"origin": [116.05, 54.05, 5.05], "size": [-3.1, -2.1, -6.1], "uv": [0, 0]}
					]
				},
				{
					"name": "tailtip",
					"parent": "tailseg2",
					"pivot": [119, 53, 3],
					"rotation": [0, 0, -5],
					"cubes": [
						{"origin": [117.90143, 53.74234, 1], "size": [19, 3, 2], "uv": [11, 28]},
						{"origin": [136.90143, 53.74234, 2], "size": [14, 3, 0], "uv": [0, 19]},
						{"origin": [129.90143, 52.74234, 0], "size": [3, 2, 4], "uv": [137, 138]},
						{"origin": [128.90143, 50.74234, 2], "size": [2, 2, 0], "pivot": [129.90143, 48.74234, 0], "rotation": [0, 0, 27.5], "uv": [64, 98]},
						{"origin": [128.90143, 57.74234, 2], "size": [2, 3, 0], "pivot": [129.90143, 55.74234, 0], "rotation": [0, 0, 27.5], "uv": [94, 68]},
						{"origin": [129.90143, 51.74234, 1], "size": [3, 1, 2], "uv": [0, 104]},
						{"origin": [129.90143, 57.74234, 1], "size": [3, 1, 2], "uv": [85, 156]},
						{"origin": [129.90143, 55.74234, 0], "size": [3, 2, 4], "uv": [124, 104]},
						{"origin": [122.90143, 52.74234, 0], "size": [3, 2, 4], "uv": [42, 109]},
						{"origin": [121.90143, 50.74234, 2], "size": [2, 2, 0], "pivot": [122.90143, 48.74234, 0], "rotation": [0, 0, 27.5], "uv": [96, 41]},
						{"origin": [121.90143, 58.74234, 2], "size": [2, 3, 0], "pivot": [122.90143, 56.74234, 0], "rotation": [0, 0, 27.5], "uv": [88, 4]},
						{"origin": [122.90143, 51.74234, 1], "size": [3, 1, 2], "uv": [94, 59]},
						{"origin": [122.90143, 58.74234, 1], "size": [3, 1, 2], "uv": [85, 156]},
						{"origin": [122.90143, 55.74234, 0], "size": [3, 3, 4], "uv": [124, 97]},
						{"origin": [136.95143, 56.79234, 3.05], "size": [-19.1, -3.1, -2.1], "uv": [0, 0]},
						{"origin": [150.95143, 56.79234, 2.05], "size": [-14.1, -3.1, -0.1], "uv": [0, 0]},
						{"origin": [132.95143, 54.79234, 4.05], "size": [-3.1, 0, -4.1], "uv": [0, 0]},
						{"origin": [130.95143, 52.79234, 2.05], "size": [-2.1, -2.1, -0.1], "pivot": [129.90143, 48.74234, 0], "rotation": [0, 0, 27.5], "uv": [0, 0]},
						{"origin": [130.95143, 60.79234, 2.05], "size": [-2.1, -3.1, -0.1], "pivot": [129.90143, 55.74234, 0], "rotation": [0, 0, 27.5], "uv": [0, 0]},
						{"origin": [132.95143, 52.79234, 3.05], "size": [-3.1, -1.1, -2.1], "uv": [0, 0]},
						{"origin": [132.95143, 58.79234, 3.05], "size": [-3.1, -1.1, -2.1], "uv": [0, 0]},
						{"origin": [132.95143, 57.79234, 4.05], "size": [-3.1, -2.1, -4.1], "uv": [0, 0]},
						{"origin": [125.95143, 54.79234, 4.05], "size": [-3.1, -2.1, -4.1], "uv": [0, 0]},
						{"origin": [123.95143, 52.79234, 2.05], "size": [-2.1, -2.1, -0.1], "pivot": [122.90143, 48.74234, 0], "rotation": [0, 0, 27.5], "uv": [0, 0]},
						{"origin": [123.95143, 61.79234, 2.05], "size": [-2.1, -3.1, -0.1], "pivot": [122.90143, 56.74234, 0], "rotation": [0, 0, 27.5], "uv": [0, 0]},
						{"origin": [125.95143, 52.79234, 3.05], "size": [-3.1, -1.1, -2.1], "uv": [0, 0]},
						{"origin": [125.95143, 59.79234, 3.05], "size": [-3.1, -1.1, -2.1], "uv": [0, 0]},
						{"origin": [125.95143, 58.79234, 4.05], "size": [-3.1, -3.1, -4.1], "uv": [0, 0]}
					]
				},
				{
					"name": "middlespine",
					"parent": "spine",
					"pivot": [0, 25, 0],
					"cubes": [
						{"origin": [1, 56, -4], "size": [5, 5, 12], "uv": [195, 167]},
						{"origin": [2, 61, 1], "size": [4, 4, 2], "uv": [56, 155]},
						{"origin": [1, 61, 2], "size": [3, 5, 0], "pivot": [9, 60, 2], "rotation": [0, 0, 27.5], "uv": [80, 28]},
						{"origin": [10, 61, 2], "size": [3, 5, 0], "pivot": [18, 60, 2], "rotation": [0, 0, 27.5], "uv": [12, 64]},
						{"origin": [11, 61, 1], "size": [4, 4, 2], "uv": [56, 155]},
						{"origin": [1, 50, -3], "size": [5, 4, 10], "uv": [211, 128]},
						{"origin": [10, 49, -3], "size": [5, 5, 10], "uv": [30, 209]},
						{"origin": [10, 56, -4], "size": [5, 5, 12], "uv": [195, 167]},
						{"origin": [29, 56, -3], "size": [5, 5, 10], "uv": [0, 209]},
						{"origin": [29, 50, -3], "size": [5, 4, 10], "uv": [92, 211]},
						{"origin": [20, 50, -3], "size": [5, 4, 10], "uv": [210, 12]},
						{"origin": [30, 61, 1], "size": [4, 4, 2], "uv": [56, 155]},
						{"origin": [29, 61, 2], "size": [3, 4, 0], "pivot": [37, 60, 2], "rotation": [0, 0, 27.5], "uv": [64, 94]},
						{"origin": [20, 61, 2], "size": [3, 4, 0], "pivot": [28, 60, 2], "rotation": [0, 0, 27.5], "uv": [88, 29]},
						{"origin": [21, 61, 1], "size": [4, 4, 2], "uv": [56, 155]},
						{"origin": [20, 56, -3], "size": [5, 5, 10], "uv": [0, 209]},
						{"origin": [-1, 51, -2], "size": [36, 8, 8], "uv": [0, 28]},
						{"origin": [-8, 52, -1], "size": [11, 6, 6], "pivot": [10, 54, 0], "rotation": [0, 0, -2.5], "uv": [26, 30]},
						{"origin": [-6, 64, 2], "size": [2, 4, 0], "pivot": [-5, 62, 0], "rotation": [0, 0, 27.5], "uv": [23, 8]},
						{"origin": [-5, 59, 1], "size": [3, 6, 2], "uv": [13, 96]},
						{"origin": [-5, 55, -3], "size": [3, 4, 10], "uv": [28, 124]},
						{"origin": [-1.95, 59.05, 7.05], "size": [-3.1, -4.1, -10.1], "uv": [0, 0]},
						{"origin": [-3.95, 68.05, 2.05], "size": [-2.1, -4.1, -0.1], "pivot": [-5, 62, 0], "rotation": [0, 0, 27.5], "uv": [0, 0]},
						{"origin": [-1.95, 65.05, 3.05], "size": [-3.1, -6.1, -2.1], "uv": [0, 0]},
						{"origin": [3.05, 58.05, 5.05], "size": [-11.1, -6.1, -6.1], "pivot": [10, 54, 0], "rotation": [0, 0, -2.5], "uv": [0, 0]},
						{"origin": [35.05, 59.05, 6.05], "size": [-36.1, -8.1, -8.1], "uv": [0, 0]},
						{"origin": [25.05, 61.05, 7.05], "size": [-5.1, -5.1, -10.1], "uv": [0, 0]},
						{"origin": [25.05, 65.05, 3.05], "size": [-4.1, -4.1, -2.1], "uv": [0, 0]},
						{"origin": [23.05, 65.05, 2.05], "size": [-3.1, -4.1, -0.1], "pivot": [28, 60, 2], "rotation": [0, 0, 27.5], "uv": [0, 0]},
						{"origin": [32.05, 65.05, 2.05], "size": [-3.1, -4.1, -0.1], "pivot": [37, 60, 2], "rotation": [0, 0, 27.5], "uv": [0, 0]},
						{"origin": [34.05, 65.05, 3.05], "size": [-4.1, -4.1, -2.1], "uv": [0, 0]},
						{"origin": [25.05, 54.05, 7.05], "size": [-5.1, -4.1, -10.1], "uv": [0, 0]},
						{"origin": [34.05, 54.05, 7.05], "size": [-5.1, -4.1, -10.1], "uv": [0, 0]},
						{"origin": [34.05, 61.05, 7.05], "size": [-5.1, -5.1, -10.1], "uv": [0, 0]},
						{"origin": [15.05, 61.05, 8.05], "size": [-5.1, -5.1, -12.1], "uv": [0, 0]},
						{"origin": [15.05, 54.05, 7.05], "size": [-5.1, -5.1, -10.1], "uv": [0, 0]},
						{"origin": [6.05, 54.05, 7.05], "size": [-5.1, -4.1, -10.1], "uv": [0, 0]},
						{"origin": [15.05, 65.05, 3.05], "size": [-4.1, -4.1, -2.1], "uv": [0, 0]},
						{"origin": [13.05, 66.05, 2.05], "size": [-3.1, -5.1, -0.1], "pivot": [18, 60, 2], "rotation": [0, 0, 27.5], "uv": [0, 0]},
						{"origin": [4.05, 66.05, 2.05], "size": [-3.1, -5.1, -0.1], "pivot": [9, 60, 2], "rotation": [0, 0, 27.5], "uv": [0, 0]},
						{"origin": [6.05, 65.05, 3.05], "size": [-4.1, -4.1, -2.1], "uv": [0, 0]},
						{"origin": [6.05, 61.05, 8.05], "size": [-5.1, -5.1, -12.1], "uv": [0, 0]}
					]
				},
				{
					"name": "ribcage",
					"parent": "middlespine",
					"pivot": [0, 25, 0],
					"cubes": [
						{"origin": [5, 32, -6], "size": [9, 17, 18], "pivot": [13, 43, 7], "rotation": [-42.5, 0, 0], "uv": [58, 59]},
						{"origin": [14, 36, -6], "size": [10, 13, 16], "pivot": [23, 44, 6], "rotation": [-42.5, 0, 0], "uv": [88, 0]},
						{"origin": [24, 37, -4], "size": [9, 13, 14], "pivot": [32, 45, 6], "rotation": [-42.5, 0, 0], "uv": [124, 97]},
						{"origin": [-6, 35, -11], "size": [11, 19, 18], "pivot": [4, 49, 3], "rotation": [42.5, 0, 0], "uv": [0, 59]}
					]
				},
				{
					"name": "core",
					"parent": "ribcage",
					"pivot": [12, 43, 3],
					"cubes": [
						{"origin": [10, 39, 0], "size": [6, 6, 6], "uv": [64, 94]},
						{"origin": [7, 42, -3], "size": [12, 0, 12], "uv": [29, 61]}
					]
				},
				{
					"name": "ribrighttop",
					"parent": "ribcage",
					"pivot": [0, 25, 0],
					"cubes": [
						{"origin": [-5, 46, -5], "size": [3, 3, 22], "pivot": [-3, 42, 9], "rotation": [-42.5, 0, 0], "uv": [0, 124]},
						{"origin": [2, 46, -6], "size": [3, 3, 20], "pivot": [4, 42, 8], "rotation": [-42.5, 0, 0], "uv": [2, 126]},
						{"origin": [11, 48, -7], "size": [3, 2, 20], "pivot": [13, 43, 7], "rotation": [-42.5, 0, 0], "uv": [147, 56]},
						{"origin": [21, 49, -8], "size": [3, 2, 18], "pivot": [23, 44, 6], "rotation": [-42.5, 0, 0], "uv": [157, 79]},
						{"origin": [30, 50, -9], "size": [3, 2, 18], "pivot": [32, 45, 5], "rotation": [-42.5, 0, 0], "uv": [157, 80]},
						{"origin": [-1.95, 49.05, 17.05], "size": [-3.1, -3.1, -22.1], "pivot": [-3, 42, 9], "rotation": [-42.5, 0, 0], "uv": [0, 0]},
						{"origin": [24.05, 51.05, 10.05], "size": [-3.1, -2.1, -18.1], "pivot": [23, 44, 6], "rotation": [-42.5, 0, 0], "uv": [0, 0]},
						{"origin": [14.05, 50.05, 13.05], "size": [-3.1, -2.1, -20.1], "pivot": [13, 43, 7], "rotation": [-42.5, 0, 0], "uv": [0, 0]},
						{"origin": [5.05, 49.05, 14.05], "size": [-3.1, -3.1, -20.1], "pivot": [4, 42, 8], "rotation": [-42.5, 0, 0], "uv": [0, 0]},
						{"origin": [33.05, 52.05, 9.05], "size": [-3.1, -2.1, -18.1], "pivot": [32, 45, 5], "rotation": [-42.5, 0, 0], "uv": [0, 0]}
					]
				},
				{
					"name": "rarm",
					"parent": "ribrighttop",
					"pivot": [1, 48, 14],
					"rotation": [-85, 0, 0],
					"cubes": [
						{"origin": [-2, 51.32823, 15.31234], "size": [3, 3, 13], "pivot": [0, 47.32823, 20.31234], "rotation": [61.61421, 26.66839, 27.40216], "uv": [162, 84]},
						{"origin": [7, 52.32823, 26.31234], "size": [5, 5, 7], "pivot": [10, 48.32823, 20.31234], "rotation": [45.4699, -30.4409, -35.03982], "uv": [64, 106]},
						{"origin": [8, 53.32823, 32.31234], "size": [3, 3, 17], "pivot": [10, 48.32823, 20.31234], "rotation": [45.4699, -30.4409, -35.03982], "uv": [37, 122]},
						{"origin": [12.05, 57.37823, 33.36234], "size": [-5.1, -5.1, -7.1], "pivot": [10, 48.32823, 20.31234], "rotation": [45.4699, -30.4409, -35.03982], "uv": [0, 0]},
						{"origin": [1.05, 54.37823, 28.36234], "size": [-3.1, -3.1, -13.1], "pivot": [0, 47.32823, 20.31234], "rotation": [61.61421, 26.66839, 27.40216], "uv": [0, 0]},
						{"origin": [11.05, 56.37823, 49.36234], "size": [-3.1, -3.1, -17.1], "pivot": [10, 48.32823, 20.31234], "rotation": [45.4699, -30.4409, -35.03982], "uv": [0, 0]}
					]
				},
				{
					"name": "rhand",
					"parent": "rarm",
					"pivot": [-9, 63.32823, 33.31234],
					"rotation": [44.63818, 12.67885, -26.16605],
					"cubes": [
						{"origin": [-9.40486, 62.26273, 24.41622], "size": [3, 3, 24], "pivot": [-8, 63.32823, 32.31234], "rotation": [62.86313, -30.03589, -63.83663], "uv": [34, 94]},
						{"origin": [-9.40486, 54.26273, 34.41622], "size": [2, 18, 2], "pivot": [-8, 63.32823, 32.31234], "rotation": [62.86313, -30.03589, -63.83663], "uv": [0, 44]},
						{"origin": [-9.40486, 53.26273, 24.41622], "size": [3, 3, 24], "pivot": [-8, 63.32823, 32.31234], "rotation": [47.86313, -30.03589, -63.83663], "uv": [34, 94]},
						{"origin": [-8.40486, 54.26273, 48.41622], "size": [1, 1, 10], "pivot": [-8, 63.32823, 32.31234], "rotation": [47.86313, -30.03589, -63.83663], "uv": [230, 16]},
						{"origin": [-8.40486, 54.26273, 19.41622], "size": [1, 1, 5], "pivot": [-8, 63.32823, 32.31234], "rotation": [47.86313, -30.03589, -63.83663], "uv": [101, 149]},
						{"origin": [-9.40486, 70.26273, 24.41622], "size": [3, 3, 24], "pivot": [-8, 63.32823, 32.31234], "rotation": [72.86313, -30.03589, -63.83663], "uv": [34, 94]},
						{"origin": [-8.40486, 71.26273, 47.41622], "size": [1, 1, 10], "pivot": [-8, 63.32823, 32.31234], "rotation": [72.86313, -30.03589, -63.83663], "uv": [230, 33]},
						{"origin": [-8.40486, 71.26273, 19.41622], "size": [1, 1, 5], "pivot": [-8, 63.32823, 32.31234], "rotation": [72.86313, -30.03589, -63.83663], "uv": [7, 150]},
						{"origin": [-8.40486, 63.26273, 48.41622], "size": [1, 1, 10], "pivot": [-8, 63.32823, 32.31234], "rotation": [62.86313, -30.03589, -63.83663], "uv": [48, 230]},
						{"origin": [-8.40486, 63.26273, 19.41622], "size": [1, 1, 5], "pivot": [-8, 63.32823, 32.31234], "rotation": [62.86313, -30.03589, -63.83663], "uv": [108, 150]},
						{"origin": [-6.35486, 65.31273, 48.46622], "size": [-3.1, -3.1, -24.1], "pivot": [-8, 63.32823, 32.31234], "rotation": [62.86313, -30.03589, -63.83663], "uv": [0, 0]},
						{"origin": [-7.35486, 64.31273, 24.46622], "size": [-1.1, -1.1, -5.1], "pivot": [-8, 63.32823, 32.31234], "rotation": [62.86313, -30.03589, -63.83663], "uv": [0, 0]},
						{"origin": [-7.35486, 64.31273, 58.46622], "size": [-1.1, -1.1, -10.1], "pivot": [-8, 63.32823, 32.31234], "rotation": [62.86313, -30.03589, -63.83663], "uv": [0, 0]},
						{"origin": [-7.35486, 72.31273, 24.46622], "size": [-1.1, -1.1, -5.1], "pivot": [-8, 63.32823, 32.31234], "rotation": [72.86313, -30.03589, -63.83663], "uv": [0, 0]},
						{"origin": [-7.35486, 72.31273, 57.46622], "size": [-1.1, -1.1, -10.1], "pivot": [-8, 63.32823, 32.31234], "rotation": [72.86313, -30.03589, -63.83663], "uv": [0, 0]},
						{"origin": [-6.35486, 73.31273, 48.46622], "size": [-3.1, -3.1, -24.1], "pivot": [-8, 63.32823, 32.31234], "rotation": [72.86313, -30.03589, -63.83663], "uv": [0, 0]},
						{"origin": [-7.35486, 55.31273, 24.46622], "size": [-1.1, -1.1, -5.1], "pivot": [-8, 63.32823, 32.31234], "rotation": [47.86313, -30.03589, -63.83663], "uv": [0, 0]},
						{"origin": [-7.35486, 55.31273, 58.46622], "size": [-1.1, -1.1, -10.1], "pivot": [-8, 63.32823, 32.31234], "rotation": [47.86313, -30.03589, -63.83663], "uv": [0, 0]},
						{"origin": [-6.35486, 56.31273, 48.46622], "size": [-3.1, -3.1, -24.1], "pivot": [-8, 63.32823, 32.31234], "rotation": [47.86313, -30.03589, -63.83663], "uv": [0, 0]},
						{"origin": [-7.35486, 72.31273, 36.46622], "size": [-2.1, -18.1, -2.1], "pivot": [-8, 63.32823, 32.31234], "rotation": [62.86313, -30.03589, -63.83663], "uv": [0, 0]}
					]
				},
				{
					"name": "ribrightbottom",
					"parent": "ribrighttop",
					"pivot": [0, 25, 0],
					"cubes": [
						{"origin": [-5, 38, 11], "size": [3, 2, 12], "pivot": [-3, 34, 17], "rotation": [42.5, 0, 0], "uv": [209, 64]},
						{"origin": [2, 38, 10], "size": [3, 2, 12], "pivot": [4, 34, 16], "rotation": [42.5, 0, 0], "uv": [72, 207]},
						{"origin": [11, 40, 8], "size": [3, 1, 12], "pivot": [13, 36, 14], "rotation": [42.5, 0, 0], "uv": [204, 212]},
						{"origin": [21, 42, 6], "size": [3, 1, 12], "pivot": [23, 38, 12], "rotation": [42.5, 0, 0], "uv": [212, 43]},
						{"origin": [30, 43, 7], "size": [3, 1, 12], "pivot": [32, 39, 13], "rotation": [55, 0, 0], "uv": [211, 146]},
						{"origin": [14.05, 41.05, 20.05], "size": [-3.1, -1.1, -12.1], "pivot": [13, 36, 14], "rotation": [42.5, 0, 0], "uv": [0, 0]},
						{"origin": [33.05, 44.05, 19.05], "size": [-3.1, -1.1, -12.1], "pivot": [32, 39, 13], "rotation": [55, 0, 0], "uv": [0, 0]},
						{"origin": [24.05, 43.05, 18.05], "size": [-3.1, -1.1, -12.1], "pivot": [23, 38, 12], "rotation": [42.5, 0, 0], "uv": [0, 0]},
						{"origin": [5.05, 40.05, 22.05], "size": [-3.1, -2.1, -12.1], "pivot": [4, 34, 16], "rotation": [42.5, 0, 0], "uv": [0, 0]},
						{"origin": [-1.95, 40.05, 23.05], "size": [-3.1, -2.1, -12.1], "pivot": [-3, 34, 17], "rotation": [42.5, 0, 0], "uv": [0, 0]}
					]
				},
				{
					"name": "riblefttop",
					"parent": "ribcage",
					"pivot": [0, 25, 0],
					"cubes": [
						{"origin": [-5, 52, -14], "size": [3, 3, 22], "pivot": [-3, 48, 2], "rotation": [42.5, 0, 0], "uv": [32, 121]},
						{"origin": [21, 55, -8], "size": [3, 2, 18], "pivot": [23, 50, 4], "rotation": [42.5, 0, 0], "uv": [163, 23]},
						{"origin": [30, 55, -7], "size": [3, 2, 17], "pivot": [32, 50, 4], "rotation": [42.5, 0, 0], "uv": [164, 24]},
						{"origin": [30, 55, -7], "size": [3, 0, 17], "pivot": [32, 50, 4], "rotation": [42.5, 0, 0], "uv": [0, 0]},
						{"origin": [11, 55, -11], "size": [3, 2, 21], "pivot": [13, 50, 4], "rotation": [42.5, 0, 0], "uv": [110, 127]},
						{"origin": [2, 53, -13], "size": [3, 3, 22], "pivot": [4, 49, 3], "rotation": [42.5, 0, 0], "uv": [32, 121]},
						{"origin": [5.05, 56.05, 9.05], "size": [-3.1, -3.1, -22.1], "pivot": [4, 49, 3], "rotation": [42.5, 0, 0], "uv": [0, 0]},
						{"origin": [14.05, 57.05, 10.05], "size": [-3.1, -2.1, -21.1], "pivot": [13, 50, 4], "rotation": [42.5, 0, 0], "uv": [0, 0]},
						{"origin": [33.05, 55.05, 10.05], "size": [-3.1, -0.1, -17.1], "pivot": [32, 50, 4], "rotation": [42.5, 0, 0], "uv": [0, 0]},
						{"origin": [33.05, 57.05, 10.05], "size": [-3.1, -2.1, -17.1], "pivot": [32, 50, 4], "rotation": [42.5, 0, 0], "uv": [0, 0]},
						{"origin": [24.05, 57.05, 10.05], "size": [-3.1, -2.1, -18.1], "pivot": [23, 50, 4], "rotation": [42.5, 0, 0], "uv": [0, 0]},
						{"origin": [-1.95, 55.05, 8.05], "size": [-3.1, -3.1, -22.1], "pivot": [-3, 48, 2], "rotation": [42.5, 0, 0], "uv": [0, 0]}
					]
				},
				{
					"name": "ribleftbottom",
					"parent": "riblefttop",
					"pivot": [0, 25, 0],
					"cubes": [
						{"origin": [-5, 33, -20], "size": [3, 2, 12], "pivot": [-3, 29, -6], "rotation": [-42.5, 0, 0], "uv": [168, 208]},
						{"origin": [11, 35, -18], "size": [3, 1, 12], "pivot": [13, 31, -4], "rotation": [-45, 0, 0], "uv": [214, 199]},
						{"origin": [2, 34, -20], "size": [3, 2, 12], "pivot": [4, 30, -6], "rotation": [-42.5, 0, 0], "uv": [208, 108]},
						{"origin": [21, 37, -16], "size": [3, 1, 12], "pivot": [23, 33, -2], "rotation": [-45, 0, 0], "uv": [212, 184]},
						{"origin": [30, 38, -16], "size": [3, 1, 12], "pivot": [32, 34, -2], "rotation": [-45, 0, 0], "uv": [186, 211]},
						{"origin": [-1.95, 35.05, -7.95], "size": [-3.1, -2.1, -12.1], "pivot": [-3, 29, -6], "rotation": [-42.5, 0, 0], "uv": [0, 0]},
						{"origin": [14.05, 36.05, -5.95], "size": [-3.1, -1.1, -12.1], "pivot": [13, 31, -4], "rotation": [-45, 0, 0], "uv": [0, 0]},
						{"origin": [5.05, 36.05, -7.95], "size": [-3.1, -2.1, -12.1], "pivot": [4, 30, -6], "rotation": [-42.5, 0, 0], "uv": [0, 0]},
						{"origin": [24.05, 38.05, -3.95], "size": [-3.1, -1.1, -12.1], "pivot": [23, 33, -2], "rotation": [-45, 0, 0], "uv": [0, 0]},
						{"origin": [33.05, 39.05, -3.95], "size": [-3.1, -1.1, -12.1], "pivot": [32, 34, -2], "rotation": [-45, 0, 0], "uv": [0, 0]}
					]
				},
				{
					"name": "larm",
					"parent": "riblefttop",
					"pivot": [-3, 44, -8],
					"cubes": [
						{"origin": [-2, 45, -17], "size": [3, 3, 14], "pivot": [0, 41, -9], "rotation": [49.11421, -26.66839, -27.40216], "uv": [167, 27]},
						{"origin": [0, 38, -20], "size": [5, 5, 7], "pivot": [4, 34, -16], "rotation": [41.04978, 39.13922, 12.70142], "uv": [0, 108]},
						{"origin": [1, 39, -36], "size": [3, 3, 17], "pivot": [4, 34, -16], "rotation": [41.04978, 39.13922, 12.70142], "uv": [5, 129]},
						{"origin": [1.05, 48.05, -2.95], "size": [-3.1, -3.1, -14.1], "pivot": [0, 41, -9], "rotation": [49.11421, -26.66839, -27.40216], "uv": [0, 0]},
						{"origin": [5.05, 43.05, -12.95], "size": [-5.1, -5.1, -7.1], "pivot": [4, 34, -16], "rotation": [41.04978, 39.13922, 12.70142], "uv": [0, 0]},
						{"origin": [4.05, 42.05, -18.95], "size": [-3.1, -3.1, -17.1], "pivot": [4, 34, -16], "rotation": [41.04978, 39.13922, 12.70142], "uv": [0, 0]}
					]
				},
				{
					"name": "lhand",
					"parent": "larm",
					"pivot": [-8, 28, -29],
					"rotation": [15, 0, 0],
					"cubes": [
						{"origin": [-9.42592, 28.92845, -45.93689], "size": [3, 3, 24], "pivot": [-9, 30, -28], "rotation": [79.34481, 33.50749, 62.67659], "uv": [64, 97]},
						{"origin": [-16.42592, 28.92845, -30.93689], "size": [18, 2, 2], "pivot": [-9, 30, -28], "rotation": [79.34481, 33.50749, 62.67659], "uv": [170, 120]},
						{"origin": [-0.42592, 28.92845, -45.93689], "size": [3, 3, 24], "pivot": [-9, 30, -28], "rotation": [71.76318, 30.37064, 48.40375], "uv": [64, 97]},
						{"origin": [0.57408, 29.92845, -21.93689], "size": [1, 1, 5], "pivot": [-9, 30, -28], "rotation": [71.76318, 30.37064, 48.40375], "uv": [56, 149]},
						{"origin": [0.57408, 29.92845, -55.93689], "size": [1, 1, 10], "pivot": [-9, 30, -28], "rotation": [71.76318, 30.37064, 48.40375], "uv": [224, 227]},
						{"origin": [-17.42592, 28.92845, -45.93689], "size": [3, 3, 24], "pivot": [-9, 30, -28], "rotation": [84.36893, 34.57235, 71.63896], "uv": [64, 97]},
						{"origin": [-16.42592, 29.92845, -55.93689], "size": [1, 1, 10], "pivot": [-9, 30, -28], "rotation": [84.36893, 34.57235, 71.63896], "uv": [228, 115]},
						{"origin": [-16.42592, 29.92845, -21.93689], "size": [1, 1, 5], "pivot": [-9, 30, -28], "rotation": [84.36893, 34.57235, 71.63896], "uv": [75, 149]},
						{"origin": [-8.42592, 29.92845, -55.93689], "size": [1, 1, 10], "pivot": [-9, 30, -28], "rotation": [79.34481, 33.50749, 62.67659], "uv": [230, 44]},
						{"origin": [-8.42592, 29.92845, -21.93689], "size": [1, 1, 5], "pivot": [-9, 30, -28], "rotation": [79.34481, 33.50749, 62.67659], "uv": [82, 150]},
						{"origin": [-7.37592, 30.97845, -16.88689], "size": [-1.1, -1.1, -5.1], "pivot": [-9, 30, -28], "rotation": [79.34481, 33.50749, 62.67659], "uv": [0, 0]},
						{"origin": [-7.37592, 30.97845, -45.88689], "size": [-1.1, -1.1, -10.1], "pivot": [-9, 30, -28], "rotation": [79.34481, 33.50749, 62.67659], "uv": [0, 0]},
						{"origin": [-15.37592, 30.97845, -16.88689], "size": [-1.1, -1.1, -5.1], "pivot": [-9, 30, -28], "rotation": [84.36893, 34.57235, 71.63896], "uv": [0, 0]},
						{"origin": [-15.37592, 30.97845, -45.88689], "size": [-1.1, -1.1, -10.1], "pivot": [-9, 30, -28], "rotation": [84.36893, 34.57235, 71.63896], "uv": [0, 0]},
						{"origin": [-14.37592, 31.97845, -21.88689], "size": [-3.1, -3.1, -24.1], "pivot": [-9, 30, -28], "rotation": [84.36893, 34.57235, 71.63896], "uv": [0, 0]},
						{"origin": [1.62408, 30.97845, -45.88689], "size": [-1.1, -1.1, -10.1], "pivot": [-9, 30, -28], "rotation": [71.76318, 30.37064, 48.40375], "uv": [0, 0]},
						{"origin": [1.62408, 30.97845, -16.88689], "size": [-1.1, -1.1, -5.1], "pivot": [-9, 30, -28], "rotation": [71.76318, 30.37064, 48.40375], "uv": [0, 0]},
						{"origin": [2.62408, 31.97845, -21.88689], "size": [-3.1, -3.1, -24.1], "pivot": [-9, 30, -28], "rotation": [71.76318, 30.37064, 48.40375], "uv": [0, 0]},
						{"origin": [1.62408, 30.97845, -28.88689], "size": [-18.1, -2.1, -2.1], "pivot": [-9, 30, -28], "rotation": [79.34481, 33.50749, 62.67659], "uv": [0, 0]},
						{"origin": [-6.37592, 31.97845, -21.88689], "size": [-3.1, -3.1, -24.1], "pivot": [-9, 30, -28], "rotation": [79.34481, 33.50749, 62.67659], "uv": [0, 0]}
					]
				},
				{
					"name": "schlong",
					"parent": "middlespine",
					"pivot": [0, 25, 0]
				},
				{
					"name": "shlognr",
					"parent": "schlong",
					"pivot": [0, 56, 5],
					"rotation": [0, -12.5, -20],
					"cubes": [
						{"origin": [-4, 56, 9], "size": [2, 2, 15], "pivot": [-3, 51, 10], "rotation": [18.29388, 16.66577, 5.41615], "uv": [126, 68]},
						{"origin": [-1.95, 58.05, 24.05], "size": [-2.1, -2.1, -15.1], "pivot": [-3, 51, 10], "rotation": [18.29388, 16.66577, 5.41615], "uv": [0, 0]}
					]
				},
				{
					"name": "rseg1",
					"parent": "shlognr",
					"pivot": [-6, 49, 10],
					"rotation": [10, 17.5, 0]
				},
				{
					"name": "rseg2",
					"parent": "rseg1",
					"pivot": [-1, 58, 21],
					"cubes": [
						{"origin": [-6.63553, 54.11339, 18.751], "size": [2, 2, 16], "pivot": [-5.63553, 49.11339, 9.751], "rotation": [18.29388, 16.66577, 5.41615], "uv": [125, 68]},
						{"origin": [-6.63553, 52.11339, 18.751], "size": [0, 2, 16], "pivot": [-5.63553, 49.11339, 9.751], "rotation": [18.29388, 16.66577, 5.41615], "uv": [40, 57]},
						{"origin": [-4.58553, 56.16339, 34.801], "size": [-2.1, -2.1, -16.1], "pivot": [-5.63553, 49.11339, 9.751], "rotation": [18.29388, 16.66577, 5.41615], "uv": [0, 0]},
						{"origin": [-7.63553, 48.11339, 30.751], "size": [4, 4, 14], "pivot": [-5.63553, 44.11339, 11.751], "rotation": [35.79388, 16.66577, 5.41615], "uv": [125, 69]},
						{"origin": [-3.58553, 52.16339, 44.801], "size": [-4.1, -4.1, -14.1], "pivot": [-5.63553, 44.11339, 11.751], "rotation": [35.79388, 16.66577, 5.41615], "uv": [0, 0]}
					]
				},
				{
					"name": "rseg3",
					"parent": "rseg2",
					"pivot": [1.36447, 68.11339, 34.751],
					"cubes": [
						{"origin": [-4.10116, 51.00551, 41.16498], "size": [4, 4, 14], "pivot": [-2.10116, 47.00551, 22.16498], "rotation": [45.79388, 16.66577, 5.41615], "uv": [125, 69]},
						{"origin": [-0.05116, 55.05551, 55.21498], "size": [-4.1, -4.1, -14.1], "pivot": [-2.10116, 47.00551, 22.16498], "rotation": [45.79388, 16.66577, 5.41615], "uv": [0, 0]}
					]
				},
				{
					"name": "rseg4",
					"parent": "rseg3",
					"pivot": [5.89884, 73.00551, 39.16498],
					"cubes": [
						{"origin": [-10.10116, 60.00551, 48.16498], "size": [4, 4, 19], "pivot": [-8.10116, 56.00551, 23.16498], "rotation": [1.32279, 52.14263, -32.19922], "uv": [120, 64]},
						{"origin": [-6.05116, 64.05551, 67.21498], "size": [-4.1, -4.1, -19.1], "pivot": [-8.10116, 56.00551, 23.16498], "rotation": [1.32279, 52.14263, -32.19922], "uv": [0, 0]}
					]
				},
				{
					"name": "rseg5",
					"parent": "rseg4",
					"pivot": [17.89884, 78.00551, 49.16498],
					"cubes": [
						{"origin": [10.72445, 77.62282, 45.6676], "size": [4, 4, 15], "pivot": [14.89884, 78.00551, 44.16498], "rotation": [-26.17721, 52.14263, -32.19922], "uv": [124, 68]},
						{"origin": [14.77445, 81.67282, 60.7176], "size": [-4.1, -4.1, -15.1], "pivot": [14.89884, 78.00551, 44.16498], "rotation": [-26.17721, 52.14263, -32.19922], "uv": [0, 0]}
					]
				},
				{
					"name": "rseg6",
					"parent": "rseg5",
					"pivot": [23.89884, 78.00551, 50.16498],
					"cubes": [
						{"origin": [9.72445, 80.62282, 56.6676], "size": [4, 4, 21], "pivot": [12.89884, 81.00551, 45.16498], "rotation": [-43.67721, 52.14263, -32.19922], "uv": [118, 62]},
						{"origin": [13.77445, 84.67282, 77.7176], "size": [-4.1, -4.1, -21.1], "pivot": [12.89884, 81.00551, 45.16498], "rotation": [-43.67721, 52.14263, -32.19922], "uv": [0, 0]}
					]
				},
				{
					"name": "rseg7",
					"parent": "rseg6",
					"pivot": [36.89884, 72.00551, 58.16498],
					"cubes": [
						{"origin": [29.96711, 74.60573, 59.7681], "size": [3, 3, 15], "pivot": [31.89884, 76.00551, 57.16498], "rotation": [-61.17721, 52.14263, -32.19922], "uv": [125, 68]},
						{"origin": [33.01711, 77.65573, 74.8181], "size": [-3.1, -3.1, -15.1], "pivot": [31.89884, 76.00551, 57.16498], "rotation": [-61.17721, 52.14263, -32.19922], "uv": [0, 0]}
					]
				},
				{
					"name": "rseg8",
					"parent": "rseg7",
					"pivot": [44.89884, 66.00551, 60.16498],
					"cubes": [
						{"origin": [29.96711, 76.60573, 69.7681], "size": [2, 2, 13], "pivot": [31.89884, 78.00551, 57.16498], "rotation": [-71.17721, 52.14263, -32.19922], "uv": [129, 70]},
						{"origin": [32.01711, 78.65573, 82.8181], "size": [-2.1, -2.1, -13.1], "pivot": [31.89884, 78.00551, 57.16498], "rotation": [-71.17721, 52.14263, -32.19922], "uv": [0, 0]}
					]
				},
				{
					"name": "rtip",
					"parent": "rseg8",
					"pivot": [50.89884, 50.00551, 63.16498],
					"cubes": [
						{"origin": [30.96711, 76.17526, 77.81792], "size": [1, 1, 11], "pivot": [31.89884, 77.57504, 57.2148], "rotation": [-71.17721, 52.14263, -32.19922], "uv": [131, 72]},
						{"origin": [32.01711, 77.22526, 88.86792], "size": [-1.1, -1.1, -11.1], "pivot": [31.89884, 77.57504, 57.2148], "rotation": [-71.17721, 52.14263, -32.19922], "uv": [0, 0]}
					]
				},
				{
					"name": "schlongl",
					"parent": "schlong",
					"pivot": [0, 54, 0],
					"rotation": [-2.61298, 9.65594, -15.22074],
					"cubes": [
						{"origin": [-4, 55, -17], "size": [2, 2, 15], "pivot": [-3, 52, 0], "rotation": [-9.8225, -20.01833, -0.46322], "uv": [172, 191]},
						{"origin": [-1.95, 57.05, -1.95], "size": [-2.1, -2.1, -15.1], "pivot": [-3, 52, 0], "rotation": [-9.8225, -20.01833, -0.46322], "uv": [0, 0]}
					]
				},
				{
					"name": "lseg1",
					"parent": "schlongl",
					"pivot": [2, 56, -9],
					"cubes": [
						{"origin": [-2.39806, 56.22905, -25.37701], "size": [2, 2, 15], "pivot": [-1.39806, 53.22905, -8.37701], "rotation": [-29.97799, -42.10993, 4.5854], "uv": [56, 149]},
						{"origin": [-2.39806, 54.22905, -25.37701], "size": [0, 2, 15], "pivot": [-1.39806, 53.22905, -8.37701], "rotation": [-29.97799, -42.10993, 4.5854], "uv": [40, 60]},
						{"origin": [-0.05152, 58.8279, -8.06884], "size": [-2.1, -2.1, -15.1], "pivot": [-1.39806, 58.22905, -8.37701], "rotation": [-29.97799, -42.10993, 4.5854], "uv": [0, 0]}
					]
				},
				{
					"name": "lsge2",
					"parent": "lseg1",
					"pivot": [6.60194, 58.22905, -11.37701],
					"cubes": [
						{"origin": [-3.77633, 53.60554, -33.62902], "size": [4, 4, 14], "pivot": [-1.77633, 51.60554, -7.62902], "rotation": [-37.47799, -42.10993, 4.5854], "uv": [140, 38]},
						{"origin": [0.27367, 57.65554, -19.57902], "size": [-4.1, -4.1, -14.1], "pivot": [-1.77633, 51.60554, -7.62902], "rotation": [-37.47799, -42.10993, 4.5854], "uv": [0, 0]}
					]
				},
				{
					"name": "lseg3",
					"parent": "lsge2",
					"pivot": [9.22367, 68.60554, -19.62902],
					"cubes": [
						{"origin": [-1.97543, 48.90097, -46.13717], "size": [4, 4, 15], "pivot": [0.02457, 46.90097, -10.13717], "rotation": [-52.47799, -42.10993, 4.5854], "uv": [139, 37]},
						{"origin": [2.07457, 52.95097, -31.08717], "size": [-4.1, -4.1, -15.1], "pivot": [0.02457, 46.90097, -10.13717], "rotation": [-52.47799, -42.10993, 4.5854], "uv": [0, 0]}
					]
				},
				{
					"name": "lseg4",
					"parent": "lseg3",
					"pivot": [15.02457, 72.90097, -23.13717],
					"cubes": [
						{"origin": [-7.55457, 54.66421, -55.95863], "size": [4, 4, 19], "pivot": [-5.55457, 52.66421, -7.95863], "rotation": [15.00312, -63.11052, -55.36953], "uv": [135, 33]},
						{"origin": [-3.50457, 58.71421, -36.90863], "size": [-4.1, -4.1, -19.1], "pivot": [-5.55457, 52.66421, -7.95863], "rotation": [15.00312, -63.11052, -55.36953], "uv": [0, 0]}
					]
				},
				{
					"name": "lseg5",
					"parent": "lseg4",
					"pivot": [26.44543, 79.66421, -28.95863],
					"cubes": [
						{"origin": [-13.55457, 62.66421, -65.95863], "size": [4, 4, 15], "pivot": [-11.55457, 60.66421, -9.95863], "rotation": [30.00312, -63.11052, -55.36953], "uv": [187, 12]},
						{"origin": [-9.50457, 66.71421, -50.90863], "size": [-4.1, -4.1, -15.1], "pivot": [-11.55457, 60.66421, -9.95863], "rotation": [30.00312, -63.11052, -55.36953], "uv": [0, 0]}
					]
				},
				{
					"name": "lseg6",
					"parent": "lseg5",
					"pivot": [31.44543, 82.66421, -32.95863],
					"cubes": [
						{"origin": [30.58184, 79.65473, -51.92825], "size": [4, 4, 21], "pivot": [31.44543, 82.66421, -32.95863], "rotation": [32.00412, -59.8692, -45.09216], "uv": [119, 8]},
						{"origin": [34.63184, 83.70473, -30.87825], "size": [-4.1, -4.1, -21.1], "pivot": [31.44543, 82.66421, -32.95863], "rotation": [32.00412, -59.8692, -45.09216], "uv": [0, 0]}
					]
				},
				{
					"name": "lseg7",
					"parent": "lseg6",
					"pivot": [49.44543, 86.66421, -36.95863],
					"cubes": [
						{"origin": [50.20107, 81.61715, -54.92825], "size": [3, 3, 16], "pivot": [50.06466, 84.62663, -40.95863], "rotation": [59.50412, -59.8692, -45.09216], "uv": [187, 12]},
						{"origin": [53.25107, 84.66715, -38.87825], "size": [-3.1, -3.1, -16.1], "pivot": [50.06466, 84.62663, -40.95863], "rotation": [59.50412, -59.8692, -45.09216], "uv": [0, 0]}
					]
				},
				{
					"name": "lseg8",
					"parent": "lseg7",
					"pivot": [59.06466, 78.62663, -40.95863],
					"cubes": [
						{"origin": [53.20107, 82.61715, -61.92825], "size": [2, 2, 12], "pivot": [52.06466, 85.62663, -42.95863], "rotation": [79.50412, -59.8692, -45.09216], "uv": [192, 17]},
						{"origin": [55.25107, 84.66715, -49.87825], "size": [-2.1, -2.1, -12.1], "pivot": [52.06466, 85.62663, -42.95863], "rotation": [79.50412, -59.8692, -45.09216], "uv": [0, 0]}
					]
				},
				{
					"name": "tipl",
					"parent": "lseg8",
					"pivot": [59.06466, 76.62663, -37.95863],
					"cubes": [
						{"origin": [54.20107, 82.61715, -66.92825], "size": [1, 1, 11], "pivot": [52.06466, 84.62663, -42.95863], "rotation": [79.50412, -59.8692, -45.09216], "uv": [194, 18]},
						{"origin": [55.25107, 83.66715, -55.87825], "size": [-1.1, -1.1, -11.1], "pivot": [52.06466, 84.62663, -42.95863], "rotation": [79.50412, -59.8692, -45.09216], "uv": [0, 0]}
					]
				}
			]
		}
	]
}