{
	"format_version": "1.8.0",
	"animations": {
		"animation.zekrom.ground_idle": {
			"loop": true,
			"animation_length": 2.8571,
			"bones": {
				"body": {
					"rotation": [5, 0, 0]
				},
				"right_leg": {
					"rotation": [-30, 17.5, 0]
				},
				"r_leg_bottom": {
					"rotation": [22.5, 0, 0]
				},
				"tail": {
					"rotation": {
						"0.0": [-15, 0, 0],
						"1.4286": [-12.5, 0, 0],
						"2.8571": [-15, 0, 0]
					}
				},
				"neck": {
					"rotation": [22.5, 0, 0]
				},
				"arm_r": {
					"rotation": {
						"0.0": [0, -10, -52.5],
						"1.4286": [0, -7.5, -52.5],
						"2.8571": [0, -10, -52.5]
					}
				},
				"head": {
					"rotation": [-17.5, 0, 0]
				},
				"arm_l": {
					"rotation": {
						"0.0": [0, 10, 52.5],
						"1.4286": [0, 7.5, 52.5],
						"2.8571": [0, 10, 52.5]
					}
				},
				"leg_l": {
					"rotation": [-30, -17.5, 0]
				},
				"l_leg_lower": {
					"rotation": [22.5, 0, 0]
				},
				"l_wing_main": {
					"rotation": [0, -32.5, 0]
				},
				"r_wing_main": {
					"rotation": [0, 32.5, 0]
				},
				"l_arm_lower": {
					"rotation": [90, 47.5, 0]
				},
				"r_arm_lower": {
					"rotation": [90, -47.5, 0],
					"position": [0, 0, -0.7]
				},
				"body1": {
					"rotation": {
						"0.0": [2.5, 0, 0],
						"1.4286": [0.75, 0, 0],
						"2.8571": [2.5, 0, 0]
					}
				},
				"body2": {
					"rotation": [10, 0, 0]
				},
				"body3": {
					"rotation": [10, 0, 0]
				},
				"zekrom": {
					"position": [0, -2, 0]
				}
			}
		},
		"animation.zekrom.faint": {
			"animation_length": 2.8571,
			"bones": {
				"body": {
					"rotation": [5, 0, 0]
				},
				"right_leg": {
					"rotation": [-30, 17.5, 0]
				},
				"r_leg_bottom": {
					"rotation": [22.5, 0, 0]
				},
				"tail": {
					"rotation": {
						"0.0": [-15, 0, 0],
						"1.4286": [-12.5, 0, 0],
						"2.8571": [-15, 0, 0]
					}
				},
				"neck": {
					"rotation": [22.5, 0, 0]
				},
				"arm_r": {
					"rotation": {
						"0.0": [0, -10, -52.5],
						"1.4286": [0, -7.5, -52.5],
						"2.8571": [0, -10, -52.5]
					}
				},
				"head": {
					"rotation": {
						"0.0": [-17.5, 0, 0],
						"0.4762": [-62.5, 0, 0],
						"0.9524": [-67.5, 0, 0],
						"1.4286": [-65, 0, 0],
						"1.8452": [-67.5, 0, 0]
					},
					"position": {
						"0.0": [0, 0, 0],
						"0.4762": [0, 1, -0.6]
					}
				},
				"arm_l": {
					"rotation": {
						"0.0": [0, 10, 52.5],
						"1.4286": [0, 7.5, 52.5],
						"2.8571": [0, 10, 52.5]
					}
				},
				"leg_l": {
					"rotation": [-30, -17.5, 0]
				},
				"l_leg_lower": {
					"rotation": [22.5, 0, 0]
				},
				"l_wing_main": {
					"rotation": [0, -32.5, 0]
				},
				"r_wing_main": {
					"rotation": [0, 32.5, 0]
				},
				"l_arm_lower": {
					"rotation": [90, 47.5, 0]
				},
				"r_arm_lower": {
					"rotation": [90, -47.5, 0],
					"position": [0, 0, -0.7]
				},
				"body1": {
					"rotation": {
						"0.0": [2.5, 0, 0],
						"1.4286": [0.75, 0, 0],
						"2.8571": [2.5, 0, 0]
					}
				},
				"body2": {
					"rotation": [10, 0, 0]
				},
				"body3": {
					"rotation": [10, 0, 0]
				},
				"bottom_jaw": {
					"rotation": {
						"0.0": [0, 0, 0],
						"0.7143": [42.5, 0, 0]
					}
				}
			}
		},
		"animation.zekrom.ground_walk": {
			"loop": true,
			"animation_length": 2.8571,
			"bones": {
				"body": {
					"rotation": [25, 0, 0],
					"position": {
						"0.0": [0, 14, 0],
						"1.4286": [0, 11, 0],
						"2.8571": [0, 14, 0]
					}
				},
				"right_leg": {
					"rotation": {
						"0.0": [2.5, 17.5, 0],
						"1.4286": [2.5, 17.5, 0],
						"2.8571": [2.5, 17.5, 0]
					}
				},
				"r_leg_bottom": {
					"rotation": [22.5, 0, 0]
				},
				"tail": {
					"rotation": {
						"0.0": [-15, 0, 0],
						"1.4286": [-12.5, 0, 0],
						"2.8571": [-15, 0, 0]
					}
				},
				"neck": {
					"rotation": [22.5, 0, 0]
				},
				"arm_r": {
					"rotation": {
						"0.0": [0, -32.5, -52.5],
						"1.4286": [0, -32.5, -52.5],
						"2.8571": [0, -32.5, -52.5]
					}
				},
				"head": {
					"rotation": {
						"0.0": [-50, 0, 0],
						"1.4286": [-50, 0, 0],
						"2.8571": [-50, 0, 0]
					}
				},
				"arm_l": {
					"rotation": {
						"0.0": [0, 32.5, 52.5],
						"1.4286": [0, 32.5, 52.5],
						"2.8571": [0, 32.5, 52.5]
					}
				},
				"leg_l": {
					"rotation": {
						"0.0": [2.5, -17.5, 0],
						"1.4286": [2.5, -17.5, 0],
						"2.8571": [2.5, -17.5, 0]
					}
				},
				"l_leg_lower": {
					"rotation": {
						"0.0": [22.5, 0, 0],
						"1.4286": [22.5, 0, 0],
						"2.8571": [22.5, 0, 0]
					}
				},
				"l_wing_main": {
					"rotation": [0, -32.5, 0]
				},
				"r_wing_main": {
					"rotation": [0, 32.5, 0]
				},
				"l_arm_lower": {
					"rotation": [90, 47.5, 0]
				},
				"r_arm_lower": {
					"rotation": [90, -47.5, 0],
					"position": [0, 0, -0.7]
				},
				"body1": {
					"rotation": {
						"0.0": [2.5, 0, 0],
						"1.4286": [0.75, 0, 0],
						"2.8571": [2.5, 0, 0]
					}
				},
				"body2": {
					"rotation": [10, 0, 0]
				},
				"body3": {
					"rotation": [10, 0, 0]
				}
			}
		}
	}
}