{
	"format_version": "1.12.0",
	"minecraft:geometry": [
		{
			"description": {
				"identifier": "geometry.unknown",
				"texture_width": 32,
				"texture_height": 32,
				"visible_bounds_width": 2,
				"visible_bounds_height": 2.5,
				"visible_bounds_offset": [0, 0.75, 0]
			},
			"bones": [
				{
					"name": "tadbulb",
					"pivot": [0, 0, 0]
				},
				{
					"name": "head",
					"parent": "tadbulb",
					"pivot": [0, 17.26875, 0],
					"cubes": [
						{"origin": [-3.5, 14, -3.5], "size": [7, 7, 7], "uv": [0, 0]}
					]
				},
				{
					"name": "bone",
					"parent": "head",
					"pivot": [0, 14.25, 0],
					"cubes": [
						{"origin": [-2.5, 12, -2.5], "size": [5, 2, 5], "uv": [0, 14]},
						{"origin": [-1.5, 11, -1.5], "size": [3, 1, 3], "uv": [15, 14]}
					]
				},
				{
					"name": "bone2",
					"parent": "head",
					"pivot": [0, 11.075, 0],
					"cubes": [
						{"origin": [-0.5, 10.575, -0.5], "size": [1, 1, 1], "uv": [21, 22]}
					]
				},
				{
					"name": "tail",
					"parent": "bone2",
					"pivot": [0, 11.025, 0],
					"cubes": [
						{"origin": [-1.5, 8, 0], "size": [3, 3, 0], "uv": [0, 0]}
					]
				},
				{
					"name": "tail_2",
					"parent": "tail",
					"pivot": [0, 7.975, 0],
					"cubes": [
						{"origin": [-2.5, 4, 0], "size": [5, 4, 0], "uv": [20, 18]},
						{"origin": [-1.5, 3, 0], "size": [3, 1, 0], "uv": [0, 3]}
					]
				},
				{
					"name": "right_eye",
					"parent": "head",
					"pivot": [2, 16, -2.775],
					"cubes": [
						{"origin": [1, 16, -3.55], "size": [1, 2, 0], "uv": [4, 5]},
						{"origin": [1, 16, -3.735], "size": [1, 2, 1], "inflate": -0.175, "uv": [0, 4]}
					]
				},
				{
					"name": "mouth",
					"parent": "head",
					"pivot": [-2, 14.65, -2.525],
					"cubes": [
						{"origin": [-3, 14.85, -3.525], "size": [1, 1, 0], "uv": [17, 18]},
						{"origin": [2, 14.85, -3.525], "size": [1, 1, 0], "uv": [15, 18]},
						{"origin": [1, 15.4, -3.525], "size": [1, 1, 0], "uv": [15, 16]},
						{"origin": [1, 15.075, -3.51], "size": [1, 1, 0], "uv": [0, 18]},
						{"origin": [-1, 14.825, -3.51], "size": [2, 1, 0], "uv": [0, 17]},
						{"origin": [-1, 15.15, -3.525], "size": [2, 1, 0], "uv": [3, 4]},
						{"origin": [-2, 15.4, -3.525], "size": [1, 1, 0], "uv": [3, 14]},
						{"origin": [-2, 15.075, -3.51], "size": [1, 1, 0], "uv": [2, 18]}
					]
				},
				{
					"name": "left_eye",
					"parent": "head",
					"pivot": [-2, 16, -2.775],
					"cubes": [
						{"origin": [-2, 16, -3.55], "size": [1, 2, 0], "uv": [15, 14]},
						{"origin": [-2, 16, -3.735], "size": [1, 2, 1], "inflate": -0.175, "uv": [0, 14]}
					]
				}
			]
		}
	]
}