{
	"format_version": "1.8.0",
	"animations": {
		"animation.kyurem.ground_idle": {
			"loop": true,
			"animation_length": 2,
			"bones": {
				"body": {
					"rotation": {
						"0.0": [0, 0, 0],
						"1.0": [2.5, 0, 0],
						"2.0": [0, 0, 0]
					}
				},
				"left_leg": {
					"rotation": {
						"0.0": [0, 0, 0],
						"1.0": [-2.5, 0, 0],
						"2.0": [0, 0, 0]
					}
				},
				"right_leg": {
					"rotation": {
						"0.0": [0, 0, 0],
						"1.0": [-2.5, 0, 0],
						"2.0": [0, 0, 0]
					}
				}
			}
		},
		"animation.kyurem.faint": {
			"loop": true,
			"animation_length": 2,
			"bones": {
				"body": {
					"rotation": {
						"0.0": [0, 0, 0],
						"1.0": [2.5, 0, 0],
						"2.0": [0, 0, 0]
					}
				},
				"left_leg": {
					"rotation": {
						"0.0": [0, 0, 0],
						"1.0": [-2.5, 0, 0],
						"2.0": [0, 0, 0]
					}
				},
				"right_leg": {
					"rotation": {
						"0.0": [0, 0, 0],
						"1.0": [-2.5, 0, 0],
						"2.0": [0, 0, 0]
					}
				}
			}
		},
		"animation.kyurem.ground_walk": {
			"loop": true,
			"animation_length": 2.5,
			"bones": {
				"body": {
					"position": {
						"0.0": [0, 3, 0],
						"0.25": [0, 3, 0],
						"0.75": [0, 1, 0],
						"0.9167": [0, 1, 0],
						"1.0": [0, 2, 0],
						"1.75": [0, 0, 0],
						"2.5": [0, 3, 0]
					}
				},
				"neck": {
					"rotation": {
						"0.0": [0, 0, 0],
						"0.75": [5, 0, 0],
						"2.5": [0, 0, 0]
					}
				},
				"left_leg": {
					"rotation": {
						"0.0": [-42.5, 0, 0],
						"0.25": [-20, 0, 0],
						"0.75": [-65, 0, 0],
						"1.25": [-112.5, 0, 0],
						"2.0": [-90, 0, 0],
						"2.5": [-42.5, 0, 0]
					}
				},
				"left_leg1": {
					"rotation": {
						"0.0": [57.5, 0, 0],
						"0.75": [105, 0, 0],
						"1.25": [72.5, 0, 0],
						"2.5": [57.5, 0, 0]
					}
				},
				"left_leg2": {
					"rotation": {
						"0.0": [20, 0, 0],
						"0.25": [15, 0, 0],
						"0.5": [42.5, 0, 0],
						"1.25": [102.5, 0, 0],
						"1.5": [77.5, 0, 0],
						"2.25": [32.5, 0, 0],
						"2.5": [20, 0, 0]
					}
				},
				"left_leg3": {
					"rotation": {
						"0.0": [-32.5, 0, 0],
						"0.5": [-50, 0, 0],
						"1.25": [-50, 0, 0],
						"1.5": [-17.5, 0, 0],
						"1.75": [-32.5, 0, 0],
						"2.0": [-37.5, 0, 0],
						"2.25": [-40, 0, 0],
						"2.5": [-32.5, 0, 0]
					}
				},
				"right_leg": {
					"rotation": {
						"0.0": [-112.5, 0, 0],
						"0.75": [-90, 0, 0],
						"1.0": [-67.5, 0, 0],
						"1.25": [-42.5, 0, 0],
						"1.5": [-20, 0, 0],
						"2.0": [-65, 0, 0],
						"2.5": [-112.5, 0, 0]
					}
				},
				"right_leg1": {
					"rotation": {
						"0.0": [72.5, 0, 0],
						"1.25": [57.5, 0, 0],
						"2.0": [105, 0, 0],
						"2.5": [72.5, 0, 0]
					}
				},
				"right_leg2": {
					"rotation": {
						"0.0": [102.5, 0, 0],
						"0.25": [77.5, 0, 0],
						"1.0": [32.5, 0, 0],
						"1.25": [20, 0, 0],
						"1.5": [15, 0, 0],
						"1.75": [42.5, 0, 0],
						"2.5": [102.5, 0, 0]
					}
				},
				"right_leg3": {
					"rotation": {
						"0.0": [-50, 0, 0],
						"0.25": [-17.5, 0, 0],
						"0.5": [-32.5, 0, 0],
						"0.75": [-37.5, 0, 0],
						"1.0": [-40, 0, 0],
						"1.25": [-32.5, 0, 0],
						"1.75": [-50, 0, 0],
						"2.5": [-50, 0, 0]
					}
				}
			}
		}
	}
}