{
    "implemented": true,
    "name": "ashpikachu",
    "nationalPokedexNumber": 9999,
    "primaryType": "electric",
    
    "abilities": [
        "static",
        "lightningrod"
        
    ],
    "baseStats": {
        "hp": 45,
        "attack": 80,
        "defence": 50,
        "special_attack": 75,
        "special_defence": 60,
        "speed": 120
    },
    "behaviour": {
        "resting": {
            "canSleep": true,
            "depth": "normal",
            "light": "0-4"
        },
        "moving": {
            "canLook": false,
            "walk": {
                "canWalk": true,
                "avoidsLand": false
            },
            "swim": {
                "swimSpeed": 0.1,
                "canSwimInWater": true,
                "canBreatheUnderwater": false
            }
        }
    },
    "catchRate": 70,
    "maleRatio": 1,
    "shoulderMountable": true,
    
    "baseExperienceYield": 112,
    "experienceGroup": "erratic",
    "eggCycles": 25,
    "eggGroups": [
        "field",
        "fairy"
    ],
    
    "moves": [
        "1:leer",
        "1:tackle",
        "1:quickattack",
        "1:nuzzle",
        "8:thundershock",
        "12:thunderbolt",
        "16:agility",
        "40:thunder",
        "24:irontail",
        "28:electroball",
        "32:doubleedge",
        "36:electroweb",
        "44:volttackle",
        "55:zippyzap",
        "18:doubleteam"
    ],
    "labels": [
        "gen7"
    ],
    "pokedex": [
        "cobblemon.species.ashpikachu.desc1",
        "cobblemon.species.ashpikachu.desc2"
    ],
    
    
    "baseScale": 0.5,
    "hitbox": {
        "width": 0.5,
        "height": 1.0,
        "fixed": false
    },
    "baseFriendship": 50,
    "evYield": {
        "hp": 0,
        "attack": 0,
        "defence": 0,
        "special_attack": 0,
        "special_defence": 0,
        "speed": 1
    },
    "height": 1,
    "weight": 1
}