{
    "implemented": true,
    "name": "ashrowlet",
    "nationalPokedexNumber": 7024,
    "primaryType": "grass",
    "secondaryType": "ghost",
    "abilities": [
        "overgrow",
        
        "h:longreach"
    ],
    "baseStats": {
        "hp": 78,
        "attack": 110,
        "defence": 75,
        "special_attack": 100,
        "special_defence": 100,
        "speed": 80
    },
    "behaviour": {
        "resting": {
            "canSleep": true,
            "depth": "normal",
            "light": "4-15"
        },
        "moving": {
            "canLook": false,
            "walk": {
                "canWalk": true,
                "avoidsLand": false
            },
            "swim": {
                "swimSpeed": 0.1,
                "canSwimInWater": true,
                "canBreatheUnderwater": false
            },
			"fly": {
			"canFly": true
			}
        }
    },
    "catchRate": 48,
    "maleRatio": 0.5,
    "shoulderMountable": true,
    
    "baseExperienceYield": 200,
    "experienceGroup": "erratic",
    "eggCycles": 25,
    "eggGroups": [
        "flying",
        "grass"
    ],
    "drops": {
        "amount": "1",
        "entries": [
        {"item": "minecraft:cooked_chicken", "quantityRange": "1-2", "percentage": 50}
        ]
    },
    "moves": [
        "1:growl",
        "1:leafage",
        "1:leafstorm",
        "1:tackle",
        "1:uturn",
        "9:peck",
        "12:shadowsneak",
        "15:razorleaf",
        "20:synthesis",
        "25:pluck",
        "30:bulkup",
        "37:suckerpunch",
        "44:leafblade",
        "51:featherdance",
        "58:bravebird",
        "tm:aerialace",
        "tm:aircutter",
        "tm:airslash",
        "tm:aurasphere",
        "tm:batonpass",
        "tm:bravebird",
        "tm:brickbreak",
        "tm:bulkup",
        "tm:bulletseed",
        "tm:closecombat",
        "tm:coaching",
        "tm:confuseray",
        "tm:dualwingbeat",
        "tm:endure",
        "tm:energyball",
        "tm:facade",
        "tm:falseswipe",
        "tm:featherdance",
        "tm:focusblast",
        "tm:focuspunch",
        "tm:frenzyplant",
        "tm:gigadrain",
        "tm:gigaimpact",
        "tm:grassknot",
        "tm:grasspledge",
        "tm:grassyglide",
        "tm:grassyterrain",
        "tm:haze",
        "tm:helpinghand",
        "tm:hyperbeam",
        "tm:knockoff",
        "tm:leafstorm",
        "tm:lightscreen",
        "tm:lowkick",
        "tm:lowsweep",
        "tm:magicalleaf",
        "tm:nastyplot",
        "tm:nightshade",
        "tm:protect",
        "tm:raindance",
        "tm:rest",
        "tm:reversal",
        "tm:rocktomb",
        "tm:scaryface",
        "tm:seedbomb",
        "tm:shadowclaw",
        "tm:sleeptalk",
        "tm:smackdown",
        "tm:solarbeam",
        "tm:substitute",
        "tm:sunnyday",
        "tm:swift",
        "tm:swordsdance",
        "tm:tailwind",
        "tm:takedown",
        "tm:taunt",
        "tm:terablast",
        "tm:trailblaze",
        "tm:upperhand",
        "tm:uturn"
    ],
    "labels": [
        "gen7"
    ],
    "pokedex": [
        "cobblemon.species.ashrowlet.desc1",
        "cobblemon.species.ashrowlet.desc2"
    ],
    "preEvolution": "rowlet",
	"evolutions": [],
    "baseScale": 0.7,
    "hitbox": {
        "width": 0.5,
        "height": 1.0,
        "fixed": false
    },
    "baseFriendship": 50,
    "evYield": {
        "hp": 0,
        "attack": 2,
        "defence": 0,
        "special_attack": 0,
        "special_defence": 0,
        "speed": 0
    },
    "height": 1,
    "weight": 1
}