{
  "implemented": true,
  "name": "Greninja",
  "nationalPokedexNumber": 658,
  "primaryType": "water",
  "secondaryType": "dark",
  "abilities": [
    "torrent",
    "h:protean"
  ],
  "drops": {
    "amount": 4,
    "entries": [
      {
        "item": "minecraft:pearlescent_froglight",
        "quantityRange": "0-3"
      },
      {
        "item": "cobblemon:mystic_water",
        "percentage": 25.0
      }
    ]
  },
  "baseStats": {
    "hp": 72,
    "attack": 95,
    "defence": 67,
    "special_attack": 103,
    "special_defence": 71,
    "speed": 122
  },
  "behaviour": {
    "resting": {
      "canSleep": true,
      "willSleepOnBed": false,
      "depth": "normal",
      "light": "0-4"
    },
    "moving": {
      "swim": {
        "canSwimInWater": true,
        "canBreatheUnderwater": true
      }
    }
  },
  "catchRate": 45,
  "maleRatio": 0.875,
  "shoulderMountable": false,
  "forms": [
    {
      "name": "Ash",
      "primaryType": "water",
      "secondaryType": "dark",
      "abilities": [
        "battlebond"
      ],
      "baseStats": {
        "hp": 72,
        "attack": 145,
        "defence": 67,
        "special_attack": 153,
        "special_defence": 71,
        "speed": 132
      },
      "catchRate": 45,
      "maleRatio": 1,
      "baseExperienceYield": 239,
      "baseFriendship": 70,
      "evYield": {
        "hp": 0,
        "attack": 0,
        "defence": 0,
        "special_attack": 0,
        "special_defence": 0,
        "speed": 3
      },
      "experienceGroup": "medium_slow",
      "eggCycles": 20,
      "eggGroups": [
        "undiscovered"
      ],
      "moves": [
        "1:bubble",
        "1:growl",
        "1:haze",
        "1:matblock",
        "1:nightslash",
        "1:pound",
        "1:quickattack",
        "1:roleplay",
        "1:watergun",
        "1:watershuriken",
        "10:lick",
        "14:waterpulse",
        "19:smokescreen",
        "23:shadowsneak",
        "28:spikes",
        "33:aerialace",
        "33:feintattack",
        "42:substitute",
        "49:extrasensory",
        "56:doubleteam",
        "68:hydropump",
        "egg:counter",
        "egg:retaliate",
        "egg:spikes",
        "egg:switcheroo",
        "egg:toxicspikes",
        "tm:acrobatics",
        "tm:aerialace",
        "tm:attract",
        "tm:blizzard",
        "tm:brickbreak",
        "tm:brutalswing",
        "tm:chillingwater",
        "tm:confide",
        "tm:darkpulse",
        "tm:dig",
        "tm:doubleteam",
        "tm:echoedvoice",
        "tm:endure",
        "tm:facade",
        "tm:falseswipe",
        "tm:fling",
        "tm:frustration",
        "tm:gigaimpact",
        "tm:grassknot",
        "tm:gunkshot",
        "tm:haze",
        "tm:helpinghand",
        "tm:hiddenpower",
        "tm:hydrocannon",
        "tm:hydropump",
        "tm:hyperbeam",
        "tm:icebeam",
        "tm:icepunch",
        "tm:icywind",
        "tm:liquidation",
        "tm:lowkick",
        "tm:lowsweep",
        "tm:mudshot",
        "tm:mudslap",
        "tm:protect",
        "tm:raindance",
        "tm:rest",
        "tm:return",
        "tm:rockslide",
        "tm:rocktomb",
        "tm:round",
        "tm:scald",
        "tm:sleeptalk",
        "tm:sludgewave",
        "tm:smackdown",
        "tm:snowscape",
        "tm:spikes",
        "tm:substitute",
        "tm:surf",
        "tm:swagger",
        "tm:swift",
        "tm:swordsdance",
        "tm:takedown",
        "tm:taunt",
        "tm:terablast",
        "tm:thief",
        "tm:toxic",
        "tm:toxicspikes",
        "tm:trailblaze",
        "tm:upperhand",
        "tm:uturn",
        "tm:waterfall",
        "tm:waterpledge",
        "tm:waterpulse",
        "tm:weatherball",
        "tm:workup",
        "tutor:aerialace",
        "tutor:bounce",
        "tutor:doubleteam",
        "tutor:gunkshot",
        "tutor:hydrocannon",
        "tutor:icepunch",
        "tutor:icywind",
        "tutor:lowkick",
        "tutor:nightslash",
        "tutor:roleplay",
        "tutor:snatch",
        "tutor:snore",
        "tutor:spite",
        "tutor:waterpledge",
        "tutor:waterpulse",
        "tutor:watershuriken"
      ],
      "labels": [
        "gen7"
      ],
      "aspects": [
        "ash"
      ],
      "height": 15,
      "weight": 400,
      "cannotDynamax": false,
      "battleOnly": true
    }
  ],
  "baseExperienceYield": 239,
  "experienceGroup": "medium_slow",
  "eggCycles": 20,
  "eggGroups": [
    "water_1"
  ],
  "moves": [
    "1:bubble",
    "1:growl",
    "1:haze",
    "1:matblock",
    "1:nightslash",
    "1:pound",
    "1:quickattack",
    "1:roleplay",
    "1:watergun",
    "1:watershuriken",
    "10:lick",
    "14:waterpulse",
    "19:smokescreen",
    "23:shadowsneak",
    "28:spikes",
    "33:aerialace",
    "33:feintattack",
    "42:substitute",
    "49:extrasensory",
    "56:doubleteam",
    "68:hydropump",
    "tm:acrobatics",
    "tm:aerialace",
    "tm:attract",
    "tm:blizzard",
    "tm:brickbreak",
    "tm:brutalswing",
    "tm:chillingwater",
    "tm:confide",
    "tm:cut",
    "tm:darkpulse",
    "tm:dig",
    "tm:dive",
    "tm:doubleteam",
    "tm:echoedvoice",
    "tm:endure",
    "tm:facade",
    "tm:falseswipe",
    "tm:fling",
    "tm:frustration",
    "tm:gigaimpact",
    "tm:grassknot",
    "tm:gunkshot",
    "tm:haze",
    "tm:helpinghand",
    "tm:hiddenpower",
    "tm:hydrocannon",
    "tm:hydropump",
    "tm:hyperbeam",
    "tm:icebeam",
    "tm:icepunch",
    "tm:icywind",
    "tm:liquidation",
    "tm:lowkick",
    "tm:lowsweep",
    "tm:mudshot",
    "tm:mudslap",
    "tm:poweruppunch",
    "tm:protect",
    "tm:raindance",
    "tm:rest",
    "tm:return",
    "tm:rockslide",
    "tm:rocksmash",
    "tm:rocktomb",
    "tm:round",
    "tm:scald",
    "tm:secretpower",
    "tm:sleeptalk",
    "tm:sludgewave",
    "tm:smackdown",
    "tm:snowscape",
    "tm:spikes",
    "tm:strength",
    "tm:substitute",
    "tm:surf",
    "tm:swagger",
    "tm:swift",
    "tm:swordsdance",
    "tm:takedown",
    "tm:taunt",
    "tm:terablast",
    "tm:thief",
    "tm:toxic",
    "tm:toxicspikes",
    "tm:trailblaze",
    "tm:upperhand",
    "tm:uturn",
    "tm:waterfall",
    "tm:waterpledge",
    "tm:waterpulse",
    "tm:weatherball",
    "tm:workup",
    "tutor:bounce",
    "tutor:gunkshot",
    "tutor:happyhour",
    "tutor:hydrocannon",
    "tutor:hydropump",
    "tutor:icepunch",
    "tutor:icywind",
    "tutor:lowkick",
    "tutor:matblock",
    "tutor:roleplay",
    "tutor:shadowsneak",
    "tutor:snatch",
    "tutor:snore",
    "tutor:spite",
    "tutor:substitute",
    "tutor:waterpledge",
    "tutor:waterpulse",
    "tutor:watershuriken"
  ],
  "labels": [
    "gen6"
  ],
  "pokedex": [
    "cobblemon.species.greninja.desc"
  ],
  "preEvolution": "frogadier",
  "evolutions": [
  {
      "id": "greninja_greninjaz",
      "variant": "level_up",
      "result": "greninjaz",
      "consumeHeldItem": false,
      "requirements": [
        {
          "variant": "held_item",
          "itemCondition": "minecraft:blue_dye"
        },
        {
          "variant": "level",
          "minLevel": 1
        }
      ]
    }
  ],
  "baseScale": 0.9,
  "hitbox": {
    "width": 1,
    "height": 2,
    "fixed": false
  },
  "baseFriendship": 70,
  "evYield": {
    "hp": 0,
    "attack": 0,
    "defence": 0,
    "special_attack": 0,
    "special_defence": 0,
    "speed": 3
  },
  "height": 15,
  "weight": 400,
  "aspects": [],
  "cannotDynamax": false
}
