{
  "implemented": true,
  "name": "Rowlet",
  "nationalPokedexNumber": 722,
  "primaryType": "grass",
  "secondaryType": "flying",
  "abilities": [
    "overgrow",
    "h:longreach"
  ],
  "features": ["region_bias"],
  "forms": [
    {
      "name": "Hisui Bias",
      "primaryType": "grass",
      "secondaryType": "flying",
      "abilities": [
        "overgrow",
        "h:longreach"
      ],
      "baseStats": {
        "hp": 68,
        "attack": 55,
        "defence": 55,
        "special_attack": 50,
        "special_defence": 50,
        "speed": 42
      },
      "catchRate": 45,
      "maleRatio": 0.875,
      "shoulderMountable": false,
      "baseExperienceYield": 64,
      "experienceGroup": "medium_slow",
      "eggCycles": 15,
      "eggGroups": [
        "flying"
      ],
      "behaviour": {
        "moving": {
          "fly": {
            "canFly": true
          }
        }
      },
      "drops": {
        "amount": 3,
        "entries": [
          {
            "item": "minecraft:feather",
            "quantityRange": "0-1"
          },
          {
            "item": "minecraft:chicken"
          },
          {
            "item": "cobblemon:miracle_seed",
            "percentage": 5.0
          }
        ]
      },
      "moves": [
        "1:growl",
        "1:tackle",
        "3:leafage",
        "6:astonish",
        "9:peck",
        "12:shadowsneak",
        "15:razorleaf",
        "16:ominouswind",
        "18:foresight",
        "18:synthesis",
        "21:pluck",
        "24:nastyplot",
        "27:suckerpunch",
        "29:furyattack",
        "30:leafblade",
        "33:featherdance",
        "36:bravebird",
        "egg:batonpass",
        "egg:confuseray",
        "egg:curse",
        "egg:defog",
        "egg:doubleteam",
        "egg:haze",
        "egg:knockoff",
        "egg:ominouswind",
        "egg:roost",
        "tm:aerialace",
        "tm:aircutter",
        "tm:airslash",
        "tm:attract",
        "tm:batonpass",
        "tm:bravebird",
        "tm:bulletseed",
        "tm:confide",
        "tm:confuseray",
        "tm:doubleteam",
        "tm:dualwingbeat",
        "tm:echoedvoice",
        "tm:endure",
        "tm:energyball",
        "tm:facade",
        "tm:falseswipe",
        "tm:featherdance",
        "tm:frustration",
        "tm:gigadrain",
        "tm:grassknot",
        "tm:grasspledge",
        "tm:grassyglide",
        "tm:grassyterrain",
        "tm:haze",
        "tm:helpinghand",
        "tm:hiddenpower",
        "tm:knockoff",
        "tm:leafblade",
        "tm:leafstorm",
        "tm:lightscreen",
        "tm:magicalleaf",
        "tm:nastyplot",
        "tm:naturepower",
        "tm:nightshade",
        "tm:protect",
        "tm:raindance",
        "tm:rest",
        "tm:return",
        "tm:roost",
        "tm:round",
        "tm:safeguard",
        "tm:seedbomb",
        "tm:shadowclaw",
        "tm:sleeptalk",
        "tm:snore",
        "tm:solarbeam",
        "tm:steelwing",
        "tm:substitute",
        "tm:sunnyday",
        "tm:swagger",
        "tm:swift",
        "tm:swordsdance",
        "tm:takedown",
        "tm:terablast",
        "tm:toxic",
        "tm:trailblaze",
        "tm:workup",
        "tutor:covet",
        "tutor:defog",
        "tutor:dualwingbeat",
        "tutor:gigadrain",
        "tutor:grasspledge",
        "tutor:grassyglide",
        "tutor:seedbomb",
        "tutor:skyattack",
        "tutor:snore",
        "tutor:synthesis",
        "tutor:worryseed"
      ],
      "labels": [
        "gen7",
        "hisui_regional"
      ],
      "evolutions": [
        {
          "id": "hisui_rowlet_hisui_dartrix",
          "variant": "level_up",
          "result": "dartrix region_bias=hisui",
          "consumeHeldItem": false,
          "learnableMoves": [],
          "requirements": [
            {
              "variant": "level",
              "minLevel": 17
            }
          ]
        },
        {
          "id": "hisui_rowlet_dartrix",
          "variant": "level_up",
          "result": "dartrix region_bias=alola",
          "consumeHeldItem": false,
          "learnableMoves": [],
          "requirements": [
            {
              "variant": "level",
              "minLevel": 17
            },
            {
              "variant": "biome",
              "biomeCondition": "#cobblemon:evolution/rowlet_dartrix_alolan"
            },
            {
              "variant": "biome",
              "biomeAnticondition": "#cobblemon:is_freezing"
            }
          ]
        }
      ],
      "baseScale": 0.6,
      "hitbox": {
        "width": 0.95,
        "height": 0.8,
        "fixed": false
      },
      "baseFriendship": 50,
      "evYield": {
        "hp": 1,
        "attack": 0,
        "defence": 0,
        "special_attack": 0,
        "special_defence": 0,
        "speed": 0
      },
      "height": 3,
      "weight": 15,
      "aspects": ["region-bias-hisui"],
      "cannotDynamax": false
    }
  ],
  "baseStats": {
    "hp": 68,
    "attack": 55,
    "defence": 55,
    "special_attack": 50,
    "special_defence": 50,
    "speed": 42
  },
  "catchRate": 45,
  "maleRatio": 0.875,
  "shoulderMountable": false,
  "baseExperienceYield": 64,
  "experienceGroup": "medium_slow",
  "eggCycles": 15,
  "eggGroups": [
    "flying"
  ],
  "behaviour": {
    "moving": {
      "fly": {
        "canFly": true
      }
    }
  },
  "drops": {
    "amount": 3,
    "entries": [
      {
        "item": "minecraft:feather",
        "quantityRange": "0-1"
      },
      {
        "item": "minecraft:chicken"
      },
      {
        "item": "cobblemon:miracle_seed",
        "percentage": 5.0
      }
    ]
  },
  "moves": [
    "1:growl",
    "1:tackle",
    "3:leafage",
    "6:astonish",
    "9:peck",
    "12:shadowsneak",
    "15:razorleaf",
    "16:ominouswind",
    "18:foresight",
    "18:synthesis",
    "21:pluck",
    "24:nastyplot",
    "27:suckerpunch",
    "29:furyattack",
    "30:leafblade",
    "33:featherdance",
    "36:bravebird",
    "egg:batonpass",
    "egg:confuseray",
    "egg:curse",
    "egg:defog",
    "egg:doubleteam",
    "egg:haze",
    "egg:knockoff",
    "egg:ominouswind",
    "egg:roost",
    "tm:aerialace",
    "tm:aircutter",
    "tm:airslash",
    "tm:attract",
    "tm:batonpass",
    "tm:bravebird",
    "tm:bulletseed",
    "tm:confide",
    "tm:confuseray",
    "tm:doubleteam",
    "tm:dualwingbeat",
    "tm:echoedvoice",
    "tm:endure",
    "tm:energyball",
    "tm:facade",
    "tm:falseswipe",
    "tm:featherdance",
    "tm:frustration",
    "tm:gigadrain",
    "tm:grassknot",
    "tm:grasspledge",
    "tm:grassyglide",
    "tm:grassyterrain",
    "tm:haze",
    "tm:helpinghand",
    "tm:hiddenpower",
    "tm:knockoff",
    "tm:leafblade",
    "tm:leafstorm",
    "tm:lightscreen",
    "tm:magicalleaf",
    "tm:nastyplot",
    "tm:naturepower",
    "tm:nightshade",
    "tm:protect",
    "tm:raindance",
    "tm:rest",
    "tm:return",
    "tm:roost",
    "tm:round",
    "tm:safeguard",
    "tm:seedbomb",
    "tm:shadowclaw",
    "tm:sleeptalk",
    "tm:snore",
    "tm:solarbeam",
    "tm:steelwing",
    "tm:substitute",
    "tm:sunnyday",
    "tm:swagger",
    "tm:swift",
    "tm:swordsdance",
    "tm:takedown",
    "tm:terablast",
    "tm:toxic",
    "tm:trailblaze",
    "tm:workup",
    "tutor:covet",
    "tutor:defog",
    "tutor:dualwingbeat",
    "tutor:gigadrain",
    "tutor:grasspledge",
    "tutor:grassyglide",
    "tutor:seedbomb",
    "tutor:skyattack",
    "tutor:snore",
    "tutor:synthesis",
    "tutor:worryseed"
  ],
  "labels": [
    "gen7"
  ],
  "pokedex": [
    "cobblemon.species.rowlet.desc"
  ],
  "evolutions": [
    {
      "id": "rowlet_dartrix",
      "variant": "level_up",
      "result": "dartrix",
      "consumeHeldItem": false,
      "learnableMoves": [],
      "requirements": [
        {
          "variant": "level",
          "minLevel": 17
        }
      ]
    },
    {
      "id": "rowlet_hisui_dartrix",
      "variant": "level_up",
      "result": "dartrix region_bias=hisui",
      "consumeHeldItem": false,
      "learnableMoves": [],
      "requirements": [
        {
          "variant": "level",
          "minLevel": 17
        },
        {
          "variant": "biome",
          "biomeCondition": "#cobblemon:evolution/rowlet_dartrix_hisui_bias"
        }
      ]
    },
	{
      "id": "rowlet_ashrowlet",
      "variant": "level_up",
      "consumeHeldItem": false,
      "result": "ashrowlet",
      "requirements": [
        {
          "variant": "held_item",
          "itemCondition": "cobblemon:leaf_stone"
        },
        {
          "variant": "level",
          "minLevel": 34
        }
      ]
    }
  ],
  "baseScale": 0.6,
  "hitbox": {
    "width": 0.95,
    "height": 0.8,
    "fixed": false
  },
  "baseFriendship": 50,
  "evYield": {
    "hp": 1,
    "attack": 0,
    "defence": 0,
    "special_attack": 0,
    "special_defence": 0,
    "speed": 0
  },
  "height": 3,
  "weight": 15,
  "aspects": [],
  "cannotDynamax": false
}
