{
  "implemented": true,
  "name": "Squirtle",
  "nationalPokedexNumber": 7,
  "primaryType": "water",
  "abilities": [
    "torrent",
    "h:raindish"
  ],
  "baseStats": {
    "hp": 44,
    "attack": 48,
    "defence": 65,
    "special_attack": 50,
    "special_defence": 64,
    "speed": 43
  },
  "catchRate": 45,
  "maleRatio": 0.875,
  "shoulderMountable": true,
  "baseExperienceYield": 63,
  "experienceGroup": "medium_slow",
  "eggCycles": 20,
  "eggGroups": [
    "monster",
    "water_1"
  ],
  "behaviour": {
    "resting": {
      "canSleep": true,
      "willSleepOnBed": true,
      "depth": "normal",
      "light": "0-4"
    },
    "moving": {
      "walk": {
        "walkSpeed": 0.29
      },
      "swim": {
        "canSwimInWater": true,
        "canBreatheUnderwater": true
      }
    }
  },
  "drops": {
    "amount": 2,
    "entries": [
      {
        "item": "minecraft:scute",
        "quantityRange": "0-1"
      },
      {
        "item": "cobblemon:mystic_water",
        "percentage": 5.0
      }
    ]
  },
  "moves": [
    "1:tackle",
    "1:tailwhip",
    "3:watergun",
    "6:withdraw",
    "9:rapidspin",
    "12:bite",
    "13:bubble",
    "15:waterpulse",
    "18:protect",
    "21:raindance",
    "24:aquatail",
    "27:shellsmash",
    "30:irondefense",
    "33:hydropump",
    "36:skullbash",
    "36:wavecrash",
    "egg:aquajet",
    "egg:aquaring",
    "egg:aurasphere",
    "egg:brine",
    "egg:dragonpulse",
    "egg:fakeout",
    "egg:flail",
    "egg:foresight",
    "egg:haze",
    "egg:lifedew",
    "egg:mirrorcoat",
    "egg:mist",
    "egg:muddywater",
    "egg:mudsport",
    "egg:refresh",
    "egg:waterspout",
    "egg:yawn",
    "tm:attract",
    "tm:aurasphere",
    "tm:blizzard",
    "tm:bodyslam",
    "tm:brickbreak",
    "tm:brine",
    "tm:captivate",
    "tm:chillingwater",
    "tm:confide",
    "tm:dig",
    "tm:dive",
    "tm:doubleedge",
    "tm:doubleteam",
    "tm:dragonpulse",
    "tm:endure",
    "tm:facade",
    "tm:falseswipe",
    "tm:fling",
    "tm:flipturn",
    "tm:focuspunch",
    "tm:frustration",
    "tm:gyroball",
    "tm:hail",
    "tm:haze",
    "tm:helpinghand",
    "tm:hiddenpower",
    "tm:hydropump",
    "tm:icebeam",
    "tm:icepunch",
    "tm:icespinner",
    "tm:icywind",
    "tm:irondefense",
    "tm:irontail",
    "tm:liquidation",
    "tm:megakick",
    "tm:megapunch",
    "tm:muddywater",
    "tm:mudshot",
    "tm:naturalgift",
    "tm:poweruppunch",
    "tm:protect",
    "tm:raindance",
    "tm:rest",
    "tm:return",
    "tm:rocksmash",
    "tm:rocktomb",
    "tm:round",
    "tm:scald",
    "tm:secretpower",
    "tm:sleeptalk",
    "tm:snore",
    "tm:strength",
    "tm:substitute",
    "tm:surf",
    "tm:swagger",
    "tm:takedown",
    "tm:terablast",
    "tm:toxic",
    "tm:waterfall",
    "tm:waterpledge",
    "tm:waterpulse",
    "tm:weatherball",
    "tm:whirlpool",
    "tm:workup",
    "tm:zenheadbutt",
    "tutor:aquatail",
    "tutor:attract",
    "tutor:bide",
    "tutor:bite",
    "tutor:blizzard",
    "tutor:block",
    "tutor:bodyslam",
    "tutor:brickbreak",
    "tutor:bubble",
    "tutor:bubblebeam",
    "tutor:celebrate",
    "tutor:confusion",
    "tutor:counter",
    "tutor:curse",
    "tutor:defensecurl",
    "tutor:dig",
    "tutor:dive",
    "tutor:doubleedge",
    "tutor:doubleteam",
    "tutor:dragonpulse",
    "tutor:dynamicpunch",
    "tutor:endure",
    "tutor:facade",
    "tutor:falseswipe",
    "tutor:flail",
    "tutor:flipturn",
    "tutor:focuspunch",
    "tutor:followme",
    "tutor:foresight",
    "tutor:frustration",
    "tutor:haze",
    "tutor:headbutt",
    "tutor:hiddenpower",
    "tutor:hydrocannon",
    "tutor:hydropump",
    "tutor:icebeam",
    "tutor:icepunch",
    "tutor:icywind",
    "tutor:irondefense",
    "tutor:irontail",
    "tutor:megakick",
    "tutor:megapunch",
    "tutor:mimic",
    "tutor:mirrorcoat",
    "tutor:mist",
    "tutor:mudslap",
    "tutor:outrage",
    "tutor:protect",
    "tutor:rage",
    "tutor:raindance",
    "tutor:rapidspin",
    "tutor:reflect",
    "tutor:rest",
    "tutor:return",
    "tutor:rockslide",
    "tutor:rocksmash",
    "tutor:rollout",
    "tutor:scald",
    "tutor:seismictoss",
    "tutor:skullbash",
    "tutor:sleeptalk",
    "tutor:snore",
    "tutor:strength",
    "tutor:submission",
    "tutor:substitute",
    "tutor:surf",
    "tutor:swagger",
    "tutor:tackle",
    "tutor:tailwhip",
    "tutor:takedown",
    "tutor:toxic",
    "tutor:waterfall",
    "tutor:watergun",
    "tutor:waterpledge",
    "tutor:waterpulse",
    "tutor:whirlpool",
    "tutor:withdraw",
    "tutor:zenheadbutt"
  ],
  "labels": [
    "gen1"
  ],
  "pokedex": [
    "cobblemon.species.squirtle.desc"
  ],
  "evolutions": [
    {
      "id": "squirtle_wartortle",
      "variant": "level_up",
      "result": "wartortle",
      "consumeHeldItem": false,
      "learnableMoves": [],
      "requirements": [
        {
          "variant": "level",
          "minLevel": 16
        }
      ]
    },
	{
      "id": "squirtle_swagtle",
      "variant": "level_up",
      "consumeHeldItem": false,
      "result": "swagtle",
      "requirements": [
        {
          "variant": "held_item",
          "itemCondition": "cobblemon:black_glasses"
        },
        {
          "variant": "level",
          "minLevel": 36
        }
      ]
    }
  ],
  "baseScale": 0.7,
  "hitbox": {
    "width": 0.6,
    "height": 1.2,
    "fixed": false
  },
  "baseFriendship": 50,
  "evYield": {
    "hp": 0,
    "attack": 0,
    "defence": 1,
    "special_attack": 0,
    "special_defence": 0,
    "speed": 0
  },
  "height": 5,
  "weight": 90,
  "aspects": [],
  "cannotDynamax": false
}
