{
    "implemented": true,
    "name": "swagtle",
    "nationalPokedexNumber": 9999,
    "primaryType": "water",
    
    "abilities": [
        "torrent",
        
        "h:raindish"
    ],
    "baseStats": {
        "hp": 79,
        "attack": 83,
        "defence": 100,
        "special_attack": 85,
        "special_defence": 105,
        "speed": 78
    },
    "behaviour": {
        "resting": {
            "canSleep": true,
            "depth": "normal",
            "light": "0-4"
        },
        "moving": {
            "canLook": false,
            "walk": {
                "canWalk": true,
                "avoidsLand": false
            },
            "swim": {
                "swimSpeed": 0.1,
                "canSwimInWater": true,
                "canBreatheUnderwater": true
            },
            "wanderChance": 1
        }
    },
    "catchRate": 83,
    "maleRatio": 0.5,
    "shoulderMountable": false,
    
    "baseExperienceYield": 100,
    "experienceGroup": "erratic",
    "eggCycles": 25,
    "eggGroups": [
        "monster",
        "water_1"
    ],
    
    "moves": [
    "1:flashcannon",
    "1:tackle",
    "1:tailwhip",
    "1:watergun",
    "1:withdraw",
    "9:rapidspin",
    "12:bite",
    "13:bubble",
    "15:waterpulse",
    "20:protect",
    "25:raindance",
    "30:aquatail",
    "35:shellsmash",
    "42:irondefense",
    "49:hydropump",
    "56:skullbash",
    "56:wavecrash",
    "tm:attract",
    "tm:aurasphere",
    "tm:avalanche",
    "tm:blizzard",
    "tm:bodypress",
    "tm:bodyslam",
    "tm:brickbreak",
    "tm:brine",
    "tm:bulldoze",
    "tm:captivate",
    "tm:chillingwater",
    "tm:confide",
    "tm:crunch",
    "tm:darkpulse",
    "tm:dig",
    "tm:dive",
    "tm:doubleedge",
    "tm:doubleteam",
    "tm:dragonpulse",
    "tm:dragontail",
    "tm:earthquake",
    "tm:endure",
    "tm:facade",
    "tm:falseswipe",
    "tm:flashcannon",
    "tm:fling",
    "tm:flipturn",
    "tm:focusblast",
    "tm:focuspunch",
    "tm:frustration",
    "tm:gigaimpact",
    "tm:gyroball",
    "tm:hail",
    "tm:haze",
    "tm:helpinghand",
    "tm:hiddenpower",
    "tm:hydrocannon",
    "tm:hydropump",
    "tm:hyperbeam",
    "tm:icebeam",
    "tm:icepunch",
    "tm:icespinner",
    "tm:icywind",
    "tm:irondefense",
    "tm:irontail",
    "tm:liquidation",
    "tm:megakick",
    "tm:megapunch",
    "tm:muddywater",
    "tm:mudshot",
    "tm:naturalgift",
    "tm:outrage",
    "tm:poweruppunch",
    "tm:protect",
    "tm:raindance",
    "tm:rest",
    "tm:return",
    "tm:roar",
    "tm:rockclimb",
    "tm:rockslide",
    "tm:rocksmash",
    "tm:rocktomb",
    "tm:round",
    "tm:scald",
    "tm:scaryface",
    "tm:secretpower",
    "tm:sleeptalk",
    "tm:smackdown",
    "tm:snore",
    "tm:strength",
    "tm:substitute",
    "tm:surf",
    "tm:swagger",
    "tm:takedown",
    "tm:terablast",
    "tm:toxic",
    "tm:waterfall",
    "tm:waterpledge",
    "tm:waterpulse",
    "tm:weatherball",
    "tm:whirlpool",
    "tm:workup",
    "tm:zenheadbutt",
    "tutor:aquajet",
    "tutor:aquatail",
    "tutor:attract",
    "tutor:bide",
    "tutor:bite",
    "tutor:blizzard",
    "tutor:bodyslam",
    "tutor:brickbreak",
    "tutor:bubble",
    "tutor:bubblebeam",
    "tutor:counter",
    "tutor:curse",
    "tutor:darkpulse",
    "tutor:defensecurl",
    "tutor:dig",
    "tutor:dive",
    "tutor:doubleedge",
    "tutor:doubleteam",
    "tutor:dragonpulse",
    "tutor:dragontail",
    "tutor:dynamicpunch",
    "tutor:earthquake",
    "tutor:endure",
    "tutor:facade",
    "tutor:fakeout",
    "tutor:fissure",
    "tutor:flashcannon",
    "tutor:flipturn",
    "tutor:focuspunch",
    "tutor:frustration",
    "tutor:headbutt",
    "tutor:hiddenpower",
    "tutor:hydrocannon",
    "tutor:hydropump",
    "tutor:hyperbeam",
    "tutor:icebeam",
    "tutor:icepunch",
    "tutor:icywind",
    "tutor:irondefense",
    "tutor:irontail",
    "tutor:liquidation",
    "tutor:megakick",
    "tutor:megapunch",
    "tutor:mimic",
    "tutor:mudslap",
    "tutor:outrage",
    "tutor:protect",
    "tutor:rage",
    "tutor:raindance",
    "tutor:rapidspin",
    "tutor:reflect",
    "tutor:rest",
    "tutor:return",
    "tutor:roar",
    "tutor:rockslide",
    "tutor:rocksmash",
    "tutor:rollout",
    "tutor:scald",
    "tutor:seismictoss",
    "tutor:signalbeam",
    "tutor:skullbash",
    "tutor:sleeptalk",
    "tutor:snore",
    "tutor:strength",
    "tutor:submission",
    "tutor:substitute",
    "tutor:surf",
    "tutor:swagger",
    "tutor:tackle",
    "tutor:tailwhip",
    "tutor:takedown",
    "tutor:terrainpulse",
    "tutor:toxic",
    "tutor:waterfall",
    "tutor:watergun",
    "tutor:waterpledge",
    "tutor:waterpulse",
    "tutor:whirlpool",
    "tutor:withdraw",
    "tutor:zenheadbutt"
    ],
    "labels": [
        "custom"
    ],
    "pokedex": [
        "cobblemon.species.swagtle.desc1",
        "cobblemon.species.swagtle.desc2"
    ],
    "preEvolution": "squirtle",
	"evolutions": [],  
    "baseScale": 0.7,
    "hitbox": {
        "width": 1.0,
        "height": 1.0,
        "fixed": false
    },
    "baseFriendship": 50,
    "evYield": {
        "hp": 0,
        "attack": 0,
        "defence": 0,
        "special_attack": 0,
        "special_defence": 1,
        "speed": 0
    },
    "height": 1,
    "weight": 1
}