{
  "implemented": true,
  "name": "Sylveon",
  "nationalPokedexNumber": 700,
  "primaryType": "fairy",
  "abilities": [
    "cutecharm",
    "h:pixilate"
  ],
  "drops": {
    "amount": 2,
    "entries": [
      {
        "item": "cobblemon:shiny_stone",
        "percentage": 25.0
      },
      {
        "item": "cobblemon:fairy_feather",
        "percentage": 10.0
      }
    ]
  },
  "baseStats": {
    "hp": 95,
    "attack": 65,
    "defence": 65,
    "special_attack": 110,
    "special_defence": 130,
    "speed": 60
  },
  "catchRate": 45,
  "maleRatio": 0.875,
  "shoulderMountable": false,
  "baseExperienceYield": 184,
  "experienceGroup": "medium_fast",
  "eggCycles": 35,
  "eggGroups": [
    "field"
  ],
  "moves": [
    "1:batonpass",
    "1:bite",
    "1:charm",
    "1:copycat",
    "1:covet",
    "1:disarmingvoice",
    "1:doubleedge",
    "1:fairywind",
    "1:growl",
    "1:helpinghand",
    "1:tackle",
    "1:tailwhip",
    "1:takedown",
    "5:sandattack",
    "10:quickattack",
    "15:babydolleyes",
    "20:swift",
    "25:lightscreen",
    "30:drainingkiss",
    "35:mistyterrain",
    "40:skillswap",
    "45:psychup",
    "50:moonblast",
    "55:lastresort",
    "tm:alluringvoice",
    "tm:attract",
    "tm:batonpass",
    "tm:bodyslam",
    "tm:calmmind",
    "tm:charm",
    "tm:confide",
    "tm:curse",
    "tm:cut",
    "tm:dazzlinggleam",
    "tm:dig",
    "tm:disarmingvoice",
    "tm:doubleedge",
    "tm:doubleteam",
    "tm:drainingkiss",
    "tm:echoedvoice",
    "tm:endure",
    "tm:facade",
    "tm:faketears",
    "tm:flash",
    "tm:focusenergy",
    "tm:frustration",
    "tm:gigaimpact",
    "tm:helpinghand",
    "tm:hiddenpower",
    "tm:hyperbeam",
    "tm:hypervoice",
    "tm:irontail",
    "tm:lightscreen",
    "tm:magicalleaf",
    "tm:mistyexplosion",
    "tm:mistyterrain",
    "tm:mudslap",
    "tm:mysticalfire",
    "tm:payday",
    "tm:playrough",
    "tm:protect",
    "tm:psychic",
    "tm:psychup",
    "tm:psyshock",
    "tm:raindance",
    "tm:reflect",
    "tm:rest",
    "tm:retaliate",
    "tm:return",
    "tm:roar",
    "tm:round",
    "tm:safeguard",
    "tm:secretpower",
    "tm:shadowball",
    "tm:skillswap",
    "tm:sleeptalk",
    "tm:snore",
    "tm:storedpower",
    "tm:substitute",
    "tm:sunnyday",
    "tm:swagger",
    "tm:swift",
    "tm:takedown",
    "tm:terablast",
    "tm:toxic",
    "tm:trailblaze",
    "tm:weatherball",
    "tm:workup",
    "tutor:babydolleyes",
    "tutor:calmmind",
    "tutor:celebrate",
    "tutor:covet",
    "tutor:disarmingvoice",
    "tutor:drainingkiss",
    "tutor:fairywind",
    "tutor:healbell",
    "tutor:helpinghand",
    "tutor:hyperbeam",
    "tutor:hypervoice",
    "tutor:irontail",
    "tutor:laserfocus",
    "tutor:lastresort",
    "tutor:magiccoat",
    "tutor:mistyexplosion",
    "tutor:psyshock",
    "tutor:quickattack",
    "tutor:sandattack",
    "tutor:skillswap",
    "tutor:snore",
    "tutor:telekinesis"
  ],
  "labels": [
    "gen6"
  ],
  "pokedex": [
    "cobblemon.species.sylveon.desc"
  ],
  "preEvolution": "eevee",
  "evolutions": [],
  "baseScale": 0.8,
  "hitbox": {
    "width": 0.9,
    "height": 1.2,
    "fixed": false
  },
   "evolutions": [
{
      "id": "sylveon_sylveonz",
      "variant": "level_up",
      "result": "sylveonz",
      "consumeHeldItem": false,
      "requirements": [
        {
          "variant": "held_item",
          "itemCondition": "minecraft:pink_dye"
        },
        {
          "variant": "level",
          "minLevel": 1
        }
      ]
    }
    ],
  "baseFriendship": 50,
  "evYield": {
    "hp": 0,
    "attack": 0,
    "defence": 0,
    "special_attack": 0,
    "special_defence": 2,
    "speed": 0
  },
  "height": 10,
  "weight": 235,
  "aspects": [],
  "cannotDynamax": false
}
