{
  "name": "turpinch",
  "nationalPokedexNumber": 328,
  "primaryType": "ground",
  "secondaryType": "grass",
  "abilities": [
    "hypercutter",
    "arenatrap",
    "h:sheerforce"
  ],
  "baseStats": {
    "hp": 95,
    "attack": 109,
    "defence": 105,
    "special_attack": 75,
    "special_defence": 85,
    "speed": 56
  },
  "catchRate": 255,
  "maleRatio": 0.5,
  "shoulderMountable": false,
  "baseExperienceYield": 58,
  "experienceGroup": "medium_slow",
  "eggCycles": 20,
  "eggGroups": [
    "bug",
    "dragon"
  ],
  "moves": [
    "1:absorb",
    "1:earthquake",
    "4:razorleaf",
    "9:sandattack",
    "13:withdraw",
    "17:woodhammer",
    "17:curse",
    "21:bite",
    "25:megadrain",
    "25:leechseed",
    "33:synthesis",
    "39:dig",
    "45:gigadrain",
    "50:hyperbeam",
    "57:leafstorm",
    "67:superpower",
    "73:earthquake",
    "81:feint",
    "89:fissure",
    "egg:bugbite",
    "egg:earthpower",
    "egg:endure",
    "egg:feint",
    "egg:firstimpression",
    "egg:flail",
    "egg:focusenergy",
    "egg:furycutter",
    "egg:gust",
    "egg:mudshot",
    "egg:quickattack",
    "egg:signalbeam",
    "tm:attract",
    "tm:bodyslam",
    "tm:bulldoze",
    "tm:captivate",
    "tm:confide",
    "tm:crunch",
    "tm:dig",
    "tm:doubleteam",
    "tm:earthpower",
    "tm:earthquake",
    "tm:endure",
    "tm:facade",
    "tm:focusenergy",
    "tm:frustration",
    "tm:gigadrain",
    "tm:hiddenpower",
    "tm:hyperbeam",
    "tm:mudshot",
    "tm:naturalgift",
    "tm:protect",
    "tm:rest",
    "tm:return",
    "tm:rockslide",
    "tm:rocksmash",
    "tm:rocktomb",
    "tm:round",
    "tm:sandstorm",
    "tm:sandtomb",
    "tm:secretpower",
    "tm:sleeptalk",
    "tm:snore",
    "tm:solarbeam",
    "tm:strength",
    "tm:strugglebug",
    "tm:substitute",
    "tm:sunnyday",
    "tm:superpower",
    "tm:swagger",
    "tm:toxic",
    "tutor:bite",
    "tutor:bodyslam",
    "tutor:bugbite",
    "tutor:doubleedge",
    "tutor:earthpower",
    "tutor:endure",
    "tutor:furycutter",
    "tutor:gigadrain",
    "tutor:headbutt",
    "tutor:mimic",
    "tutor:mudslap",
    "tutor:rockslide",
    "tutor:scorchingsands",
    "tutor:signalbeam",
    "tutor:sleeptalk",
    "tutor:snore",
    "tutor:substitute",
    "tutor:superpower",
    "tutor:swagger"
  ],
  "labels": [
    "gen7"
  ],
  "pokedex": [
    "cobblemon.species.turpinch.desc"
  ],
  "preEvolution": "trapinch",
  "evolutions": [],
  "baseScale": 0.6,
  "hitbox": {
    "width": 0.7,
    "height": 1,
    "fixed": false
  },
  "baseFriendship": 50,
  "evYield": {
    "hp": 0,
    "attack": 1,
    "defence": 0,
    "special_attack": 0,
    "special_defence": 0,
    "speed": 0
  },
  "height": 7,
  "weight": 150,
  "features": [ "bandana" ],
  "aspects": [],
  "cannotDynamax": false
}