{
	"format_version": "1.12.0",
	"minecraft:geometry": [
		{
			"description": {
				"identifier": "geometry.druddigon",
				"texture_width": 128,
				"texture_height": 128,
				"visible_bounds_width": 5,
				"visible_bounds_height": 4.5,
				"visible_bounds_offset": [0, 1.75, 0]
			},
			"bones": [
				{
					"name": "druddigon",
					"pivot": [0, 0, 0]
				},
				{
					"name": "body",
					"parent": "druddigon",
					"pivot": [0, 0, 0]
				},
				{
					"name": "torso",
					"parent": "body",
					"pivot": [0, 10.5, 3.75],
					"rotation": [20, 0, 0],
					"cubes": [
						{"origin": [-4.475, 7.82473, 1.57247], "size": [9, 10, 10], "uv": [0, 0]},
						{"origin": [-1.5, 10.57473, 9.99747], "size": [3, 3, 2], "pivot": [0, 12.07473, 10.99747], "rotation": [0, 0, -45], "uv": [66, 80]},
						{"origin": [-3.75, 13.82473, 9.99747], "size": [3, 3, 2], "pivot": [-2.25, 15.32473, 10.99747], "rotation": [0, 0, -45], "uv": [14, 91]},
						{"origin": [0.75, 13.82473, 9.99747], "size": [3, 3, 2], "pivot": [2.25, 15.32473, 10.99747], "rotation": [0, 0, -45], "uv": [64, 91]},
						{"origin": [-2.475, 12.40774, 0.21445], "size": [5, 3, 3], "inflate": 0.3, "pivot": [0.025, 13.90774, 1.71445], "rotation": [47.5, 0, 0], "uv": [0, 81]},
						{"origin": [-2.475, 9.65774, -0.08555], "size": [5, 3, 3], "inflate": 0.025, "pivot": [0.025, 11.15774, 1.41445], "rotation": [60, 0, 0], "uv": [16, 85]},
						{"origin": [-2.45, 7.75774, 0.11445], "size": [5, 3, 3], "inflate": -0.2, "pivot": [0.05, 9.25774, 1.61445], "rotation": [85, 0, 0], "uv": [66, 85]},
						{"origin": [-2.475, 15.32136, 1.19254], "size": [5, 3, 3], "inflate": 0.5, "pivot": [0.025, 16.82136, 2.69254], "rotation": [32.5, 0, 0], "uv": [50, 80]}
					]
				},
				{
					"name": "torso_upper",
					"parent": "torso",
					"pivot": [-0.25, 17.47473, 9.99747],
					"rotation": [7.5, 0, 0],
					"cubes": [
						{"origin": [-2.45, 19.22136, 1.36754], "size": [5, 3, 3], "inflate": 0.25, "pivot": [0.05, 20.72136, 2.86754], "rotation": [32.5, 0, 0], "uv": [50, 80]},
						{"origin": [-3.45, 16.1676, 3.17948], "size": [7, 9, 7], "inflate": 0.1, "uv": [38, 0]},
						{"origin": [-2.4, 21.74089, 1.61362], "size": [5, 3, 3], "inflate": -0.1, "pivot": [0.1, 23.24089, 3.11362], "rotation": [32.5, 0, 0], "uv": [76, 79]}
					]
				},
				{
					"name": "bone4",
					"parent": "torso_upper",
					"pivot": [0.075, 24.3676, 9.47852],
					"rotation": [-37.5, 0, 0],
					"cubes": [
						{"origin": [-3.425, 20.59225, 2.17618], "size": [7, 7, 7], "inflate": -0.4, "pivot": [0.575, 24.59225, 5.17618], "rotation": [-30, 0, 0], "uv": [24, 47]},
						{"origin": [-1.9, 20.4381, 3.12503], "size": [4, 3, 3], "inflate": 0.1, "pivot": [0.1, 21.9381, 4.62503], "rotation": [-5, 0, 0], "uv": [0, 87]}
					]
				},
				{
					"name": "head",
					"parent": "bone4",
					"pivot": [-0.41667, 25.07558, 3.42618],
					"rotation": [12.5, 0, 0],
					"cubes": [
						{"origin": [-3.41667, 23.74225, -0.96549], "size": [7, 3, 3], "uv": [67, 1]},
						{"origin": [-3.41667, 26.74225, -1.99049], "size": [7, 3, 5], "uv": [0, 65]},
						{"origin": [-3.41667, 23.22903, 0.81717], "size": [7, 7, 4], "inflate": -0.01, "pivot": [0.08333, 26.72903, 0.71909], "rotation": [-35, 0, 0], "uv": [56, 61]},
						{"origin": [3.55833, 28.99225, 0.00951], "size": [0, 3, 3], "pivot": [3.55833, 30.49225, 1.50951], "rotation": [-17.5, 0, 0], "uv": [94, 21]},
						{"origin": [-3.39167, 28.99225, 0.00951], "size": [0, 3, 3], "pivot": [-3.39167, 30.49225, 1.50951], "rotation": [-17.5, 0, 0], "uv": [94, 66]},
						{"origin": [3.08333, 29.74225, -4.99049], "size": [0, 2, 3], "uv": [96, 47]},
						{"origin": [2.08333, 29.74225, -6.99049], "size": [0, 1, 2], "uv": [10, 93]},
						{"origin": [1.08333, 29.74225, -6.99049], "size": [1, 1, 0], "uv": [24, 46]},
						{"origin": [-2.91667, 29.74225, -4.99049], "size": [0, 2, 3], "uv": [50, 96]},
						{"origin": [-1.91667, 29.74225, -6.99049], "size": [0, 1, 2], "uv": [92, 99]},
						{"origin": [-1.91667, 29.74225, -6.99049], "size": [1, 1, 0], "uv": [26, 46]},
						{"origin": [-2.91667, 26.74225, -5.99049], "size": [6, 3, 4], "uv": [76, 72]},
						{"origin": [3.05833, 25.69225, -4.24049], "size": [0, 2, 2], "pivot": [3.05833, 27.19225, -3.74049], "rotation": [45, 0, 0], "uv": [20, 73]},
						{"origin": [-1.86667, 26.34225, -6.48338], "size": [0, 2, 2], "pivot": [-1.86667, 27.34225, -5.48338], "rotation": [46.47331, -19.68349, 3.61646], "uv": [16, 81]},
						{"origin": [2.03333, 26.34225, -6.50838], "size": [0, 2, 2], "pivot": [2.03333, 27.34225, -5.50838], "rotation": [46.47326, 19.68349, -3.61646], "uv": [60, 92]},
						{"origin": [-2.89167, 25.69225, -4.24049], "size": [0, 2, 2], "pivot": [-2.89167, 27.19225, -3.74049], "rotation": [45, 0, 0], "uv": [6, 97]},
						{"origin": [-1.91667, 26.74225, -6.99049], "size": [4, 3, 1], "uv": [50, 92]},
						{"origin": [3.40833, 24.70058, 3.85118], "size": [0, 2, 2], "pivot": [3.40833, 25.70058, 4.85118], "rotation": [6.67752, 14.52675, -13.05005], "uv": [44, 98]},
						{"origin": [3.40833, 23.17558, 3.22618], "size": [0, 2, 2], "pivot": [3.40833, 24.17558, 4.22618], "rotation": [6.67752, 14.52675, -13.05005], "uv": [74, 99]},
						{"origin": [-2.82509, 27.309, 4.82618], "size": [2, 0, 2], "pivot": [-1.82509, 27.309, 5.82618], "rotation": [12.39449, 43.41895, 7.79082], "uv": [96, 76]},
						{"origin": [0.84991, 27.309, 4.82618], "size": [2, 0, 2], "pivot": [1.84991, 27.309, 5.82618], "rotation": [9.89449, 43.41895, 7.79082], "uv": [96, 85]},
						{"origin": [-1.12509, 27.384, 5.42618], "size": [2, 0, 2], "pivot": [-0.12509, 27.384, 6.42618], "rotation": [9.89449, 43.41895, 7.79082], "uv": [96, 87]},
						{"origin": [-3.15833, 23.07558, 3.25118], "size": [0, 2, 2], "pivot": [-3.15833, 24.07558, 4.25118], "rotation": [10.10619, -11.14726, 5.64077], "uv": [96, 98]},
						{"origin": [-3.15833, 22.20058, 2.17618], "size": [0, 2, 2], "pivot": [-3.15833, 23.20058, 3.17618], "rotation": [10.10619, -11.14726, 5.64077], "uv": [88, 99]},
						{"origin": [-3.15833, 24.70058, 3.92618], "size": [0, 2, 2], "pivot": [-3.15833, 25.70058, 4.92618], "rotation": [6.67752, -14.52675, 13.05005], "uv": [84, 98]},
						{"origin": [3.40833, 22.20058, 2.10118], "size": [0, 2, 2], "pivot": [3.40833, 23.20058, 3.10118], "rotation": [10.10619, 11.14726, -5.64077], "uv": [80, 98]},
						{"origin": [-3.04167, 22.12558, 0.92618], "size": [2, 0, 2], "pivot": [-2.04167, 22.12558, 1.92618], "rotation": [-92.50477, 4.32875, 59.90532], "uv": [74, 14]},
						{"origin": [-0.91667, 21.50058, 0.92618], "size": [2, 0, 2], "pivot": [0.08333, 21.50058, 1.92618], "rotation": [-93.69066, 3.37562, 42.39121], "uv": [86, 41]},
						{"origin": [1.20833, 22.15058, 0.92618], "size": [2, 0, 2], "pivot": [2.20833, 22.15058, 1.92618], "rotation": [-94.33287, 2.49762, 29.9055], "uv": [92, 83]}
					]
				},
				{
					"name": "bone40",
					"parent": "head",
					"pivot": [-1.99167, 27.74225, -4.99049],
					"cubes": [
						{"origin": [-2.94167, 27.21725, -4.99049], "size": [0, 2, 3], "pivot": [-2.94167, 28.21725, -2.99049], "rotation": [12.5, 0, 0], "uv": [56, 96]}
					]
				},
				{
					"name": "bone42",
					"parent": "bone40",
					"pivot": [-2.01667, 27.74225, -4.99049],
					"cubes": [
						{"origin": [-1.96667, 27.21725, -4.99049], "size": [1, 2, 3], "pivot": [-1.96667, 28.21725, -2.99049], "rotation": [12.5, 0, 0], "uv": [62, 96]}
					]
				},
				{
					"name": "bone2",
					"parent": "head",
					"pivot": [4.08333, 27.74225, -4.99049],
					"cubes": [
						{"origin": [3.13333, 27.21725, -4.99049], "size": [0, 2, 3], "pivot": [3.13333, 28.21725, -2.99049], "rotation": [12.5, 0, 0], "uv": [96, 52]}
					]
				},
				{
					"name": "bone41",
					"parent": "bone2",
					"pivot": [5.10833, 27.74225, -4.99049],
					"cubes": [
						{"origin": [1.15833, 27.21725, -4.99049], "size": [1, 2, 3], "pivot": [2.15833, 28.21725, -2.99049], "rotation": [12.5, 0, 0], "uv": [95, 57]}
					]
				},
				{
					"name": "jaw",
					"parent": "head",
					"pivot": [-0.5, 25.74225, -0.57382],
					"cubes": [
						{"origin": [-2.91667, 23.74296, -6.0232], "size": [6, 2, 5], "uv": [66, 7]},
						{"origin": [3.03333, 24.51529, -5.3161], "size": [0, 2, 2], "pivot": [3.03333, 25.51529, -4.3161], "rotation": [44.86759, 1.29876, 7.38733], "uv": [28, 97]},
						{"origin": [-2.86667, 24.51529, -5.3161], "size": [0, 2, 2], "pivot": [-2.86667, 25.51529, -4.3161], "rotation": [44.86759, -1.29876, -7.38733], "uv": [32, 97]},
						{"origin": [3.03333, 22.76796, -5.5232], "size": [0, 2, 2], "pivot": [3.03333, 24.26796, -5.0232], "rotation": [45, 0, 0], "uv": [36, 97]},
						{"origin": [-2.86667, 22.76796, -5.5232], "size": [0, 2, 2], "pivot": [-2.86667, 24.26796, -5.0232], "rotation": [45, 0, 0], "uv": [40, 97]},
						{"origin": [-1.91667, 23.74296, -7.0232], "size": [4, 2, 1], "uv": [94, 18]},
						{"origin": [-0.41667, 24.74296, -7.0732], "size": [2, 2, 0], "pivot": [0.08333, 26.24296, -7.0732], "rotation": [7.10708, -7.05302, 44.56145], "uv": [20, 77]},
						{"origin": [2.65833, 23.49225, -2.66549], "size": [1, 4, 2], "inflate": 0.01, "pivot": [-0.34167, 24.99225, -1.16549], "rotation": [-27.5, 0, 0], "uv": [16, 96]},
						{"origin": [-3.49167, 23.49225, -2.66549], "size": [1, 4, 2], "inflate": 0.01, "pivot": [-6.49167, 24.99225, -1.16549], "rotation": [-27.5, 0, 0], "uv": [96, 41]}
					]
				},
				{
					"name": "bone21",
					"parent": "bone4",
					"pivot": [-2.1, 22.94262, 8.88335],
					"rotation": [27.5, 0, 0],
					"cubes": [
						{"origin": [-2.175, 21.63102, 8.34177], "size": [0, 9, 4], "uv": [82, 85], "mirror": true}
					]
				},
				{
					"name": "bone22",
					"parent": "bone21",
					"pivot": [-2.175, 23.63102, 12.34177],
					"cubes": [
						{"origin": [-2.175, 17.63102, 12.34177], "size": [0, 15, 12], "uv": [36, 20], "mirror": true}
					]
				},
				{
					"name": "bone23",
					"parent": "bone22",
					"pivot": [-2.175, 23.63102, 24.34177],
					"cubes": [
						{"origin": [-2.175, 19.63102, 24.34177], "size": [0, 10, 8], "uv": [24, 61], "mirror": true}
					]
				},
				{
					"name": "bone18",
					"parent": "bone4",
					"pivot": [2.4, 22.94262, 8.88335],
					"rotation": [27.5, 0, 0],
					"cubes": [
						{"origin": [2.325, 21.63102, 8.34177], "size": [0, 9, 4], "uv": [82, 85]}
					]
				},
				{
					"name": "bone19",
					"parent": "bone18",
					"pivot": [2.325, 23.63102, 12.34177],
					"cubes": [
						{"origin": [2.325, 17.63102, 12.34177], "size": [0, 15, 12], "uv": [36, 20]}
					]
				},
				{
					"name": "bone20",
					"parent": "bone19",
					"pivot": [2.325, 23.63102, 24.34177],
					"cubes": [
						{"origin": [2.325, 19.63102, 24.34177], "size": [0, 10, 8], "uv": [24, 61]}
					]
				},
				{
					"name": "arm_right",
					"parent": "torso_upper",
					"pivot": [-2.75, 23.1953, 6.37524],
					"rotation": [0.21181, -2.53774, -19.95725],
					"cubes": [
						{"origin": [-5.75, 22.4453, 4.87524], "size": [4, 3, 3], "inflate": 0.075, "uv": [86, 27], "mirror": true},
						{"origin": [-5, 25.4453, 6.37524], "size": [3, 4, 0], "uv": [68, 96]},
						{"origin": [-11.75, 22.9453, 5.37524], "size": [6, 2, 2], "inflate": 0.075, "uv": [38, 16], "mirror": true}
					]
				},
				{
					"name": "bone24",
					"parent": "arm_right",
					"pivot": [-11.5, 23.8703, 7.20024],
					"rotation": [0, 2.5, 0],
					"cubes": [
						{"origin": [-17.25859, 21.9453, 4.1687], "size": [6, 4, 4], "uv": [56, 72], "mirror": true},
						{"origin": [-18.00859, 24.9453, 6.1687], "size": [3, 4, 0], "uv": [96, 72]},
						{"origin": [-14.25859, 24.9453, 6.1687], "size": [2, 3, 0], "uv": [100, 3]},
						{"origin": [-20.75859, 24.9453, 6.1687], "size": [2, 3, 0], "uv": [100, 6]},
						{"origin": [-21.98359, 22.4453, 4.6687], "size": [5, 3, 3], "inflate": -0.175, "uv": [78, 66], "mirror": true}
					]
				},
				{
					"name": "bone32",
					"parent": "bone24",
					"pivot": [-21.53359, 25.0453, 6.1687],
					"cubes": [
						{"origin": [-24.48359, 22.4453, 4.6687], "size": [3, 3, 3], "uv": [88, 0]}
					]
				},
				{
					"name": "bone33",
					"parent": "bone32",
					"pivot": [-23.23359, 24.4453, 5.4187],
					"rotation": [0, -50, 0],
					"cubes": [
						{"origin": [-26.23359, 22.9453, 4.1687], "size": [3, 2, 2], "uv": [32, 93]}
					]
				},
				{
					"name": "bone34",
					"parent": "bone33",
					"pivot": [-25.73359, 24.4453, 5.4187],
					"cubes": [
						{"origin": [-28.73359, 22.9453, 5.1687], "size": [3, 2, 0], "uv": [98, 35]}
					]
				},
				{
					"name": "bone35",
					"parent": "bone32",
					"pivot": [-22.73359, 24.4453, 7.1687],
					"rotation": [0, 50, 0],
					"cubes": [
						{"origin": [-25.73359, 22.9453, 5.9187], "size": [3, 2, 2], "uv": [94, 14]}
					]
				},
				{
					"name": "bone36",
					"parent": "bone35",
					"pivot": [-25.23359, 24.4453, 7.1687],
					"cubes": [
						{"origin": [-28.23359, 22.9453, 6.9187], "size": [3, 2, 0], "uv": [98, 37]}
					]
				},
				{
					"name": "bone37",
					"parent": "bone32",
					"pivot": [-24.48359, 24.4453, 6.4187],
					"cubes": [
						{"origin": [-27.48359, 22.9453, 5.1687], "size": [4, 2, 2], "uv": [88, 10]}
					]
				},
				{
					"name": "bone38",
					"parent": "bone37",
					"pivot": [-26.98359, 24.1953, 6.1687],
					"cubes": [
						{"origin": [-29.98359, 22.9453, 6.1687], "size": [3, 2, 0], "uv": [98, 39]}
					]
				},
				{
					"name": "arm_left",
					"parent": "torso_upper",
					"pivot": [2.75, 23.1953, 6.37524],
					"rotation": [0.21181, 2.53774, 19.95725],
					"cubes": [
						{"origin": [1.75, 22.4453, 4.87524], "size": [4, 3, 3], "inflate": 0.075, "uv": [86, 27]},
						{"origin": [2, 25.4453, 6.37524], "size": [3, 4, 0], "uv": [54, 16]},
						{"origin": [5.75, 22.9453, 5.37524], "size": [6, 2, 2], "inflate": 0.075, "uv": [38, 16]}
					]
				},
				{
					"name": "bone25",
					"parent": "arm_left",
					"pivot": [11.5, 23.8703, 7.20024],
					"rotation": [0, -2.5, 0],
					"cubes": [
						{"origin": [11.25859, 21.9453, 4.1687], "size": [6, 4, 4], "uv": [56, 72]},
						{"origin": [15.00859, 24.9453, 6.1687], "size": [3, 4, 0], "uv": [96, 72], "mirror": true},
						{"origin": [12.25859, 24.9453, 6.1687], "size": [2, 3, 0], "uv": [100, 3], "mirror": true},
						{"origin": [18.75859, 24.9453, 6.1687], "size": [2, 3, 0], "uv": [100, 6], "mirror": true},
						{"origin": [16.98359, 22.4453, 4.6687], "size": [5, 3, 3], "inflate": -0.175, "uv": [78, 66]}
					]
				},
				{
					"name": "bone26",
					"parent": "bone25",
					"pivot": [21.53359, 25.0453, 6.1687],
					"cubes": [
						{"origin": [21.48359, 22.4453, 4.6687], "size": [3, 3, 3], "uv": [88, 0], "mirror": true}
					]
				},
				{
					"name": "bone29",
					"parent": "bone26",
					"pivot": [23.23359, 24.4453, 5.4187],
					"rotation": [0, 50, 0],
					"cubes": [
						{"origin": [23.23359, 22.9453, 4.1687], "size": [3, 2, 2], "uv": [0, 93]}
					]
				},
				{
					"name": "bone31",
					"parent": "bone29",
					"pivot": [25.73359, 24.4453, 5.4187],
					"cubes": [
						{"origin": [25.73359, 22.9453, 5.1687], "size": [3, 2, 0], "uv": [98, 33]}
					]
				},
				{
					"name": "bone28",
					"parent": "bone26",
					"pivot": [22.73359, 24.4453, 7.1687],
					"rotation": [0, -50, 0],
					"cubes": [
						{"origin": [22.73359, 22.9453, 5.9187], "size": [3, 2, 2], "uv": [92, 79]}
					]
				},
				{
					"name": "bone8",
					"parent": "bone28",
					"pivot": [25.23359, 24.4453, 7.1687],
					"cubes": [
						{"origin": [25.23359, 22.9453, 6.9187], "size": [3, 2, 0], "uv": [74, 97]}
					]
				},
				{
					"name": "bone27",
					"parent": "bone26",
					"pivot": [24.48359, 24.4453, 6.4187],
					"cubes": [
						{"origin": [23.48359, 22.9453, 5.1687], "size": [4, 2, 2], "uv": [88, 6]}
					]
				},
				{
					"name": "bone30",
					"parent": "bone27",
					"pivot": [26.23359, 24.1953, 6.1687],
					"cubes": [
						{"origin": [25.98359, 22.9453, 6.1687], "size": [4, 2, 0], "uv": [66, 14]}
					]
				},
				{
					"name": "tail",
					"parent": "torso",
					"pivot": [0.025, 9.32473, 7.82247],
					"rotation": [-55, 0, 0],
					"cubes": [
						{"origin": [-3.975, 5.01881, 5.49277], "size": [8, 8, 10], "uv": [0, 20]},
						{"origin": [0.025, 8.01881, 13.49277], "size": [0, 8, 3], "uv": [44, 87]}
					]
				},
				{
					"name": "bone3",
					"parent": "tail",
					"pivot": [0.025, 9.01881, 15.49277],
					"rotation": [12.5, 0, 0],
					"cubes": [
						{"origin": [-2.975, 6.01881, 14.74277], "size": [6, 6, 7], "uv": [60, 30]},
						{"origin": [0.025, 8.01881, 18.49277], "size": [0, 8, 3], "pivot": [0.025, 11.51881, 19.99277], "rotation": [-5, 0, 0], "uv": [90, 85]}
					]
				},
				{
					"name": "bone5",
					"parent": "bone3",
					"pivot": [0.025, 9.01881, 20.49277],
					"rotation": [2.5, 0, 0],
					"cubes": [
						{"origin": [-1.975, 7.01881, 20.74277], "size": [4, 4, 5], "uv": [78, 43]},
						{"origin": [0.025, 10.01881, 22.74277], "size": [0, 4, 3], "uv": [10, 96]}
					]
				},
				{
					"name": "bone39",
					"parent": "bone5",
					"pivot": [0.025, 9.01881, 25.49277],
					"rotation": [10, 0, 0],
					"cubes": [
						{"origin": [-0.975, 7.51881, 24.74277], "size": [2, 3, 5], "uv": [36, 79]}
					]
				},
				{
					"name": "leg_right",
					"parent": "body",
					"pivot": [-5.25, 13, 5],
					"rotation": [60, 0, 0],
					"cubes": [
						{"origin": [-7.75, 10, -3], "size": [5, 6, 8], "uv": [60, 16]},
						{"origin": [-8.25, 12, -1], "size": [2, 3, 4], "uv": [0, 43]}
					]
				},
				{
					"name": "bone6",
					"parent": "leg_right",
					"pivot": [-5.25, 11.5, -1.5],
					"rotation": [-47.5, 0, 0],
					"cubes": [
						{"origin": [-6.75, 6, -3], "size": [3, 6, 3], "uv": [104, 0]}
					]
				},
				{
					"name": "bone14",
					"parent": "bone6",
					"pivot": [-5.25, 6.5, -0.5],
					"rotation": [-12.5, 0, 0],
					"cubes": [
						{"origin": [-7.25, 4.7263, -4.71644], "size": [4, 2, 5], "uv": [78, 52], "mirror": true},
						{"origin": [-5.25, 4.7263, -0.71644], "size": [0, 2, 4], "pivot": [-5.25, 5.7263, -0.71644], "rotation": [30, 0, 0], "uv": [74, 91]}
					]
				},
				{
					"name": "bone7",
					"parent": "bone14",
					"pivot": [-4, 5.6763, -4.46644]
				},
				{
					"name": "bone15",
					"parent": "bone7",
					"pivot": [-4, 5.6763, -4.46644],
					"rotation": [0, -22.5, 0],
					"cubes": [
						{"origin": [-4.5, 5.1763, -6.46644], "size": [1, 1, 2], "inflate": 0.425, "uv": [96, 95]},
						{"origin": [-4, 4.7513, -8.71644], "size": [0, 2, 2], "uv": [75, 41]}
					]
				},
				{
					"name": "bone16",
					"parent": "bone7",
					"pivot": [-6.5, 5.6763, -4.46644],
					"rotation": [0, 22.5, 0],
					"cubes": [
						{"origin": [-7, 5.1763, -6.46644], "size": [1, 1, 2], "inflate": 0.425, "uv": [0, 97]},
						{"origin": [-6.5, 4.7013, -8.64144], "size": [0, 2, 2], "uv": [75, 41]}
					]
				},
				{
					"name": "bone17",
					"parent": "bone7",
					"pivot": [-5.25, 5.6763, -4.71644],
					"cubes": [
						{"origin": [-5.75, 5.1763, -6.71644], "size": [1, 1, 2], "inflate": 0.425, "uv": [22, 97]},
						{"origin": [-5.225, 4.7513, -9.11644], "size": [0, 2, 2], "uv": [75, 41]}
					]
				},
				{
					"name": "leg_left",
					"parent": "body",
					"pivot": [5.25, 13, 5],
					"rotation": [60, 0, 0],
					"cubes": [
						{"origin": [2.75, 10, -3], "size": [5, 6, 8], "uv": [60, 16], "mirror": true},
						{"origin": [6.25, 12, -1], "size": [2, 3, 4], "uv": [0, 43]}
					]
				},
				{
					"name": "bone9",
					"parent": "leg_left",
					"pivot": [5.25, 11.5, -1.5],
					"rotation": [-47.5, 0, 0],
					"cubes": [
						{"origin": [3.75, 5.875, -3], "size": [3, 6, 3], "uv": [104, 0], "mirror": true}
					]
				},
				{
					"name": "bone10",
					"parent": "bone9",
					"pivot": [5.25, 6.5, -0.5],
					"rotation": [-12.5, 0, 0],
					"cubes": [
						{"origin": [3.25, 4.7263, -4.71644], "size": [4, 2, 5], "uv": [78, 52]},
						{"origin": [5.25, 4.7263, -0.71644], "size": [0, 2, 4], "pivot": [5.25, 5.7263, -0.71644], "rotation": [30, 0, 0], "uv": [24, 91]}
					]
				},
				{
					"name": "bone43",
					"parent": "bone10",
					"pivot": [4, 5.6763, -4.46644]
				},
				{
					"name": "bone13",
					"parent": "bone43",
					"pivot": [4, 5.6763, -4.46644],
					"rotation": [0, 22.5, 0],
					"cubes": [
						{"origin": [3.5, 5.1763, -6.46644], "size": [1, 1, 2], "inflate": 0.425, "uv": [96, 92]},
						{"origin": [4, 4.7513, -8.71644], "size": [0, 2, 2], "uv": [75, 41]}
					]
				},
				{
					"name": "bone12",
					"parent": "bone43",
					"pivot": [6.5, 5.6763, -4.46644],
					"rotation": [0, -22.5, 0],
					"cubes": [
						{"origin": [6, 5.1763, -6.46644], "size": [1, 1, 2], "inflate": 0.425, "uv": [90, 96]},
						{"origin": [6.5, 4.7513, -8.64144], "size": [0, 2, 2], "uv": [75, 41]}
					]
				},
				{
					"name": "bone11",
					"parent": "bone43",
					"pivot": [5.25, 5.6763, -4.71644],
					"cubes": [
						{"origin": [4.75, 5.1763, -6.71644], "size": [1, 1, 2], "inflate": 0.425, "uv": [96, 89]},
						{"origin": [5.225, 4.7263, -9.11644], "size": [0, 2, 2], "uv": [75, 41]}
					]
				}
			]
		}
	]
}