{
    "enabled": true,
    "neededInstalledMods": [],
    "neededUninstalledMods": [],
    "spawns": [
        {
            "id": "mimikyup-1",
            "pokemon": "mimikyup",
            "type": "pokemon",
            "context": "grounded",
            "bucket": "rare",
            "level": "20-38",
            "weight": 2.0,
            "condition": {
                "canSeeSky": false,
				"biomes": [
                    "#cobblemon:is_spooky"
                ]
            }
        }
    ]
}