{
    "enabled": true,
    "neededInstalledMods": [],
    "neededUninstalledMods": [],
    "spawns": [
        {
            "id": "clefairy-1",
            "pokemon": "clefairy",
            "presets": [
                "natural"
            ],
            "type": "pokemon",
            "context": "grounded",
            "bucket": "common",
            "level": "1-1",
            "weight": 8.0,
            "condition": {
                "biomes": [
                    "solara_dimension:solara"
                ]
            }
        },
        {
            "id": "jigglypuff-1",
            "pokemon": "jigglypuff",
            "presets": [
                "natural"
            ],
            "type": "pokemon",
            "context": "grounded",
            "bucket": "common",
            "level": "1-1",
            "weight": 7.6,
            "condition": {
                "biomes": [
                    "solara_dimension:solara"
                ]
            }
        },
        {
            "id": "marill-1",
            "pokemon": "marill",
            "presets": [
                "natural"
            ],
            "type": "pokemon",
            "context": "grounded",
            "bucket": "common",
            "level": "1-1",
            "weight": 9.0,
            "condition": {
                "biomes": [
                    "solara_dimension:solara"
                ]
            }
        },
        {
            "id": "hoppip-1",
            "pokemon": "hoppip",
            "presets": [
                "natural"
            ],
            "type": "pokemon",
            "context": "grounded",
            "bucket": "common",
            "level": "1-1",
            "weight": 8.2,
            "condition": {
                "biomes": [
                    "solara_dimension:solara"
                ]
            }
        },
        {
            "id": "skiploom-1",
            "pokemon": "skiploom",
            "presets": [
                "natural"
            ],
            "type": "pokemon",
            "context": "grounded",
            "bucket": "common",
            "level": "1-1",
            "weight": 9.0,
            "condition": {
                "biomes": [
                    "solara_dimension:solara"
                ]
            }
        },
        {
            "id": "wooper-1",
            "pokemon": "wooper",
            "presets": [
                "natural"
            ],
            "type": "pokemon",
            "context": "grounded",
            "bucket": "common",
            "level": "1-1",
            "weight": 6.0,
            "condition": {
                "biomes": [
                    "solara_dimension:solara"
                ]
            }
        },
        {
            "id": "rattata-1",
            "pokemon": "rattata",
            "presets": [
                "natural"
            ],
            "type": "pokemon",
            "context": "grounded",
            "bucket": "common",
            "level": "1-1",
            "weight": 9.0,
            "condition": {
                "biomes": [
                    "solara_dimension:solara"
                ]
            }
        },
        {
            "id": "raticate-1",
            "pokemon": "raticate",
            "presets": [
                "natural"
            ],
            "type": "pokemon",
            "context": "grounded",
            "bucket": "common",
            "level": "1-1",
            "weight": 1.8,
            "condition": {
                "biomes": [
                    "solara_dimension:solara"
                ]
            }
        },
        {
            "id": "stantler-1",
            "pokemon": "stantler",
            "presets": [
                "natural"
            ],
            "type": "pokemon",
            "context": "grounded",
            "bucket": "common",
            "level": "1-1",
            "weight": 7.0,
            "condition": {
                "biomes": [
                    "solara_dimension:solara"
                ]
            }
        },
        {
            "id": "fearow-1",
            "pokemon": "fearow",
            "presets": [
                "natural"
            ],
            "type": "pokemon",
            "context": "grounded",
            "bucket": "common",
            "level": "1-1",
            "weight": 9.0,
            "condition": {
                "biomes": [
                    "solara_dimension:solara"
                ]
            }
        },
        {
            "id": "sandshrew-1",
            "pokemon": "sandshrew",
            "presets": [
                "natural"
            ],
            "type": "pokemon",
            "context": "grounded",
            "bucket": "common",
            "level": "1-1",
            "weight": 9.0,
            "condition": {
                "biomes": [
                    "solara_dimension:solara"
                ]
            }
        },
        {
            "id": "sandslash-1",
            "pokemon": "sandslash",
            "presets": [
                "natural"
            ],
            "type": "pokemon",
            "context": "grounded",
            "bucket": "common",
            "level": "1-1",
            "weight": 1.8,
            "condition": {
                "biomes": [
                    "solara_dimension:solara"
                ]
            }
        },
        {
            "id": "cubone-1",
            "pokemon": "cubone",
            "presets": [
                "natural"
            ],
            "type": "pokemon",
            "context": "grounded",
            "bucket": "common",
            "level": "1-1",
            "weight": 7.0,
            "condition": {
                "biomes": [
                    "solara_dimension:solara"
                ]
            }
        },
        {
            "id": "marowak-1",
            "pokemon": "marowak",
            "presets": [
                "natural"
            ],
            "type": "pokemon",
            "context": "grounded",
            "bucket": "common",
            "level": "1-1",
            "weight": 1.8,
            "condition": {
                "biomes": [
                    "solara_dimension:solara"
                ]
            }
        },
        {
            "id": "geodude-1",
            "pokemon": "geodude",
            "presets": [
                "natural"
            ],
            "type": "pokemon",
            "context": "grounded",
            "bucket": "common",
            "level": "1-1",
            "weight": 7.0,
            "condition": {
                "biomes": [
                    "solara_dimension:solara"
                ]
            }
        },
        {
            "id": "graveler-1",
            "pokemon": "graveler",
            "presets": [
                "natural"
            ],
            "type": "pokemon",
            "context": "grounded",
            "bucket": "common",
            "level": "1-1",
            "weight": 1.8,
            "condition": {
                "biomes": [
                    "solara_dimension:solara"
                ]
            }
        },
        {
            "id": "magnemite-1",
            "pokemon": "magnemite",
            "presets": [
                "natural"
            ],
            "type": "pokemon",
            "context": "grounded",
            "bucket": "common",
            "level": "1-1",
            "weight": 8.0,
            "condition": {
                "biomes": [
                    "solara_dimension:solara"
                ]
            }
        },
        {
            "id": "magneton-1",
            "pokemon": "magneton",
            "presets": [
                "natural"
            ],
            "type": "pokemon",
            "context": "grounded",
            "bucket": "common",
            "level": "1-1",
            "weight": 1.8,
            "condition": {
                "biomes": [
                    "solara_dimension:solara"
                ]
            }
        },
        {
            "id": "pidgey-1",
            "pokemon": "pidgey",
            "presets": [
                "natural"
            ],
            "type": "pokemon",
            "context": "grounded",
            "bucket": "common",
            "level": "1-1",
            "weight": 10.0,
            "condition": {
                "biomes": [
                    "solara_dimension:solara"
                ]
            }
        },
        {
            "id": "bellsprout-1",
            "pokemon": "bellsprout",
            "presets": [
                "natural"
            ],
            "type": "pokemon",
            "context": "grounded",
            "bucket": "common",
            "level": "1-1",
            "weight": 8.4,
            "condition": {
                "biomes": [
                    "solara_dimension:solara"
                ]
            }
        },
        {
            "id": "gastly-1",
            "pokemon": "gastly",
            "presets": [
                "natural"
            ],
            "type": "pokemon",
            "context": "grounded",
            "bucket": "common",
            "level": "1-1",
            "weight": 6.0,
            "condition": {
                "timeRange": "night",
                "biomes": [
                    "solara_dimension:solara"
                ]
            }
        },
        {
            "id": "haunter-1",
            "pokemon": "1.8",
            "presets": [
                "natural"
            ],
            "type": "pokemon",
            "context": "grounded",
            "bucket": "common",
            "level": "1-1",
            "weight": 1.4,
            "condition": {
                "timeRange": "night",
                "biomes": [
                    "solara_dimension:solara"
                ]
            }
        },
        {
            "id": "misdreavus-1",
            "pokemon": "misdreavus",
            "presets": [
                "natural"
            ],
            "type": "pokemon",
            "context": "grounded",
            "bucket": "common",
            "level": "1-1",
            "weight": 6.0,
            "condition": {
                "timeRange": "night",
                "biomes": [
                    "solara_dimension:solara"
                ]
            }
        },
        {
            "id": "jigglypuff-1",
            "pokemon": "jigglypuff",
            "presets": [
                "natural"
            ],
            "type": "pokemon",
            "context": "grounded",
            "bucket": "common",
            "level": "1-1",
            "weight": 7.0,
            "condition": {
                "biomes": [
                    "solara_dimension:solara"
                ]
            }
        },
        {
            "id": "paras-1",
            "pokemon": "paras",
            "presets": [
                "natural"
            ],
            "type": "pokemon",
            "context": "grounded",
            "bucket": "common",
            "level": "1-1",
            "weight": 10.0,
            "condition": {
                "biomes": [
                    "solara_dimension:solara"
                ]
            }
        },
        {
            "id": "drowzee-1",
            "pokemon": "drowzee",
            "presets": [
                "natural"
            ],
            "type": "pokemon",
            "context": "grounded",
            "bucket": "common",
            "level": "1-1",
            "weight": 8.0,
            "condition": {
                "timeRange": "night",
                "biomes": [
                    "solara_dimension:solara"
                ]
            }
        },
        {
            "id": "hypno-1",
            "pokemon": "hypno",
            "presets": [
                "natural"
            ],
            "type": "pokemon",
            "context": "grounded",
            "bucket": "common",
            "level": "1-1",
            "weight": 1.6,
            "condition": {
                "timeRange": "night",
                "biomes": [
                    "solara_dimension:solara"
                ]
            }
        },
        {
            "id": "sentret-1",
            "pokemon": "sentret",
            "presets": [
                "natural"
            ],
            "type": "pokemon",
            "context": "grounded",
            "bucket": "common",
            "level": "1-1",
            "weight": 8.0,
            "condition": {
                "biomes": [
                    "solara_dimension:solara"
                ]
            }
        },
        {
            "id": "murkrow-1",
            "pokemon": "murkrow",
            "presets": [
                "natural"
            ],
            "type": "pokemon",
            "context": "grounded",
            "bucket": "common",
            "level": "1-1",
            "weight": 9.0,
            "condition": {
                "timeRange": "night",
                "biomes": [
                    "solara_dimension:solara"
                ]
            }
        },
        {
            "id": "ekans-1",
            "pokemon": "ekans",
            "presets": [
                "natural"
            ],
            "type": "pokemon",
            "context": "grounded",
            "bucket": "common",
            "level": "1-1",
            "weight": 9.0,
            "condition": {
                "biomes": [
                    "solara_dimension:solara"
                ]
            }
        },
        {
            "id": "arbok-1",
            "pokemon": "arbok",
            "presets": [
                "natural"
            ],
            "type": "pokemon",
            "context": "grounded",
            "bucket": "common",
            "level": "1-1",
            "weight": 1.8,
            "condition": {
                "biomes": [
                    "solara_dimension:solara"
                ]
            }
        },
        {
            "id": "oddish-1",
            "pokemon": "oddish",
            "presets": [
                "natural"
            ],
            "type": "pokemon",
            "context": "grounded",
            "bucket": "common",
            "level": "1-1",
            "weight": 9.0,
            "condition": {
                "biomes": [
                    "solara_dimension:solara"
                ]
            }
        },
        {
            "id": "gloom-1",
            "pokemon": "gloom",
            "presets": [
                "natural"
            ],
            "type": "pokemon",
            "context": "grounded",
            "bucket": "common",
            "level": "1-1",
            "weight": 1.6,
            "condition": {
                "biomes": [
                    "solara_dimension:solara"
                ]
            }
        },
        {
            "id": "grimer-1",
            "pokemon": "grimer",
            "presets": [
                "natural"
            ],
            "type": "pokemon",
            "context": "grounded",
            "bucket": "common",
            "level": "1-1",
            "weight": 8.0,
            "condition": {
                "biomes": [
                    "solara_dimension:solara"
                ]
            }
        },
        {
            "id": "koffing-1",
            "pokemon": "koffing",
            "presets": [
                "natural"
            ],
            "type": "pokemon",
            "context": "grounded",
            "bucket": "common",
            "level": "1-1",
            "weight": 8.0,
            "condition": {
                "timeRange": "night",
                "biomes": [
                    "solara_dimension:solara"
                ]
            }
        },
        {
            "id": "weezing-1",
            "pokemon": "weezing",
            "presets": [
                "natural"
            ],
            "type": "pokemon",
            "context": "grounded",
            "bucket": "common",
            "level": "1-1",
            "weight": 1.4,
            "condition": {
                "timeRange": "night",
                "biomes": [
                    "solara_dimension:solara"
                ]
            }
        },
        {
            "id": "wooper-1",
            "pokemon": "wooper",
            "presets": [
                "natural"
            ],
            "type": "pokemon",
            "context": "grounded",
            "bucket": "common",
            "level": "1-1",
            "weight": 8.2,
            "condition": {
                "biomes": [
                    "solara_dimension:solara"
                ]
            }
        },
        {
            "id": "zubat-1",
            "pokemon": "zubat",
            "presets": [
                "natural"
            ],
            "type": "pokemon",
            "context": "grounded",
            "bucket": "common",
            "level": "1-1",
            "weight": 9.0,
            "condition": {
                "timeRange": "night",
                "biomes": [
                    "solara_dimension:solara"
                ]
            }
        },
        {
            "id": "golbat-1",
            "pokemon": "golbat",
            "presets": [
                "natural"
            ],
            "type": "pokemon",
            "context": "grounded",
            "bucket": "common",
            "level": "1-1",
            "weight": 1.2,
            "condition": {
                "timeRange": "night",
                "biomes": [
                    "solara_dimension:solara"
                ]
            }
        },
        {
            "id": "lickitung-1",
            "pokemon": "lickitung",
            "presets": [
                "natural"
            ],
            "type": "pokemon",
            "context": "grounded",
            "bucket": "common",
            "level": "1-1",
            "weight": 7.2,
            "condition": {
                "biomes": [
                    "solara_dimension:solara"
                ]
            }
        },
        {
            "id": "slowpoke-1",
            "pokemon": "slowpoke",
            "presets": [
                "natural"
            ],
            "type": "pokemon",
            "context": "grounded",
            "bucket": "common",
            "level": "1-1",
            "weight": 8.2,
            "condition": {
                "biomes": [
                    "solara_dimension:solara"
                ]
            }
        },
        {
            "id": "slowbro-1",
            "pokemon": "slowbro",
            "presets": [
                "natural"
            ],
            "type": "pokemon",
            "context": "grounded",
            "bucket": "common",
            "level": "1-1",
            "weight": 1.4,
            "condition": {
                "biomes": [
                    "solara_dimension:solara"
                ]
            }
        },
        {
            "id": "doduo-1",
            "pokemon": "doduo",
            "presets": [
                "natural"
            ],
            "type": "pokemon",
            "context": "grounded",
            "bucket": "common",
            "level": "1-1",
            "weight": 8.6,
            "condition": {
                "biomes": [
                    "solara_dimension:solara"
                ]
            }
        },
        {
            "id": "krabby-1",
            "pokemon": "krabby",
            "presets": [
                "natural"
            ],
            "type": "pokemon",
            "context": "grounded",
            "bucket": "common",
            "level": "1-1",
            "weight": 9.0,
            "condition": {
                "biomes": [
                    "solara_dimension:solara"
                ],
                "neededNearbyBlocks": [
                    "minecraft:water"
                ]
            }
        },
        {
            "id": "machop-1",
            "pokemon": "machop",
            "presets": [
                "natural"
            ],
            "type": "pokemon",
            "context": "grounded",
            "bucket": "common",
            "level": "1-1",
            "weight": 8.0,
            "condition": {
                "biomes": [
                    "solara_dimension:solara"
                ]
            }
        },
        {
            "id": "machoke-1",
            "pokemon": "machoke",
            "presets": [
                "natural"
            ],
            "type": "pokemon",
            "context": "grounded",
            "bucket": "common",
            "level": "1-1",
            "weight": 1.6,
            "condition": {
                "biomes": [
                    "solara_dimension:solara"
                ]
            }
        },
        {
            "id": "nidoranm-1",
            "pokemon": "nidoran",
            "presets": [
                "natural"
            ],
            "type": "pokemon",
            "context": "grounded",
            "bucket": "common",
            "level": "1-1",
            "weight": 9.0,
            "condition": {
                "biomes": [
                    "solara_dimension:solara"
                ]
            }
        },
        {
            "id": "nidorino-1",
            "pokemon": "nidorina",
            "presets": [
                "natural"
            ],
            "type": "pokemon",
            "context": "grounded",
            "bucket": "common",
            "level": "1-1",
            "weight": 1.8,
            "condition": {
                "biomes": [
                    "solara_dimension:solara"
                ]
            }
        },
        {
            "id": "nidoranf-1",
            "pokemon": "nidoranf",
            "presets": [
                "natural"
            ],
            "type": "pokemon",
            "context": "grounded",
            "bucket": "common",
            "level": "1-1",
            "weight": 9.0,
            "condition": {
                "biomes": [
                    "solara_dimension:solara"
                ]
            }
        },
        {
            "id": "nidorina-1",
            "pokemon": "nidorina",
            "presets": [
                "natural"
            ],
            "type": "pokemon",
            "context": "grounded",
            "bucket": "common",
            "level": "1-1",
            "weight": 1.8,
            "condition": {
                "biomes": [
                    "solara_dimension:solara"
                ]
            }
        },
        {
            "id": "rhyhorn-1",
            "pokemon": "rhyhorn",
            "presets": [
                "natural"
            ],
            "type": "pokemon",
            "context": "grounded",
            "bucket": "common",
            "level": "1-1",
            "weight": 8.6,
            "condition": {
                "biomes": [
                    "solara_dimension:solara"
                ]
            }
        },
        {
            "id": "tauros-1",
            "pokemon": "tauros",
            "presets": [
                "natural"
            ],
            "type": "pokemon",
            "context": "grounded",
            "bucket": "common",
            "level": "1-1",
            "weight": 7.2,
            "condition": {
                "biomes": [
                    "solara_dimension:solara"
                ]
            }
        },
        {
            "id": "spearow-1",
            "pokemon": "spearow",
            "presets": [
                "natural"
            ],
            "type": "pokemon",
            "context": "grounded",
            "bucket": "common",
            "level": "1-1",
            "weight": 9.0,
            "condition": {
                "biomes": [
                    "solara_dimension:solara"
                ]
            }
        },
        {
            "id": "psyduck-1",
            "pokemon": "psyduck",
            "presets": [
                "natural"
            ],
            "type": "pokemon",
            "context": "grounded",
            "bucket": "common",
            "level": "1-1",
            "weight": 9.0,
            "condition": {
                "biomes": [
                    "solara_dimension:solara"
                ],
                "neededNearbyBlocks": [
                    "minecraft:water"
                ]
            }
        },
        {
            "id": "golduck-1",
            "pokemon": "golduck",
            "presets": [
                "natural"
            ],
            "type": "pokemon",
            "context": "grounded",
            "bucket": "common",
            "level": "1-1",
            "weight": 1.8,
            "condition": {
                "biomes": [
                    "solara_dimension:solara"
                ],
                "neededNearbyBlocks": [
                    "minecraft:water"
                ]
            }
        },
        {
            "id": "magikarp-1",
            "pokemon": "magikarp",
            "presets": [
                "water_surface"
            ],
            "type": "pokemon",
            "context": "surface",
            "bucket": "common",
            "level": "1-1",
            "weight": 9.0,
            "condition": {
                "biomes": [
                    "solara_dimension:solara"
                ]
            }
        },
        {
            "id": "magikarp-1",
            "pokemon": "magikarp",
            "presets": [
                "underwater"
            ],
            "type": "pokemon",
            "context": "submerged",
            "bucket": "common",
            "level": "1-1",
            "weight": 9.0,
            "condition": {
                "biomes": [
                    "solara_dimension:solara"
                ]
            }
        },
        {
            "id": "gyarados-1",
            "pokemon": "gyarados",
            "presets": [
                "water_surface"
            ],
            "type": "pokemon",
            "context": "surface",
            "bucket": "common",
            "level": "1-1",
            "weight": 0.3,
            "condition": {
                "biomes": [
                    "solara_dimension:solara"
                ]
            }
        },
        {
            "id": "gyarados-1",
            "pokemon": "gyarados",
            "presets": [
                "underwater"
            ],
            "type": "pokemon",
            "context": "submerged",
            "bucket": "common",
            "level": "1-1",
            "weight": 0.3,
            "condition": {
                "biomes": [
                    "solara_dimension:solara"
                ]
            }
        },
        {
            "id": "nuzleaf-1",
            "pokemon": "nuzleaf",
            "presets": [
                "natural"
            ],
            "type": "pokemon",
            "context": "grounded",
            "bucket": "common",
            "level": "1-1",
            "weight": 9.0,
            "condition": {
                "biomes": [
                    "solara_dimension:solara"
                ]
            }
        },
        {
            "id": "shiftry-1",
            "pokemon": "shiftry",
            "presets": [
                "natural"
            ],
            "type": "pokemon",
            "context": "grounded",
            "bucket": "common",
            "level": "1-1",
            "weight": 2.0,
            "condition": {
                "biomes": [
                    "solara_dimension:solara"
                ]
            }
        },
        {
            "id": "wooper-paldean-7",
            "pokemon": "wooper paldean",
            "presets": [
                "natural"
            ],
            "type": "pokemon",
            "context": "grounded",
            "bucket": "common",
            "level": "1-1",
            "weight": 8.2,
            "condition": {
                "biomes": [
                    "solara_dimension:solara"
                ]
            }
        },
        {
            "id": "clodsire-1",
            "pokemon": "clodsire",
            "presets": [
                "natural"
            ],
            "type": "pokemon",
            "context": "grounded",
            "bucket": "common",
            "level": "1-1",
            "weight": 2.0,
            "condition": {
                "biomes": [
                    "solara_dimension:solara"
                ]
            }
        } 
    ]
}