{
	"format_version": "1.12.0",
	"minecraft:geometry": [
		{
			"description": {
				"identifier": "geometry.barbaracle",
				"texture_width": 128,
				"texture_height": 128,
				"visible_bounds_width": 5,
				"visible_bounds_height": 4.5,
				"visible_bounds_offset": [0, 1.75, 0]
			},
			"bones": [
				{
					"name": "barbaracle",
					"pivot": [0, 0.4, 0]
				},
				{
					"name": "body",
					"parent": "barbaracle",
					"pivot": [0, 11.9, 2]
				},
				{
					"name": "torso",
					"parent": "body",
					"pivot": [0, 10.9, 0.75],
					"cubes": [
						{"origin": [-5, 10.9, -3.5], "size": [10, 3, 8], "uv": [46, 42]},
						{"origin": [-2.5, 16.9, -2], "size": [5, 6, 5], "uv": [0, 65]},
						{"origin": [-7, 13.9, -5], "size": [14, 3, 11], "uv": [0, 28]}
					]
				},
				{
					"name": "bone2",
					"parent": "torso",
					"pivot": [0, 22.9, 2.925],
					"cubes": [
						{"origin": [-6, 22.9, -5], "size": [12, 4, 11], "uv": [0, 42]},
						{"origin": [-9, 25.9, -7.575], "size": [18, 5, 9], "pivot": [0, 28.4, -3.075], "rotation": [17.5, 0, 0], "uv": [0, 0]},
						{"origin": [-1.5, 30.925, -7.575], "size": [3, 0, 6], "pivot": [0.5, 28.425, -3.075], "rotation": [17.5, 0, 0], "uv": [80, 88]},
						{"origin": [5.5, 30.83641, -5.21561], "size": [3, 0, 3], "pivot": [7, 30.83641, -3.71561], "rotation": [17.5, 0, 0], "uv": [98, 6]},
						{"origin": [-8.5, 31.13641, 2.21561], "size": [3, 0, 3], "pivot": [-7, 31.13641, 3.71561], "rotation": [-17.5, 0, 0], "uv": [98, 88]},
						{"origin": [-7.5, 30.83641, -4.21561], "size": [2, 0, 2], "pivot": [-6, 30.83641, -3.71561], "rotation": [17.5, 0, 0], "uv": [82, 51]},
						{"origin": [-0.5, 26.36905, -4.44009], "size": [1, 5, 3], "inflate": -0.05, "pivot": [0, 28.86905, -3.44009], "rotation": [37.5, 0, 0], "uv": [64, 95]},
						{"origin": [-1, 26.775, -2.575], "size": [2, 5, 2], "pivot": [-3, 29.275, -3.075], "rotation": [32.5, 0, 0], "uv": [72, 100]},
						{"origin": [-9, 25.9, -0.5], "size": [18, 5, 9], "pivot": [0, 28.4, 4], "rotation": [-17.5, 0, 0], "uv": [0, 14]},
						{"origin": [-1.5, 23.49391, 6.59695], "size": [3, 6, 3], "pivot": [0, 26.49391, 8.09695], "rotation": [-24.03208, 42.406, -16.73634], "uv": [32, 93]},
						{"origin": [-12.975, 26.9, -0.5], "size": [4, 4, 6], "pivot": [-3.975, 28.4, 4], "rotation": [-17.5, 0, 0], "uv": [0, 76]},
						{"origin": [-13, 26.9, -4.575], "size": [4, 4, 6], "pivot": [-4, 28.4, -3.075], "rotation": [17.5, 0, 0], "uv": [74, 63]},
						{"origin": [8.975, 26.9, -0.5], "size": [4, 4, 6], "pivot": [17.975, 28.4, 4], "rotation": [-17.5, 0, 0], "uv": [60, 73]},
						{"origin": [9, 26.9, -4.575], "size": [4, 4, 6], "pivot": [18, 28.4, -3.075], "rotation": [17.5, 0, 0], "uv": [70, 53]},
						{"origin": [-1.5, 23.49391, -8.67195], "size": [3, 6, 3], "pivot": [0, 26.49391, -7.17195], "rotation": [24.03208, -42.406, -16.73634], "uv": [90, 51]}
					]
				},
				{
					"name": "arm_left2",
					"parent": "bone2",
					"pivot": [7.75, 30.9, 0.175],
					"rotation": [-37.5, 0, -72.5],
					"cubes": [
						{"origin": [5.66332, 29.00178, -0.96127], "size": [7, 3, 3], "uv": [80, 82]}
					]
				},
				{
					"name": "bone21",
					"parent": "arm_left2",
					"pivot": [12.66332, 32.00178, 0.53873],
					"cubes": [
						{"origin": [12.66332, 29.00178, -0.96127], "size": [5, 3, 3], "uv": [56, 89]}
					]
				},
				{
					"name": "bone22",
					"parent": "bone21",
					"pivot": [17.66332, 32.00178, 0.53873],
					"cubes": [
						{"origin": [17.66332, 28.50178, -1.46127], "size": [1, 4, 4], "uv": [54, 95]},
						{"origin": [18.66332, 28.50178, -2.46127], "size": [6, 4, 6], "uv": [54, 10]}
					]
				},
				{
					"name": "bone26",
					"parent": "bone22",
					"pivot": [24.66332, 32.00178, -1.46127],
					"cubes": [
						{"origin": [24.66332, 29.00178, -1.96127], "size": [3, 3, 1], "uv": [24, 102]}
					]
				},
				{
					"name": "bone27",
					"parent": "bone26",
					"pivot": [27.71332, 32.00178, -1.41127],
					"cubes": [
						{"origin": [27.58832, 29.00178, -1.96127], "size": [3, 3, 1], "inflate": -0.075, "uv": [32, 102]}
					]
				},
				{
					"name": "bone23",
					"parent": "bone22",
					"pivot": [24.66332, 32.00178, 0.53873],
					"cubes": [
						{"origin": [24.66332, 29.00178, -0.96127], "size": [4, 3, 3], "uv": [72, 94]}
					]
				},
				{
					"name": "bone24",
					"parent": "bone23",
					"pivot": [28.63832, 31.87678, 0.53873],
					"cubes": [
						{"origin": [28.53832, 29.00178, -0.46127], "size": [2, 3, 2], "inflate": -0.125, "uv": [100, 73]},
						{"origin": [28.53832, 29.00178, 0.03873], "size": [2, 3, 1], "inflate": -0.1, "uv": [26, 96]}
					]
				},
				{
					"name": "bone25",
					"parent": "bone24",
					"pivot": [30.41332, 31.75178, 0.53873],
					"cubes": [
						{"origin": [30.18832, 29.00178, 0.03873], "size": [2, 3, 1], "inflate": -0.2, "uv": [8, 106]}
					]
				},
				{
					"name": "bone28",
					"parent": "bone22",
					"pivot": [24.66332, 32.00178, 2.53873],
					"cubes": [
						{"origin": [24.66332, 29.00178, 2.03873], "size": [3, 3, 1], "uv": [102, 42]}
					]
				},
				{
					"name": "bone29",
					"parent": "bone28",
					"pivot": [27.71332, 32.00178, 2.58873],
					"cubes": [
						{"origin": [27.58832, 29.00178, 2.03873], "size": [3, 3, 1], "inflate": -0.075, "uv": [102, 46]}
					]
				},
				{
					"name": "bone48",
					"parent": "bone22",
					"pivot": [22.16332, 28.47678, 0.53873],
					"cubes": [
						{"origin": [21.66332, 28.47678, 0.03873], "size": [1, 0, 1], "uv": [60, 41]}
					]
				},
				{
					"name": "arm_right2",
					"parent": "bone2",
					"pivot": [-7.75, 30.9, 0.175],
					"rotation": [-37.5, 0, 72.5],
					"cubes": [
						{"origin": [-12.66332, 29.00178, -0.96127], "size": [7, 3, 3], "uv": [80, 82], "mirror": true}
					]
				},
				{
					"name": "bone30",
					"parent": "arm_right2",
					"pivot": [-12.66332, 32.00178, 0.53873],
					"cubes": [
						{"origin": [-17.66332, 29.00178, -0.96127], "size": [5, 3, 3], "uv": [56, 89], "mirror": true}
					]
				},
				{
					"name": "bone31",
					"parent": "bone30",
					"pivot": [-17.66332, 32.00178, 0.53873],
					"cubes": [
						{"origin": [-18.66332, 28.50178, -1.46127], "size": [1, 4, 4], "uv": [100, 24]},
						{"origin": [-24.66332, 28.50178, -2.46127], "size": [6, 4, 6], "uv": [54, 10], "mirror": true}
					]
				},
				{
					"name": "bone32",
					"parent": "bone31",
					"pivot": [-24.66332, 32.00178, -1.46127],
					"cubes": [
						{"origin": [-27.66332, 29.00178, -1.96127], "size": [3, 3, 1], "uv": [104, 35]}
					]
				},
				{
					"name": "bone33",
					"parent": "bone32",
					"pivot": [-27.71332, 32.00178, -1.41127],
					"cubes": [
						{"origin": [-30.58832, 29.00178, -1.96127], "size": [3, 3, 1], "inflate": -0.075, "uv": [40, 105]}
					]
				},
				{
					"name": "bone34",
					"parent": "bone31",
					"pivot": [-24.66332, 32.00178, 0.53873],
					"cubes": [
						{"origin": [-28.66332, 29.00178, -0.96127], "size": [4, 3, 3], "uv": [0, 95]}
					]
				},
				{
					"name": "bone35",
					"parent": "bone34",
					"pivot": [-28.63832, 31.87678, 0.53873],
					"cubes": [
						{"origin": [-30.53832, 29.00178, -0.46127], "size": [2, 3, 2], "inflate": -0.125, "uv": [0, 101]},
						{"origin": [-30.53832, 29.00178, 0.03873], "size": [2, 3, 1], "inflate": -0.1, "uv": [96, 106]}
					]
				},
				{
					"name": "bone36",
					"parent": "bone35",
					"pivot": [-30.41332, 31.75178, 0.53873],
					"cubes": [
						{"origin": [-32.18832, 29.00178, 0.03873], "size": [2, 3, 1], "inflate": -0.2, "uv": [102, 106]}
					]
				},
				{
					"name": "bone37",
					"parent": "bone31",
					"pivot": [-24.66332, 32.00178, 2.53873],
					"cubes": [
						{"origin": [-27.66332, 29.00178, 2.03873], "size": [3, 3, 1], "uv": [80, 105]}
					]
				},
				{
					"name": "bone38",
					"parent": "bone37",
					"pivot": [-27.71332, 32.00178, 2.58873],
					"cubes": [
						{"origin": [-30.58832, 29.00178, 2.03873], "size": [3, 3, 1], "inflate": -0.075, "uv": [0, 106]}
					]
				},
				{
					"name": "bone51",
					"parent": "bone31",
					"pivot": [-22.16332, 28.47678, 0.53873],
					"cubes": [
						{"origin": [-22.66332, 28.47678, 0.03873], "size": [1, 0, 1], "uv": [68, 41]}
					]
				},
				{
					"name": "arm_left",
					"parent": "bone2",
					"pivot": [7, 27.15, 0.175],
					"rotation": [0, 0, 27.5],
					"cubes": [
						{"origin": [6, 25.4, -1.075], "size": [9, 3, 3], "uv": [78, 10]}
					]
				},
				{
					"name": "bone3",
					"parent": "arm_left",
					"pivot": [15, 26.9, 1.925],
					"cubes": [
						{"origin": [15, 25.4, -1.075], "size": [7, 3, 3], "uv": [26, 57]}
					]
				},
				{
					"name": "bone5",
					"parent": "bone3",
					"pivot": [22, 28.4, 0.425],
					"cubes": [
						{"origin": [22, 24.9, -1.575], "size": [1, 4, 4], "uv": [54, 95]},
						{"origin": [23, 24.9, -2.575], "size": [6, 4, 6], "uv": [54, 10]}
					]
				},
				{
					"name": "bone11",
					"parent": "bone5",
					"pivot": [29, 28.4, -1.575],
					"cubes": [
						{"origin": [29, 25.4, -2.075], "size": [3, 3, 1], "uv": [102, 9]}
					]
				},
				{
					"name": "bone12",
					"parent": "bone11",
					"pivot": [32.05, 28.4, -1.525],
					"cubes": [
						{"origin": [31.925, 25.4, -2.075], "size": [3, 3, 1], "inflate": -0.075, "uv": [16, 102]}
					]
				},
				{
					"name": "bone6",
					"parent": "bone5",
					"pivot": [28.65, 27.9, 0.3],
					"cubes": [
						{"origin": [29, 25.4, -1.075], "size": [4, 3, 3], "uv": [94, 67]}
					]
				},
				{
					"name": "bone7",
					"parent": "bone6",
					"pivot": [32.75, 27.9, 0.175],
					"cubes": [
						{"origin": [32.875, 25.4, -0.575], "size": [2, 3, 2], "inflate": -0.125, "uv": [72, 89]},
						{"origin": [32.875, 25.4, -0.075], "size": [2, 3, 1], "inflate": -0.1, "uv": [20, 69]}
					]
				},
				{
					"name": "bone8",
					"parent": "bone7",
					"pivot": [34.725, 28.15, 0.45],
					"cubes": [
						{"origin": [34.525, 25.4, -0.075], "size": [2, 3, 1], "inflate": -0.2, "uv": [20, 65]}
					]
				},
				{
					"name": "bone9",
					"parent": "bone5",
					"pivot": [29, 28.4, 2.425],
					"cubes": [
						{"origin": [29, 25.4, 1.925], "size": [3, 3, 1], "uv": [44, 101]}
					]
				},
				{
					"name": "bone10",
					"parent": "bone9",
					"pivot": [32.05, 28.4, 2.475],
					"cubes": [
						{"origin": [31.925, 25.4, 1.925], "size": [3, 3, 1], "inflate": -0.075, "uv": [8, 102]}
					]
				},
				{
					"name": "bone49",
					"parent": "bone5",
					"pivot": [26.5, 24.875, 0.425],
					"cubes": [
						{"origin": [26, 24.875, -0.075], "size": [1, 0, 1], "uv": [56, 41]}
					]
				},
				{
					"name": "arm_right",
					"parent": "bone2",
					"pivot": [-7, 27.15, 0.175],
					"rotation": [0, 0, -27.5],
					"cubes": [
						{"origin": [-15, 25.4, -1.075], "size": [9, 3, 3], "uv": [78, 10], "mirror": true}
					]
				},
				{
					"name": "bone4",
					"parent": "arm_right",
					"pivot": [-15, 26.9, 1.925],
					"cubes": [
						{"origin": [-22, 25.4, -1.075], "size": [7, 3, 3], "uv": [26, 57], "mirror": true}
					]
				},
				{
					"name": "bone13",
					"parent": "bone4",
					"pivot": [-22, 28.4, 0.425],
					"cubes": [
						{"origin": [-23, 24.9, -1.575], "size": [1, 4, 4], "uv": [54, 95]},
						{"origin": [-29, 24.9, -2.575], "size": [6, 4, 6], "uv": [54, 10], "mirror": true}
					]
				},
				{
					"name": "bone14",
					"parent": "bone13",
					"pivot": [-29, 28.4, -1.575],
					"cubes": [
						{"origin": [-32, 25.4, -2.075], "size": [3, 3, 1], "uv": [98, 102]}
					]
				},
				{
					"name": "bone15",
					"parent": "bone14",
					"pivot": [-32.05, 28.4, -1.525],
					"cubes": [
						{"origin": [-34.925, 25.4, -2.075], "size": [3, 3, 1], "inflate": -0.075, "uv": [52, 103]}
					]
				},
				{
					"name": "bone16",
					"parent": "bone13",
					"pivot": [-28.65, 27.9, 0.3],
					"cubes": [
						{"origin": [-33, 25.4, -1.075], "size": [4, 3, 3], "uv": [86, 94]}
					]
				},
				{
					"name": "bone17",
					"parent": "bone16",
					"pivot": [-32.75, 27.9, 0.175],
					"cubes": [
						{"origin": [-34.875, 25.4, -0.575], "size": [2, 3, 2], "inflate": -0.125, "uv": [100, 97]},
						{"origin": [-34.875, 25.4, -0.075], "size": [2, 3, 1], "inflate": -0.1, "uv": [26, 106]}
					]
				},
				{
					"name": "bone18",
					"parent": "bone17",
					"pivot": [-34.725, 28.15, 0.45],
					"cubes": [
						{"origin": [-36.525, 25.4, -0.075], "size": [2, 3, 1], "inflate": -0.2, "uv": [32, 106]}
					]
				},
				{
					"name": "bone19",
					"parent": "bone13",
					"pivot": [-29, 28.4, 2.425],
					"cubes": [
						{"origin": [-32, 25.4, 1.925], "size": [3, 3, 1], "uv": [60, 103]}
					]
				},
				{
					"name": "bone20",
					"parent": "bone19",
					"pivot": [-32.05, 28.4, 2.475],
					"cubes": [
						{"origin": [-34.925, 25.4, 1.925], "size": [3, 3, 1], "inflate": -0.075, "uv": [88, 103]}
					]
				},
				{
					"name": "bone50",
					"parent": "bone13",
					"pivot": [-26.5, 24.875, 0.425],
					"cubes": [
						{"origin": [-27, 24.875, -0.075], "size": [1, 0, 1], "uv": [64, 41]}
					]
				},
				{
					"name": "head",
					"parent": "bone2",
					"pivot": [0, 31.4, 0.75],
					"cubes": [
						{"origin": [-4.5, 29.9, -2.5], "size": [9, 6, 6], "uv": [50, 29]},
						{"origin": [0.55, 31.325, -2.55], "size": [3, 2, 0], "pivot": [2.05, 33.825, -2.55], "rotation": [0, 0, -17.5], "uv": [32, 90]},
						{"origin": [-3.55, 31.325, -2.55], "size": [3, 2, 0], "pivot": [-2.05, 33.825, -2.55], "rotation": [0, 0, 17.5], "uv": [26, 100]},
						{"origin": [2, 35.9, -2.5], "size": [2, 3, 6], "uv": [40, 84]},
						{"origin": [-2, 38.6, -4.625], "size": [4, 2, 8], "inflate": 0.05, "pivot": [1, 39.6, -1.125], "rotation": [10, 0, 0], "uv": [46, 53]},
						{"origin": [-2, 35.3, -2.5], "size": [4, 4, 6], "inflate": 0.05, "uv": [78, 0]},
						{"origin": [-4, 35.9, -2.5], "size": [2, 3, 6], "uv": [0, 86]},
						{"origin": [-1.55, 37.8, -7.55], "size": [1, 2, 3], "pivot": [-1.05, 38.8, -5.55], "rotation": [11.25, 0, 0], "uv": [100, 78]},
						{"origin": [0.45, 37.8, -7.55], "size": [1, 2, 3], "pivot": [0.95, 38.8, -5.55], "rotation": [11.25, 0, 0], "uv": [80, 100]}
					]
				},
				{
					"name": "mouth_open",
					"parent": "head",
					"pivot": [-1.5, 30.9, -1.25],
					"cubes": [
						{"origin": [-1.5, 31.55, -2.275], "size": [3, 2, 0], "uv": [102, 13]}
					]
				},
				{
					"name": "bone46",
					"parent": "head",
					"pivot": [-1.5, 34.925, -2.525],
					"cubes": [
						{"origin": [-2, 34.425, -2.525], "size": [1, 1, 0], "uv": [78, 18]}
					]
				},
				{
					"name": "bone47",
					"parent": "head",
					"pivot": [-1.5, 31.4, -1.5],
					"cubes": [
						{"origin": [-1.5, 32.05, -2.525], "size": [3, 1, 0], "uv": [50, 41]}
					]
				},
				{
					"name": "bone45",
					"parent": "head",
					"pivot": [1.5, 34.9, -2.525],
					"cubes": [
						{"origin": [1, 34.4, -2.525], "size": [1, 1, 0], "uv": [78, 16]}
					]
				},
				{
					"name": "bone41",
					"parent": "head",
					"pivot": [2.95, 39.35, -5.55],
					"cubes": [
						{"origin": [2, 38.15, -4.625], "size": [2, 2, 8], "inflate": 0.025, "pivot": [3, 39.15, -1.125], "rotation": [10, 0, 0], "uv": [80, 16]},
						{"origin": [2.45, 37.35, -6.55], "size": [1, 2, 2], "pivot": [2.95, 38.35, -5.55], "rotation": [11.25, 0, 0], "uv": [14, 106]}
					]
				},
				{
					"name": "bone40",
					"parent": "head",
					"pivot": [-3.05, 39.35, -5.55],
					"cubes": [
						{"origin": [-4, 38.15, -4.625], "size": [2, 2, 8], "inflate": 0.025, "pivot": [-3, 39.15, -1.125], "rotation": [10, 0, 0], "uv": [80, 26]},
						{"origin": [-3.55, 37.35, -6.55], "size": [1, 2, 2], "pivot": [-3.05, 38.35, -5.55], "rotation": [11.25, 0, 0], "uv": [20, 106]}
					]
				},
				{
					"name": "bone42",
					"parent": "bone40",
					"pivot": [-3.2, 31.11964, 0.23851],
					"rotation": [-28.06681, 11.06861, -5.84485],
					"cubes": [
						{"origin": [-4.175, 30.21672, -5.84884], "size": [2, 2, 5], "inflate": 0.025, "pivot": [-3.175, 31.275, 0.2], "rotation": [10, 0, 0], "uv": [94, 60]},
						{"origin": [-3.725, 28.975, -8.725], "size": [1, 2, 3], "pivot": [-3.225, 29.975, -6.725], "rotation": [11.25, 0, 0], "uv": [100, 83]}
					]
				},
				{
					"name": "leg_right",
					"parent": "body",
					"pivot": [-3.275, 13.025, 0.925],
					"rotation": [27.92649, -38.33999, -41.37385],
					"cubes": [
						{"origin": [-12.275, 11.025, -1.325], "size": [9, 4, 4], "uv": [54, 20], "mirror": true}
					]
				},
				{
					"name": "leg_right_lower",
					"parent": "leg_right",
					"pivot": [-12.35, 15.075, 0.175],
					"rotation": [0, 0, 31.75],
					"cubes": [
						{"origin": [-12.47391, 9.10357, -1.825], "size": [5, 6, 5], "uv": [20, 73], "mirror": true}
					]
				},
				{
					"name": "bone39",
					"parent": "leg_right_lower",
					"pivot": [-7.97391, 9.10357, 0.675],
					"cubes": [
						{"origin": [-12.47391, 5.10357, -1.825], "size": [5, 4, 5], "inflate": 0.05, "uv": [80, 73], "mirror": true},
						{"origin": [-10.97391, 5.02857, -0.3], "size": [2, 0, 2], "uv": [0, 0]}
					]
				},
				{
					"name": "bone43",
					"parent": "bone39",
					"pivot": [-12.22391, 5.10357, 0.675],
					"cubes": [
						{"origin": [-14.97391, 5.10357, -0.825], "size": [3, 3, 3], "uv": [98, 0]},
						{"origin": [-15.97391, 5.10357, 2.025], "size": [4, 2, 1], "pivot": [-12.97391, 5.10357, 3.025], "rotation": [0, -6.25, 0], "uv": [88, 100]},
						{"origin": [-15.97391, 5.10357, -1.675], "size": [4, 2, 1], "pivot": [-12.97391, 5.10357, -1.675], "rotation": [0, 6.25, 0], "uv": [100, 94]},
						{"origin": [-16.97391, 5.10357, -0.325], "size": [2, 2, 2], "uv": [102, 54]},
						{"origin": [-16.97391, 5.10357, 0.175], "size": [2, 2, 1], "inflate": 0.025, "uv": [103, 58]}
					]
				},
				{
					"name": "leg_left",
					"parent": "body",
					"pivot": [3.275, 13.025, 0.925],
					"rotation": [27.92649, 38.33999, 41.37385],
					"cubes": [
						{"origin": [3.275, 11.025, -1.325], "size": [9, 4, 4], "uv": [54, 20]}
					]
				},
				{
					"name": "leg_left_lower",
					"parent": "leg_left",
					"pivot": [12.35, 15.075, 0.175],
					"rotation": [0, 0, -31.75],
					"cubes": [
						{"origin": [7.47391, 9.10357, -1.825], "size": [5, 6, 5], "uv": [20, 73]}
					]
				},
				{
					"name": "bone44",
					"parent": "leg_left_lower",
					"pivot": [7.97391, 9.10357, 0.675],
					"cubes": [
						{"origin": [7.47391, 5.10357, -1.825], "size": [5, 4, 5], "inflate": 0.05, "uv": [80, 73]},
						{"origin": [8.97391, 5.02857, -0.325], "size": [2, 0, 2], "uv": [0, 0]}
					]
				},
				{
					"name": "bone",
					"parent": "bone44",
					"pivot": [12.22391, 5.35357, 0.675],
					"cubes": [
						{"origin": [11.97391, 5.10357, -0.825], "size": [3, 3, 3], "uv": [14, 96]},
						{"origin": [11.97391, 5.10357, 2.025], "size": [4, 2, 1], "pivot": [12.97391, 5.10357, 3.025], "rotation": [0, 6.25, 0], "uv": [98, 91]},
						{"origin": [11.97391, 5.10357, -1.675], "size": [4, 2, 1], "pivot": [12.97391, 5.10357, -1.675], "rotation": [0, -6.25, 0], "uv": [100, 32]},
						{"origin": [14.97391, 5.10357, 0.175], "size": [2, 2, 1], "inflate": 0.025, "uv": [103, 58]},
						{"origin": [14.97391, 5.10357, -0.325], "size": [2, 2, 2], "uv": [102, 50]}
					]
				}
			]
		}
	]
}