{
  "type": "loot_table",
  "pools": [
    {
      "bonus_rolls": 0.0,
      "entries": [
        {
          "type": "minecraft:item",
          "weight": 1,
          "name": "numismatic-overhaul:money_bag",
          "functions": [
            {
              "function": "academy:set_money_bag",
              "bronze": {
                "type": "uniform",
                "min": 1,
                "max": 10
              },
              "combine": false
            }
          ]
        },
        {
          "type": "minecraft:item",
          "weight": 3,
          "name": "minecraft:air"
        }
      ],
      "rolls": 1.0
    }
  ]
}