{
	"format_version": "1.12.0",
	"minecraft:geometry": [
		{
			"description": {
				"identifier": "geometry.unknown",
				"texture_width": 256,
				"texture_height": 256,
				"visible_bounds_width": 7,
				"visible_bounds_height": 10.5,
				"visible_bounds_offset": [0, 4.75, 0]
			},
			"bones": [
				{
					"name": "root_main",
					"pivot": [0, 0, 0]
				},
				{
					"name": "root",
					"parent": "root_main",
					"pivot": [0, 0, 0]
				},
				{
					"name": "miraidon",
					"parent": "root",
					"pivot": [0, 0, -62.7],
					"rotation": [0, 180, 0]
				},
				{
					"name": "f_wheel",
					"parent": "miraidon",
					"pivot": [0, 11.6, -111.9],
					"cubes": [
						{"origin": [2, 18.1, -115.4], "size": [4, 3, 10], "pivot": [2, 18.1, -115.4], "rotation": [0, 0, 180], "uv": [62, 14]},
						{"origin": [2, 7.1, -117.4], "size": [4, 3, 10], "pivot": [2, 7.1, -118.4], "rotation": [-90, 0, 180], "uv": [36, 60]},
						{"origin": [2, 15.1, -105.4], "size": [4, 3, 10], "pivot": [2, 15.1, -105.4], "rotation": [90, 0, 180], "uv": [66, 0]},
						{"origin": [2, 8.1, -118.4], "size": [4, 3, 10], "pivot": [2, 8.1, -118.4], "rotation": [0, 0, 180], "uv": [54, 63]}
					]
				},
				{
					"name": "r_wheel",
					"parent": "miraidon",
					"pivot": [0, 11.6, -137.9],
					"cubes": [
						{"origin": [2, 18.1, -141.4], "size": [4, 3, 10], "pivot": [2, 18.1, -141.4], "rotation": [0, 0, 180], "uv": [60, 29]},
						{"origin": [2, 7.1, -143.4], "size": [4, 3, 10], "pivot": [2, 7.1, -144.4], "rotation": [-90, 0, 180], "uv": [18, 57]},
						{"origin": [2, 15.1, -131.4], "size": [4, 3, 10], "pivot": [2, 15.1, -131.4], "rotation": [90, 0, 180], "uv": [0, 54]},
						{"origin": [2, 8.1, -144.4], "size": [4, 3, 10], "pivot": [2, 8.1, -144.4], "rotation": [0, 0, 180], "uv": [48, 47]}
					]
				},
				{
					"name": "r_front_leg",
					"parent": "miraidon",
					"pivot": [2.95, 16.37418, -118.27521],
					"rotation": [-10, 0, 0],
					"cubes": [
						{"origin": [-4, 15.3027, -111.26962], "size": [7, 2, 2], "pivot": [3, 15.6, -114.3], "rotation": [170, 0, 180], "uv": [72, 64]}
					]
				},
				{
					"name": "r_front_leg_lower",
					"parent": "r_front_leg",
					"pivot": [10, 15.1287, -118.14022],
					"cubes": [
						{"origin": [5, 14.3027, -111.26962], "size": [5, 4, 3], "pivot": [10, 15.6, -114.3], "rotation": [170, 0, 180], "uv": [18, 42]}
					]
				},
				{
					"name": "r_front_foot",
					"parent": "r_front_leg_lower",
					"pivot": [15, 15.67898, -117.89877],
					"cubes": [
						{"origin": [12, 17.3027, -111.26962], "size": [3, 1, 1], "pivot": [15, 15.6, -114.3], "rotation": [170, 0, 180], "uv": [18, 60]},
						{"origin": [11, 15.3027, -111.26962], "size": [4, 2, 1], "pivot": [15, 15.6, -114.3], "rotation": [170, 0, 180], "uv": [32, 24]},
						{"origin": [12, 14.3027, -111.26962], "size": [3, 1, 1], "pivot": [15, 15.6, -114.3], "rotation": [170, 0, 180], "uv": [18, 49]}
					]
				},
				{
					"name": "l_front_leg",
					"parent": "miraidon",
					"pivot": [-3, 15.59216, -118.39118],
					"rotation": [-10, 0, 0],
					"cubes": [
						{"origin": [-10, 14.24486, -123.36079], "size": [7, 2, 2], "pivot": [-6.5, 15.59216, -120.39118], "rotation": [170, 0, 180], "uv": [50, 42]}
					]
				},
				{
					"name": "l_front_leg_lower",
					"parent": "l_front_leg",
					"pivot": [-10, 15.63557, -118.14498],
					"cubes": [
						{"origin": [-24, 14.3027, -111.26962], "size": [5, 4, 3], "pivot": [-17, 15.6, -114.3], "rotation": [170, 0, 180], "uv": [34, 85]}
					]
				},
				{
					"name": "l_front_foot",
					"parent": "l_front_leg_lower",
					"pivot": [-15, 15.67898, -117.89877],
					"cubes": [
						{"origin": [-29, 17.3027, -111.26962], "size": [3, 1, 1], "pivot": [-22, 15.6, -114.3], "rotation": [170, 0, 180], "uv": [42, 30]},
						{"origin": [-29, 15.3027, -111.26962], "size": [4, 2, 1], "pivot": [-22, 15.6, -114.3], "rotation": [170, 0, 180], "uv": [22, 32]},
						{"origin": [-29, 14.3027, -111.26962], "size": [3, 1, 1], "pivot": [-22, 15.6, -114.3], "rotation": [170, 0, 180], "uv": [0, 34]}
					]
				},
				{
					"name": "r_back_leg",
					"parent": "miraidon",
					"pivot": [2.5, 16.3, -131.75],
					"cubes": [
						{"origin": [-8.5, 12.3, -137], "size": [6, 7, 8], "pivot": [0, 15.3, -132.5], "rotation": [-180, 0, 180], "uv": [42, 24]},
						{"origin": [-7.5, 14.3, -129], "size": [4, 4, 2], "pivot": [0, 15.3, -132.5], "rotation": [-180, 0, 180], "uv": [12, 6]}
					]
				},
				{
					"name": "r_low_back_leg",
					"parent": "r_back_leg",
					"pivot": [5.5, 12.3, -131],
					"cubes": [
						{"origin": [-5.5, 5.3, -136], "size": [4, 7, 2], "pivot": [1, 8.3, -132.5], "rotation": [-180, 0, 180], "uv": [0, 9]}
					]
				},
				{
					"name": "r_back_foot",
					"parent": "r_low_back_leg",
					"pivot": [5.5, 5.3, -130.8],
					"cubes": [
						{"origin": [-6.5, 1.3, -135], "size": [2, 4, 1], "pivot": [0, 1.3, -132.5], "rotation": [-180, 0, 180], "uv": [66, 18]},
						{"origin": [-5.5, 2.3, -135], "size": [1, 3, 1], "pivot": [1, 1.3, -132.5], "rotation": [-180, 0, 180], "uv": [7, 26]},
						{"origin": [-8.5, 2.3, -135], "size": [1, 3, 1], "pivot": [-2, 1.3, -132.5], "rotation": [-180, 0, 180], "uv": [7, 18]}
					]
				},
				{
					"name": "l_back_leg",
					"parent": "miraidon",
					"pivot": [-2.5, 16.3, -131.75],
					"cubes": [
						{"origin": [2.5, 12.3, -137], "size": [6, 7, 8], "pivot": [0, 15.3, -132.5], "rotation": [-180, 0, -180], "uv": [30, 42]},
						{"origin": [3.5, 14.3, -129], "size": [4, 4, 2], "pivot": [0, 15.3, -132.5], "rotation": [-180, 0, -180], "uv": [12, 0]}
					]
				},
				{
					"name": "l_low_back_leg",
					"parent": "l_back_leg",
					"pivot": [-5.5, 12.3, -131],
					"cubes": [
						{"origin": [-16.5, 5.3, -136], "size": [4, 7, 2], "pivot": [-10, 8.3, -132.5], "rotation": [-180, 0, 180], "uv": [0, 0]}
					]
				},
				{
					"name": "l_back_foot",
					"parent": "l_low_back_leg",
					"pivot": [-5.5, 5.3, -130.8],
					"cubes": [
						{"origin": [-17.5, 1.3, -135], "size": [2, 4, 1], "pivot": [-11, 1.3, -132.5], "rotation": [-180, 0, 180], "uv": [66, 13]},
						{"origin": [-16.5, 2.3, -135], "size": [1, 3, 1], "pivot": [-10, 1.3, -132.5], "rotation": [-180, 0, 180], "uv": [0, 26]},
						{"origin": [-19.5, 2.3, -135], "size": [1, 3, 1], "pivot": [-13, 1.3, -132.5], "rotation": [-180, 0, 180], "uv": [0, 18]}
					]
				},
				{
					"name": "body",
					"parent": "miraidon",
					"pivot": [0, 17.89222, -122.16072],
					"cubes": [
						{"origin": [1, 12.2, -113.7], "size": [6, 3, 8], "pivot": [2, 12.2, -113.7], "rotation": [170, 0, 180], "uv": [0, 70]},
						{"origin": [1, 15.25, -113.7], "size": [6, 3, 8], "pivot": [2, 15.2, -113.7], "rotation": [170, 0, 180], "uv": [66, 42]},
						{"origin": [-5, 14.9027, -110.66962], "size": [1, 3, 3], "pivot": [-4, 15.2, -113.7], "rotation": [170, 0, 180], "uv": [0, 54]},
						{"origin": [2, 14.9027, -110.66962], "size": [1, 3, 3], "pivot": [3, 15.2, -113.7], "rotation": [170, 0, 180], "uv": [42, 24]},
						{"origin": [-1.5, 22.1, -110.7], "size": [5, 3, 12], "pivot": [0.5, 22.1, -110.7], "rotation": [140, 0, 180], "uv": [0, 24]},
						{"origin": [2.5, 17.9421, -119.07929], "size": [1, 3, 5], "pivot": [3, 19.4421, -116.57929], "rotation": [-110, 0, 180], "uv": [0, 26]},
						{"origin": [-3.5, 17.9421, -119.07929], "size": [1, 3, 5], "pivot": [-3, 19.4421, -116.57929], "rotation": [-110, 0, 180], "uv": [0, 18]},
						{"origin": [2.8, 20.6421, -121.07929], "size": [1, 2, 5], "pivot": [3.3, 22.1421, -118.57929], "rotation": [-172.5, 0, 180], "uv": [86, 37]},
						{"origin": [3, 22.5421, -124.67929], "size": [1, 2, 3], "pivot": [3.5, 24.0421, -122.17929], "rotation": [-140, 0, 180], "uv": [54, 60]},
						{"origin": [0.5, 18.1, -112.4], "size": [5, 3, 6], "pivot": [1.5, 18.1, -112.4], "rotation": [102.5, 0, 180], "uv": [0, 81]},
						{"origin": [1.5, 10.8, -121.6], "size": [3, 3, 12], "pivot": [1.5, 10.8, -121.6], "rotation": [180, 0, 180], "uv": [0, 39]},
						{"origin": [0, 13.8, -121.6], "size": [4, 3.3, 12], "pivot": [1, 13.8, -121.6], "rotation": [180, 0, 180], "uv": [22, 27]},
						{"origin": [-3.8, 20.6421, -121.07929], "size": [1, 2, 5], "pivot": [-3.3, 22.1421, -118.57929], "rotation": [-172.5, 0, 180], "uv": [0, 39]},
						{"origin": [-4, 22.5421, -124.67929], "size": [1, 2, 3], "pivot": [-3.5, 24.0421, -122.17929], "rotation": [-140, 0, 180], "uv": [0, 46]},
						{"origin": [-2.5, 12.5, -136], "size": [5, 5, 7], "pivot": [0, 14.5, -132.5], "rotation": [-162.5, 0, 180], "uv": [75, 69]},
						{"origin": [-2.5, 17.5, -137.3], "size": [5, 1, 7], "pivot": [0, 19.5, -132.5], "rotation": [-162.5, 0, 180], "uv": [80, 13]},
						{"origin": [2.5, 10.8, -133.6], "size": [5, 3, 8], "pivot": [2.5, 10.8, -133.6], "rotation": [-120, 0, 180], "uv": [72, 53]},
						{"origin": [0.5, 20.7, -137.5], "size": [5, 0, 8], "pivot": [1.5, 17.7, -137.5], "rotation": [-120, 0, 180], "uv": [14, 24]},
						{"origin": [0, 20.6, -109], "size": [4, 2, 8], "pivot": [1, 19.6, -109], "rotation": [140, 0, 180], "uv": [78, 27]}
					]
				},
				{
					"name": "head",
					"parent": "miraidon",
					"pivot": [-0.1, 25.5, -113.8],
					"cubes": [
						{"origin": [-1.1, 26.35, -111.4], "size": [1, 3, 8], "pivot": [-1.1, 27.4, -111.4], "rotation": [42.5, 0, 180], "uv": [72, 81]},
						{"origin": [-2.5, 28.3, -112.6], "size": [3, 1, 10], "pivot": [-0.5, 28.3, -110.6], "rotation": [42.5, 0, 180], "uv": [18, 71]},
						{"origin": [2.2, 25.8, -108.5], "size": [1, 2, 3], "pivot": [0.3, 24.8, -108.5], "rotation": [20, 0, 180], "uv": [66, 5]},
						{"origin": [2.25, 25.9, -107.2], "size": [1, 2, 2], "pivot": [0.3, 24.9, -108.2], "rotation": [20, 0, 180], "uv": [0, 67]},
						{"origin": [-2.47, 23.1177, -109.14551], "size": [1, 1, 3], "pivot": [-1.95, 23.63774, -107.64551], "rotation": [14.43276, 13.99545, 136.78082], "uv": [0, 60]},
						{"origin": [1.25, 23.50314, -116.15], "size": [1, 1, 8], "pivot": [-0.9, 24.00314, -112.17932], "rotation": [5, -20.5, 180], "uv": [82, 84]},
						{"origin": [-3.7, 27.65, -113.8], "size": [1, 1, 8], "pivot": [-3.7, 28.7, -113.8], "rotation": [42.5, -20.5, 180], "uv": [24, 85]},
						{"origin": [-1.5, 25.6, -112.2], "size": [5, 3, 8], "pivot": [0.5, 25.6, -112.2], "rotation": [20, 0, 180], "uv": [36, 74]},
						{"origin": [-1.5, 22.8, -113.3], "size": [5, 1, 8], "pivot": [0.5, 22.8, -113.3], "rotation": [20, 0, 180], "uv": [54, 77]},
						{"origin": [-1.9, 23.50314, -116.47932], "size": [1, 1, 8], "pivot": [1.2, 24.00314, -112.47932], "rotation": [5, 20.5, 180], "uv": [84, 0]},
						{"origin": [4.9, 27.65, -113.8], "size": [1, 1, 8], "pivot": [4.9, 28.7, -113.8], "rotation": [42.5, 20.5, 180], "uv": [42, 85]},
						{"origin": [7, 24.8, -113.5], "size": [1, 3, 3], "pivot": [5, 24.8, -113.5], "rotation": [20, 0, 180], "uv": [18, 54]},
						{"origin": [7.2, 26.5, -112.8], "size": [1, 2, 2], "pivot": [5.15, 25.5, -113.8], "rotation": [20, 0, 180], "uv": [36, 63]},
						{"origin": [6.8, 25.8, -108.5], "size": [1, 2, 3], "pivot": [4.7, 24.8, -108.5], "rotation": [20, 0, 180], "uv": [62, 27]},
						{"origin": [6.55, 25.9, -107.2], "size": [1, 2, 2], "pivot": [4.6, 24.9, -108.2], "rotation": [20, 0, 180], "uv": [66, 44]},
						{"origin": [6.65, 25.9, -107.8], "size": [1, 2, 3], "pivot": [4.6, 24.9, -107.8], "rotation": [20, 0, 180], "uv": [54, 65]},
						{"origin": [1.43, 23.13774, -109.14551], "size": [1, 1, 3], "pivot": [1.95, 23.63774, -107.64551], "rotation": [14.43276, 13.99545, 136.78082], "uv": [50, 46]},
						{"origin": [2.1, 26.35, -111.4], "size": [1, 3, 8], "pivot": [2.1, 27.4, -111.4], "rotation": [42.5, 0, 180], "uv": [14, 82]},
						{"origin": [2, 24.8, -113.5], "size": [1, 3, 3], "pivot": [0, 24.8, -113.5], "rotation": [20, 0, 180], "uv": [36, 57]},
						{"origin": [1.9, 26.5, -112.8], "size": [1, 2, 2], "pivot": [-0.1, 25.5, -113.8], "rotation": [20, 0, 180], "uv": [66, 53]},
						{"origin": [2.35, 25.9, -107.8], "size": [1, 2, 3], "pivot": [0.4, 24.9, -107.8], "rotation": [20, 0, 180], "uv": [66, 0]}
					]
				},
				{
					"name": "Wings",
					"parent": "miraidon",
					"pivot": [0, 26.82296, -115.01608]
				},
				{
					"name": "wing_r",
					"parent": "Wings",
					"pivot": [2, 26.82296, -115.01608],
					"cubes": [
						{"origin": [-16.1, 237.72302, -116.43604], "size": [40, 0, 12], "pivot": [13, 132.82296, -115.01608], "rotation": [2.5, 0, 180], "uv": [80, 64]}
					]
				},
				{
					"name": "wing_l",
					"parent": "Wings",
					"pivot": [-2, 132.82296, -115.01608],
					"cubes": [
						{"origin": [2.1, 237.72302, -116.43604], "size": [40, 0, 12], "pivot": [0, 132.82296, -115.01608], "rotation": [2.5, 0, 180], "uv": [82, 21]}
					]
				}
			]
		}
	]
}