{
  "spawnProtectionDistance": 10.0,
  "distanceToLevel": {
    "0.0": {
      "type": "uniform",
      "min": 0,
      "max": 10
    },
    "200.0": {
      "type": "uniform",
      "min": 0,
      "max": 15
    },
    "400.0": {
      "type": "uniform",
      "min": 0,
      "max": 20
    },
    "600.0": {
      "type": "uniform",
      "min": 0,
      "max": 25
    },
    "800.0": {
      "type": "uniform",
      "min": 0,
      "max": 30
    },
    "1000.0": {
      "type": "uniform",
      "min": 0,
      "max": 35
    },
    "1200.0": {
      "type": "uniform",
      "min": 0,
      "max": 40
    },
    "1400.0": {
      "type": "uniform",
      "min": 0,
      "max": 45
    },
    "1600.0": {
      "type": "uniform",
      "min": 0,
      "max": 50
    },
    "1800.0": {
      "type": "uniform",
      "min": 0,
      "max": 55
    },
    "2000.0": {
      "type": "uniform",
      "min": 0,
      "max": 60
    },
    "2200.0": {
      "type": "uniform",
      "min": 0,
      "max": 65
    },
    "2400.0": {
      "type": "uniform",
      "min": 0,
      "max": 70
    },
    "2600.0": {
      "type": "uniform",
      "min": 0,
      "max": 75
    },
    "2800.0": {
      "type": "uniform",
      "min": 0,
      "max": 80
    },
    "3000.0": {
      "type": "uniform",
      "min": 0,
      "max": 85
    },
    "3200.0": {
      "type": "uniform",
      "min": 0,
      "max": 90
    },
    "3400.0": {
      "type": "uniform",
      "min": 0,
      "max": 95
    },
    "3600.0": {
      "type": "uniform",
      "min": 0,
      "max": 100
    }
  }
}