{
	"format_version": "1.12.0",
	"minecraft:geometry": [
		{
			"description": {
				"identifier": "geometry.unknown",
				"texture_width": 128,
				"texture_height": 128,
				"visible_bounds_width": 3,
				"visible_bounds_height": 2.5,
				"visible_bounds_offset": [0, 0.75, 0]
			},
			"bones": [
				{
					"name": "duraludon",
					"pivot": [0, 0, 0]
				},
				{
					"name": "body_shake",
					"parent": "duraludon",
					"pivot": [-0.01832, 3.72591, -0.53758]
				},
				{
					"name": "body",
					"parent": "body_shake",
					"pivot": [-0.01832, 3.72591, -0.53758],
					"cubes": [
						{"origin": [-3.51635, 4.12627, -4.53799], "size": [7, 5, 9], "inflate": 0.275, "uv": [23, 30]},
						{"origin": [-3.01635, 4.60127, -5.68799], "size": [6, 4, 2], "inflate": 0.275, "uv": [61, 46]},
						{"origin": [-3.04135, 4.47627, -5.36299], "size": [6, 4, 2], "uv": [61, 52]},
						{"origin": [-3.51635, 2.77627, -4.53799], "size": [7, 3, 10], "inflate": -0.45, "uv": [17, 0]}
					]
				},
				{
					"name": "body_top",
					"parent": "body",
					"pivot": [0.13781, 9.11117, -0.52769],
					"cubes": [
						{"origin": [-3.01635, 8.00127, -4.06299], "size": [6, 10, 5], "inflate": -0.075, "pivot": [0.15865, 13.50127, -0.03799], "rotation": [-5, 0, 0], "uv": [0, 32]},
						{"origin": [2.15365, 6.34826, -1.90729], "size": [1, 13, 6], "inflate": -0.25, "pivot": [0.68365, 13.34826, -0.40729], "rotation": [25, 0, 0], "uv": [0, 47]},
						{"origin": [2.90965, 16.32202, -3.88816], "size": [0, 5, 5], "pivot": [3.48465, 19.52202, -1.46316], "rotation": [25, 0, 0], "uv": [17, 0]},
						{"origin": [-2.95965, 16.32202, -3.88816], "size": [0, 5, 5], "pivot": [-3.53465, 19.52202, -1.46316], "rotation": [25, 0, 0], "uv": [17, 0], "mirror": true},
						{"origin": [-3.24305, 16.35131, 1.99295], "size": [1, 1, 3], "inflate": -0.3, "pivot": [-2.06635, 21.65131, -0.03205], "rotation": [-65, 0, 0], "uv": [0, 75], "mirror": true},
						{"origin": [-3.24305, 16.90115, -3.95208], "size": [1, 1, 1], "inflate": -0.3, "pivot": [-2.74305, 17.52615, -3.37708], "rotation": [-5, 0, 0], "uv": [2, 77], "mirror": true},
						{"origin": [2.21035, 16.90115, -3.95208], "size": [1, 1, 1], "inflate": -0.3, "pivot": [2.71035, 17.52615, -3.37708], "rotation": [-5, 0, 0], "uv": [2, 77]},
						{"origin": [2.21035, 14.10924, -4.46568], "size": [1, 1, 3], "inflate": -0.3, "pivot": [2.70865, 14.55924, -2.89068], "rotation": [57.5, 0, 0], "uv": [0, 75]},
						{"origin": [2.21035, 12.60131, 1.76795], "size": [1, 1, 3], "inflate": -0.3, "pivot": [2.03365, 17.87631, -0.28205], "rotation": [-65, 0, 0], "uv": [0, 75]},
						{"origin": [2.21035, 10.33424, -5.71568], "size": [1, 1, 4], "inflate": -0.3, "pivot": [2.70865, 10.78424, -3.14068], "rotation": [57.5, 0, 0], "uv": [-1, 74]},
						{"origin": [-3.24305, 10.33424, -5.71568], "size": [1, 1, 4], "inflate": -0.3, "pivot": [-2.74135, 10.78424, -3.14068], "rotation": [57.5, 0, 0], "uv": [-1, 74], "mirror": true},
						{"origin": [-3.18635, 6.34826, -1.90729], "size": [1, 13, 6], "inflate": -0.25, "pivot": [-0.71635, 13.34826, -0.40729], "rotation": [25, 0, 0], "uv": [0, 47], "mirror": true},
						{"origin": [1.20865, 16.62631, 1.09295], "size": [1, 1, 10], "inflate": -0.3, "pivot": [2.05865, 17.12631, 1.99295], "rotation": [-65, 0, 0], "uv": [5, 5]},
						{"origin": [-2.20865, 16.62631, 1.09295], "size": [1, 1, 10], "inflate": -0.3, "pivot": [-2.05865, 17.12631, 1.99295], "rotation": [-65, 0, 0], "uv": [5, 5], "mirror": true},
						{"origin": [-2.51635, 7.18907, 1.60726], "size": [5, 10, 5], "inflate": 0.025, "pivot": [0.08365, 6.73907, 3.00726], "rotation": [25, 0, 0], "uv": [17, 44]}
					]
				},
				{
					"name": "bone5",
					"parent": "body_top",
					"pivot": [-0.04135, 8.97202, 5.0397],
					"cubes": [
						{"origin": [-1.01635, 8.33403, 2.95411], "size": [2, 16, 3], "inflate": -0.1, "pivot": [-0.01635, 8.99702, 4.9897], "rotation": [17.5, 0, 0], "uv": [51, 44]},
						{"origin": [-0.51635, 23.68403, 3.15411], "size": [1, 1, 3], "inflate": -0.3, "pivot": [-0.04135, 9.12202, 5.3897], "rotation": [17.5, 0, 0], "uv": [17, 16]},
						{"origin": [-0.51635, 23.53403, 5.20411], "size": [1, 1, 1], "inflate": -0.3, "pivot": [-0.04135, 8.97202, 5.0397], "rotation": [17.5, 0, 0], "uv": [0, 3]}
					]
				},
				{
					"name": "hand_left",
					"parent": "body_top",
					"pivot": [3.48465, 19.52202, -1.53816]
				},
				{
					"name": "hand_1_l_motion",
					"parent": "hand_left",
					"pivot": [2.48465, 11.52202, 0.01184]
				},
				{
					"name": "hand_one_l3",
					"parent": "hand_1_l_motion",
					"pivot": [3.43291, 11.52202, -0.62322],
					"cubes": [
						{"origin": [1.43291, 10.52202, -1.62322], "size": [4, 2, 2], "inflate": -0.025, "uv": [0, 66]}
					]
				},
				{
					"name": "hand_2_l_motion",
					"parent": "hand_one_l3",
					"pivot": [4.61624, 11.59634, -0.65655]
				},
				{
					"name": "hand_two_l3",
					"parent": "hand_2_l_motion",
					"pivot": [4.61624, 11.59634, -0.65655],
					"cubes": [
						{"origin": [4.43291, 10.52202, -1.62322], "size": [4, 2, 2], "uv": [42, 63]},
						{"origin": [6.43291, 10.07202, -2.19822], "size": [5, 3, 3], "uv": [58, 60]}
					]
				},
				{
					"name": "bone22",
					"parent": "hand_two_l3",
					"pivot": [-8.84209, 19.52202, -1.62322],
					"cubes": [
						{"origin": [7.35791, 9.69497, -2.64822], "size": [4, 4, 4], "uv": [14, 59]}
					]
				},
				{
					"name": "bone10",
					"parent": "bone22",
					"pivot": [11.83291, 13.19702, -0.64822],
					"rotation": [0, -45, 0],
					"cubes": [
						{"origin": [9.98282, 12.79117, -1.82656], "size": [3, 1, 3], "inflate": -0.1, "uv": [64, 27]},
						{"origin": [10.01125, 9.60107, -1.79813], "size": [3, 1, 3], "inflate": -0.1, "uv": [64, 16]}
					]
				},
				{
					"name": "bone8",
					"parent": "bone22",
					"pivot": [11.33291, 13.22202, -4.19716],
					"cubes": [
						{"origin": [10.93291, 14.71247, -4.6222], "size": [3, 1, 3], "inflate": -0.1, "pivot": [11.35791, 13.2374, -4.19822], "rotation": [-90, 0, 45], "uv": [65, 4]}
					]
				},
				{
					"name": "bone9",
					"parent": "bone8",
					"pivot": [11.33291, 13.22202, -4.19716],
					"cubes": [
						{"origin": [10.92556, 14.71937, -1.49859], "size": [3, 1, 3], "inflate": -0.1, "pivot": [11.35056, 13.23005, -1.06319], "rotation": [-90, 0, 45], "uv": [64, 31]}
					]
				},
				{
					"name": "hand_right",
					"parent": "body_top",
					"pivot": [-3.51735, 19.52202, -1.53816]
				},
				{
					"name": "hand_1_motion",
					"parent": "hand_right",
					"pivot": [-2.51735, 11.52202, 0.16184]
				},
				{
					"name": "hand_one_l2",
					"parent": "hand_1_motion",
					"pivot": [-3.57455, 11.52202, -0.44834],
					"cubes": [
						{"origin": [-5.57455, 10.52202, -1.44834], "size": [4, 2, 2], "inflate": -0.025, "uv": [0, 66], "mirror": true}
					]
				},
				{
					"name": "hand_2_motion",
					"parent": "hand_one_l2",
					"pivot": [-4.75789, 11.59634, -0.48167]
				},
				{
					"name": "hand_two_l2",
					"parent": "hand_2_motion",
					"pivot": [-4.57455, 11.54702, -0.48584],
					"cubes": [
						{"origin": [-8.57455, 10.52202, -1.44834], "size": [4, 2, 2], "uv": [42, 63], "mirror": true},
						{"origin": [-11.57455, 10.07202, -2.02334], "size": [5, 3, 3], "uv": [58, 60], "mirror": true}
					]
				},
				{
					"name": "bone11",
					"parent": "hand_two_l2",
					"pivot": [8.70045, 19.52202, -1.44834],
					"cubes": [
						{"origin": [-11.49955, 9.69497, -2.47334], "size": [4, 4, 4], "uv": [14, 59], "mirror": true}
					]
				},
				{
					"name": "bone12",
					"parent": "bone11",
					"pivot": [-11.97455, 13.19702, -0.47334],
					"rotation": [0, 45, 0],
					"cubes": [
						{"origin": [-13.12446, 12.79117, -1.65167], "size": [3, 1, 3], "inflate": -0.1, "uv": [64, 27], "mirror": true},
						{"origin": [-13.15289, 9.60107, -1.62325], "size": [3, 1, 3], "inflate": -0.1, "uv": [64, 16], "mirror": true}
					]
				},
				{
					"name": "bone13",
					"parent": "bone11",
					"pivot": [-11.47455, 13.22202, -4.02228],
					"cubes": [
						{"origin": [-14.07455, 14.71247, -4.44834], "size": [3, 1, 3], "inflate": -0.1, "pivot": [-11.49955, 13.2374, -4.02334], "rotation": [-90, 0, -45], "uv": [65, 4], "mirror": true}
					]
				},
				{
					"name": "bone23",
					"parent": "bone13",
					"pivot": [-11.47455, 13.22202, -4.02228],
					"cubes": [
						{"origin": [-14.06721, 14.71937, -1.3237], "size": [3, 1, 3], "inflate": -0.1, "pivot": [-11.49221, 13.23005, -0.88831], "rotation": [-90, 0, -45], "uv": [64, 31], "mirror": true}
					]
				},
				{
					"name": "head",
					"parent": "body_top",
					"pivot": [-0.51635, 17.75127, 1.85536],
					"rotation": [25, 0, 0],
					"cubes": [
						{"origin": [1.20865, 20.65512, 0.74166], "size": [1, 2, 1], "inflate": -0.3, "pivot": [2.05865, 22.15512, 1.66666], "rotation": [-90, 0, 0], "uv": [0, 0]},
						{"origin": [-2.21635, 20.65512, 0.74166], "size": [1, 2, 1], "inflate": -0.3, "pivot": [-2.06635, 22.15512, 1.66666], "rotation": [-90, 0, 0], "uv": [10, 22]},
						{"origin": [-2.54135, 22.75901, -3.10462], "size": [5, 0, 5], "uv": [0, 0]},
						{"origin": [2.45865, 17.75901, -3.10462], "size": [0, 5, 5], "uv": [32, 39]},
						{"origin": [-2.54135, 17.75901, 1.87038], "size": [5, 5, 0], "inflate": 0.01, "uv": [17, 0]},
						{"origin": [-2.51535, 17.75901, -3.12962], "size": [0, 5, 5], "uv": [17, 27]},
						{"origin": [-2.20865, 21.65512, 0.81666], "size": [1, 1, 6], "inflate": -0.3, "pivot": [-2.05865, 22.15512, 1.71666], "rotation": [-90, 0, 0], "uv": [9, 9], "mirror": true},
						{"origin": [1.20865, 21.65512, 0.81666], "size": [1, 1, 6], "inflate": -0.3, "pivot": [2.05865, 22.15512, 1.71666], "rotation": [-90, 0, 0], "uv": [9, 9]}
					]
				},
				{
					"name": "bone4",
					"parent": "head",
					"pivot": [-1.51635, -1.26599, 3.89538],
					"cubes": [
						{"origin": [-2.47635, 22.73381, -5.02962], "size": [2, 0, 3], "pivot": [-1.51635, 22.73401, -2.60462], "rotation": [0, -56.75, 0], "uv": [8, 5]},
						{"origin": [0.38365, 22.73391, -5.05462], "size": [2, 0, 3], "pivot": [1.48365, 22.73401, -2.60462], "rotation": [0, 55, 0], "uv": [8, 16]}
					]
				},
				{
					"name": "faceplate",
					"parent": "head",
					"pivot": [2.48365, 21.23401, -3.05462]
				},
				{
					"name": "plate_left",
					"parent": "faceplate",
					"pivot": [2.45865, 21.23401, -3.07962],
					"cubes": [
						{"origin": [-0.54592, 19.73391, -3.01735], "size": [3, 3, 0], "pivot": [2.45408, 21.23391, -3.04235], "rotation": [0, -35, 0], "uv": [45, 44]}
					]
				},
				{
					"name": "eye",
					"parent": "plate_left",
					"pivot": [2.45865, 21.23401, -3.07962],
					"cubes": [
						{"origin": [0.20408, 19.08391, -2.9925], "size": [1, 2, 0], "pivot": [2.45408, 21.23391, -3.04235], "rotation": [-15.00046, -31.99975, 26.82396], "uv": [13, 68]},
						{"origin": [0.79908, 21.53391, -4.52767], "size": [1, 1, 1], "inflate": -0.025, "pivot": [2.4461, 21.58391, -3.87767], "rotation": [32.5, 55, 0], "uv": [8, 71]},
						{"origin": [0.8961, 20.85891, -4.47767], "size": [1, 1, 1], "inflate": -0.15, "pivot": [2.4461, 21.58391, -3.90267], "rotation": [0, 55, 0], "uv": [-1, 74]},
						{"origin": [1.12308, 20.85891, -4.47767], "size": [1, 1, 1], "inflate": -0.375, "pivot": [2.4461, 21.58391, -3.90267], "rotation": [0, 55, 0], "uv": [-1, 74]},
						{"origin": [0.94708, 20.85891, -4.47767], "size": [1, 1, 1], "inflate": -0.2, "pivot": [2.4461, 21.58391, -3.90267], "rotation": [0, 55, 0], "uv": [4, 71]}
					]
				},
				{
					"name": "plate_right",
					"parent": "faceplate",
					"pivot": [-2.49135, 21.23401, -3.05462],
					"cubes": [
						{"origin": [-2.472, 19.73381, -3.10411], "size": [3, 3, 0], "pivot": [-2.48499, 21.23381, -3.04236], "rotation": [0, 32.5, 0], "uv": [9, 27]}
					]
				},
				{
					"name": "eye2",
					"parent": "plate_right",
					"pivot": [-2.54135, 21.23401, -3.10462],
					"rotation": [0, -2.5, 0],
					"cubes": [
						{"origin": [-1.28446, 19.08381, -3.0428], "size": [1, 2, 0], "pivot": [-2.48446, 21.23381, -3.04265], "rotation": [-15.00046, 31.99975, -26.82396], "uv": [13, 68], "mirror": true},
						{"origin": [-1.87946, 21.53381, -4.60297], "size": [1, 1, 1], "inflate": -0.025, "pivot": [-2.52647, 21.58381, -3.92797], "rotation": [32.5, -55, 0], "uv": [8, 71], "mirror": true},
						{"origin": [-2.00147, 20.85881, -4.52797], "size": [1, 1, 1], "inflate": -0.15, "pivot": [-2.52647, 21.58381, -3.92797], "rotation": [0, -55, 0], "uv": [-1, 74], "mirror": true},
						{"origin": [-2.22846, 20.85881, -4.52797], "size": [1, 1, 1], "inflate": -0.375, "pivot": [-2.52647, 21.58381, -3.92797], "rotation": [0, -55, 0], "uv": [-1, 74], "mirror": true},
						{"origin": [-2.05246, 20.85881, -4.52797], "size": [1, 1, 1], "inflate": -0.2, "pivot": [-2.52647, 21.58381, -3.92797], "rotation": [0, -55, 0], "uv": [4, 71], "mirror": true}
					]
				},
				{
					"name": "bone14",
					"parent": "head",
					"pivot": [2.48365, 21.63401, -3.10462],
					"cubes": [
						{"origin": [-2.62836, 20.13401, -2.89137], "size": [3, 2, 2], "pivot": [-2.51635, 21.63401, -3.10462], "rotation": [0, 32.5, 0], "uv": [12, 68]},
						{"origin": [-0.42934, 20.13411, -2.89137], "size": [3, 2, 2], "pivot": [2.48365, 21.63401, -3.10462], "rotation": [0, -32.5, 0], "uv": [12, 68], "mirror": true}
					]
				},
				{
					"name": "zigzack_l",
					"parent": "body_top",
					"pivot": [2.03365, 21.65131, -0.03205],
					"cubes": [
						{"origin": [2.21035, 16.35131, 1.99295], "size": [1, 1, 3], "inflate": -0.3, "pivot": [2.03365, 21.65131, -0.03205], "rotation": [-65, 0, 0], "uv": [0, 75]}
					]
				},
				{
					"name": "bone17",
					"parent": "zigzack_l",
					"pivot": [2.03365, 21.65131, -0.03205]
				},
				{
					"name": "zigzack_r",
					"parent": "body_top",
					"pivot": [-2.06635, 21.65131, -0.03205],
					"cubes": [
						{"origin": [-3.24305, 14.10924, -4.46568], "size": [1, 1, 3], "inflate": -0.3, "pivot": [-2.74135, 14.55924, -2.89068], "rotation": [57.5, 0, 0], "uv": [0, 75], "mirror": true}
					]
				},
				{
					"name": "bone16",
					"parent": "zigzack_r",
					"pivot": [-2.06635, 21.65131, -0.03205],
					"cubes": [
						{"origin": [-3.24305, 12.60131, 1.76795], "size": [1, 1, 3], "inflate": -0.3, "pivot": [-2.06635, 17.87631, -0.28205], "rotation": [-65, 0, 0], "uv": [0, 75], "mirror": true}
					]
				},
				{
					"name": "tail",
					"parent": "body",
					"pivot": [-0.51635, 0.00127, 0.46201],
					"cubes": [
						{"origin": [-3.51635, 4.72627, 3.41201], "size": [7, 5, 9], "inflate": -0.125, "pivot": [-0.51635, 5.00127, 6.46201], "rotation": [15, 0, 0], "uv": [17, 16]}
					]
				},
				{
					"name": "right",
					"parent": "tail",
					"pivot": [-1.26635, 9.50127, 10.96201]
				},
				{
					"name": "bone20",
					"parent": "right",
					"pivot": [-1.51635, 8.50127, 11.23701],
					"cubes": [
						{"origin": [-3.26635, 8.00127, 10.78701], "size": [2, 1, 1], "inflate": -0.225, "pivot": [-1.51635, 8.50127, 11.23701], "rotation": [14.51082, -3.84097, 14.51082], "uv": [1, 83], "mirror": true},
						{"origin": [-1.71635, 8.00127, 10.78701], "size": [1, 1, 1], "inflate": -0.225, "pivot": [-1.51635, 8.50127, 11.23701], "rotation": [14.51082, -3.84097, 14.51082], "uv": [1, 83], "mirror": true}
					]
				},
				{
					"name": "bone21",
					"parent": "right",
					"pivot": [-1.26635, 9.50127, 10.96201],
					"cubes": [
						{"origin": [-3.01635, 9.00127, 10.51201], "size": [2, 1, 1], "inflate": -0.225, "pivot": [-1.26635, 9.50127, 10.96201], "rotation": [14.51082, -3.84097, 14.51082], "uv": [1, 83], "mirror": true},
						{"origin": [-1.46635, 9.00127, 10.51201], "size": [1, 1, 1], "inflate": -0.225, "pivot": [-1.26635, 9.50127, 10.96201], "rotation": [14.51082, -3.84097, 14.51082], "uv": [1, 83], "mirror": true}
					]
				},
				{
					"name": "left",
					"parent": "tail",
					"pivot": [1.23365, 9.50127, 10.96201]
				},
				{
					"name": "bone19",
					"parent": "left",
					"pivot": [1.48365, 8.50127, 11.23701],
					"cubes": [
						{"origin": [1.23365, 8.00127, 10.78701], "size": [2, 1, 1], "inflate": -0.225, "pivot": [1.48365, 8.50127, 11.23701], "rotation": [14.51082, 3.84097, -14.51082], "uv": [1, 83]},
						{"origin": [0.68365, 8.00127, 10.78701], "size": [1, 1, 1], "inflate": -0.225, "pivot": [1.48365, 8.50127, 11.23701], "rotation": [14.51082, 3.84097, -14.51082], "uv": [1, 83]}
					]
				},
				{
					"name": "bone18",
					"parent": "left",
					"pivot": [1.23365, 9.50127, 10.96201],
					"cubes": [
						{"origin": [0.98365, 9.00127, 10.51201], "size": [2, 1, 1], "inflate": -0.225, "pivot": [1.23365, 9.50127, 10.96201], "rotation": [14.51082, 3.84097, -14.51082], "uv": [1, 83]},
						{"origin": [0.43365, 9.00127, 10.51201], "size": [1, 1, 1], "inflate": -0.225, "pivot": [1.23365, 9.50127, 10.96201], "rotation": [14.51082, 3.84097, -14.51082], "uv": [1, 83]}
					]
				},
				{
					"name": "leg_left",
					"parent": "duraludon",
					"pivot": [4, 8, 0]
				},
				{
					"name": "leg_front_left",
					"parent": "leg_left",
					"pivot": [-4.7, 6.5, -0.4],
					"rotation": [0, -90, 0]
				},
				{
					"name": "leg_front2_left",
					"parent": "leg_front_left",
					"pivot": [-5.7, 6.5, -6.4]
				},
				{
					"name": "leg_front3_left",
					"parent": "leg_front2_left",
					"pivot": [-5.7, 2, -10.4],
					"rotation": [-10, 0, 0],
					"cubes": [
						{"origin": [-7.2, 2, -12.9], "size": [5, 6, 4], "uv": [46, 26], "mirror": true}
					]
				},
				{
					"name": "leg_front4_left",
					"parent": "leg_front3_left",
					"pivot": [-5.7, 8, -10.9],
					"cubes": [
						{"origin": [-6.675, 6.075, -10.9], "size": [4, 3, 3], "pivot": [-5.7, 8, -10.9], "rotation": [-10, 0, 0], "uv": [0, 5], "mirror": true}
					]
				},
				{
					"name": "legspike_front_left",
					"parent": "leg_front3_left",
					"pivot": [-5.7, 8, -10.9],
					"rotation": [-45, 0, 0]
				},
				{
					"name": "toe_front_left",
					"parent": "leg_front2_left",
					"pivot": [-5.7, 1, -14.4]
				},
				{
					"name": "bone2",
					"parent": "toe_front_left",
					"pivot": [-7.45, 0.5, -10.7]
				},
				{
					"name": "bone",
					"parent": "bone2",
					"pivot": [-6.0875, 3, -10.7125],
					"cubes": [
						{"origin": [-8.225, 0, -13.225], "size": [7, 3, 5], "inflate": 0.01, "uv": [40, 13], "mirror": true},
						{"origin": [-8.45, 0, -11.7], "size": [2, 1, 2], "pivot": [-7.45, 0.5, -10.7], "rotation": [0, -45, 0], "uv": [17, 20], "mirror": true}
					]
				},
				{
					"name": "toe_front_left2",
					"parent": "toe_front_left",
					"pivot": [-5.7, 2, -16.4],
					"rotation": [-10, 0, 0]
				},
				{
					"name": "leg_right",
					"parent": "duraludon",
					"pivot": [-4, 8, 0]
				},
				{
					"name": "leg_front_right",
					"parent": "leg_right",
					"pivot": [4.7, 6.5, -0.4],
					"rotation": [0, 90, 0]
				},
				{
					"name": "leg_front2_right",
					"parent": "leg_front_right",
					"pivot": [5.7, 6.5, -6.4]
				},
				{
					"name": "leg_front3_right",
					"parent": "leg_front2_right",
					"pivot": [5.7, 2, -10.4],
					"rotation": [-10, 0, 0],
					"cubes": [
						{"origin": [2.2, 2, -12.9], "size": [5, 6, 4], "uv": [46, 26]}
					]
				},
				{
					"name": "leg_front4_right",
					"parent": "leg_front3_right",
					"pivot": [5.7, 8, -10.9],
					"cubes": [
						{"origin": [2.675, 6.075, -10.9], "size": [4, 3, 3], "pivot": [5.7, 8, -10.9], "rotation": [-10, 0, 0], "uv": [0, 5]}
					]
				},
				{
					"name": "legspike_front_right",
					"parent": "leg_front3_right",
					"pivot": [5.7, 8, -10.9],
					"rotation": [-45, 0, 0]
				},
				{
					"name": "toe_front_right",
					"parent": "leg_front2_right",
					"pivot": [5.7, 1, -14.4]
				},
				{
					"name": "bone6",
					"parent": "toe_front_right",
					"pivot": [7.45, 0.5, -10.7]
				},
				{
					"name": "bone3",
					"parent": "bone6",
					"pivot": [6.0875, 3, -10.7125],
					"cubes": [
						{"origin": [1.225, 0, -13.225], "size": [7, 3, 5], "inflate": 0.01, "uv": [40, 13]},
						{"origin": [6.45, 0, -11.7], "size": [2, 1, 2], "pivot": [7.45, 0.5, -10.7], "rotation": [0, 45, 0], "uv": [17, 20]}
					]
				},
				{
					"name": "toe_front_right2",
					"parent": "toe_front_right",
					"pivot": [5.7, 2, -16.4],
					"rotation": [-10, 0, 0]
				}
			]
		}
	]
}