{
	"format_version": "1.12.0",
	"minecraft:geometry": [
		{
			"description": {
				"identifier": "geometry.mareanie",
				"texture_width": 128,
				"texture_height": 128,
				"visible_bounds_width": 4,
				"visible_bounds_height": 3.5,
				"visible_bounds_offset": [0, 1.25, 0]
			},
			"bones": [
				{
					"name": "mareanie",
					"pivot": [0, 0, 0]
				},
				{
					"name": "body",
					"parent": "mareanie",
					"pivot": [0, 2.32826, -0.03607],
					"cubes": [
						{"origin": [-3, 5, -8], "size": [6, 0, 8], "pivot": [0, 0, 0], "rotation": [-147.82282, 25.588, -175.629], "uv": [58, 26]},
						{"origin": [-3, 5, -8], "size": [6, 0, 8], "pivot": [0, 0, 0], "rotation": [-147.82282, -25.588, 175.629], "uv": [58, 26], "mirror": true},
						{"origin": [-8, 5, -5], "size": [6, 0, 10], "pivot": [0, 0, 0], "rotation": [0, 0, -30], "uv": [36, 44], "mirror": true},
						{"origin": [-3, 5, -8], "size": [6, 0, 8], "pivot": [0, 0, 0], "rotation": [30.6777, -21.3169, -0.38313], "uv": [24, 65], "mirror": true},
						{"origin": [-3, 5, -8], "size": [6, 0, 8], "pivot": [0, 0, 0], "rotation": [30.6777, 21.3169, 0.38313], "uv": [24, 65]},
						{"origin": [2, 5, -5], "size": [6, 0, 10], "pivot": [0, 0, 0], "rotation": [0, 0, 30], "uv": [36, 44]},
						{"origin": [-5, 0, -5], "size": [10, 7, 10], "uv": [36, 27]}
					]
				},
				{
					"name": "body2",
					"parent": "body",
					"pivot": [0, 7.76942, -0.1518],
					"cubes": [
						{"origin": [-4, 10, -4], "size": [6, 0, 8], "pivot": [0, 1, 0], "rotation": [0, 0, -30], "uv": [48, 65]},
						{"origin": [-4, 7, -4], "size": [8, 4, 8], "uv": [36, 0]},
						{"origin": [-3, 12, -5], "size": [5, 0, 5], "pivot": [0, 7, 0], "rotation": [46.71342, 20.45838, 6.13339], "uv": [53, 44]},
						{"origin": [-2, 12, -5], "size": [5, 0, 5], "pivot": [0, 7, 0], "rotation": [46.71342, -20.45838, -6.13339], "uv": [53, 44], "mirror": true},
						{"origin": [-2, 10, -4], "size": [6, 0, 8], "pivot": [0, 1, 0], "rotation": [0, 0, 30], "uv": [48, 65], "mirror": true},
						{"origin": [-2, 11, -5], "size": [4, 0, 5], "pivot": [0, 6, 0], "rotation": [-147.82282, -25.588, 175.629], "uv": [31, 0], "mirror": true},
						{"origin": [-2, 11, -5], "size": [4, 0, 5], "pivot": [0, 6, 0], "rotation": [-147.82282, 25.588, -175.629], "uv": [31, 0]}
					]
				},
				{
					"name": "neck",
					"parent": "body2",
					"pivot": [0, 11, 0],
					"cubes": [
						{"origin": [-3.5, 11, -3.5], "size": [7, 2, 7], "uv": [61, 8]}
					]
				},
				{
					"name": "head",
					"parent": "neck",
					"pivot": [0.00397, 13.34743, -2.57762],
					"cubes": [
						{"origin": [-6, 13, -6], "size": [12, 11, 12], "uv": [0, 0]},
						{"origin": [5.3, 12.7, -8], "size": [2, 2, 0], "pivot": [0.5, -2, 0], "rotation": [-5.93888, -3.78739, -31.21623], "uv": [0, 48]},
						{"origin": [-7.3, 12.7, -8], "size": [2, 2, 0], "pivot": [-0.5, -2, 0], "rotation": [-5.93888, 3.78739, 31.21623], "uv": [0, 48], "mirror": true},
						{"origin": [11, 9, -3.9], "size": [2, 2, 0], "pivot": [0, -2, 0], "rotation": [5.019, 4.98093, -44.56312], "uv": [0, 33], "mirror": true}
					]
				},
				{
					"name": "eyes",
					"parent": "head",
					"pivot": [0, 18.27538, -5.65],
					"cubes": [
						{"origin": [-1, 17.5, -6.2], "size": [1, 2, 1], "pivot": [0, -2, 0], "rotation": [0, 0, 10], "uv": [40, 5], "mirror": true},
						{"origin": [-2.5, 17, -6.1], "size": [4, 3, 1], "pivot": [0, -2, 0], "rotation": [0, 0, 10], "uv": [0, 23], "mirror": true},
						{"origin": [0, 17.5, -6.2], "size": [1, 2, 1], "pivot": [0, -2, 0], "rotation": [0, 0, -10], "uv": [40, 5]},
						{"origin": [-1.5, 17, -6.1], "size": [4, 3, 1], "pivot": [0, -2, 0], "rotation": [0, 0, -10], "uv": [0, 23]}
					]
				},
				{
					"name": "tophead",
					"parent": "head",
					"pivot": [-0.13765, 26.57238, -0.33676],
					"cubes": [
						{"origin": [-1, 26.8, -1], "size": [2, 4, 2], "uv": [0, 0]},
						{"origin": [-2.6, 25.9, 1.5], "size": [2, 3, 0], "pivot": [0, -2, 0], "rotation": [-85.39114, -87.31411, 92.10886], "uv": [0, 37]},
						{"origin": [0.6, 25.9, 1.5], "size": [2, 3, 0], "pivot": [0, -2, 0], "rotation": [-85.39114, 87.31411, -92.10886], "uv": [0, 37], "mirror": true},
						{"origin": [-3.7, 26.4, -2], "size": [2, 3, 0], "pivot": [0, -2, 0], "rotation": [-3.17805, -32.36121, 5.92236], "uv": [34, 23]},
						{"origin": [-3.6, 26.4, -2.1], "size": [2, 3, 0], "pivot": [0, -2, 0], "rotation": [-10.67805, -32.36121, 5.92236], "uv": [38, 23], "mirror": true},
						{"origin": [1.7, 26.4, -2], "size": [2, 3, 0], "pivot": [0, -2, 0], "rotation": [-3.17805, 32.36121, -5.92236], "uv": [34, 23], "mirror": true},
						{"origin": [-5.5, 23.8, -6], "size": [11, 3, 12], "uv": [0, 23]},
						{"origin": [1.6, 26.4, -2.1], "size": [2, 3, 0], "pivot": [0, -2, 0], "rotation": [-10.67805, 32.36121, -5.92236], "uv": [38, 23]}
					]
				},
				{
					"name": "tentacle26",
					"parent": "tophead",
					"pivot": [3.53682, 24.25844, 3.43601],
					"cubes": [
						{"origin": [2.8, 23, -4.4], "size": [6, 3, 5], "pivot": [-1.4, -2, -3], "rotation": [-3.64103, -35.38101, 1.47284], "uv": [19, 82]}
					]
				},
				{
					"name": "tentacle27",
					"parent": "tentacle26",
					"pivot": [6.4077, 24.70009, 4.59688],
					"cubes": [
						{"origin": [-19.9, 16.8, -0.5], "size": [1, 2, 0], "pivot": [1.1, -2, -3], "rotation": [-37.78381, -14.24, 72.39545], "uv": [5, 126]},
						{"origin": [-20.9, 11.3, -0.5], "size": [1, 2, 0], "pivot": [1.1, -2, -3], "rotation": [-39.75778, -4.81281, 84.2411], "uv": [5, 126]},
						{"origin": [-22.4, 8.3, -2.3], "size": [11, 3, 5], "pivot": [2.6, -2, -2.3], "rotation": [-37.13478, -5.41608, 79.10201], "uv": [0, 54]}
					]
				},
				{
					"name": "tentacle28",
					"parent": "tentacle27",
					"pivot": [7.6578, 13.68953, 5.36188],
					"cubes": [
						{"origin": [-13.4, 5.6, -2.3], "size": [7, 3, 5], "pivot": [2.6, -2, -2.3], "rotation": [-37.46641, 0.65366, 87.05985], "uv": [74, 73]}
					]
				},
				{
					"name": "tentacle29",
					"parent": "tentacle28",
					"pivot": [7.96281, 7.84642, 5.01303],
					"cubes": [
						{"origin": [-4.4, 7.9, -2.3], "size": [5, 3, 5], "pivot": [2.6, -2, -2.3], "rotation": [-36.64932, -8.41888, 75.0743], "uv": [92, 25]},
						{"origin": [0.6, 8.9, -0.3], "size": [2, 1, 1], "pivot": [2.6, -2, -2.3], "rotation": [-36.64932, -8.41888, 75.0743], "uv": [0, 29]}
					]
				},
				{
					"name": "tentacle",
					"parent": "tophead",
					"pivot": [5.34862, 24.1554, -4.39924],
					"cubes": [
						{"origin": [-3.4, 23.5, -2], "size": [6, 3, 5], "pivot": [-1.4, -1.5, -2], "rotation": [10.29354, 38.86967, 16.14054], "uv": [0, 87]}
					]
				},
				{
					"name": "tentacle2",
					"parent": "tentacle",
					"pivot": [7.11585, 24.02421, -5.72123],
					"cubes": [
						{"origin": [-26.4, 8.8, -2], "size": [11, 3, 5], "pivot": [-1.4, -1.5, -2], "rotation": [39.75778, 4.81281, 84.2411], "uv": [60, 0]},
						{"origin": [-23.4, 11.8, 0.5], "size": [1, 2, 0], "pivot": [-1.4, -1.5, -2], "rotation": [39.75778, 4.81281, 84.2411], "uv": [5, 126]},
						{"origin": [-22.4, 17.3, 0.5], "size": [1, 2, 0], "pivot": [-1.4, -1.5, -2], "rotation": [37.78381, 14.24, 72.39545], "uv": [5, 126]}
					]
				},
				{
					"name": "tantacle",
					"parent": "tentacle2",
					"pivot": [7.58902, 13.59117, -6.27916],
					"cubes": [
						{"origin": [-17.4, 6.1, -2], "size": [7, 3, 5], "pivot": [-1.4, -1.5, -2], "rotation": [39.97314, -1.60667, 91.91561], "uv": [80, 65]}
					]
				},
				{
					"name": "tentacle3",
					"parent": "tantacle",
					"pivot": [7.42649, 7.69551, -5.98189],
					"cubes": [
						{"origin": [-8.4, 8.6, -2], "size": [5, 3, 5], "pivot": [-1.4, -1.5, -2], "rotation": [39.32466, 7.9972, 80.36154], "uv": [92, 33]},
						{"origin": [-3.4, 9.6, 0], "size": [2, 1, 1], "pivot": [-1.4, -1.5, -2], "rotation": [39.32466, 7.9972, 80.36154], "uv": [0, 31]}
					]
				},
				{
					"name": "tentacle8",
					"parent": "tophead",
					"pivot": [0, 24.09498, -5.73714],
					"cubes": [
						{"origin": [-3.5, 18, 11], "size": [7, 4, 5], "pivot": [-0.5, -1.5, 0], "rotation": [45, 0, 0], "uv": [26, 73]},
						{"origin": [0, 18.3, 17.6], "size": [0, 2, 1], "pivot": [-0.5, -1.5, 0], "rotation": [57.5, 0, 0], "uv": [0, 125]}
					]
				},
				{
					"name": "tentacle9",
					"parent": "tentacle8",
					"pivot": [0, 21.80434, -7.73596],
					"cubes": [
						{"origin": [-2, 14, 13.6], "size": [4, 3, 5], "pivot": [-0.5, -1.5, 0], "rotation": [65, 0, 0], "uv": [95, 11]},
						{"origin": [0, 17, 15.6], "size": [0, 2, 1], "pivot": [-0.5, -1.5, 0], "rotation": [65, 0, 0], "uv": [0, 125]}
					]
				},
				{
					"name": "tentacle10",
					"parent": "tophead",
					"pivot": [-5.63613, 24.02222, -0.82091],
					"cubes": [
						{"origin": [-1.6, 22.9, -3.5], "size": [4, 3, 6], "pivot": [-1.6, -2.5, -2.5], "rotation": [0.80743, -1.69242, -14.89643], "uv": [39, 90], "mirror": true}
					]
				},
				{
					"name": "tentacle11",
					"parent": "tentacle10",
					"pivot": [-7.59328, 23.92628, -0.53452],
					"cubes": [
						{"origin": [12.4, 7.8, -4], "size": [11, 3, 6], "pivot": [-1.6, -2.5, -4], "rotation": [-2.47864, 0.32621, -77.50706], "uv": [42, 17], "mirror": true},
						{"origin": [20.9, 17.3, -0.5], "size": [1, 2, 0], "pivot": [0.9, -1.5, -3], "rotation": [0, 0, -67.5], "uv": [5, 126], "mirror": true},
						{"origin": [21.9, 11.8, -0.5], "size": [1, 2, 0], "pivot": [0.9, -1.5, -3], "rotation": [0, 0, -82.5], "uv": [5, 126], "mirror": true}
					]
				},
				{
					"name": "tentacle12",
					"parent": "tentacle11",
					"pivot": [-10.0066, 13.37283, -0.58251],
					"cubes": [
						{"origin": [7.4, 5.1, -4], "size": [7, 3, 6], "pivot": [-1.6, -2.5, -4], "rotation": [-2.49762, -0.10901, -87.49762], "uv": [70, 38], "mirror": true}
					]
				},
				{
					"name": "tentacle13",
					"parent": "tentacle12",
					"pivot": [-10.21925, 7.4483, -0.55612],
					"cubes": [
						{"origin": [0.4, 7.1, -4], "size": [5, 3, 6], "pivot": [-1.6, -2.5, -4], "rotation": [-2.44081, 0.54094, -72.51152], "uv": [44, 81], "mirror": true},
						{"origin": [-1.6, 8.1, -1.5], "size": [2, 1, 1], "pivot": [-1.6, -2.5, -4], "rotation": [-2.44081, 0.54094, -72.51152], "uv": [6, 29], "mirror": true}
					]
				},
				{
					"name": "tentacle18",
					"parent": "tophead",
					"pivot": [1.8493, 24.72575, 5.31655],
					"cubes": [
						{"origin": [3.6, 23.2, -5.7], "size": [6, 3, 5], "pivot": [-1.4, -1.5, -2], "rotation": [0.0393, -73.36564, -0.45422], "uv": [87, 3]}
					]
				},
				{
					"name": "tentacle23",
					"parent": "tentacle18",
					"pivot": [2.82826, 25.02421, 7.5202],
					"cubes": [
						{"origin": [-22.4, 8.8, -2], "size": [11, 3, 5], "pivot": [2.6, -1.5, -2], "rotation": [-74.87647, -7.24305, 88.04845], "uv": [59, 57], "mirror": true},
						{"origin": [-20.9, 11.8, 0.5], "size": [1, 2, 0], "pivot": [1.1, -1.5, -2], "rotation": [-67.32542, -6.92618, 87.11581], "uv": [5, 126]},
						{"origin": [-19.9, 17.3, 0.5], "size": [1, 2, 0], "pivot": [1.1, -1.5, -2], "rotation": [-65.85133, -20.70481, 80.99283], "uv": [5, 126]}
					]
				},
				{
					"name": "tentacle24",
					"parent": "tentacle23",
					"pivot": [2.67932, 13.59117, 8.95527],
					"cubes": [
						{"origin": [-13.4, 6.1, -2], "size": [7, 3, 5], "pivot": [2.6, -1.5, -2], "rotation": [-74.98635, 2.41476, 90.64743], "uv": [0, 79], "mirror": true}
					]
				},
				{
					"name": "tentacle25",
					"parent": "tentacle24",
					"pivot": [2.91173, 7.65223, 7.82266],
					"cubes": [
						{"origin": [-4.4, 8.4, -2], "size": [5, 3, 5], "pivot": [2.6, -1.5, -2], "rotation": [-74.65279, -12.06754, 86.71604], "uv": [0, 95], "mirror": true},
						{"origin": [0.6, 9.4, 0], "size": [2, 1, 1], "pivot": [2.6, -1.5, -2], "rotation": [-74.65279, -12.06754, 86.71604], "uv": [6, 27]}
					]
				},
				{
					"name": "tentacle14",
					"parent": "tophead",
					"pivot": [-4.53682, 24.25844, 3.43601],
					"cubes": [
						{"origin": [-8.8, 23, -4.4], "size": [6, 3, 5], "pivot": [1.4, -2, -3], "rotation": [-3.64103, 35.38101, -1.47284], "uv": [19, 82], "mirror": true}
					]
				},
				{
					"name": "tentacle15",
					"parent": "tentacle14",
					"pivot": [-6.4077, 24.70009, 4.59688],
					"cubes": [
						{"origin": [11.4, 8.3, -2.3], "size": [11, 3, 5], "pivot": [-2.6, -2, -2.3], "rotation": [-37.13478, 5.41608, -79.10201], "uv": [0, 54], "mirror": true},
						{"origin": [18.9, 16.8, -0.5], "size": [1, 2, 0], "pivot": [-1.1, -2, -3], "rotation": [-37.78381, 14.24, -72.39545], "uv": [5, 126], "mirror": true},
						{"origin": [19.9, 11.3, -0.5], "size": [1, 2, 0], "pivot": [-1.1, -2, -3], "rotation": [-39.75778, 4.81281, -84.2411], "uv": [5, 126], "mirror": true}
					]
				},
				{
					"name": "tentacle16",
					"parent": "tentacle15",
					"pivot": [-7.6578, 13.68953, 5.36188],
					"cubes": [
						{"origin": [6.4, 5.6, -2.3], "size": [7, 3, 5], "pivot": [-2.6, -2, -2.3], "rotation": [-37.46641, -0.65366, -87.05985], "uv": [74, 73], "mirror": true}
					]
				},
				{
					"name": "tentacle17",
					"parent": "tentacle16",
					"pivot": [-7.96281, 7.84642, 5.01303],
					"cubes": [
						{"origin": [-0.6, 7.9, -2.3], "size": [5, 3, 5], "pivot": [-2.6, -2, -2.3], "rotation": [-36.64932, 8.41888, -75.0743], "uv": [92, 25], "mirror": true},
						{"origin": [-2.6, 8.9, -0.3], "size": [2, 1, 1], "pivot": [-2.6, -2, -2.3], "rotation": [-36.64932, 8.41888, -75.0743], "uv": [0, 29], "mirror": true}
					]
				},
				{
					"name": "tentacle19",
					"parent": "tophead",
					"pivot": [-1.8493, 24.72575, 5.31655],
					"cubes": [
						{"origin": [-9.6, 23.2, -5.7], "size": [6, 3, 5], "pivot": [1.4, -1.5, -2], "rotation": [0.0393, 73.36564, 0.45422], "uv": [87, 3], "mirror": true}
					]
				},
				{
					"name": "tentacle20",
					"parent": "tentacle19",
					"pivot": [-2.82826, 25.02421, 7.5202],
					"cubes": [
						{"origin": [11.4, 8.8, -2], "size": [11, 3, 5], "pivot": [-2.6, -1.5, -2], "rotation": [-74.87647, 7.24305, -88.04845], "uv": [59, 57]},
						{"origin": [19.9, 11.8, 0.5], "size": [1, 2, 0], "pivot": [-1.1, -1.5, -2], "rotation": [-67.32542, 6.92618, -87.11581], "uv": [5, 126], "mirror": true},
						{"origin": [18.9, 17.3, 0.5], "size": [1, 2, 0], "pivot": [-1.1, -1.5, -2], "rotation": [-65.85133, 20.70481, -80.99283], "uv": [5, 126], "mirror": true}
					]
				},
				{
					"name": "tentacle21",
					"parent": "tentacle20",
					"pivot": [-2.67932, 13.59117, 7.95527],
					"cubes": [
						{"origin": [6.4, 6.1, -2], "size": [7, 3, 5], "pivot": [-2.6, -1.5, -2], "rotation": [-74.98635, -2.41476, -90.64743], "uv": [0, 79]}
					]
				},
				{
					"name": "tentacle22",
					"parent": "tentacle21",
					"pivot": [-2.91173, 7.65223, 7.82266],
					"cubes": [
						{"origin": [-2.6, 9.4, 0], "size": [2, 1, 1], "pivot": [-2.6, -1.5, -2], "rotation": [-74.65279, 12.06754, -86.71604], "uv": [6, 27], "mirror": true},
						{"origin": [-0.6, 8.4, -2], "size": [5, 3, 5], "pivot": [-2.6, -1.5, -2], "rotation": [-74.65279, 12.06754, -86.71604], "uv": [0, 95]}
					]
				},
				{
					"name": "tentacle4",
					"parent": "tophead",
					"pivot": [-5.34862, 24.1554, -4.39924],
					"cubes": [
						{"origin": [-2.6, 23.5, -2], "size": [6, 3, 5], "pivot": [1.4, -1.5, -2], "rotation": [10.29354, -38.86967, -16.14054], "uv": [0, 87], "mirror": true}
					]
				},
				{
					"name": "tentacle5",
					"parent": "tentacle4",
					"pivot": [-7.11585, 24.02421, -5.72123],
					"cubes": [
						{"origin": [15.4, 8.8, -2], "size": [11, 3, 5], "pivot": [1.4, -1.5, -2], "rotation": [39.75778, -4.81281, -84.2411], "uv": [60, 0], "mirror": true},
						{"origin": [22.4, 11.8, 0.5], "size": [1, 2, 0], "pivot": [1.4, -1.5, -2], "rotation": [39.75778, -4.81281, -84.2411], "uv": [5, 126], "mirror": true},
						{"origin": [21.4, 17.3, 0.5], "size": [1, 2, 0], "pivot": [1.4, -1.5, -2], "rotation": [37.78381, -14.24, -72.39545], "uv": [5, 126], "mirror": true}
					]
				},
				{
					"name": "tentacle6",
					"parent": "tentacle5",
					"pivot": [-7.58902, 13.59117, -6.27916],
					"cubes": [
						{"origin": [10.4, 6.1, -2], "size": [7, 3, 5], "pivot": [1.4, -1.5, -2], "rotation": [39.97314, 1.60667, -91.91561], "uv": [80, 65], "mirror": true}
					]
				},
				{
					"name": "tentacle7",
					"parent": "tentacle6",
					"pivot": [-6.42649, 7.69551, -6.98189],
					"cubes": [
						{"origin": [3.4, 8.6, -2], "size": [5, 3, 5], "pivot": [1.4, -1.5, -2], "rotation": [39.32466, -7.9972, -80.36154], "uv": [92, 33], "mirror": true},
						{"origin": [1.4, 9.6, 0], "size": [2, 1, 1], "pivot": [1.4, -1.5, -2], "rotation": [39.32466, -7.9972, -80.36154], "uv": [0, 31], "mirror": true}
					]
				},
				{
					"name": "tantacle2",
					"parent": "tophead",
					"pivot": [4.63613, 25.02222, -0.82091],
					"cubes": [
						{"origin": [-2.4, 22.9, -3.5], "size": [4, 3, 6], "pivot": [1.6, -2.5, -2.5], "rotation": [0.80743, 1.69242, 14.89643], "uv": [39, 90]}
					]
				},
				{
					"name": "tentacle31",
					"parent": "tantacle2",
					"pivot": [8.59328, 23.92628, -0.53452],
					"cubes": [
						{"origin": [-23.4, 7.8, -4], "size": [11, 3, 6], "pivot": [1.6, -2.5, -4], "rotation": [-2.47864, -0.32621, 77.50706], "uv": [42, 17]},
						{"origin": [-22.9, 11.8, -0.5], "size": [1, 2, 0], "pivot": [-0.9, -1.5, -3], "rotation": [0, 0, 82.5], "uv": [5, 126]},
						{"origin": [-21.9, 17.3, -0.5], "size": [1, 2, 0], "pivot": [-0.9, -1.5, -3], "rotation": [0, 0, 67.5], "uv": [5, 126]}
					]
				},
				{
					"name": "tentacle32",
					"parent": "tentacle31",
					"pivot": [10.0066, 13.37283, -0.58251],
					"cubes": [
						{"origin": [-14.4, 5.1, -4], "size": [7, 3, 6], "pivot": [1.6, -2.5, -4], "rotation": [-2.49762, 0.10901, 87.49762], "uv": [70, 38]}
					]
				},
				{
					"name": "tentacle33",
					"parent": "tentacle32",
					"pivot": [10.21925, 7.4483, -0.55612],
					"cubes": [
						{"origin": [-5.4, 7.1, -4], "size": [5, 3, 6], "pivot": [1.6, -2.5, -4], "rotation": [-2.44081, -0.54094, 72.51152], "uv": [44, 81]},
						{"origin": [-0.4, 8.1, -1.5], "size": [2, 1, 1], "pivot": [1.6, -2.5, -4], "rotation": [-2.44081, -0.54094, 72.51152], "uv": [6, 29]}
					]
				}
			]
		}
	]
}