{
	"format_version": "1.8.0",
	"animations": {
		"animation.kubfu.ground_idle": {
			"loop": true,
			"bones": {
				"torso": {
					"position": [0, "math.sin(q.anim_time*2*16)*0.3", 0]
				},
				"flap_left": {
					"rotation": ["-52.5+math.sin(q.anim_time*45*1)*11", 0, 0],
					"position": [0, 0, -1]
				},
				"flap_right": {
					"rotation": ["-52.5+math.sin(q.anim_time*45*1)*11", 0, 0],
					"position": [0, 0, -1]
				},
				"arms": {
					"position": [0, "math.sin(q.anim_time*1*16)*0.3", 0]
				},
				"arm_right": {
					"rotation": [-2.00307, 14.8687, 44.7386]
				},
				"forearm_right": {
					"rotation": [-90.61742, 6.33681, 23.67361]
				},
				"fingers_right": {
					"rotation": [0, -17.5, 0]
				},
				"arm_left": {
					"rotation": [4.70379, -12.10264, -52.37761]
				},
				"forearm_left": {
					"rotation": [-106.73634, -5.188, -16.73634]
				},
				"fingers_left": {
					"rotation": [0, 22.5, 0]
				}
			}
		},
		"animation.kubfu.faint": {
			"loop": true,
			"animation_length": 3.6667,
			"bones": {
				"1": {
					"rotation": {
						"0.0": [0, 0, 0],
						"0.375": [0, 0, 0],
						"0.7917": [0, 0, -50],
						"2.75": [0, 0, -50],
						"3.25": [0, 0, -27.5]
					},
					"position": {
						"0.0": [0, 0, 0],
						"0.375": [0, 0, 0],
						"0.7917": [0, -1, 0],
						"2.75": [0, -1, 0],
						"3.25": [0, -1.7, 0]
					}
				},
				"2": {
					"rotation": {
						"0.0": [0, 0, 0],
						"0.375": [0, 0, 0],
						"0.7917": [0, 0, 40],
						"2.75": [0, 0, 40],
						"3.25": [0, 0, 27.5]
					},
					"position": {
						"0.0": [0, 0, 0],
						"0.375": [0, 0, 0],
						"0.7917": [0, -1, 0],
						"2.75": [0, -1, 0],
						"3.25": [0, -1.7, 0]
					}
				},
				"torso": {
					"rotation": {
						"0.0": [0, 0, 0],
						"0.5": [-47.65291, 2.98407, -9.23523],
						"0.5417": [-58.06957, 2.98407, -9.23523],
						"1.0": [7.34709, 2.98407, -9.23523],
						"2.0": [-5.15291, 2.98407, -9.23523],
						"2.5": [37.34709, 2.98407, -9.23523],
						"3.0": [37.34709, 2.98407, -9.23523],
						"3.5": [-5.15291, 2.98407, -9.23523]
					},
					"position": {
						"0.0": [0, "math.sin(q.anim_time*2*16)*0.3", 0],
						"1.0": [0, "math.sin(q.anim_time*2*16)*0.3", 0],
						"2.0": [0, "math.sin(q.anim_time*2*16)*0.3", 0],
						"2.5": [0, "math.sin(q.anim_time*2*16)*0.3", 0],
						"3.0": [0, "math.sin(q.anim_time*2*16)*0.3", 0],
						"3.5": [0, "math.sin(q.anim_time*2*16)*0.3", 0],
						"3.5417": [0, "math.sin(q.anim_time*2*16)*0.3", -0.3],
						"3.5833": [0, "math.sin(q.anim_time*2*16)*0.3", 0],
						"3.625": [0, "math.sin(q.anim_time*2*16)*0.3", -0.3],
						"3.6667": [0, "math.sin(q.anim_time*2*16)*0.3", 0]
					}
				},
				"flap_left": {
					"rotation": ["-52.5+math.sin(q.anim_time*45*1)*11", 0, 0],
					"position": [0, 0, -1]
				},
				"flap_right": {
					"rotation": ["-52.5+math.sin(q.anim_time*45*1)*11", 0, 0],
					"position": [0, 0, -1]
				},
				"arms": {
					"position": [0, "math.sin(q.anim_time*1*16)*0.3", 0]
				},
				"arm_right": {
					"rotation": [-145.40354, 22.29065, 34.11599],
					"position": [0, 0, -1]
				},
				"forearm_right": {
					"rotation": {
						"0.0": [-84.25115, 2.74058, 93.84542],
						"0.25": [-84.25115, 2.74058, 93.84542],
						"0.5": [-84.25115, 2.74058, 93.84542],
						"1.0": [-94.74324, 4.2518, -18.96839]
					}
				},
				"fingers_right": {
					"rotation": {
						"0.0": [0, -85, 0],
						"0.5": [0, 0, 0]
					},
					"position": {
						"0.0": [-0.5, 0, 0],
						"0.5": [0, 0, 0]
					}
				},
				"arm_left": {
					"rotation": {
						"0.0": [30.47226, -80.90269, -81.5455],
						"1.0": [5.05754, -24.55773, -53.49576],
						"1.75": [5.05754, -24.55773, -53.49576],
						"2.0417": [5.05754, -24.55773, -53.49576],
						"2.25": [-6.10412, -74.13068, -38.40029],
						"2.5": [135.17557, -83.46886, -186.75136],
						"3.0": [135.17557, -83.46886, -186.75136],
						"3.5": [4.61409, -4.62735, -51.76231]
					},
					"position": {
						"0.0": [0, 0, 0],
						"2.5": [0, 0, 0],
						"2.5417": [0, -0.3, 0],
						"2.5833": [0, 0, 0],
						"2.625": [0, -0.3, 0],
						"2.6667": [0, 0, 0],
						"2.7083": [0, -0.3, 0],
						"2.75": [0, 0, 0],
						"2.7917": [0, -0.3, 0],
						"2.8333": [0, 0, 0],
						"3.0": [0, 0, 0]
					}
				},
				"forearm_left": {
					"rotation": {
						"0.0": [-204.91222, -59.67187, 13.51944],
						"1.0": [-372.90406, -29.21308, 228.81411],
						"1.75": [-372.90406, -29.21308, 228.81411],
						"2.0417": [-372.90406, -29.21308, 228.81411],
						"2.5": [-489.78455, 7.25706, 358.74555]
					}
				},
				"fingers_left": {
					"rotation": [0, 22.5, 0]
				},
				"head": {
					"rotation": {
						"0.0": [0, -40, 0],
						"0.0833": [-42.5, -40, 0],
						"0.5": [0, -40, 0],
						"1.0": [-15.2904, -6.52599, -11.38812],
						"1.0417": [-2.7904, -6.52599, -11.38812],
						"1.0833": [-7.7904, -6.52599, -11.38812],
						"1.125": [-2.7904, -6.52599, -11.38812],
						"1.1667": [-7.7904, -6.52599, -11.38812]
					}
				},
				"finger1": {
					"rotation": {
						"0.0": [0, 0, 22.5],
						"0.0833": [0, 0, 22.5],
						"0.5": [0, 0, 0]
					},
					"position": {
						"0.0": [0, 0, 0],
						"0.0833": [0, 0, 0]
					}
				},
				"fingertip1": {
					"rotation": [0, 0, 0]
				},
				"finger2": {
					"rotation": {
						"0.0": [0, -10, 0],
						"0.5": [0, 0, 0]
					},
					"position": [0, 0, 0]
				},
				"fingertip2": {
					"rotation": {
						"0.0": [0, -75, 0],
						"0.5": [0, 0, 0]
					}
				},
				"finger3": {
					"rotation": {
						"0.0": [0, 0, -20],
						"0.5": [0, 0, 0]
					}
				},
				"fingertip3": {
					"rotation": {
						"0.0": [43.07189, -46.52795, -22.98431],
						"0.5": [0, 0, 0]
					}
				},
				"finger4": {
					"rotation": {
						"0.0": [-15.24689, 56.1582, -18.16842],
						"0.5": [0, 0, 0]
					}
				},
				"fingertip4": {
					"rotation": {
						"0.0": [-78.00927, 46.11408, -95.45515],
						"0.5": [0, 0, 0]
					}
				},
				"finger5": {
					"rotation": {
						"0.0": [0, 120, 0],
						"0.5": [0, 0, 0]
					},
					"position": {
						"0.0": [0, 0, -1],
						"0.5": [0, 0, 0]
					}
				},
				"fingertip5": {
					"rotation": {
						"0.0": [0, 55, 0],
						"0.5": [0, 0, 0]
					}
				},
				"finger6": {
					"rotation": {
						"0.0": [24.02393, 48.20277, 30.87463],
						"0.5": [0, 0, 0]
					}
				},
				"fingertip6": {
					"rotation": {
						"0.0": [0, 0, 42.5],
						"0.5": [0, 0, 0]
					}
				},
				"leg_right": {
					"rotation": {
						"0.0": [-20, -80, 0],
						"0.5": [-20, -80, 0],
						"0.75": [-136.04676, -48.90652, -2.84857],
						"1.0": [-12.75735, -41.43341, -20.09685],
						"1.0417": [-17.75735, -41.43341, -20.09685],
						"1.0833": [-12.75735, -41.43341, -20.09685],
						"1.125": [-17.75735, -41.43341, -20.09685],
						"1.1667": [-12.75735, -41.43341, -20.09685]
					}
				},
				"leftcalf_right": {
					"rotation": [20, 0, 0]
				},
				"leg_left": {
					"rotation": {
						"0.0": [-20.0209, -2.26564, 1.0571],
						"0.75": [-70.0209, -2.26564, 1.0571],
						"1.0": [-15.0209, -2.26564, 1.0571],
						"1.0417": [-22.5209, -2.26564, 1.0571],
						"1.0833": [-15.0209, -2.26564, 1.0571],
						"1.125": [-22.5209, -2.26564, 1.0571],
						"1.1667": [-15.0209, -2.26564, 1.0571]
					}
				},
				"legcalf_left": {
					"rotation": [17.5, 0, 0]
				},
				"mainthing": {
					"rotation": {
						"0.0": [0, 60, 0],
						"0.5": [0, 60, 0],
						"1.0": [-80, 60, 0]
					},
					"position": {
						"0.0": [0, 0, 0],
						"0.5": [0, 0, 0],
						"1.0": [0, -7, 0]
					}
				}
			}
		},
		"animation.kubfu.physical_attack": {
			"loop": true,
			"animation_length": 1.3333,
			"bones": {
				"torso": {
					"rotation": {
						"0.0": [0, 0, 0],
						"1.0417": [0, 0, 0],
						"1.0833": [0, 20, 0],
						"1.125": [-2.22971, -33.69739, 2.93196],
						"1.1667": [-3.91686, -57.4145, 4.64565],
						"1.2917": [0, 0, 0]
					},
					"position": {
						"0.0": [0, "math.sin(q.anim_time*2*16)*0.3", 0],
						"1.0417": [0, "math.sin(q.anim_time*2*16)*0.3", 0],
						"1.0833": [1, "math.sin(q.anim_time*2*16)*0.3", 0],
						"1.1667": [1, "math.sin(q.anim_time*2*16)*0.3", 0],
						"1.2917": [0, "math.sin(q.anim_time*2*16)*0.3", 0]
					}
				},
				"flap_left": {
					"rotation": {
						"0.0": ["-52.5+math.sin(q.anim_time*45*1)*11", 0, 0],
						"1.0417": ["-52.5+math.sin(q.anim_time*45*1)*11", 0, 0]
					},
					"position": {
						"0.0": [0, 0, -1],
						"1.0417": [0, 0, -1]
					}
				},
				"flap_right": {
					"rotation": {
						"0.0": ["-52.5+math.sin(q.anim_time*45*1)*11", 0, 0],
						"1.0417": ["-52.5+math.sin(q.anim_time*45*1)*11", 0, 0]
					},
					"position": {
						"0.0": [0, 0, -1],
						"1.0417": [0, 0, -1]
					}
				},
				"arms": {
					"position": {
						"0.0": [0, "math.sin(q.anim_time*1*16)*0.3", 0],
						"1.0417": [0, "math.sin(q.anim_time*1*16)*0.3", 0]
					}
				},
				"arm_right": {
					"rotation": {
						"0.0": [-147.78804, 9.74417, 25.54082],
						"1.0417": [-147.78804, 9.74417, 25.54082],
						"1.0833": [-185.06254, 44.53497, 3.22645],
						"1.1667": [-147.78804, 9.74417, 25.54082]
					},
					"position": {
						"0.0": [-1, 0, 1],
						"1.0417": [-1, 0, 1],
						"1.0833": [0, 0, -2],
						"1.1667": [-1, 0, 1]
					}
				},
				"forearm_right": {
					"rotation": {
						"0.0": [-84.25115, 2.74058, 93.84542],
						"1.0417": [-84.25115, 2.74058, 93.84542],
						"1.0833": [82.31291, 6.60663, 3.49018],
						"1.1667": [-84.25115, 2.74058, 93.84542]
					}
				},
				"fingers_right": {
					"rotation": {
						"0.0": [0, -85, 0],
						"1.0417": [0, -85, 0]
					},
					"position": {
						"0.0": [-0.5, 0, 0],
						"1.0417": [-0.5, 0, 0]
					}
				},
				"arm_left": {
					"rotation": {
						"0.0": [30.47226, -80.90269, -81.5455],
						"1.0417": [30.47226, -80.90269, -81.5455],
						"1.125": [147.09832, -81.51153, -198.77477],
						"1.1667": [144.16358, -65.58721, -194.61061],
						"1.3333": [30.47226, -80.90269, -81.5455]
					},
					"position": {
						"0.0": [0, 0, 0],
						"1.0417": [0, 0, 0],
						"1.125": [0, 0, 1],
						"1.1667": [1, 0, -2],
						"1.3333": [0, 0, 0]
					}
				},
				"forearm_left": {
					"rotation": {
						"0.0": [-204.91222, -59.67187, 13.51944],
						"1.0417": [-204.91222, -59.67187, 13.51944],
						"1.125": [-194.80455, -33.65256, 0.00677],
						"1.1667": [-192.3183, -4.44619, -7.35575],
						"1.3333": [-204.91222, -59.67187, 13.51944]
					}
				},
				"fingers_left": {
					"rotation": {
						"0.0": [0, 22.5, 0],
						"1.0417": [0, 22.5, 0]
					}
				},
				"head": {
					"rotation": {
						"0.0": [0, -47.5, 0],
						"1.0417": [0, -47.5, 0],
						"1.125": [0, -47.5, 0]
					}
				},
				"finger1": {
					"rotation": {
						"0.0": [0, 0, 22.5],
						"1.0417": [0, 0, 22.5]
					},
					"position": {
						"0.0": [0, 0, 0],
						"1.0417": [0, 0, 0]
					}
				},
				"fingertip1": {
					"rotation": {
						"0.0": [-30, -60, 0],
						"1.0417": [-30, -60, 0]
					}
				},
				"finger2": {
					"rotation": {
						"0.0": [0, -10, 0],
						"1.0417": [0, -10, 0]
					},
					"position": {
						"0.0": [0, 0, 0],
						"1.0417": [0, 0, 0]
					}
				},
				"fingertip2": {
					"rotation": {
						"0.0": [0, -75, 0],
						"1.0417": [0, -75, 0]
					}
				},
				"finger3": {
					"rotation": {
						"0.0": [0, 0, -20],
						"1.0417": [0, 0, -20]
					}
				},
				"fingertip3": {
					"rotation": {
						"0.0": [43.07189, -46.52795, -22.98431],
						"1.0417": [43.07189, -46.52795, -22.98431]
					}
				},
				"finger4": {
					"rotation": {
						"0.0": [-15.24689, 56.1582, -18.16842],
						"1.0417": [-15.24689, 56.1582, -18.16842]
					}
				},
				"fingertip4": {
					"rotation": {
						"0.0": [-78.00927, 46.11408, -95.45515],
						"1.0417": [-78.00927, 46.11408, -95.45515]
					}
				},
				"finger5": {
					"rotation": {
						"0.0": [0, 120, 0],
						"1.0417": [0, 120, 0]
					},
					"position": {
						"0.0": [0, 0, -1],
						"1.0417": [0, 0, -1]
					}
				},
				"fingertip5": {
					"rotation": {
						"0.0": [0, 55, 0],
						"1.0417": [0, 55, 0]
					}
				},
				"finger6": {
					"rotation": {
						"0.0": [24.02393, 48.20277, 30.87463],
						"1.0417": [24.02393, 48.20277, 30.87463]
					}
				},
				"fingertip6": {
					"rotation": {
						"0.0": [0, 0, 42.5],
						"1.0417": [0, 0, 42.5]
					}
				},
				"leg_right": {
					"rotation": {
						"0.0": [-20, -80, 0],
						"1.0417": [-20, -80, 0],
						"1.0833": [-20, -80, 0],
						"1.1667": [-32.5, -80, 0],
						"1.3333": [-20, -80, 0]
					},
					"position": {
						"0.0": [0, 0, 0],
						"1.0417": [0, 0, 0],
						"1.0833": [0, 0, 0],
						"1.1667": [0, 0, 1],
						"1.3333": [0, 0, 0]
					}
				},
				"leftcalf_right": {
					"rotation": {
						"0.0": [20, 0, 0],
						"1.0417": [20, 0, 0],
						"1.0833": [20, 0, 0],
						"1.1667": [37.5, 0, 0],
						"1.3333": [20, 0, 0]
					}
				},
				"leg_left": {
					"rotation": {
						"0.0": [-20.0209, -2.26564, 1.0571],
						"1.0417": [-20.0209, -2.26564, 1.0571],
						"1.0833": [-20.0209, -2.26564, 1.0571],
						"1.1667": [-8.17089, -56.3895, 33.44376],
						"1.3333": [-20.0209, -2.26564, 1.0571]
					},
					"position": {
						"0.0": [0, 0, 0],
						"1.0417": [0, 0, 0],
						"1.0833": [0, 0, 0],
						"1.1667": [2, 0, -1],
						"1.3333": [0, 0, 0]
					}
				},
				"legcalf_left": {
					"rotation": {
						"0.0": [17.5, 0, 0],
						"1.0417": [17.5, 0, 0]
					}
				},
				"mainthing": {
					"rotation": {
						"0.0": [0, 60, 0],
						"1.0417": [0, 60, 0],
						"1.0833": [0, 60, 0],
						"1.125": [0, 60, 0],
						"1.1667": [0, 60, 0],
						"1.3333": [0, 60, 0]
					},
					"position": {
						"0.0": [0, 0, 0],
						"1.0417": [0, 0, 0],
						"1.0833": [0, 0, 0],
						"1.125": [0, 0, 0],
						"1.1667": [0, 0, -2],
						"1.3333": [0, 0, 0]
					}
				}
			}
		},
		"animation.kubfu.ground_walk": {
			"loop": true,
			"animation_length": 1.5,
			"bones": {
				"torso": {
					"rotation": [37.5, 0, 0],
					"position": {
						"0.0": [0, 0, 0],
						"0.25": [0, 1, 0],
						"0.5": [0, 0, 0],
						"0.75": [0, 1, 0],
						"1.0": [0, 0, 0],
						"1.25": [0, 1, 0],
						"1.5": [0, 0, 0]
					}
				},
				"flap_left": {
					"rotation": {
						"0.0": [-52.5, 0, 0],
						"0.25": [-25, 0, 0],
						"0.5": [-47.5, 0, 0],
						"0.75": [-25, 0, 0],
						"1.0": [-47.5, 0, 0],
						"1.25": [-25, 0, 0],
						"1.5": [-52.5, 0, 0]
					},
					"position": {
						"0.0": [0, 0, -1],
						"1.5": [0, 0, -1]
					}
				},
				"flap_right": {
					"rotation": {
						"0.0": [-52.5, 0, 0],
						"0.25": [-20, 0, 0],
						"0.5": [-45, 0, 0],
						"0.75": [-20, 0, 0],
						"1.0": [-45, 0, 0],
						"1.25": [-20, 0, 0],
						"1.5": [-52.5, 0, 0]
					},
					"position": {
						"0.0": [0, 0, -1],
						"1.5": [0, 0, -1]
					}
				},
				"arm_right": {
					"rotation": {
						"0.0": [83.93781, -45.04451, 25.14016],
						"0.25": [81.42404, -45.47102, 21.64038],
						"0.5": [83.93781, -45.04451, 25.14016],
						"0.75": [81.42404, -45.47102, 21.64038],
						"1.0": [81.42404, -45.47102, 21.64038],
						"1.25": [81.42404, -45.47102, 21.64038],
						"1.5": [83.93781, -45.04451, 25.14016]
					},
					"position": {
						"0.0": [0, 0, -1],
						"0.25": [0, 1, -1],
						"0.5": [0, 0, -1],
						"1.5": [0, 0, -1]
					}
				},
				"forearm_right": {
					"rotation": [-90.61742, 6.33681, 23.67361]
				},
				"fingers_right": {
					"rotation": [0, -17.5, 0]
				},
				"arm_left": {
					"rotation": {
						"0.0": [71.9635, 51.95073, -25.20584],
						"0.25": [78.70095, 51.7911, -15.63723],
						"0.5": [71.9635, 51.95073, -25.20584],
						"0.75": [78.70095, 51.7911, -15.63723],
						"1.0": [71.9635, 51.95073, -25.20584],
						"1.25": [78.70095, 51.7911, -15.63723],
						"1.5": [71.9635, 51.95073, -25.20584]
					}
				},
				"forearm_left": {
					"rotation": [-106.73634, -5.188, -16.73634]
				},
				"fingers_left": {
					"rotation": [0, 22.5, 0]
				},
				"head": {
					"rotation": [-20, 0, 0],
					"position": [0, -1, 0]
				},
				"eyebrows": {
					"position": {
						"0.0": [0, 0, 0],
						"0.25": [0, 0.25, 0],
						"0.5": [0, 0, 0],
						"0.75": [0, 0.25, 0],
						"1.0": [0, 0, 0],
						"1.25": [0, 0.25, 0],
						"1.5": [0, 0, 0]
					}
				},
				"leg_right": {
					"rotation": {
						"0.0": [32.5, 0, 0],
						"0.25": [-47.5, 0, 0],
						"0.5": [32.5, 0, 0],
						"0.75": [-47.5, 0, 0],
						"1.0": [32.5, 0, 0],
						"1.25": [-47.5, 0, 0],
						"1.5": [32.5, 0, 0]
					}
				},
				"leftcalf_right": {
					"rotation": {
						"0.0": [45, 0, 0],
						"0.25": [30, 0, 0],
						"0.5": [45, 0, 0],
						"0.75": [30, 0, 0],
						"1.0": [45, 0, 0],
						"1.25": [30, 0, 0],
						"1.5": [45, 0, 0]
					}
				},
				"leg_left": {
					"rotation": {
						"0.0": [-55, 0, 0],
						"0.25": [45.21919, -0.21847, -0.99582],
						"0.5": [-55, 0, 0],
						"0.75": [45.21919, -0.21847, -0.99582],
						"1.0": [-55, 0, 0],
						"1.25": [45.21919, -0.21847, -0.99582],
						"1.5": [-55, 0, 0]
					}
				},
				"legcalf_left": {
					"rotation": {
						"0.0": [30, 0, 0],
						"0.25": [35, 0, 0],
						"0.5": [30, 0, 0],
						"0.75": [35, 0, 0],
						"1.0": [30, 0, 0],
						"1.25": [35, 0, 0],
						"1.5": [30, 0, 0]
					}
				},
				"mainthing": {
					"position": [0, -1, 0]
				}
			}
		},
		"animation.kubfu.blink": {
			"animation_length": 1,
			"bones": {
				"1": {
					"rotation": {
						"0.0": [0, 0, 0],
						"0.0417": [0, 0, -27.5],
						"0.0833": [0, 0, 0]
					},
					"position": {
						"0.0": [0, 0, 0],
						"0.0417": [0, -1.7, 0],
						"0.0833": [0, 0, 0]
					}
				},
				"2": {
					"rotation": {
						"0.0": [0, 0, 0],
						"0.0417": [0, 0, 27.5],
						"0.0833": [0, 0, 0]
					},
					"position": {
						"0.0": [0, 0, 0],
						"0.0417": [0, -1.7, 0],
						"0.0833": [0, 0, 0]
					}
				}
			}
		},
		"animation.kubfu.battle_idle": {
			"loop": true,
			"animation_length": 3,
			"bones": {
				"1": {
					"rotation": {
						"0.0": [0, 0, 0],
						"0.5": [0, 0, -8.75],
						"1.0": [0, 0, 0],
						"1.5": [0, 0, -8.75],
						"2.0": [0, 0, 0],
						"2.5": [0, 0, -8.75],
						"3.0": [0, 0, 0]
					}
				},
				"2": {
					"rotation": {
						"0.0": [0, 0, 0],
						"0.5": [0, 0, 8.75],
						"1.0": [0, 0, 0],
						"1.5": [0, 0, 8.75],
						"2.0": [0, 0, 0],
						"2.5": [0, 0, 8.75],
						"3.0": [0, 0, 0]
					}
				},
				"torso": {
					"position": {
						"0.0": [-1.03, -1.2, 0],
						"0.5": [-0.08, -0.77, 0],
						"1.0": [-1.03, -1.2, 0],
						"1.5": [-0.08, -0.77, 0],
						"2.0": [-1.03, -1.2, 0],
						"2.5": [-0.08, -0.77, 0],
						"3.0": [-1.03, -1.2, 0]
					}
				},
				"flap_left": {
					"rotation": {
						"0.0": [0, 0, 0],
						"3.0": [0, 0, 0]
					},
					"position": {
						"0.0": [0, 0, -1],
						"3.0": [0, 0, -1]
					}
				},
				"flap_right": {
					"rotation": {
						"0.0": [0, 0, 0],
						"3.0": [0, 0, 0]
					},
					"position": {
						"0.0": [0, 0, -1],
						"3.0": [0, 0, -1]
					}
				},
				"arms": {
					"position": {
						"0.0": [0, 0, 0],
						"0.5": [0, 1, 0],
						"1.0": [0, 0, 0],
						"1.5": [0, 1, 0],
						"2.0": [0, 0, 0],
						"2.5": [0, 1, 0],
						"3.0": [0, 0, 0]
					}
				},
				"arm_right": {
					"rotation": {
						"0.0": [-145.40354, 22.29065, 34.11599],
						"3.0": [-145.40354, 22.29065, 34.11599]
					},
					"position": {
						"0.0": [0, 0, -1],
						"3.0": [0, 0, -1]
					}
				},
				"forearm_right": {
					"rotation": {
						"0.0": [-84.25115, 2.74058, 93.84542],
						"3.0": [-84.25115, 2.74058, 93.84542]
					}
				},
				"fingers_right": {
					"rotation": {
						"0.0": [0, -85, 0],
						"3.0": [0, -85, 0]
					},
					"position": {
						"0.0": [-0.5, 0, 0],
						"3.0": [-0.5, 0, 0]
					}
				},
				"arm_left": {
					"rotation": {
						"0.0": [30.47226, -80.90269, -81.5455],
						"3.0": [30.47226, -80.90269, -81.5455]
					}
				},
				"forearm_left": {
					"rotation": {
						"0.0": [-204.91222, -59.67187, 13.51944],
						"3.0": [-204.91222, -59.67187, 13.51944]
					}
				},
				"fingers_left": {
					"rotation": {
						"0.0": [0, 22.5, 0],
						"3.0": [0, 22.5, 0]
					}
				},
				"head": {
					"rotation": {
						"0.0": [0, -40, 0],
						"3.0": [0, -40, 0]
					}
				},
				"finger1": {
					"rotation": {
						"0.0": [0, 0, 22.5],
						"3.0": [0, 0, 22.5]
					},
					"position": {
						"0.0": [0, 0, 0],
						"3.0": [0, 0, 0]
					}
				},
				"fingertip1": {
					"rotation": {
						"0.0": [-30, -60, 0],
						"3.0": [-30, -60, 0]
					}
				},
				"finger2": {
					"rotation": {
						"0.0": [0, -10, 0],
						"3.0": [0, -10, 0]
					},
					"position": {
						"0.0": [0, 0, 0],
						"3.0": [0, 0, 0]
					}
				},
				"fingertip2": {
					"rotation": {
						"0.0": [0, -75, 0],
						"3.0": [0, -75, 0]
					}
				},
				"finger3": {
					"rotation": {
						"0.0": [0, 0, -20],
						"3.0": [0, 0, -20]
					}
				},
				"fingertip3": {
					"rotation": {
						"0.0": [43.07189, -46.52795, -22.98431],
						"3.0": [43.07189, -46.52795, -22.98431]
					}
				},
				"finger4": {
					"rotation": {
						"0.0": [-15.24689, 56.1582, -18.16842],
						"3.0": [-15.24689, 56.1582, -18.16842]
					}
				},
				"fingertip4": {
					"rotation": {
						"0.0": [-78.00927, 46.11408, -95.45515],
						"3.0": [-78.00927, 46.11408, -95.45515]
					}
				},
				"finger5": {
					"rotation": {
						"0.0": [0, 120, 0],
						"3.0": [0, 120, 0]
					},
					"position": {
						"0.0": [0, 0, -1],
						"3.0": [0, 0, -1]
					}
				},
				"fingertip5": {
					"rotation": {
						"0.0": [0, 55, 0],
						"3.0": [0, 55, 0]
					}
				},
				"finger6": {
					"rotation": {
						"0.0": [24.02393, 48.20277, 30.87463],
						"3.0": [24.02393, 48.20277, 30.87463]
					}
				},
				"fingertip6": {
					"rotation": {
						"0.0": [0, 0, 42.5],
						"3.0": [0, 0, 42.5]
					}
				},
				"leg_right": {
					"rotation": {
						"0.0": [-20, -80, 0],
						"3.0": [-20, -80, 0]
					}
				},
				"leftcalf_right": {
					"rotation": {
						"0.0": [20, 0, 0],
						"3.0": [20, 0, 0]
					}
				},
				"leg_left": {
					"rotation": {
						"0.0": [-25.86274, 88.50261, -5.6919],
						"0.25": [-25.86274, 88.50261, -5.6919],
						"0.5": [-25.86274, 88.50261, -5.6919],
						"0.75": [-25.86274, 88.50261, -5.6919],
						"1.25": [-25.86274, 88.50261, -5.6919],
						"1.5": [-25.86274, 88.50261, -5.6919],
						"1.75": [-25.86274, 88.50261, -5.6919],
						"2.25": [-25.86274, 88.50261, -5.6919],
						"2.5": [-25.86274, 88.50261, -5.6919],
						"2.75": [-25.86274, 88.50261, -5.6919],
						"3.0": [-25.86274, 88.50261, -5.6919]
					},
					"position": {
						"0.0": [-1, 0, 0],
						"0.25": [-1, 0, 0],
						"0.5": [-1, 0, 0],
						"0.75": [-1, 0, 0],
						"1.25": [-1, 0, 0],
						"1.5": [-1, 0, 0],
						"1.75": [-1, 0, 0],
						"2.25": [-1, 0, 0],
						"2.5": [-1, 0, 0],
						"2.75": [-1, 0, 0],
						"3.0": [-1, 0, 0]
					}
				},
				"legcalf_left": {
					"rotation": {
						"0.0": [17.5, 0, 0],
						"3.0": [17.5, 0, 0]
					}
				},
				"mainthing": {
					"rotation": {
						"0.0": [0, 60, 0],
						"3.0": [0, 60, 0]
					}
				},
				"flaps": {
					"rotation": {
						"0.0": {
							"post": [-45, 0, 0],
							"lerp_mode": "catmullrom"
						},
						"0.5": {
							"post": [-22.5, 0, 0],
							"lerp_mode": "catmullrom"
						},
						"1.0": {
							"post": [-45, 0, 0],
							"lerp_mode": "catmullrom"
						},
						"1.5": {
							"post": [-22.5, 0, 0],
							"lerp_mode": "catmullrom"
						},
						"2.0": {
							"post": [-45, 0, 0],
							"lerp_mode": "catmullrom"
						},
						"2.5": {
							"post": [-22.5, 0, 0],
							"lerp_mode": "catmullrom"
						},
						"3.0": {
							"post": [-45, 0, 0],
							"lerp_mode": "catmullrom"
						}
					}
				},
				"topleg": {
					"rotation": {
						"0.0": [-20, 0, 0],
						"0.5": [0, 0, 0],
						"1.0": [-20, 0, 0],
						"1.5": [0, 0, 0],
						"2.0": [-20, 0, 0],
						"2.5": [0, 0, 0],
						"3.0": [-20, 0, 0]
					}
				},
				"ltopleg": {
					"rotation": {
						"0.0": [-5, 0, 0],
						"0.5": [-22.5, 0, 0],
						"1.0": [-5, 0, 0],
						"1.5": [-22.5, 0, 0],
						"2.0": [-5, 0, 0],
						"2.5": [-22.5, 0, 0],
						"3.0": [-5, 0, 0]
					}
				}
			}
		},
		"animation.kubfu.sleep": {
			"loop": true,
			"bones": {
				"1": {
					"rotation": [0, 0, -30],
					"position": [0, -1.7, 0]
				},
				"2": {
					"rotation": [0, 0, 25],
					"position": [0, -1.7, 0]
				},
				"torso": {
					"position": [0, 0, "math.sin(q.anim_time*4*16)*0.1"]
				},
				"head": {
					"rotation": [17.5, 0, 0]
				},
				"flap_left": {
					"rotation": [0, -77.5, 0]
				},
				"flap_right": {
					"rotation": [0, 75, 0]
				},
				"arm_right": {
					"rotation": [0, 0, -55]
				},
				"forearm_right": {
					"rotation": [0, 0, -55]
				},
				"fingers_right": {
					"rotation": [-17.5, 27.5, 0]
				},
				"arm_left": {
					"rotation": [0, 0, 47.5]
				},
				"forearm_left": {
					"rotation": [0, 0, 62.5]
				},
				"fingers_left": {
					"rotation": [-20, -35, 0]
				},
				"leg_left": {
					"rotation": [-32.5, 0, 0]
				},
				"legcalf_left": {
					"rotation": [90, 0, 0]
				},
				"mainthing": {
					"rotation": [-92.5, 0, 0],
					"position": [0, -8, -1]
				}
			}
		},
		"animation.kubfu.cry": {
			"animation_length": 1,
			"bones": {
				"1": {
					"rotation": {
						"0.0": [0, 0, 0],
						"0.25": [0, 0, 0]
					},
					"position": {
						"0.0": [0, 0, 0],
						"0.25": [0, 0, 0]
					}
				},
				"2": {
					"rotation": {
						"0.0": [0, 0, 0],
						"0.25": [0, 0, 0]
					},
					"position": {
						"0.0": [0, 0, 0],
						"0.25": [0, 0, 0]
					}
				},
				"head": {
					"rotation": {
						"0.0": [0, 0, 0],
						"0.25": [-15, 0, 0],
						"0.2917": [-17.5, 0, 0],
						"0.3333": [-15, 0, 0],
						"0.375": [-17.5, 0, 0],
						"0.4167": [-15, 0, 0],
						"0.4583": [-17.5, 0, 0],
						"1.0": [0, 0, 0]
					}
				},
				"mouth": {
					"position": {
						"0.0": [0, 0, 0],
						"0.25": [0, 0, 0]
					}
				}
			}
		}
	}
}