{
  "condition": "minecraft:any_of",
  "terms": [
    {
      "condition": "minecraft:location_check",
      "predicate": {
        "block": {
          "block": "minecraft:air"
        }
      }
    },
    {
      "condition": "minecraft:location_check",
      "predicate": {
        "block": {
          "block": "minecraft:void_air"
        }
      }
    },
    {
      "condition": "minecraft:location_check",
      "predicate": {
        "block": {
          "block": "minecraft:cave_air"
        }
      }
    }
  ]
}