{
	"format_version": "1.12.0",
	"minecraft:geometry": [
		{
			"description": {
				"identifier": "geometry.unknown",
				"texture_width": 128,
				"texture_height": 128,
				"visible_bounds_width": 11,
				"visible_bounds_height": 8,
				"visible_bounds_offset": [0, 1, 0]
			},
			"bones": [
				{
					"name": "noivern",
					"pivot": [0, 0, 0]
				},
				{
					"name": "Chest",
					"parent": "noivern",
					"pivot": [0.10501, 47.05203, 4.20445],
					"cubes": [
						{"origin": [-2.5, 42.75, 8.25], "size": [5, 4, 0], "pivot": [0, 44.25, 8.25], "rotation": [-10, 0, 0], "uv": [110, 42]},
						{"origin": [-4.75, 46.5, 0.5], "size": [7, 7, 0], "pivot": [-0.75, 51.5, 3.5], "rotation": [0, 0, -45], "uv": [0, 39]},
						{"origin": [-5.25, 49.5, 0.25], "size": [6, 3, 8], "pivot": [-3.25, 51, 4.25], "rotation": [0, 0, 20], "uv": [82, 35]},
						{"origin": [-5, 43.25, 0.75], "size": [10, 7, 7], "uv": [63, 59]},
						{"origin": [-0.75, 49.5, 0.25], "size": [6, 3, 8], "pivot": [3.25, 51, 4.25], "rotation": [0, 0, -20], "uv": [36, 86]}
					]
				},
				{
					"name": "Midsection",
					"parent": "Chest",
					"pivot": [0, 42.25, 4.25],
					"cubes": [
						{"origin": [-4, 36.25, 1.25], "size": [8, 8, 6], "uv": [69, 21]}
					]
				},
				{
					"name": "Hips",
					"parent": "Midsection",
					"pivot": [0, 37.05926, 4.5411],
					"cubes": [
						{"origin": [-5.5, 27.75, 0], "size": [11, 10, 9], "pivot": [-1.5, 35.75, 4.5], "rotation": [12.5, 0, 0], "uv": [38, 33]}
					]
				},
				{
					"name": "Left_thigh",
					"parent": "Hips",
					"pivot": [4, 33, 3.5],
					"cubes": [
						{"origin": [3, 28, -7.25], "size": [5, 8, 14], "uv": [0, 33]},
						{"origin": [3.5, 29.5, -9.5], "size": [4, 5, 6], "uv": [94, 67]}
					]
				},
				{
					"name": "Left_calf",
					"parent": "Left_thigh",
					"pivot": [5.5, 30.75, -7.5],
					"cubes": [
						{"origin": [4, 24, -9], "size": [3, 8, 3], "inflate": -0.01, "uv": [102, 97]},
						{"origin": [4.5, 18, -8.5], "size": [2, 8, 2], "uv": [102, 108]},
						{"origin": [5.5, 14.25, -8.5], "size": [0, 4, 2], "pivot": [5.5, 18.25, -7.5], "rotation": [-22.5, 0, 0], "uv": [34, 40]}
					]
				},
				{
					"name": "Left_foot",
					"parent": "Left_calf",
					"pivot": [5.5, 18.25, -7.5],
					"cubes": [
						{"origin": [4.5, 17.25, -15.5], "size": [2, 1, 9], "inflate": -0.05, "uv": [90, 4]}
					]
				},
				{
					"name": "Left_innertoe",
					"parent": "Left_foot",
					"pivot": [5, 17.83333, -15.25],
					"cubes": [
						{"origin": [4.5, 17.25, -18.25], "size": [1, 1, 3], "inflate": 0.1, "uv": [8, 88]},
						{"origin": [4.5, 17.75, -18.5], "size": [1, 1, 2], "inflate": -0.1, "uv": [44, 66]}
					]
				},
				{
					"name": "Left_innertoe2",
					"parent": "Left_innertoe",
					"pivot": [5, 17.58333, -18],
					"cubes": [
						{"origin": [4.5, 17.5, -20.5], "size": [1, 1, 3], "inflate": -0.1, "uv": [90, 8]},
						{"origin": [5, 17.25, -22], "size": [0, 1, 4], "uv": [38, 30]}
					]
				},
				{
					"name": "Left_outertoe",
					"parent": "Left_foot",
					"pivot": [6, 17.83333, -15.25],
					"cubes": [
						{"origin": [5.5, 17.25, -18.25], "size": [1, 1, 3], "inflate": 0.1, "uv": [82, 37]},
						{"origin": [5.5, 17.75, -18.5], "size": [1, 1, 2], "inflate": -0.1, "uv": [69, 21]}
					]
				},
				{
					"name": "Left_outertoe2",
					"parent": "Left_outertoe",
					"pivot": [6, 17.58333, -18],
					"cubes": [
						{"origin": [5.5, 17.5, -20.5], "size": [1, 1, 3], "inflate": -0.1, "uv": [90, 8]},
						{"origin": [6, 17.25, -22], "size": [0, 1, 4], "uv": [38, 29]}
					]
				},
				{
					"name": "Right_thigh",
					"parent": "Hips",
					"pivot": [-4, 33, 3.5],
					"cubes": [
						{"origin": [-7.5, 29.5, -9.5], "size": [4, 5, 6], "uv": [94, 67], "mirror": true},
						{"origin": [-8, 28, -7.25], "size": [5, 8, 14], "uv": [0, 33], "mirror": true}
					]
				},
				{
					"name": "Right_calf",
					"parent": "Right_thigh",
					"pivot": [-5.5, 30.75, -7.5],
					"cubes": [
						{"origin": [-7, 24, -9], "size": [3, 8, 3], "inflate": -0.01, "uv": [102, 97], "mirror": true},
						{"origin": [-5.5, 14.25, -8.5], "size": [0, 4, 2], "pivot": [-5.5, 18.25, -7.5], "rotation": [-22.5, 0, 0], "uv": [34, 40], "mirror": true},
						{"origin": [-6.5, 18, -8.5], "size": [2, 8, 2], "uv": [102, 108], "mirror": true}
					]
				},
				{
					"name": "Right_foot",
					"parent": "Right_calf",
					"pivot": [-5.5, 18.25, -7.5],
					"cubes": [
						{"origin": [-6.5, 17.25, -15.5], "size": [2, 1, 9], "inflate": -0.05, "uv": [90, 4], "mirror": true}
					]
				},
				{
					"name": "Right_innertoe",
					"parent": "Right_foot",
					"pivot": [-5, 17.83333, -15.25],
					"cubes": [
						{"origin": [-5.5, 17.25, -18.25], "size": [1, 1, 3], "inflate": 0.1, "uv": [8, 88], "mirror": true},
						{"origin": [-5.5, 17.75, -18.5], "size": [1, 1, 2], "inflate": -0.1, "uv": [44, 66], "mirror": true}
					]
				},
				{
					"name": "Right_innertoe2",
					"parent": "Right_innertoe",
					"pivot": [-5, 17.58333, -18],
					"cubes": [
						{"origin": [-5.5, 17.5, -20.5], "size": [1, 1, 3], "inflate": -0.1, "uv": [69, 37]},
						{"origin": [-5, 17.25, -22], "size": [0, 1, 4], "uv": [38, 30], "mirror": true}
					]
				},
				{
					"name": "Right_outertoe",
					"parent": "Right_foot",
					"pivot": [-6, 17.83333, -15.25],
					"cubes": [
						{"origin": [-6.5, 17.25, -18.25], "size": [1, 1, 3], "inflate": 0.1, "uv": [82, 37], "mirror": true},
						{"origin": [-6.5, 17.75, -18.5], "size": [1, 1, 2], "inflate": -0.1, "uv": [69, 21], "mirror": true}
					]
				},
				{
					"name": "Right_outertoe2",
					"parent": "Right_outertoe",
					"pivot": [-6, 17.58333, -18],
					"cubes": [
						{"origin": [-6.5, 17.5, -20.5], "size": [1, 1, 3], "inflate": -0.1, "uv": [8, 92]},
						{"origin": [-6, 17.25, -22], "size": [0, 1, 4], "uv": [38, 29], "mirror": true}
					]
				},
				{
					"name": "Tail1",
					"parent": "Hips",
					"pivot": [0, 29.05926, 5.7911],
					"cubes": [
						{"origin": [-4, 17.25, 0.75], "size": [8, 13, 8], "inflate": -0.1, "pivot": [-1, 35.25, 4.75], "rotation": [12.5, 0, 0], "uv": [58, 0]}
					]
				},
				{
					"name": "Tail2",
					"parent": "Tail1",
					"pivot": [0, 18.47408, 8.82879],
					"cubes": [
						{"origin": [-3, 6.5, 2], "size": [6, 13, 6], "inflate": -0.1, "pivot": [-1, 34.5, 5], "rotation": [12.5, 0, 0], "uv": [44, 67]}
					]
				},
				{
					"name": "Tail3",
					"parent": "Tail2",
					"pivot": [0, 7.18742, 11.02675],
					"cubes": [
						{"origin": [-2, -3.25, 3.25], "size": [4, 12, 4], "pivot": [-1, 33.75, 5.25], "rotation": [12.5, 0, 0], "uv": [86, 89]}
					]
				},
				{
					"name": "Tail4",
					"parent": "Tail3",
					"pivot": [0, -2.09925, 13.22471],
					"cubes": [
						{"origin": [-1.5, -13, 4], "size": [3, 12, 3], "inflate": -0.01, "pivot": [-1, 33, 5.5], "rotation": [12.5, 0, 0], "uv": [34, 97]}
					]
				},
				{
					"name": "Tail5",
					"parent": "Tail4",
					"pivot": [0, -11.63591, 15.42266],
					"cubes": [
						{"origin": [-1, -23.25, 4.75], "size": [2, 12, 2], "pivot": [-1, 31.75, 5.75], "rotation": [12.5, 0, 0], "uv": [84, 105]}
					]
				},
				{
					"name": "Tail6",
					"parent": "Tail5",
					"pivot": [0, -21.67258, 17.62062],
					"cubes": [
						{"origin": [-0.5, -33.25, 5.5], "size": [1, 12, 1], "pivot": [-1, 30.75, 6], "rotation": [12.5, 0, 0], "uv": [22, 106]}
					]
				},
				{
					"name": "Tail7",
					"parent": "Tail6",
					"pivot": [0, -30.50465, 19.68665],
					"cubes": [
						{"origin": [0, -42.25, 5.5], "size": [0, 11, 3], "pivot": [-1, 30.75, 6], "rotation": [12.5, 0, 0], "uv": [92, 102]}
					]
				},
				{
					"name": "Left_wing1",
					"parent": "Chest",
					"pivot": [4.25, 48.5, 4.25],
					"cubes": [
						{"origin": [3.5, 47.5, 3.25], "size": [12, 2, 2], "uv": [90, 14]},
						{"origin": [2.5, 33.5, 4.25], "size": [13, 15, 0], "uv": [68, 73]}
					]
				},
				{
					"name": "Left_wing2",
					"parent": "Left_wing1",
					"pivot": [15.47236, 48.52734, 4.25],
					"cubes": [
						{"origin": [15.5, 29.5, 4.25], "size": [11, 28, 0], "uv": [22, 66]},
						{"origin": [0.28248, 49.08671, 3.25], "size": [14, 2, 2], "inflate": -0.1, "pivot": [14.28248, 49.08671, 4.25], "rotation": [0, 0, 142.5], "uv": [58, 54]}
					]
				},
				{
					"name": "Left_wing3",
					"parent": "Left_wing2",
					"pivot": [26.48548, 56.68458, 4.25],
					"cubes": [
						{"origin": [26.5, 29.5, 4.25], "size": [4, 28, 0], "uv": [0, 88]},
						{"origin": [26.47096, 45.36915, 3.25], "size": [0, 12, 2], "pivot": [26.47096, 45.36915, 4.75], "rotation": [0, 0, 5], "uv": [26, 97]},
						{"origin": [30.47096, 26.36915, 3.25], "size": [0, 19, 2], "uv": [54, 95]},
						{"origin": [25.47096, 56.36915, 3.75], "size": [5, 1, 1], "inflate": 0.15, "uv": [56, 89]},
						{"origin": [26.47096, 26.36915, 3.25], "size": [0, 19, 2], "uv": [50, 95]},
						{"origin": [30.47096, 45.36915, 3.25], "size": [0, 12, 2], "pivot": [30.47096, 45.36915, 4.75], "rotation": [0, 0, -5], "uv": [98, 103]}
					]
				},
				{
					"name": "Left_wing4",
					"parent": "Left_wing3",
					"pivot": [30.44876, 56.9563, 4.25],
					"cubes": [
						{"origin": [15.28248, 57.33671, 3.75], "size": [15, 1, 1], "inflate": 0.14, "pivot": [30.28248, 57.33671, 4.75], "rotation": [0, 0, -165], "uv": [82, 0]},
						{"origin": [30.5, 23.5, 4.25], "size": [14, 33, 0], "uv": [30, 0]}
					]
				},
				{
					"name": "Left_wing5",
					"parent": "Left_wing4",
					"pivot": [44.42275, 52.8837, 4.25],
					"cubes": [
						{"origin": [44.5, 19.5, 4.25], "size": [15, 33, 0], "uv": [0, 0]},
						{"origin": [43.90782, 33.3097, 3.75], "size": [1, 20, 1], "inflate": 0.14, "pivot": [44.79226, 53.31084, 4.25], "rotation": [0, 0, -52.5], "uv": [46, 97]}
					]
				},
				{
					"name": "Left_wing6",
					"parent": "Left_wing5",
					"pivot": [59.5, 40.70782, 4.25],
					"cubes": [
						{"origin": [59.5, 19.5, 4.25], "size": [11, 33, 0], "uv": [0, 55]},
						{"origin": [59.86443, 16.50544, 3.75], "size": [1, 24, 1], "inflate": 0.14, "pivot": [59.5, 40.75, 3.25], "rotation": [0, 0, -24], "uv": [30, 94]}
					]
				},
				{
					"name": "Left_fingers",
					"parent": "Left_wing3",
					"pivot": [26.48548, 56.68458, 4.25],
					"cubes": [
						{"origin": [30.22096, 56.36915, 3.75], "size": [0, 5, 1], "uv": [44, 34]},
						{"origin": [28.47096, 56.36915, 3.75], "size": [0, 5, 1], "uv": [58, 20]},
						{"origin": [26.72096, 56.36915, 3.75], "size": [0, 5, 1], "uv": [42, 34]}
					]
				},
				{
					"name": "Right_wing1",
					"parent": "Chest",
					"pivot": [-4.25, 48.5, 4.25],
					"cubes": [
						{"origin": [-15.5, 47.5, 3.25], "size": [12, 2, 2], "uv": [90, 14], "mirror": true},
						{"origin": [-15.5, 33.5, 4.25], "size": [13, 15, 0], "uv": [68, 73], "mirror": true}
					]
				},
				{
					"name": "Right_wing2",
					"parent": "Right_wing1",
					"pivot": [-15.47236, 48.52734, 4.25],
					"cubes": [
						{"origin": [-14.28248, 49.08671, 3.25], "size": [14, 2, 2], "inflate": -0.1, "pivot": [-14.28248, 49.08671, 4.25], "rotation": [0, 0, -142.5], "uv": [58, 54], "mirror": true},
						{"origin": [-26.5, 29.5, 4.25], "size": [11, 28, 0], "uv": [22, 66], "mirror": true}
					]
				},
				{
					"name": "Right_wing3",
					"parent": "Right_wing2",
					"pivot": [-26.48548, 56.68458, 4.25],
					"cubes": [
						{"origin": [-30.5, 29.5, 4.25], "size": [4, 28, 0], "uv": [0, 88], "mirror": true},
						{"origin": [-30.47096, 56.36915, 3.75], "size": [5, 1, 1], "inflate": 0.15, "uv": [109, 18]},
						{"origin": [-30.47096, 26.36915, 3.25], "size": [0, 19, 2], "uv": [54, 95], "mirror": true},
						{"origin": [-26.47096, 26.36915, 3.25], "size": [0, 19, 2], "uv": [50, 95], "mirror": true},
						{"origin": [-26.47096, 45.36915, 3.25], "size": [0, 12, 2], "pivot": [-26.47096, 45.36915, 4.75], "rotation": [0, 0, -5], "uv": [26, 97], "mirror": true},
						{"origin": [-30.47096, 45.36915, 3.25], "size": [0, 12, 2], "pivot": [-30.47096, 45.36915, 4.75], "rotation": [0, 0, 5], "uv": [98, 103], "mirror": true}
					]
				},
				{
					"name": "Right_wing4",
					"parent": "Right_wing3",
					"pivot": [-30.44876, 56.9563, 4.25],
					"cubes": [
						{"origin": [-44.5, 23.5, 4.25], "size": [14, 33, 0], "uv": [30, 0], "mirror": true},
						{"origin": [-30.28248, 57.33671, 3.75], "size": [15, 1, 1], "inflate": 0.14, "pivot": [-30.28248, 57.33671, 4.75], "rotation": [0, 0, 165], "uv": [82, 0], "mirror": true}
					]
				},
				{
					"name": "Right_wing5",
					"parent": "Right_wing4",
					"pivot": [-44.42275, 52.8837, 4.25],
					"cubes": [
						{"origin": [-44.90782, 33.3097, 3.75], "size": [1, 20, 1], "inflate": 0.14, "pivot": [-44.79226, 53.31084, 4.25], "rotation": [0, 0, 52.5], "uv": [46, 97], "mirror": true},
						{"origin": [-59.5, 19.5, 4.25], "size": [15, 33, 0], "uv": [0, 0], "mirror": true}
					]
				},
				{
					"name": "Right_wing6",
					"parent": "Right_wing5",
					"pivot": [-59.5, 40.70782, 4.25],
					"cubes": [
						{"origin": [-70.5, 19.5, 4.25], "size": [11, 33, 0], "uv": [0, 55], "mirror": true},
						{"origin": [-60.86443, 16.50544, 3.75], "size": [1, 24, 1], "inflate": 0.14, "pivot": [-59.5, 40.75, 3.25], "rotation": [0, 0, 24], "uv": [30, 94], "mirror": true}
					]
				},
				{
					"name": "Right_fingers",
					"parent": "Right_wing3",
					"pivot": [-26.48548, 56.68458, 4.25],
					"cubes": [
						{"origin": [-30.22096, 56.36915, 3.75], "size": [0, 5, 1], "uv": [44, 34], "mirror": true},
						{"origin": [-28.47096, 56.36915, 3.75], "size": [0, 5, 1], "uv": [58, 20], "mirror": true},
						{"origin": [-26.72096, 56.36915, 3.75], "size": [0, 5, 1], "uv": [42, 34], "mirror": true}
					]
				},
				{
					"name": "Neck",
					"parent": "Chest",
					"pivot": [0, 51.25, 3.25],
					"cubes": [
						{"origin": [-1.5, 50.25, 1.75], "size": [3, 8, 3], "uv": [58, 105]}
					]
				},
				{
					"name": "head",
					"parent": "Neck",
					"pivot": [0, 58.41429, 3.55643],
					"cubes": [
						{"origin": [-0.25, 58.75, -4.25], "size": [6, 4, 3], "inflate": -0.001, "pivot": [0.75, 59.75, -2.25], "rotation": [0, -70, 0], "uv": [58, 98]},
						{"origin": [-2.5, 58.75, -4.25], "size": [5, 3, 4], "uv": [8, 99]},
						{"origin": [-5.75, 58.75, -4.25], "size": [6, 4, 3], "inflate": -0.001, "pivot": [-0.75, 59.75, -2.25], "rotation": [0, 70, 0], "uv": [98, 46]},
						{"origin": [-4.32667, 58.7, 1.75845], "size": [5, 5, 3], "uv": [102, 34], "mirror": true},
						{"origin": [-1.5, 60.76, -3.25], "size": [3, 2, 1], "inflate": 0.01, "uv": [58, 5]},
						{"origin": [-2.5, 57.75, 2.75], "size": [5, 5, 3], "uv": [102, 89]},
						{"origin": [-10.13674, 60.87534, 1.69183], "size": [6, 0, 1], "pivot": [-4.13674, 60.87534, 1.69183], "rotation": [24.30389, 35.69226, -5.45626], "uv": [21, 63]},
						{"origin": [-3.5, 57.5, 0], "size": [7, 2, 4], "uv": [91, 18]},
						{"origin": [-3, 62.7, -1.75], "size": [6, 1, 5], "inflate": 0.01, "uv": [90, 59]},
						{"origin": [-2, 62.15, -2.46962], "size": [4, 1, 1], "inflate": 0.01, "pivot": [0, 62.8527, -1.96962], "rotation": [43, 0, 0], "uv": [109, 20]},
						{"origin": [-0.67333, 58.7, 1.75845], "size": [5, 5, 3], "uv": [102, 34]},
						{"origin": [4.13674, 60.87534, 1.69183], "size": [6, 0, 1], "pivot": [4.13674, 60.87534, 1.69183], "rotation": [24.30389, -35.69226, 5.45626], "uv": [0, 46]},
						{"origin": [0.08579, 57.75, -4.245], "size": [2, 2, 0], "pivot": [1.08579, 58.75, -4.25], "rotation": [0, 0, 45], "uv": [22, 64]},
						{"origin": [-5.75, 62.7, -4.25], "size": [4, 1, 3], "inflate": 0.001, "pivot": [-0.75, 59.75, -2.25], "rotation": [0, 70, 0], "uv": [82, 4], "mirror": true},
						{"origin": [-2.08579, 57.75, -4.245], "size": [2, 2, 0], "pivot": [-1.08579, 58.75, -4.25], "rotation": [0, 0, -45], "uv": [58, 52]},
						{"origin": [1.75, 62.7, -4.25], "size": [4, 1, 3], "inflate": 0.001, "pivot": [0.75, 59.75, -2.25], "rotation": [0, -70, 0], "uv": [82, 4]}
					]
				},
				{
					"name": "right_nose",
					"parent": "head",
					"pivot": [1.01524, 61.88369, -4.47201],
					"rotation": [20, 28.71738, -11.56809],
					"cubes": [
						{"origin": [0.20016, 60.9, -4.84036], "size": [2, 2, 3], "pivot": [1.20016, 61.83416, -3.34036], "rotation": [-2.50954, 4.99523, -0.21865], "uv": [110, 108]},
						{"origin": [0.17804, 60.9, -3.09701], "size": [2, 2, 4], "inflate": -0.2, "pivot": [1.26524, 60.88369, -3.59701], "rotation": [-2.50954, 4.99523, -0.21865], "uv": [34, 36]},
						{"origin": [0.67804, 61.4, -0.59701], "size": [1, 1, 4], "pivot": [1.26524, 60.88369, -3.59701], "rotation": [-2.50954, 4.99523, -0.21865], "uv": [110, 83]}
					]
				},
				{
					"name": "left_nose",
					"parent": "head",
					"pivot": [-1.01524, 61.88369, -4.47201],
					"rotation": [20, -28.71738, 11.56809],
					"cubes": [
						{"origin": [-2.17804, 60.9, -3.09701], "size": [2, 2, 4], "inflate": -0.2, "pivot": [-1.26524, 60.88369, -3.59701], "rotation": [-2.50954, -4.99523, 0.21865], "uv": [34, 36], "mirror": true},
						{"origin": [-1.67804, 61.4, -0.59701], "size": [1, 1, 4], "pivot": [-1.26524, 60.88369, -3.59701], "rotation": [-2.50954, -4.99523, 0.21865], "uv": [110, 83], "mirror": true},
						{"origin": [-2.20016, 60.9, -4.84036], "size": [2, 2, 3], "pivot": [-1.20016, 61.83416, -3.34036], "rotation": [-2.50954, -4.99523, 0.21865], "uv": [110, 108], "mirror": true}
					]
				},
				{
					"name": "Left_eye",
					"parent": "head",
					"pivot": [1.87053, 61.75, -0.66251],
					"cubes": [
						{"origin": [0.99553, 60.85, -2.28], "size": [1, 2, 3], "inflate": -0.1, "pivot": [1.87053, 61.75, -0.66251], "rotation": [-25.50555, -67.73126, 27.27317], "uv": [58, 0]},
						{"origin": [0.99553, 60.85, -2.6], "size": [1, 2, 1], "inflate": -0.4, "pivot": [1.87053, 61.75, -0.66251], "rotation": [-25.50555, -67.73126, 27.27317], "uv": [34, 60]},
						{"origin": [0.24553, 60.3, -2.307], "size": [4, 3, 3], "inflate": -0.15, "pivot": [1.87053, 61.75, -0.66251], "rotation": [-25.50555, -67.73126, 27.27317], "uv": [82, 46]}
					]
				},
				{
					"name": "Right_eye",
					"parent": "head",
					"pivot": [0, 58.41429, 3.55643],
					"cubes": [
						{"origin": [-1.99553, 60.85, -2.28], "size": [1, 2, 3], "inflate": -0.1, "pivot": [-1.87053, 61.75, -0.66251], "rotation": [-25.50555, 67.73126, -27.27317], "uv": [58, 0], "mirror": true},
						{"origin": [-4.24553, 60.3, -2.307], "size": [4, 3, 3], "inflate": -0.15, "pivot": [-1.87053, 61.75, -0.66251], "rotation": [-25.50555, 67.73126, -27.27317], "uv": [82, 46], "mirror": true},
						{"origin": [-1.99553, 60.85, -2.6], "size": [1, 2, 1], "inflate": -0.4, "pivot": [-1.87053, 61.75, -0.66251], "rotation": [-25.50555, 67.73126, -27.27317], "uv": [34, 60], "mirror": true}
					]
				},
				{
					"name": "Jaw",
					"parent": "head",
					"pivot": [0, 58.26027, -0.23519],
					"cubes": [
						{"origin": [-2, 57.75, -3.5], "size": [4, 1, 4], "pivot": [0, 58.25, -0.75], "rotation": [-12.5, 0, 0], "uv": [103, 4]},
						{"origin": [1.53645, 58.53277, -3.09224], "size": [0, 1, 1], "pivot": [2, 59.22514, -2.83845], "rotation": [-59.76879, 24.73906, -2.59252], "uv": [38, 34]},
						{"origin": [-2.5, 57.5, -2], "size": [5, 1, 2], "uv": [103, 9]},
						{"origin": [-2.5, 57.75, -2], "size": [5, 1, 2], "inflate": -0.001, "uv": [103, 9]},
						{"origin": [-1.53645, 58.53277, -3.09224], "size": [0, 1, 1], "pivot": [-2, 59.22514, -2.83845], "rotation": [-59.76879, -24.73906, 2.59252], "uv": [38, 34], "mirror": true}
					]
				},
				{
					"name": "Ear",
					"parent": "head",
					"pivot": [0, 63.5, 4],
					"rotation": [17.5, 0, 0],
					"cubes": [
						{"origin": [-1, 61.95, 3.75], "size": [2, 2, 9], "inflate": 0.05, "uv": [8, 88]}
					]
				},
				{
					"name": "Left_ear",
					"parent": "Ear",
					"pivot": [3.83333, 63, 4],
					"rotation": [0, 12.5, 0],
					"cubes": [
						{"origin": [0, 62, 3], "size": [8, 2, 2], "inflate": -0.001, "uv": [98, 53]},
						{"origin": [-1.5, 61, 4], "size": [10, 2, 12], "inflate": -0.01, "uv": [26, 52]},
						{"origin": [1, 63.007, 6.5], "size": [5, 0, 7], "uv": [17, 40]},
						{"origin": [2, 62.02, 7.5], "size": [3, 1, 5], "inflate": 0.01, "uv": [58, 21]},
						{"origin": [2.5, 62.02, 8], "size": [2, 1, 4], "inflate": 0.015, "uv": [109, 78]},
						{"origin": [-0.5, 62, 5], "size": [8, 1, 1], "uv": [69, 35]},
						{"origin": [-0.5, 62, 5], "size": [1, 1, 10], "uv": [84, 78]},
						{"origin": [-0.5, 62, 14], "size": [8, 1, 1], "uv": [97, 65]},
						{"origin": [6.5, 62, 5], "size": [1, 1, 10], "uv": [86, 48]},
						{"origin": [-1, 62, 15], "size": [9, 2, 2], "uv": [97, 30]},
						{"origin": [2, 62, 16], "size": [3, 2, 4], "inflate": 0.001, "uv": [107, 57]},
						{"origin": [2.5, 63, 19], "size": [2, 1, 4], "uv": [108, 67]},
						{"origin": [7.5, 62, 3], "size": [2, 2, 14], "uv": [64, 38]},
						{"origin": [-2.5, 62, 11], "size": [2, 2, 6], "uv": [70, 99]}
					]
				},
				{
					"name": "Right_ear",
					"parent": "Ear",
					"pivot": [-3.83333, 63, 4],
					"rotation": [0, -12.5, 0],
					"cubes": [
						{"origin": [0.5, 62, 11], "size": [2, 2, 6], "uv": [70, 99], "mirror": true},
						{"origin": [-8, 62, 3], "size": [8, 2, 2], "inflate": -0.001, "uv": [98, 53], "mirror": true},
						{"origin": [-9.5, 62, 3], "size": [2, 2, 14], "uv": [64, 38], "mirror": true},
						{"origin": [-4.5, 63, 19], "size": [2, 1, 4], "uv": [108, 67], "mirror": true},
						{"origin": [-7.5, 62, 5], "size": [1, 1, 10], "uv": [86, 48], "mirror": true},
						{"origin": [-7.5, 62, 14], "size": [8, 1, 1], "uv": [97, 65], "mirror": true},
						{"origin": [-0.5, 62, 5], "size": [1, 1, 10], "uv": [84, 78], "mirror": true},
						{"origin": [-7.5, 62, 5], "size": [8, 1, 1], "uv": [69, 35], "mirror": true},
						{"origin": [-4.5, 62.02, 8], "size": [2, 1, 4], "inflate": 0.015, "uv": [109, 78], "mirror": true},
						{"origin": [-8.5, 61, 4], "size": [10, 2, 12], "inflate": -0.01, "uv": [26, 52], "mirror": true},
						{"origin": [-6, 63.007, 6.5], "size": [5, 0, 7], "uv": [17, 40], "mirror": true},
						{"origin": [-5, 62.02, 7.5], "size": [3, 1, 5], "inflate": 0.01, "uv": [58, 21], "mirror": true},
						{"origin": [-8, 62, 15], "size": [9, 2, 2], "uv": [97, 30], "mirror": true},
						{"origin": [-5, 62, 16], "size": [3, 2, 4], "inflate": 0.001, "uv": [107, 57], "mirror": true}
					]
				},
				{
					"name": "Left_eyeclosed",
					"parent": "head",
					"pivot": [0, 58.41429, 3.55643],
					"cubes": [
						{"origin": [0.24553, 60.3, -1.307], "size": [4, 3, 3], "inflate": -0.13, "pivot": [1.87053, 61.75, -0.66251], "rotation": [-25.50555, -67.73126, 27.27317], "uv": [8, 106]}
					]
				},
				{
					"name": "Right_eyeclosed",
					"parent": "head",
					"pivot": [0, 58.41429, 3.55643],
					"cubes": [
						{"origin": [-4.24553, 60.3, -1.307], "size": [4, 3, 3], "inflate": -0.13, "pivot": [-1.87053, 61.75, -0.66251], "rotation": [-25.50555, 67.73126, -27.27317], "uv": [8, 106], "mirror": true}
					]
				},
				{
					"name": "Collar_fluff",
					"parent": "Chest",
					"pivot": [0, 52.65549, 4.51741]
				},
				{
					"name": "Left_collar_fluff_front",
					"parent": "Collar_fluff",
					"pivot": [5.09233, 51.29907, 2.45854],
					"cubes": [
						{"origin": [5.34268, 49.54969, 0.95836], "size": [0, 3, 5], "pivot": [4.84233, 51.04907, 2.45854], "rotation": [-36.15368, 58.22145, -58.37688], "uv": [58, 56]}
					]
				},
				{
					"name": "Right_collar_fluff_front",
					"parent": "Collar_fluff",
					"pivot": [-5.09233, 51.29907, 2.45854],
					"cubes": [
						{"origin": [-5.34268, 49.54969, 0.95836], "size": [0, 3, 5], "pivot": [-4.84233, 51.04907, 2.45854], "rotation": [-36.15368, -58.22145, 58.37688], "uv": [58, 56], "mirror": true}
					]
				},
				{
					"name": "Left_collar_fluff_middle",
					"parent": "Collar_fluff",
					"pivot": [4.63231, 51.78391, 2.7339],
					"cubes": [
						{"origin": [5, 49.5, 3.25], "size": [0, 3, 5], "pivot": [3, 51, 3.25], "rotation": [12.5, 32.5, -20], "uv": [58, 53]}
					]
				},
				{
					"name": "Right_collar_fluff_middle",
					"parent": "Collar_fluff",
					"pivot": [-4.63231, 51.78391, 2.7339],
					"cubes": [
						{"origin": [-5, 49.5, 3.25], "size": [0, 3, 5], "pivot": [-3, 51, 3.25], "rotation": [12.5, -32.5, 20], "uv": [58, 53], "mirror": true}
					]
				},
				{
					"name": "Left_collar_fluff_back",
					"parent": "Collar_fluff",
					"pivot": [2.93389, 51.5958, 4.77175],
					"cubes": [
						{"origin": [5.25, 48.75, 4.25], "size": [0, 3, 6], "pivot": [3.25, 50.25, 4.25], "rotation": [-20.32193, 32.97105, -100.59884], "uv": [22, 54]}
					]
				},
				{
					"name": "Right_collar_fluff_back",
					"parent": "Collar_fluff",
					"pivot": [-2.93389, 51.5958, 4.77175],
					"cubes": [
						{"origin": [-5.25, 48.75, 4.25], "size": [0, 3, 6], "pivot": [-3.25, 50.25, 4.25], "rotation": [-20.32193, -32.97105, 100.59884], "uv": [22, 54], "mirror": true}
					]
				},
				{
					"name": "collar_fluff_back",
					"parent": "Collar_fluff",
					"pivot": [0, 51.65549, 4.51741],
					"cubes": [
						{"origin": [-3.5, 53, 3.75], "size": [7, 0, 7], "pivot": [0, 53, 6.75], "rotation": [27.5, 0, 0], "uv": [17, 33]}
					]
				},
				{
					"name": "Back_Fluff1",
					"parent": "Chest",
					"pivot": [0, 49.06411, 7.12965],
					"cubes": [
						{"origin": [-4.1799, 49.16362, 6.13394], "size": [0, 4, 5], "pivot": [0, 48.68748, 6.39797], "rotation": [-17.21793, -1.14636, -1.14895], "uv": [58, 22]},
						{"origin": [-1.32749, 48.59114, 7.26979], "size": [0, 3, 7], "pivot": [0, 48.68748, 6.39797], "rotation": [-21.65007, -14.81546, -15.48681], "uv": [0, 29]},
						{"origin": [-3.5, 46.25, 5.75], "size": [7, 6, 4], "pivot": [0, 48.68748, 6.39797], "rotation": [0, 0, 0], "uv": [64, 88]},
						{"origin": [3.30197, 48.85317, 6.69235], "size": [0, 3, 7], "pivot": [0, 48.68748, 6.39797], "rotation": [8.26946, -3.5794, -10.58676], "uv": [0, 26]},
						{"origin": [3, 49.39148, 7.32381], "size": [0, 2, 5], "pivot": [0, 48.68748, 6.39797], "rotation": [-57.5, 0, 0], "uv": [58, 26]},
						{"origin": [1.32749, 48.59114, 7.26979], "size": [0, 3, 7], "pivot": [0, 48.68748, 6.39797], "rotation": [-21.65007, 14.81546, 15.48681], "uv": [0, 29], "mirror": true},
						{"origin": [-3, 49.39148, 7.32381], "size": [0, 2, 5], "pivot": [0, 48.68748, 6.39797], "rotation": [-57.5, 0, 0], "uv": [58, 26], "mirror": true},
						{"origin": [-3.30197, 48.85317, 6.69235], "size": [0, 3, 7], "pivot": [0, 48.68748, 6.39797], "rotation": [8.26946, 3.5794, 10.58676], "uv": [0, 26], "mirror": true},
						{"origin": [4.1799, 49.16362, 6.13394], "size": [0, 4, 5], "pivot": [0, 48.68748, 6.39797], "rotation": [-17.21793, 1.14636, 1.14895], "uv": [58, 22], "mirror": true}
					]
				},
				{
					"name": "Back_Fluff2",
					"parent": "Back_Fluff1",
					"pivot": [0, 48.01422, 10.04603],
					"cubes": [
						{"origin": [-2, 48.19374, 7.71434], "size": [4, 4, 5], "pivot": [0, 48.68748, 6.39797], "rotation": [-15, 0, 0], "uv": [96, 78]},
						{"origin": [0, 47.34282, 7.70771], "size": [0, 3, 8], "pivot": [0, 48.68748, 6.39797], "rotation": [-32.5, 0, 0], "uv": [22, 47]},
						{"origin": [-1, 49.73154, 11.22875], "size": [2, 3, 4], "pivot": [0, 48.68748, 6.39797], "rotation": [-25, 0, 0], "uv": [70, 107]},
						{"origin": [0, 49.76268, 9.08654], "size": [0, 2, 8], "pivot": [0, 48.68748, 6.39797], "rotation": [0, 0, 0], "uv": [22, 50]},
						{"origin": [0, 51.16046, 14.11483], "size": [0, 3, 5], "pivot": [0, 48.68748, 6.39797], "rotation": [-35, 0, 0], "uv": [56, 81]}
					]
				},
				{
					"name": "Chest2",
					"parent": "noivern",
					"pivot": [-0.10501, 47.05203, 4.20445]
				},
				{
					"name": "Right_wing7",
					"parent": "Chest2",
					"pivot": [-4.25, 48.5, 4.25]
				},
				{
					"name": "Right_wing8",
					"parent": "Right_wing7",
					"pivot": [-15.47236, 48.52734, 4.25]
				},
				{
					"name": "Right_wing9",
					"parent": "Right_wing8",
					"pivot": [-26.48548, 56.68458, 4.25]
				},
				{
					"name": "Right_wing10",
					"parent": "Right_wing9",
					"pivot": [-30.44876, 56.9563, 4.25]
				}
			]
		}
	]
}