{
	"format_version": "1.12.0",
	"minecraft:geometry": [
		{
			"description": {
				"identifier": "geometry.unknown",
				"texture_width": 128,
				"texture_height": 128,
				"visible_bounds_width": 5,
				"visible_bounds_height": 5,
				"visible_bounds_offset": [0, 1.5, 0]
			},
			"bones": [
				{
					"name": "thunderus",
					"pivot": [0, 0, 0]
				},
				{
					"name": "mainthing",
					"parent": "thunderus",
					"pivot": [0, 22, 0]
				},
				{
					"name": "cloud",
					"parent": "mainthing",
					"pivot": [-2.5, 9, 0.15],
					"cubes": [
						{"origin": [-7.5, 8.75, -7.35], "size": [15, 9, 15], "uv": [0, 0]}
					]
				},
				{
					"name": "cloud_end",
					"parent": "cloud",
					"pivot": [-3.5, 3.25, 8.9],
					"rotation": [27.5, 0, 0]
				},
				{
					"name": "cloud_tail",
					"parent": "cloud_end",
					"pivot": [-3.5, 3.25, 8.9],
					"cubes": [
						{"origin": [0, 8.41393, 5.30675], "size": [0, 3, 5], "uv": [31, 21]}
					]
				},
				{
					"name": "cloud_tail2",
					"parent": "cloud_end",
					"pivot": [-3.5, 3.25, 8.9],
					"cubes": [
						{"origin": [0, 6.41393, 5.80675], "size": [0, 2, 4], "uv": [0, 9]}
					]
				},
				{
					"name": "cloud_tail3",
					"parent": "cloud_end",
					"pivot": [-3.5, 3.25, 8.9],
					"cubes": [
						{"origin": [0, 3.41393, 6.30675], "size": [0, 3, 3], "uv": [0, 21]}
					]
				},
				{
					"name": "tail_1",
					"parent": "cloud",
					"pivot": [0.5, 16.75, 6.4],
					"cubes": [
						{"origin": [-0.5, 16, 6.15], "size": [1, 5, 1], "pivot": [-0.5, 16, 7.15], "rotation": [-29.7626, -5.9218, -23.88853], "uv": [64, 11]},
						{"origin": [-3.5, 19.75, 7.65], "size": [3, 3, 3], "pivot": [-2.5, 19.75, 9.65], "rotation": [-19.62899, -1.46073, -26.18327], "uv": [56, 30]},
						{"origin": [-2, 20.25, 10.65], "size": [0, 2, 2], "pivot": [-2.5, 19.75, 9.65], "rotation": [-19.62899, -1.46073, -26.18327], "uv": [12, 82]}
					]
				},
				{
					"name": "tail_2",
					"parent": "tail_1",
					"pivot": [-3.46278, 22.7177, 10.42958],
					"cubes": [
						{"origin": [-3.59, 22.25, 9.9], "size": [1, 5, 1], "pivot": [-3.5, 22.25, 10.9], "rotation": [-12.21053, -6.82007, -26.34008], "uv": [60, 11]},
						{"origin": [-7, 26.75, 10.15], "size": [3, 3, 3], "pivot": [-5, 26.75, 12.15], "rotation": [-10.0212, 0.06372, -27.17999], "uv": [21, 39]},
						{"origin": [-5.5, 27.25, 13.15], "size": [0, 2, 2], "pivot": [-5, 26.75, 12.15], "rotation": [-10.0212, 0.06372, -27.17999], "uv": [12, 82]}
					]
				},
				{
					"name": "tail_3",
					"parent": "tail_2",
					"pivot": [-7, 29, 12],
					"cubes": [
						{"origin": [-7.5, 28.5, 11.15], "size": [1, 5, 1], "pivot": [-7.5, 29.5, 11.15], "rotation": [18.13238, -4.82719, -26.88007], "uv": [55, 42]},
						{"origin": [-10.5, 32.75, 8.9], "size": [4, 4, 4], "pivot": [-8.5, 32.75, 9.9], "rotation": [27.24314, 0.19334, -25.69326], "uv": [16, 72]},
						{"origin": [-8.5, 33.75, 12.9], "size": [0, 2, 2], "pivot": [-8.5, 32.75, 9.9], "rotation": [27.24314, 0.19334, -25.69326], "uv": [12, 82]}
					]
				},
				{
					"name": "tail_4",
					"parent": "tail_3",
					"pivot": [-9.24538, 36.68024, 8.58431],
					"cubes": [
						{"origin": [-10, 35.75, 8.65], "size": [1, 5, 1], "pivot": [-10, 35.75, 8.65], "rotation": [55.53565, 0.05707, -23.20089], "uv": [0, 53]},
						{"origin": [-13, 38.5, 4.15], "size": [4, 4, 4], "pivot": [-10, 38.5, 5.15], "rotation": [83.66532, 0.21248, -22.58], "uv": [36, 70]},
						{"origin": [-10.5, 39.5, 8.15], "size": [0, 2, 2], "pivot": [-10, 38.5, 5.15], "rotation": [83.66532, 0.21248, -22.58], "uv": [12, 82]}
					]
				},
				{
					"name": "tail_5",
					"parent": "tail_4",
					"pivot": [-11.38616, 39.82, 0.80649],
					"cubes": [
						{"origin": [-12.75, 43.25, -0.6], "size": [1, 5, 1], "pivot": [-12.75, 42.25, 3.4], "rotation": [87.5, 0, -25], "uv": [51, 42]},
						{"origin": [-12.25, 37.25, -6.85], "size": [5, 5, 5], "pivot": [-8.25, 37.25, -5.85], "rotation": [12.52311, 2.71515, -24.24543], "uv": [41, 60]},
						{"origin": [-9.5, 37.25, -5.85], "size": [0, 8, 3], "pivot": [-8.25, 37.25, -5.85], "rotation": [12.52311, 2.71515, -24.24543], "uv": [0, 81]}
					]
				},
				{
					"name": "tail_6",
					"parent": "tail_5",
					"pivot": [-10.38616, 37.82, -7.19351],
					"cubes": [
						{"origin": [-12.78291, 37.15903, -17.10118], "size": [6, 6, 6], "pivot": [-10.00095, 38.35265, -7.35081], "rotation": [47.39743, 2.86544, -26.59918], "uv": [54, 18]},
						{"origin": [-9.78291, 43.15903, -15.10118], "size": [0, 3, 3], "pivot": [-10.00095, 38.35265, -7.35081], "rotation": [47.39743, 2.86544, -26.59918], "uv": [0, 81]},
						{"origin": [-10.5119, 37.86116, -7.82238], "size": [1, 5, 1], "pivot": [-10.00095, 38.35265, -7.35081], "rotation": [114.02486, 1.92555, -25.68601], "uv": [45, 0]}
					]
				},
				{
					"name": "tail_7",
					"parent": "tail_6",
					"pivot": [-6.38216, 33.79634, -14.49626],
					"cubes": [
						{"origin": [-12.60222, 39.21484, -27.53554], "size": [7, 7, 7], "pivot": [-10.00095, 38.35265, -7.35081], "rotation": [63.99337, 6.17485, -28.93254], "uv": [0, 39]},
						{"origin": [-10.05059, 24.45165, -11.82757], "size": [1, 5, 1], "pivot": [-10.00095, 38.35265, -7.35081], "rotation": [-28.99181, 4.16957, -28.03114], "uv": [0, 39]},
						{"origin": [-9.35222, 46.21484, -25.53554], "size": [0, 4, 3], "pivot": [-10.00095, 38.35265, -7.35081], "rotation": [63.99337, 6.17485, -28.93254], "uv": [0, 81]}
					]
				},
				{
					"name": "tip_8",
					"parent": "tail_7",
					"pivot": [-2.5, 17.75, 1.4]
				},
				{
					"name": "upperbody",
					"parent": "mainthing",
					"pivot": [0, 17.5, 0.15],
					"cubes": [
						{"origin": [-4, 17, -2.85], "size": [8, 5, 6], "uv": [45, 0]}
					]
				},
				{
					"name": "torso",
					"parent": "upperbody",
					"pivot": [0, 23, 0.25],
					"cubes": [
						{"origin": [-6.25, 22, -3.25], "size": [12, 8, 7], "uv": [0, 24]}
					]
				},
				{
					"name": "arms",
					"parent": "torso",
					"pivot": [0, 29, 0]
				},
				{
					"name": "arm_right",
					"parent": "arms",
					"pivot": [6.5, 28, -1]
				},
				{
					"name": "shoulder_right",
					"parent": "arm_right",
					"pivot": [6, 28, 1.5],
					"rotation": [59.99269, 64.43583, 59.78703],
					"cubes": [
						{"origin": [5.29895, 25.35819, -1.62981], "size": [6, 6, 6], "uv": [0, 53]}
					]
				},
				{
					"name": "bicep_right",
					"parent": "shoulder_right",
					"pivot": [9.54895, 27.85819, 2.62019],
					"rotation": [-0.78696, 21.88467, 41.26384],
					"cubes": [
						{"origin": [10.29895, 25.35819, -0.62981], "size": [6, 5, 5], "uv": [59, 37]}
					]
				},
				{
					"name": "forearm_right",
					"parent": "bicep_right",
					"pivot": [15.54895, 27.85819, 1.62019],
					"rotation": [127.81776, 87.60022, 132.18242],
					"cubes": [
						{"origin": [15.29895, 25.85819, -1.12981], "size": [6, 4, 4], "uv": [0, 65]}
					]
				},
				{
					"name": "wrist_right",
					"parent": "forearm_right",
					"pivot": [21.54895, 27.85819, 1.12019],
					"rotation": [87.45712, -15.33483, -6.53294],
					"cubes": [
						{"origin": [20.29895, 26.35819, 0.37019], "size": [3, 3, 2], "uv": [41, 54]}
					]
				},
				{
					"name": "hand_right",
					"parent": "wrist_right",
					"pivot": [24.29895, 28.10819, 1.12019],
					"rotation": [-10, 0, 0],
					"cubes": [
						{"origin": [23.29895, 25.85819, 0.37019], "size": [3, 4, 2], "uv": [67, 0]}
					]
				},
				{
					"name": "fingers_right",
					"parent": "hand_right",
					"pivot": [24.54895, 27.85819, 1.87019]
				},
				{
					"name": "thumb_right",
					"parent": "fingers_right",
					"pivot": [24.54895, 28.85819, 2.87019],
					"rotation": [5.96275, -4.55749, 37.26251],
					"cubes": [
						{"origin": [24.29895, 28.85819, 1.12019], "size": [1, 2, 1], "uv": [0, 65]}
					]
				},
				{
					"name": "rthumb_tip",
					"parent": "thumb_right",
					"pivot": [24.79895, 30.85819, 1.87019],
					"rotation": [32.5, 0, 0],
					"cubes": [
						{"origin": [24.29895, 30.85819, 1.12019], "size": [1, 2, 1], "uv": [36, 64]}
					]
				},
				{
					"name": "index_right",
					"parent": "fingers_right",
					"pivot": [26.29895, 29.35819, 1.87019],
					"rotation": [0, 65, 0],
					"cubes": [
						{"origin": [26.29895, 28.85819, 1.37019], "size": [2, 1, 1], "uv": [9, 73]}
					]
				},
				{
					"name": "Rindex_tip",
					"parent": "index_right",
					"pivot": [28.54895, 29.35819, 2.12019],
					"rotation": [0, 25, 0],
					"cubes": [
						{"origin": [28.29895, 28.85819, 1.37019], "size": [2, 1, 1], "uv": [48, 72]}
					]
				},
				{
					"name": "middle_right",
					"parent": "fingers_right",
					"pivot": [26.29895, 28.35819, 1.87019],
					"rotation": [0, 57.5, 0],
					"cubes": [
						{"origin": [26.29895, 27.85819, 1.37019], "size": [2, 1, 1], "uv": [34, 72]}
					]
				},
				{
					"name": "Rmiddle_tip",
					"parent": "middle_right",
					"pivot": [28.15314, 28.35819, 1.54325],
					"cubes": [
						{"origin": [28.29895, 27.85819, 1.37019], "size": [2, 1, 1], "pivot": [28.29895, 28.35819, 2.12019], "rotation": [0, 20, 0], "uv": [28, 72]}
					]
				},
				{
					"name": "ring_right",
					"parent": "fingers_right",
					"pivot": [26.29895, 27.35819, 1.87019],
					"rotation": [0, 62.5, 0],
					"cubes": [
						{"origin": [26.29895, 26.85819, 1.37019], "size": [2, 1, 1], "uv": [72, 22]}
					]
				},
				{
					"name": "Rring_tip",
					"parent": "ring_right",
					"pivot": [28.25, 27.25, 2.25],
					"rotation": [0, 15, 0],
					"cubes": [
						{"origin": [28.29895, 26.85819, 1.37019], "size": [2, 1, 1], "uv": [72, 20]}
					]
				},
				{
					"name": "pinky_right",
					"parent": "fingers_right",
					"pivot": [26.29895, 26.35819, 1.87019],
					"rotation": [0, 67.5, 0],
					"cubes": [
						{"origin": [26.29895, 25.85819, 1.37019], "size": [2, 1, 1], "uv": [72, 18]}
					]
				},
				{
					"name": "Rpinky_right",
					"parent": "pinky_right",
					"pivot": [28.29895, 26.35819, 2.12019],
					"rotation": [0, 20, 0],
					"cubes": [
						{"origin": [28.29895, 25.85819, 1.37019], "size": [2, 1, 1], "uv": [70, 52]}
					]
				},
				{
					"name": "arm_left",
					"parent": "arms",
					"pivot": [-4, 28.25, -0.25]
				},
				{
					"name": "shoulder_left",
					"parent": "arm_left",
					"pivot": [-6, 27.75, -0.25],
					"rotation": [69.96441, -66.54069, -74.52838],
					"cubes": [
						{"origin": [-9.74006, 24.85697, -2.44714], "size": [6, 6, 6], "uv": [52, 48]}
					]
				},
				{
					"name": "bicep_left",
					"parent": "shoulder_left",
					"pivot": [-7.99006, 28.35697, 1.80286],
					"rotation": [6.3582, -34.31282, -14.95505],
					"cubes": [
						{"origin": [-14.67516, 24.99117, -1.06026], "size": [6, 5, 5], "uv": [24, 54]}
					]
				},
				{
					"name": "forearm_left",
					"parent": "bicep_left",
					"pivot": [-14.92516, 28.49117, 2.18974],
					"rotation": [-61.84066, -62.99707, 43.60278],
					"cubes": [
						{"origin": [-19.67516, 25.49117, -0.56026], "size": [6, 4, 4], "uv": [20, 64]}
					]
				},
				{
					"name": "wrist_left",
					"parent": "forearm_left",
					"pivot": [-18.92516, 26.99117, 2.18974],
					"rotation": [92.08232, 3.1071, -19.24339],
					"cubes": [
						{"origin": [-21.67516, 26.49117, 1.43974], "size": [3, 3, 2], "uv": [41, 26]}
					]
				},
				{
					"name": "hand_left",
					"parent": "wrist_left",
					"pivot": [-21.17516, 27.99117, 2.43974],
					"rotation": [11.9421, -19.85814, 2.97417],
					"cubes": [
						{"origin": [-24.67516, 25.99117, 1.43974], "size": [3, 4, 2], "uv": [18, 53]}
					]
				},
				{
					"name": "fingers_left",
					"parent": "hand_left",
					"pivot": [-25, 27, 2.25]
				},
				{
					"name": "thumb_left",
					"parent": "fingers_left",
					"pivot": [-23.17516, 28.99117, 2.93974],
					"rotation": [72.5, 0, 0],
					"cubes": [
						{"origin": [-23.67516, 28.99117, 2.43974], "size": [1, 2, 1], "uv": [60, 60]}
					]
				},
				{
					"name": "thumbleft2",
					"parent": "thumb_left",
					"pivot": [-23.17516, 30.99117, 2.93974],
					"cubes": [
						{"origin": [-23.67516, 30.99117, 2.43974], "size": [1, 2, 1], "uv": [10, 0]}
					]
				},
				{
					"name": "index_left",
					"parent": "fingers_left",
					"pivot": [-24.67516, 29.49117, 2.93974],
					"rotation": [0, -12.5, 0],
					"cubes": [
						{"origin": [-26.67516, 28.99117, 2.43974], "size": [2, 1, 1], "uv": [48, 70]}
					]
				},
				{
					"name": "indexleft2",
					"parent": "index_left",
					"pivot": [-26.67516, 29.49117, 2.93974],
					"cubes": [
						{"origin": [-28.67516, 28.99117, 2.43974], "size": [2, 1, 1], "uv": [67, 35]}
					]
				},
				{
					"name": "middle_left",
					"parent": "fingers_left",
					"pivot": [-24.67516, 28.49117, 2.93974],
					"rotation": [0, -10, 0],
					"cubes": [
						{"origin": [-26.67516, 27.99117, 2.43974], "size": [2, 1, 1], "uv": [16, 65]}
					]
				},
				{
					"name": "midleft2",
					"parent": "middle_left",
					"pivot": [-27.67516, 28.49117, 2.93974],
					"cubes": [
						{"origin": [-28.67516, 27.99117, 2.43974], "size": [2, 1, 1], "uv": [56, 36]}
					]
				},
				{
					"name": "ring_left",
					"parent": "fingers_left",
					"pivot": [-24.67516, 27.49117, 2.93974],
					"rotation": [0, -15, 0],
					"cubes": [
						{"origin": [-26.64109, 26.99117, 2.18092], "size": [2, 1, 1], "uv": [52, 12]}
					]
				},
				{
					"name": "ringleft2",
					"parent": "ring_left",
					"pivot": [-26.64109, 27.49117, 2.68092],
					"cubes": [
						{"origin": [-28.64109, 26.99117, 2.18092], "size": [2, 1, 1], "uv": [28, 47]}
					]
				},
				{
					"name": "pinky_left",
					"parent": "fingers_left",
					"pivot": [-24.67516, 26.49117, 2.93974],
					"rotation": [0, -12.5, 0],
					"cubes": [
						{"origin": [-26.67516, 25.99117, 2.43974], "size": [2, 1, 1], "uv": [28, 45]}
					]
				},
				{
					"name": "pinkleft2",
					"parent": "pinky_left",
					"pivot": [-26.67516, 26.49117, 2.93974],
					"cubes": [
						{"origin": [-28.67516, 25.99117, 2.43974], "size": [2, 1, 1], "uv": [8, 13]}
					]
				},
				{
					"name": "head",
					"parent": "torso",
					"pivot": [0, 30.5, 0.5],
					"cubes": [
						{"origin": [-4.25, 32.5, -3.25], "size": [8, 5, 7], "uv": [28, 42]},
						{"origin": [-4.75, 30, -3.75], "size": [9, 3, 8], "uv": [30, 31]}
					]
				},
				{
					"name": "hair",
					"parent": "head",
					"pivot": [-0.25, 33.5, 2.75],
					"cubes": [
						{"origin": [-2.25, 30, 4.5], "size": [4, 10, 4], "inflate": 0.01, "pivot": [0, 2.5, 6.75], "rotation": [7.5, 0, 0], "uv": [61, 60]},
						{"origin": [-1.75, 33, 0.75], "size": [3, 9, 4], "inflate": 0.01, "pivot": [-0.5, 4.5, 3], "rotation": [-7.5, 0, 0], "uv": [0, 0]},
						{"origin": [-1.25, 37.25, -6.75], "size": [2, 8, 4], "inflate": 0.01, "pivot": [-1, 8.75, -4.5], "rotation": [-30, 0, 0], "uv": [52, 70]},
						{"origin": [-1.75, 40.95, 27], "size": [3, 6, 3], "pivot": [-0.5, 9.25, 29.25], "rotation": [32.5, 0, 0], "uv": [0, 73]},
						{"origin": [-1.25, 33.7, 7.25], "size": [2, 6, 3], "pivot": [-1, 2, 9.5], "rotation": [-7.5, 0, 0], "uv": [64, 74]},
						{"origin": [-0.75, 40.2, -8.5], "size": [1, 6, 3], "inflate": 0.01, "pivot": [-1.5, 8.5, -6.25], "rotation": [-40, 0, 0], "uv": [74, 71]},
						{"origin": [-0.75, 33.85, 25.5], "size": [1, 4, 1], "pivot": [-1.5, 0, 25.75], "rotation": [12.5, 0, 0], "uv": [56, 60]},
						{"origin": [-2.25, 37.9, 20.25], "size": [4, 7, 4], "pivot": [0, 7, 22.5], "rotation": [32.5, 0, 0], "uv": [69, 7]}
					]
				},
				{
					"name": "horn",
					"parent": "head",
					"pivot": [-0.25, 33.75, -2.75],
					"cubes": [
						{"origin": [-1.25, 37.5, -2.76], "size": [2, 4, 0], "uv": [0, 0]}
					]
				},
				{
					"name": "eyes",
					"parent": "head",
					"pivot": [0, 30.25, -3.25]
				},
				{
					"name": "brows",
					"parent": "eyes",
					"pivot": [0, 31.5, -2]
				},
				{
					"name": "brow1",
					"parent": "brows",
					"pivot": [6, 34.25, -2.25],
					"cubes": [
						{"origin": [2, 38.25, -3.27], "size": [3, 1, 1], "pivot": [6, 34.25, -2.25], "rotation": [0, 0, -47.5], "uv": [45, 13]}
					]
				},
				{
					"name": "brow2",
					"parent": "brows",
					"pivot": [6, 34.25, -2.25],
					"cubes": [
						{"origin": [-5.5, 38.25, -3.27], "size": [3, 1, 1], "pivot": [-6.5, 34.25, -2.25], "rotation": [0, 0, 47.5], "uv": [45, 11]}
					]
				},
				{
					"name": "pupils",
					"parent": "eyes",
					"pivot": [0, 31.5, -2]
				},
				{
					"name": "pupil_right",
					"parent": "pupils",
					"pivot": [2, 30.75, -3.25],
					"cubes": [
						{"origin": [1.25, 34.25, -3.267], "size": [1, 1, 0], "uv": [33, 43]}
					]
				},
				{
					"name": "pupil_left",
					"parent": "pupils",
					"pivot": [-2, 30.5, -3.25],
					"cubes": [
						{"origin": [-2.75, 34.25, -3.267], "size": [1, 1, 0], "uv": [4, 43]}
					]
				},
				{
					"name": "eye_right",
					"parent": "eyes",
					"pivot": [2, 30.5, -2],
					"cubes": [
						{"origin": [0.25, 33.25, -3.26], "size": [3, 2, 0], "uv": [73, 60]},
						{"origin": [1.25, 35.25, -3.26], "size": [2, 1, 0], "uv": [0, 30]}
					]
				},
				{
					"name": "eye_left",
					"parent": "eyes",
					"pivot": [-2, 30.5, -2],
					"cubes": [
						{"origin": [-3.75, 33.25, -3.26], "size": [3, 2, 0], "uv": [73, 35]},
						{"origin": [-3.75, 35.25, -3.26], "size": [2, 1, 0], "uv": [10, 3]}
					]
				},
				{
					"name": "ears",
					"parent": "head",
					"pivot": [-0.25, 33.5, -2.5],
					"cubes": [
						{"origin": [-3.25, 37.5, -1.25], "size": [3, 3, 2], "pivot": [-1.25, 30.5, -3.25], "rotation": [0, 0, 37.5], "uv": [70, 47]},
						{"origin": [-0.25, 37.5, -1.25], "size": [3, 3, 2], "pivot": [0.75, 30.5, -3.25], "rotation": [0, 0, -37.5], "uv": [68, 30]}
					]
				},
				{
					"name": "mustache",
					"parent": "head",
					"pivot": [0, 29.25, -2.25],
					"cubes": [
						{"origin": [-5.25, 33, -3.79], "size": [10, 1, 1], "uv": [31, 24]},
						{"origin": [-3.75, 34, -3.79], "size": [1, 1, 0], "uv": [33, 42]},
						{"origin": [-4.75, 34, -3.79], "size": [1, 3, 0], "uv": [21, 39]},
						{"origin": [3.5, 34, -3.79], "size": [1, 3, 0], "uv": [4, 39]},
						{"origin": [2.5, 34, -3.79], "size": [1, 1, 0], "uv": [4, 42]},
						{"origin": [4.15, 35.5, -3.78], "size": [2, 2, 1], "pivot": [6, 28.5, -2.25], "rotation": [0, 0, -45], "uv": [0, 27]},
						{"origin": [1.5, 31, -3.78], "size": [1, 2, 0], "uv": [41, 26]},
						{"origin": [-5, 32, -3.79], "size": [1, 1, 0], "uv": [4, 30]},
						{"origin": [3.5, 32, -3.79], "size": [1, 1, 0], "uv": [5, 27]},
						{"origin": [-3, 31, -3.78], "size": [1, 2, 0], "uv": [39, 29]}
					]
				},
				{
					"name": "bone",
					"parent": "mustache",
					"pivot": [6, 28.5, -2.25]
				},
				{
					"name": "mouth",
					"parent": "head",
					"pivot": [0, 27.5, -2],
					"cubes": [
						{"origin": [-2, 31.25, -3.77], "size": [4, 2, 0], "uv": [31, 29]},
						{"origin": [0.5, 30.75, -3.76], "size": [1, 1, 0], "uv": [13, 13]},
						{"origin": [-2, 30.75, -3.76], "size": [1, 1, 0], "uv": [13, 0]}
					]
				}
			]
		}
	]
}