{
	"format_version": "1.12.0",
	"minecraft:geometry": [
		{
			"description": {
				"identifier": "geometry.unknown",
				"texture_width": 256,
				"texture_height": 256,
				"visible_bounds_width": 9,
				"visible_bounds_height": 6.5,
				"visible_bounds_offset": [0, 2.75, 0]
			},
			"bones": [
				{
					"name": "kyurem",
					"pivot": [0, 0, 0]
				},
				{
					"name": "body",
					"parent": "kyurem",
					"pivot": [8, 33, 16]
				},
				{
					"name": "legs",
					"parent": "body",
					"pivot": [26, 23, 19.25]
				},
				{
					"name": "right_leg",
					"parent": "legs",
					"pivot": [8, 33, 16]
				},
				{
					"name": "thigh_right",
					"parent": "right_leg",
					"pivot": [26, 23, 19.25]
				},
				{
					"name": "thighR_1",
					"parent": "thigh_right",
					"pivot": [26, 23, 19.25],
					"cubes": [
						{"origin": [10.5, 19.25, 8], "size": [6, 8, 16], "inflate": 0.01, "pivot": [16.5, 19.25, 19], "rotation": [7.5, 0, 0], "uv": [89, 96], "mirror": true}
					]
				},
				{
					"name": "thighR_2",
					"parent": "thigh_right",
					"pivot": [26, 23, 19.25],
					"cubes": [
						{"origin": [9.25, 25.75, 7], "size": [9, 6, 19], "uv": [67, 0], "mirror": true}
					]
				},
				{
					"name": "thighR_3",
					"parent": "thigh_right",
					"pivot": [15.25, 29.25, 18],
					"cubes": [
						{"origin": [9.25, 30.25, 7], "size": [9, 12, 19], "inflate": 0.01, "pivot": [15.25, 30.25, 18], "rotation": [-7.5, 0, 0], "uv": [68, 50], "mirror": true}
					]
				},
				{
					"name": "ankle_right",
					"parent": "right_leg",
					"pivot": [15.5, 25, 25.25],
					"cubes": [
						{"origin": [9.5, 15, 21.25], "size": [8, 11, 7], "uv": [0, 113], "mirror": true}
					]
				},
				{
					"name": "calf_right",
					"parent": "ankle_right",
					"pivot": [13.5, 14, 24.25],
					"cubes": [
						{"origin": [10.5, 4, 22.25], "size": [6, 11, 5], "uv": [0, 147], "mirror": true}
					]
				},
				{
					"name": "foot_right",
					"parent": "calf_right",
					"pivot": [13, 3, 24.25],
					"cubes": [
						{"origin": [10, 0, 19.25], "size": [7, 4, 9], "uv": [53, 50], "mirror": true}
					]
				},
				{
					"name": "toes_right",
					"parent": "foot_right",
					"pivot": [14, 1, 20]
				},
				{
					"name": "Rtoe1",
					"parent": "toes_right",
					"pivot": [30, 0, 7.5],
					"rotation": [0, -25, 0],
					"cubes": [
						{"origin": [21.24954, 0, 16.63095], "size": [2, 2, 2], "uv": [42, 154], "mirror": true},
						{"origin": [21.24954, 0, 18.63095], "size": [2, 3, 3], "uv": [55, 136], "mirror": true},
						{"origin": [20.74954, 0, 21.63095], "size": [3, 3, 4], "uv": [37, 88], "mirror": true}
					]
				},
				{
					"name": "Rtoe2",
					"parent": "toes_right",
					"pivot": [15.25, 0, 9.5],
					"rotation": [0, 25, 0],
					"cubes": [
						{"origin": [5.99954, 0, 14.11905], "size": [3, 3, 3], "uv": [44, 171], "mirror": true},
						{"origin": [6.59954, 0, 11.11905], "size": [2, 3, 3], "uv": [55, 136], "mirror": true},
						{"origin": [6.59954, 0, 9.11905], "size": [2, 2, 2], "uv": [42, 154], "mirror": true}
					]
				},
				{
					"name": "Rtoe3",
					"parent": "toes_right",
					"pivot": [30, 0, 7.5],
					"cubes": [
						{"origin": [12.5, 0, 11.25], "size": [2, 2, 2], "uv": [78, 63], "mirror": true},
						{"origin": [12.5, 0, 13.25], "size": [2, 3, 3], "uv": [58, 88], "mirror": true},
						{"origin": [12, 0, 16.25], "size": [3, 3, 3], "inflate": 0.01, "uv": [123, 19], "mirror": true}
					]
				},
				{
					"name": "left_leg",
					"parent": "legs",
					"pivot": [-8, 33, 16]
				},
				{
					"name": "thigh_left",
					"parent": "left_leg",
					"pivot": [-26, 23, 19.25]
				},
				{
					"name": "thighL_1",
					"parent": "thigh_left",
					"pivot": [-26, 23, 19.25],
					"cubes": [
						{"origin": [-16.5, 19.25, 8], "size": [6, 8, 16], "inflate": 0.01, "pivot": [-16.5, 19.25, 19], "rotation": [7.5, 0, 0], "uv": [89, 96]}
					]
				},
				{
					"name": "thighL_2",
					"parent": "thigh_left",
					"pivot": [-26, 23, 19.25],
					"cubes": [
						{"origin": [-18.25, 25.75, 7], "size": [9, 6, 19], "uv": [67, 0]}
					]
				},
				{
					"name": "thighL_3",
					"parent": "thigh_left",
					"pivot": [-15.25, 29.25, 18],
					"cubes": [
						{"origin": [-18.25, 30.25, 7], "size": [9, 12, 19], "inflate": 0.01, "pivot": [-15.25, 30.25, 18], "rotation": [-7.5, 0, 0], "uv": [68, 50]}
					]
				},
				{
					"name": "ankle_left",
					"parent": "left_leg",
					"pivot": [-15.5, 25, 25.25],
					"cubes": [
						{"origin": [-17.5, 15, 21.25], "size": [8, 11, 7], "uv": [0, 113]}
					]
				},
				{
					"name": "calf_left",
					"parent": "ankle_left",
					"pivot": [-13.5, 14, 24.25],
					"cubes": [
						{"origin": [-16.5, 4, 22.25], "size": [6, 11, 5], "uv": [0, 147]}
					]
				},
				{
					"name": "foot_left",
					"parent": "calf_left",
					"pivot": [-13, 3, 24.25],
					"cubes": [
						{"origin": [-17, 0, 19.25], "size": [7, 4, 9], "uv": [53, 50]}
					]
				},
				{
					"name": "toes_left",
					"parent": "foot_left",
					"pivot": [-14, 1, 20]
				},
				{
					"name": "Ltoe1",
					"parent": "toes_left",
					"pivot": [-30, 0, 7.5],
					"rotation": [0, 25, 0],
					"cubes": [
						{"origin": [-23.74954, 0, 21.63095], "size": [3, 3, 4], "uv": [37, 88]},
						{"origin": [-23.24954, 0, 18.63095], "size": [2, 3, 3], "uv": [55, 136]},
						{"origin": [-23.24954, 0, 16.63095], "size": [2, 2, 2], "uv": [42, 154]}
					]
				},
				{
					"name": "Ltoe2",
					"parent": "toes_left",
					"pivot": [-15.25, 0, 9.5],
					"rotation": [0, -25, 0],
					"cubes": [
						{"origin": [-8.59954, 0, 9.11905], "size": [2, 2, 2], "uv": [42, 154]},
						{"origin": [-8.59954, 0, 11.11905], "size": [2, 3, 3], "uv": [55, 136]},
						{"origin": [-8.99954, 0, 14.11905], "size": [3, 3, 3], "uv": [44, 171]}
					]
				},
				{
					"name": "Ltoe3",
					"parent": "toes_left",
					"pivot": [-30, 0, 7.5],
					"cubes": [
						{"origin": [-14.5, 0, 13.25], "size": [2, 3, 3], "uv": [58, 88]},
						{"origin": [-14.5, 0, 11.25], "size": [2, 2, 2], "uv": [78, 63]},
						{"origin": [-15, 0, 16.25], "size": [3, 3, 3], "inflate": 0.01, "uv": [123, 19]}
					]
				},
				{
					"name": "bodymain",
					"parent": "body",
					"pivot": [0, 31.98073, 17.60126]
				},
				{
					"name": "tail",
					"parent": "bodymain",
					"pivot": [0, 38.5, 30.75],
					"rotation": [-7.5, 0, 0]
				},
				{
					"name": "base",
					"parent": "tail",
					"pivot": [0, 40.98, 31.58745],
					"cubes": [
						{"origin": [-2.5, 37.98, 29.08745], "size": [5, 5, 6], "pivot": [1, 37.98, 34.08745], "rotation": [12.5, 0, 0], "uv": [155, 100]},
						{"origin": [-5.5, 36.23, 34.83745], "size": [11, 11, 8], "pivot": [0, 39.23, 39.83745], "rotation": [12.5, 0, 0], "uv": [104, 0]},
						{"origin": [-6.5, 36.98, 42.58745], "size": [13, 13, 3], "pivot": [0, 40.98, 47.58745], "rotation": [12.5, 0, 0], "uv": [0, 131]}
					]
				},
				{
					"name": "ice_1",
					"parent": "tail",
					"pivot": [0, 40.98, 49.58745],
					"cubes": [
						{"origin": [-2, 47.48, 44.83745], "size": [4, 3, 9], "pivot": [-0.5, 41.48, 50.83745], "rotation": [12.5, 0, 0], "uv": [53, 153]},
						{"origin": [-2, 48.48, 41.83745], "size": [4, 3, 6], "inflate": 0.01, "pivot": [-0.5, 41.48, 44.83745], "rotation": [17.5, 0, 0], "uv": [149, 125]},
						{"origin": [-1, 51.13, 47.08745], "size": [2, 2, 3], "pivot": [-0.5, 42.98, 50.08745], "rotation": [17.5, 0, 0], "uv": [132, 153]},
						{"origin": [-1.5, 49.91, 53.63745], "size": [3, 2, 8], "pivot": [-1, 42.98, 59.58745], "rotation": [12.5, 0, 0], "uv": [159, 13]},
						{"origin": [-1.5, 48.98, 41.93745], "size": [3, 3, 5], "inflate": 0.01, "pivot": [0, 41.98, 45.08745], "rotation": [47.5, 0, 0], "uv": [167, 86]}
					]
				},
				{
					"name": "ice_2",
					"parent": "tail",
					"pivot": [-1.5, 45.48, 49.58745],
					"rotation": [-20.06358, -5.96759, 142.449],
					"cubes": [
						{"origin": [-4.39426, 52.2875, 44.8382], "size": [4, 3, 9], "pivot": [-2, 45.98, 50.83745], "rotation": [12.5, 0, 0], "uv": [152, 35]},
						{"origin": [-3.39426, 55.93627, 47.11499], "size": [2, 2, 3], "pivot": [-2, 47.48, 50.08745], "rotation": [17.5, 0, 0], "uv": [139, 125]},
						{"origin": [-4.39426, 53.28627, 41.86499], "size": [4, 3, 6], "inflate": 0.01, "pivot": [-2, 45.98, 44.83745], "rotation": [17.5, 0, 0], "uv": [103, 120]},
						{"origin": [-3.89426, 54.7175, 53.6382], "size": [3, 2, 8], "pivot": [-2.5, 47.48, 59.58745], "rotation": [12.5, 0, 0], "uv": [157, 111]},
						{"origin": [-3.89426, 53.73147, 42.11444], "size": [3, 3, 5], "inflate": 0.01, "pivot": [-1.5, 46.48, 45.08745], "rotation": [47.5, 0, 0], "uv": [74, 167]}
					]
				},
				{
					"name": "ice_3",
					"parent": "tail",
					"pivot": [1.5, 45.48, 49.58745],
					"rotation": [-20.06358, 5.96759, -142.449],
					"cubes": [
						{"origin": [0.89426, 54.7175, 53.6382], "size": [3, 2, 8], "pivot": [2.5, 47.48, 59.58745], "rotation": [12.5, 0, 0], "uv": [157, 111], "mirror": true},
						{"origin": [0.89426, 53.73147, 42.11444], "size": [3, 3, 5], "inflate": 0.01, "pivot": [1.5, 46.48, 45.08745], "rotation": [47.5, 0, 0], "uv": [74, 167], "mirror": true},
						{"origin": [0.39426, 53.28627, 41.86499], "size": [4, 3, 6], "inflate": 0.01, "pivot": [2, 45.98, 44.83745], "rotation": [17.5, 0, 0], "uv": [103, 120], "mirror": true},
						{"origin": [0.39426, 52.2875, 44.8382], "size": [4, 3, 9], "pivot": [2, 45.98, 50.83745], "rotation": [12.5, 0, 0], "uv": [152, 35], "mirror": true},
						{"origin": [1.39426, 55.93627, 47.11499], "size": [2, 2, 3], "pivot": [2, 47.48, 50.08745], "rotation": [17.5, 0, 0], "uv": [139, 125], "mirror": true}
					]
				},
				{
					"name": "body1",
					"parent": "bodymain",
					"pivot": [-8.5, 32.75, 23.25],
					"cubes": [
						{"origin": [-10.5, 18.75, 5.25], "size": [21, 25, 25], "pivot": [-8.5, 32.75, 23.25], "rotation": [-7.5, 0, 0], "uv": [0, 0]}
					]
				},
				{
					"name": "body2",
					"parent": "body1",
					"pivot": [0, 34.54548, 5.20832],
					"cubes": [
						{"origin": [-9.5, 23, -8.25], "size": [19, 23, 15], "pivot": [-8.5, 35, -0.25], "rotation": [-5, 0, 0], "uv": [0, 50]}
					]
				},
				{
					"name": "body3",
					"parent": "body2",
					"pivot": [0, 35.19495, -9.76332],
					"cubes": [
						{"origin": [-7.5, 26.5, -14.25], "size": [15, 18, 7], "pivot": [-8.5, 35.5, -14.25], "rotation": [-5, 0, 0], "uv": [0, 88]}
					]
				},
				{
					"name": "bodyice",
					"parent": "body3",
					"pivot": [-23.5, 29, -7.75]
				},
				{
					"name": "bodyice_left",
					"parent": "bodyice",
					"pivot": [-5.51798, 37.82974, -7.83862],
					"cubes": [
						{"origin": [-10.5, 34, -3.25], "size": [3, 8, 4], "inflate": 0.002, "pivot": [-8.5, 33, -2.25], "rotation": [42.5, 0, 0], "uv": [153, 166]},
						{"origin": [-10.5, 34.5, -16.5], "size": [5, 8, 4], "inflate": 0.001, "pivot": [-8.5, 33.5, -13.5], "rotation": [-47.5, 0, 0], "uv": [159, 47]},
						{"origin": [-10.5, 30.65, -4.77], "size": [3, 6, 4], "pivot": [-27.5, 35.75, -10.75], "rotation": [-5, 0, 0], "uv": [16, 167]},
						{"origin": [-10.5, 31.9, -14.85], "size": [5, 5, 4], "pivot": [-27.5, 36, -20.75], "rotation": [-5, 0, 0], "uv": [163, 121]},
						{"origin": [-9.95, 23.87, -4.95], "size": [2, 8, 3], "pivot": [-26.75, 31, -11.75], "rotation": [-15.40373, -1.03681, -2.56988], "uv": [117, 89]},
						{"origin": [-0.2, 8.87, -10.75], "size": [3, 4, 2], "pivot": [-16.5, 12, -18.75], "rotation": [-14.34723, -17.27831, -63.04202], "uv": [171, 153]},
						{"origin": [14.8, 0.37, 1.25], "size": [2, 3, 1], "pivot": [-2.5, 3.5, -6.75], "rotation": [0.93912, 22.57286, -99.60219], "uv": [0, 113]},
						{"origin": [-14.75, 34.5, -9.75], "size": [9, 10, 5], "pivot": [-15.75, 44.5, -10.75], "rotation": [-3.69066, -3.37562, -42.39121], "uv": [92, 139]},
						{"origin": [-20, 35, -9.75], "size": [9, 6, 5], "pivot": [-21, 45, -10.75], "rotation": [-1.71394, -4.69776, -69.92969], "uv": [144, 89]},
						{"origin": [-21, 41, -9.75], "size": [11, 6, 5], "pivot": [-21, 45, -10.75], "rotation": [-1.71394, -4.69776, -69.92969], "uv": [129, 33]},
						{"origin": [-20, 41, -8.75], "size": [3, 6, 3], "inflate": 0.01, "pivot": [-21, 45, -10.75], "rotation": [-1.71394, -4.69776, -69.92969], "uv": [141, 169]},
						{"origin": [-25.5, 43, -8.5], "size": [3, 6, 3], "inflate": 0.01, "pivot": [-26.5, 47, -10.5], "rotation": [-1.71394, -4.69776, -69.92969], "uv": [129, 169]},
						{"origin": [-14, 46, -8.75], "size": [3, 1, 3], "inflate": 0.01, "pivot": [-21, 45, -10.75], "rotation": [-1.71394, -4.69776, -69.92969], "uv": [105, 64]},
						{"origin": [-17.5, 44.25, -8.75], "size": [3, 6, 3], "inflate": 0.01, "pivot": [-24.5, 46.25, -10.75], "rotation": [-1.71394, -4.69776, -69.92969], "uv": [103, 154]},
						{"origin": [-8.2, 20.87, -15.45], "size": [4, 6, 3], "pivot": [-25, 26, -22.25], "rotation": [2.65327, -2.36906, -17.40247], "uv": [169, 35], "mirror": true},
						{"origin": [17.8, 6.87, -14.5], "size": [2, 3, 1], "pivot": [0.5, 10, -22.5], "rotation": [18.37038, -4.92385, -100.03742], "uv": [66, 112], "mirror": true},
						{"origin": [7.05, 7.87, -15.25], "size": [2, 3, 2], "pivot": [-10.25, 10, -23.25], "rotation": [6.20283, -4.82922, -74.9453], "uv": [170, 139], "mirror": true}
					]
				},
				{
					"name": "bodyice_right",
					"parent": "bodyice",
					"pivot": [4.78692, 37.27695, -7.17292],
					"cubes": [
						{"origin": [7.5, 34, -3.25], "size": [3, 8, 4], "inflate": 0.002, "pivot": [8.5, 33, -2.25], "rotation": [42.5, 0, 0], "uv": [0, 50]},
						{"origin": [5.5, 34.5, -16.5], "size": [5, 8, 4], "inflate": 0.001, "pivot": [8.5, 33.5, -13.5], "rotation": [-47.5, 0, 0], "uv": [92, 25]},
						{"origin": [7.5, 30.65, -4.77], "size": [3, 6, 4], "pivot": [27.5, 35.75, -10.75], "rotation": [-5, 0, 0], "uv": [30, 113]},
						{"origin": [5.5, 31.9, -14.85], "size": [5, 5, 4], "pivot": [27.5, 36, -20.75], "rotation": [-5, 0, 0], "uv": [67, 0]},
						{"origin": [4.2, 20.87, -15.45], "size": [4, 6, 3], "pivot": [25, 26, -22.25], "rotation": [2.65327, 2.36906, 17.40247], "uv": [169, 35]},
						{"origin": [-9.05, 7.87, -15.25], "size": [2, 3, 2], "pivot": [10.25, 10, -23.25], "rotation": [6.20283, 4.82922, 74.9453], "uv": [170, 139]},
						{"origin": [-19.8, 6.87, -14.5], "size": [2, 3, 1], "pivot": [-0.5, 10, -22.5], "rotation": [18.37038, 4.92385, 100.03742], "uv": [66, 112]},
						{"origin": [7.95, 23.87, -4.95], "size": [2, 8, 3], "pivot": [26.75, 31, -11.75], "rotation": [-15.40373, 1.03681, 2.56988], "uv": [86, 81]},
						{"origin": [-2.8, 8.87, -10.75], "size": [3, 4, 2], "pivot": [16.5, 12, -18.75], "rotation": [-14.34723, 17.27831, 63.04202], "uv": [22, 147]},
						{"origin": [-16.8, 0.37, 1.25], "size": [2, 3, 1], "pivot": [2.5, 3.5, -6.75], "rotation": [0.93912, -22.57286, 99.60219], "uv": [105, 50]},
						{"origin": [7.75, 34.5, -9.75], "size": [7, 10, 5], "pivot": [15.75, 44.5, -10.75], "rotation": [-3.69066, 3.37562, 42.39121], "uv": [146, 134]},
						{"origin": [13.25, 34.25, -9.75], "size": [7, 11, 5], "inflate": 0.001, "pivot": [21.25, 44.25, -10.75], "rotation": [-1.08482, 4.88119, 77.45376], "uv": [0, 0]},
						{"origin": [21.25, 49.25, -9], "size": [8, 9, 5], "pivot": [30.25, 51.25, -10], "rotation": [-3.38262, 3.68425, 47.39118], "uv": [120, 139]},
						{"origin": [16, 56.5, -9.5], "size": [12, 8, 6], "pivot": [28, 50.5, -10.5], "rotation": [-2.50477, 4.32875, 59.90532], "uv": [129, 19]},
						{"origin": [15, 64.5, -9.5], "size": [14, 8, 6], "pivot": [28, 50.5, -10.5], "rotation": [-2.50477, 4.32875, 59.90532], "uv": [105, 50]},
						{"origin": [24, 64.5, -8.5], "size": [4, 8, 4], "inflate": 0.01, "pivot": [28, 50.5, -10.5], "rotation": [-2.50477, 4.32875, 59.90532], "uv": [0, 163]},
						{"origin": [24, 72.5, -8.5], "size": [4, 6, 4], "inflate": 0.01, "pivot": [28, 50.5, -10.5], "rotation": [-2.50477, 4.32875, 59.90532], "uv": [164, 64]},
						{"origin": [16, 64.5, -8.5], "size": [4, 8, 4], "inflate": 0.01, "pivot": [28, 50.5, -10.5], "rotation": [-2.50477, 4.32875, 59.90532], "uv": [99, 163]},
						{"origin": [16, 72.5, -8.5], "size": [4, 6, 4], "inflate": 0.01, "pivot": [28, 50.5, -10.5], "rotation": [-2.50477, 4.32875, 59.90532], "uv": [58, 165]},
						{"origin": [22, 41.5, -9], "size": [7, 8, 5], "pivot": [30, 51.5, -10], "rotation": [-3.38262, 3.68425, 47.39118], "uv": [79, 154]}
					]
				},
				{
					"name": "arms",
					"parent": "body3",
					"pivot": [-40, 37.25, -17.75]
				},
				{
					"name": "arm_right",
					"parent": "arms",
					"pivot": [6.90557, 33.26213, -8.05104],
					"cubes": [
						{"origin": [11, 32, -9.5], "size": [4, 3, 3], "pivot": [29, 33, -10.5], "rotation": [-5, 0, 0], "uv": [70, 153]},
						{"origin": [7, 31.5, -10], "size": [4, 4, 4], "pivot": [25, 32.5, -10], "rotation": [-5, 0, 0], "uv": [167, 166]}
					]
				},
				{
					"name": "forearm_right",
					"parent": "arm_right",
					"pivot": [14.85836, 33.24268, -8.10496],
					"cubes": [
						{"origin": [15, 32.5, -9], "size": [6, 2, 2], "pivot": [33, 33.5, -11], "rotation": [-5, 0, 0], "uv": [0, 21]},
						{"origin": [21, 32.5, -9], "size": [3, 2, 2], "pivot": [39, 33.5, -11], "rotation": [-5, 0, 0], "uv": [23, 113]},
						{"origin": [24, 32.5, -3.75], "size": [3, 1, 0], "pivot": [42, 33.5, -5.75], "rotation": [-5.12076, -12.45167, 1.10693], "uv": [6, 62]},
						{"origin": [22, 33.25, -13.75], "size": [3, 1, 0], "pivot": [40, 34.25, -17.75], "rotation": [0, 17.43127, -1.5741], "uv": [0, 62]}
					]
				},
				{
					"name": "arm_left",
					"parent": "arms",
					"pivot": [-6.90557, 33.26213, -8.05104],
					"cubes": [
						{"origin": [-11, 31.5, -10], "size": [4, 4, 4], "pivot": [-25, 32.5, -10], "rotation": [-5, 0, 0], "uv": [168, 0]},
						{"origin": [-15, 32, -9.5], "size": [4, 3, 3], "pivot": [-29, 33, -10.5], "rotation": [-5, 0, 0], "uv": [171, 23]}
					]
				},
				{
					"name": "forearm_left",
					"parent": "arm_left",
					"pivot": [-13.85836, 33.24268, -8.10496],
					"cubes": [
						{"origin": [-21, 32.5, -9], "size": [6, 2, 2], "pivot": [-33, 33.5, -11], "rotation": [-5, 0, 0], "uv": [86, 96]},
						{"origin": [-24, 32.5, -9], "size": [3, 2, 2], "pivot": [-39, 33.5, -11], "rotation": [-5, 0, 0], "uv": [159, 59]},
						{"origin": [-27, 32.5, -3.75], "size": [3, 1, 0], "pivot": [-42, 33.5, -5.75], "rotation": [-5.12076, 12.45167, -1.10693], "uv": [6, 63]},
						{"origin": [-25, 33.25, -13.75], "size": [3, 1, 0], "pivot": [-40, 34.25, -17.75], "rotation": [0, -17.43127, 1.5741], "uv": [0, 63]}
					]
				},
				{
					"name": "neck",
					"parent": "body3",
					"pivot": [0, 35, -13]
				},
				{
					"name": "neck1",
					"parent": "neck",
					"pivot": [0, 35.62503, -12.88644],
					"cubes": [
						{"origin": [-5.5, 29, -24.25], "size": [11, 13, 11], "pivot": [-8.5, 34, -20.25], "rotation": [5, 0, 0], "uv": [33, 112]}
					]
				},
				{
					"name": "neck2",
					"parent": "neck1",
					"pivot": [0, 36.17691, -23.72785],
					"cubes": [
						{"origin": [-4, 28.5, -34.25], "size": [8, 11, 11], "inflate": 0.001, "pivot": [-9, 32.5, -30.25], "rotation": [10, 0, 0], "uv": [117, 89]},
						{"origin": [0, 39.5, -34.25], "size": [0, 5, 11], "pivot": [-9, 32.5, -30.25], "rotation": [10, 0, 0], "uv": [0, 5]}
					]
				},
				{
					"name": "neck3",
					"parent": "neck2",
					"pivot": [-0.0005, 34.05656, -34.452],
					"cubes": [
						{"origin": [-4, 26.5, -43], "size": [8, 9, 10], "pivot": [-9, 30.5, -40], "rotation": [22.5, 0, 0], "uv": [77, 120]},
						{"origin": [-0.001, 35.5, -42], "size": [0, 5, 9], "pivot": [-9, 30.5, -40], "rotation": [22.5, 0, 0], "uv": [67, 0]}
					]
				},
				{
					"name": "neck4",
					"parent": "neck3",
					"pivot": [0, 31.10736, -42.29777],
					"cubes": [
						{"origin": [-4, 24.75, -51.75], "size": [8, 9, 10], "inflate": 0.01, "pivot": [-9, 28.75, -48.75], "rotation": [7.5, 0, 0], "uv": [113, 120]},
						{"origin": [0, 33.75, -47.75], "size": [0, 5, 6], "pivot": [-9, 28.75, -48.75], "rotation": [7.5, 0, 0], "uv": [67, 8]}
					]
				},
				{
					"name": "head",
					"parent": "neck4",
					"pivot": [0, 28.96086, -51.55015],
					"cubes": [
						{"origin": [-4, 24.75, -51.75], "size": [8, 9, 4], "inflate": 0.01, "pivot": [-9, 28.75, -45], "rotation": [7.5, 0, 0], "uv": [22, 154]},
						{"origin": [-4.5, 24.75, -52.75], "size": [9, 4, 2], "inflate": 0.01, "pivot": [-9, 28.75, -44], "rotation": [7.5, 0, 0], "uv": [142, 13]},
						{"origin": [3.6, 27.42371, -56.2], "size": [1, 6, 3], "inflate": 0.01, "pivot": [4.25, 31.59525, -52.03228], "rotation": [8.44236, 27.24513, 3.88714], "uv": [53, 50]},
						{"origin": [-4.6, 27.42371, -59.1], "size": [1, 4, 3], "inflate": 0.01, "pivot": [-4.25, 31.59525, -51.93228], "rotation": [8.44236, -27.24513, -3.88714], "uv": [157, 111]},
						{"origin": [3.6, 27.42371, -59.1], "size": [1, 4, 3], "inflate": 0.01, "pivot": [4.25, 31.59525, -51.93228], "rotation": [8.44236, 27.24513, 3.88714], "uv": [104, 0]},
						{"origin": [-4.6, 27.42371, -56.1], "size": [1, 6, 3], "inflate": 0.01, "pivot": [-4.25, 31.59525, -51.93228], "rotation": [8.44236, -27.24513, -3.88714], "uv": [76, 50]},
						{"origin": [-4, 28.75, -52.75], "size": [1, 8, 1], "inflate": 0.01, "pivot": [-7.25, 28.75, -44.75], "rotation": [7.5, 0, 0], "uv": [44, 100]},
						{"origin": [3, 28.75, -52.75], "size": [1, 8, 2], "inflate": 0.01, "pivot": [7.25, 28.75, -43.75], "rotation": [7.5, 0, 0], "uv": [90, 167]}
					]
				},
				{
					"name": "nose_ice",
					"parent": "head",
					"pivot": [0, 28.78177, -58.9651],
					"rotation": [5, 0, 0],
					"cubes": [
						{"origin": [-1.5, 25.52665, -60.39124], "size": [3, 4, 4], "inflate": 0.01, "pivot": [0, 28.78177, -58.9651], "rotation": [47.5, 0, 0], "uv": [30, 167]},
						{"origin": [-1.5, 25.50665, -54.49124], "size": [3, 4, 8], "inflate": 0.01, "pivot": [0, 28.78177, -58.9651], "rotation": [47.5, 0, 0], "uv": [44, 88]},
						{"origin": [-1, 26.50665, -46.49124], "size": [2, 3, 6], "inflate": 0.01, "pivot": [0, 28.78177, -58.9651], "rotation": [47.5, 0, 0], "uv": [133, 111]},
						{"origin": [-1.46891, 26.55143, -58.30857], "size": [3, 4, 6], "pivot": [0, 29.499, -57.88071], "rotation": [50.89594, -18.17696, -20.99692], "uv": [40, 161]},
						{"origin": [-1.53109, 26.55143, -58.30857], "size": [3, 4, 6], "inflate": 0.001, "pivot": [0, 29.499, -57.88071], "rotation": [50.89594, 18.17696, 20.99692], "uv": [40, 161], "mirror": true},
						{"origin": [-2.46891, 26.55143, -52.30857], "size": [4, 4, 10], "pivot": [0, 29.499, -57.88071], "rotation": [50.89594, -18.17696, -20.99692], "uv": [139, 111]},
						{"origin": [-10.79, 39.81, -49.6545], "size": [3, 2, 4], "pivot": [-9.20422, 39.84768, -47.1545], "rotation": [53.98381, -24.28484, -29.49826], "uv": [68, 63]},
						{"origin": [-1.53109, 26.55143, -53.30857], "size": [4, 4, 11], "pivot": [0, 29.499, -57.88071], "rotation": [50.89594, 18.17696, 20.99692], "uv": [86, 81]},
						{"origin": [8.87772, 40.58121, -51.19327], "size": [3, 2, 5], "pivot": [10.37772, 41.58121, -46.69327], "rotation": [54.93305, 25.73828, 31.74297], "uv": [92, 37]},
						{"origin": [9.87772, 39.33121, -51.19327], "size": [2, 0, 3], "pivot": [10.37772, 41.58121, -46.69327], "rotation": [54.93305, 25.73828, 31.74297], "uv": [17, 21]},
						{"origin": [11.87772, 40.58121, -46.19327], "size": [0, 2, 2], "pivot": [10.37772, 41.58121, -46.69327], "rotation": [54.93305, 25.73828, 31.74297], "uv": [0, 0]},
						{"origin": [9.87772, 42.58121, -46.19327], "size": [2, 0, 5], "pivot": [10.37772, 41.58121, -46.69327], "rotation": [54.93305, 25.73828, 31.74297], "uv": [14, 0]},
						{"origin": [-0.56954, 24.09665, -60.81141], "size": [2, 4, 2], "inflate": 0.01, "pivot": [0, 27.31994, -60.24187], "rotation": [57.05902, -28.53623, -36.40051], "uv": [167, 174]}
					]
				},
				{
					"name": "eyes",
					"parent": "head",
					"pivot": [-4.25, 31.59525, -52.93228]
				},
				{
					"name": "iris_left",
					"parent": "eyes",
					"pivot": [-4.25, 31.59525, -52.93228],
					"cubes": [
						{"origin": [-3.38513, 29.12535, -57.93727], "size": [1, 2, 3], "pivot": [-2.88513, 31.87535, -54.43727], "rotation": [0.94236, -27.24513, -3.88714], "uv": [169, 59]},
						{"origin": [-3.38513, 29.12535, -54.93727], "size": [1, 3, 2], "pivot": [-2.88513, 31.87535, -54.43727], "rotation": [0.94236, -27.24513, -3.88714], "uv": [0, 88]}
					]
				},
				{
					"name": "pupil_left",
					"parent": "iris_left",
					"pivot": [-2.88513, 31.87535, -54.43727],
					"cubes": [
						{"origin": [-3.38513, 29.62535, -56.68727], "size": [1, 3, 3], "inflate": 0.01, "pivot": [-2.88513, 31.87535, -54.43727], "rotation": [0.94236, -27.24513, -3.88714], "uv": [155, 68]}
					]
				},
				{
					"name": "iris_right",
					"parent": "eyes",
					"pivot": [4.25, 31.59525, -52.93228],
					"cubes": [
						{"origin": [2.38513, 29.12535, -57.93727], "size": [1, 2, 3], "pivot": [2.88513, 31.87535, -54.43727], "rotation": [0.94236, 27.24513, 3.88714], "uv": [103, 37]},
						{"origin": [2.38513, 29.12535, -54.93727], "size": [1, 3, 2], "pivot": [2.88513, 31.87535, -54.43727], "rotation": [0.94236, 27.24513, 3.88714], "uv": [79, 14]}
					]
				},
				{
					"name": "pupil_right",
					"parent": "iris_right",
					"pivot": [2.88513, 31.87535, -54.43727],
					"cubes": [
						{"origin": [2.38513, 29.62535, -56.68727], "size": [1, 3, 3], "inflate": 0.01, "pivot": [2.88513, 31.87535, -54.43727], "rotation": [0.94236, 27.24513, 3.88714], "uv": [80, 112]}
					]
				},
				{
					"name": "headice",
					"parent": "head",
					"pivot": [-3.25, 24.75, -56.75],
					"cubes": [
						{"origin": [-5.5, 26.75, -51.75], "size": [11, 10, 4], "inflate": 0.01, "pivot": [-7.5, 28.75, -44.75], "rotation": [7.5, 0, 0], "uv": [62, 139]}
					]
				},
				{
					"name": "jaw",
					"parent": "headice",
					"pivot": [0, 26, -47],
					"cubes": [
						{"origin": [-2, 24, -57.5], "size": [4, 2, 6], "inflate": 0.01, "uv": [137, 161]}
					]
				},
				{
					"name": "ice_left",
					"parent": "jaw",
					"pivot": [-3.75, 24, -56.75],
					"cubes": [
						{"origin": [-7.25, 25.25, -51.75], "size": [6, 6, 7], "inflate": 0.01, "pivot": [-4.25, 28.25, -43.75], "rotation": [15.73804, 13.88135, -31.24446], "uv": [142, 0]},
						{"origin": [-10.25, 26.75, -50.5], "size": [3, 4, 5], "inflate": 0.01, "pivot": [-4.25, 28.25, -43.75], "rotation": [15.73804, 13.88135, -31.24446], "uv": [165, 144]},
						{"origin": [-12.25, 30.25, -49.5], "size": [2, 0, 4], "pivot": [-4.25, 28.25, -43.75], "rotation": [15.73804, 13.88135, -31.24446], "uv": [12, 21]},
						{"origin": [-9.75, 24, -56.25], "size": [4, 5, 7], "inflate": 0.01, "pivot": [-7.25, 26, -41.25], "rotation": [15.82221, -15.03629, -39.31706], "uv": [156, 154]},
						{"origin": [-3.92, 22.65098, -59.85], "size": [3, 3, 4], "inflate": 0.01, "pivot": [-3.75, 24, -55.75], "rotation": [18.55646, -34.16517, -45.78821], "uv": [46, 154]}
					]
				},
				{
					"name": "ice_right",
					"parent": "jaw",
					"pivot": [3.75, 24, -56.75],
					"cubes": [
						{"origin": [1.25, 25.25, -51.75], "size": [6, 6, 7], "inflate": 0.01, "pivot": [4.25, 28.25, -43.75], "rotation": [15.73804, -13.88135, 31.24446], "uv": [136, 68]},
						{"origin": [5.75, 24, -56.25], "size": [4, 5, 7], "inflate": 0.01, "pivot": [7.25, 26, -41.25], "rotation": [15.82221, 15.03629, 39.31706], "uv": [155, 74]},
						{"origin": [0.92, 22.65098, -59.85], "size": [3, 3, 4], "inflate": 0.01, "pivot": [3.75, 24, -55.75], "rotation": [18.55646, 34.16517, 45.78821], "uv": [134, 0]}
					]
				}
			]
		}
	]
}