{
	"format_version": "1.12.0",
	"minecraft:geometry": [
		{
			"description": {
				"identifier": "geometry.dudunsparce",
				"texture_width": 64,
				"texture_height": 64,
				"visible_bounds_width": 4,
				"visible_bounds_height": 2.5,
				"visible_bounds_offset": [0, 0.75, 0]
			},
			"bones": [
				{
					"name": "dudunsparce",
					"pivot": [0, 0, 0]
				},
				{
					"name": "body",
					"parent": "dudunsparce",
					"pivot": [0, 0, 0]
				},
				{
					"name": "torso",
					"parent": "body",
					"pivot": [0, 0, -10]
				},
				{
					"name": "bone6",
					"parent": "torso",
					"pivot": [0, 0.5, 2],
					"cubes": [
						{"origin": [-3, 0.5, 8], "size": [6, 5, 1], "uv": [34, 6]},
						{"origin": [-4, 0, 1], "size": [8, 6, 7], "uv": [0, 27]}
					]
				},
				{
					"name": "bone5",
					"parent": "bone6",
					"pivot": [0, 0.5, 1],
					"cubes": [
						{"origin": [-3, 0.5, -8], "size": [6, 5, 1], "uv": [30, 33]},
						{"origin": [-3, 0.5, 0], "size": [6, 5, 1], "uv": [30, 33]},
						{"origin": [-4, 0, -7], "size": [8, 6, 7], "uv": [0, 14]}
					]
				},
				{
					"name": "head",
					"parent": "bone5",
					"pivot": [-0.5, 2.75, -8.25],
					"cubes": [
						{"origin": [-4.5, -0.75, -11], "size": [9, 2, 3], "uv": [30, 21]},
						{"origin": [-4.5, 1.25, -16], "size": [9, 6, 8], "uv": [0, 0]}
					]
				},
				{
					"name": "bone8",
					"parent": "head",
					"pivot": [-4.55, 4.25, -12.75],
					"rotation": [-10, 0, 0],
					"cubes": [
						{"origin": [-4.525, 1.75, -15.25], "size": [0, 5, 5], "uv": [0, 40]},
						{"origin": [-4.55, 2.25, -14.75], "size": [0, 4, 4], "uv": [40, 48]},
						{"origin": [-4.575, 3.75, -14.75], "size": [0, 1, 4], "uv": [0, 50]}
					]
				},
				{
					"name": "bone7",
					"parent": "head",
					"pivot": [4.55, 4.25, -12.75],
					"rotation": [-10, 0, 0],
					"cubes": [
						{"origin": [4.525, 1.75, -15.25], "size": [0, 5, 5], "uv": [30, 39]},
						{"origin": [4.55, 2.25, -14.75], "size": [0, 4, 4], "uv": [48, 0]},
						{"origin": [4.575, 3.75, -14.75], "size": [0, 1, 4], "uv": [30, 49]}
					]
				},
				{
					"name": "bone9",
					"parent": "head",
					"pivot": [-0.5, 1.25, -11],
					"cubes": [
						{"origin": [-4.5, -0.725, -15.975], "size": [9, 2, 5], "inflate": -0.025, "uv": [30, 14]},
						{"origin": [-0.5, -0.5, -17.5], "size": [1, 1, 2], "pivot": [-0.5, 0, -15.5], "rotation": [37.5, 0, 0], "uv": [50, 39]},
						{"origin": [1.5, -0.5, -17.5], "size": [1, 1, 2], "pivot": [1.5, 0, -15.5], "rotation": [37.5, 0, 0], "uv": [50, 45]},
						{"origin": [-2.5, -0.5, -17.5], "size": [1, 1, 2], "pivot": [-2.5, 0, -15.5], "rotation": [37.5, 0, 0], "uv": [50, 42]}
					]
				},
				{
					"name": "bone12",
					"parent": "bone5",
					"pivot": [-3, 5, -5.75],
					"rotation": [30.88164, 1.71192, -40.80199],
					"cubes": [
						{"origin": [-3, 5, -6.25], "size": [0, 4, 5], "uv": [10, 40]}
					]
				},
				{
					"name": "bone11",
					"parent": "bone5",
					"pivot": [3, 5, -5.75],
					"rotation": [30.88164, -1.71192, 40.80199],
					"cubes": [
						{"origin": [3, 5, -6.25], "size": [0, 4, 5], "uv": [10, 40]}
					]
				},
				{
					"name": "bone4",
					"parent": "bone6",
					"pivot": [0, 2, 9],
					"cubes": [
						{"origin": [-1, 2, 9], "size": [2, 2, 3], "uv": [48, 8]}
					]
				},
				{
					"name": "bone10",
					"parent": "bone4",
					"pivot": [0, 2, 12],
					"cubes": [
						{"origin": [-2, 1, 12], "size": [4, 4, 3], "uv": [30, 26]},
						{"origin": [-1.5, 1.5, 15], "size": [3, 3, 2], "uv": [48, 48]},
						{"origin": [-1, 2, 17], "size": [2, 2, 3], "uv": [10, 49]},
						{"origin": [-1.5, 1.5, 18.25], "size": [3, 3, 2], "uv": [20, 49]},
						{"origin": [-1, 2, 20.25], "size": [2, 2, 2], "uv": [44, 35]}
					]
				},
				{
					"name": "bone14",
					"parent": "bone6",
					"pivot": [-3, 5, 3.25],
					"rotation": [30.88164, 1.71192, -40.80199],
					"cubes": [
						{"origin": [-3, 5, 2.75], "size": [0, 4, 5], "uv": [10, 40]}
					]
				},
				{
					"name": "bone13",
					"parent": "bone6",
					"pivot": [3, 5, 3.25],
					"rotation": [30.88164, -1.71192, 40.80199],
					"cubes": [
						{"origin": [3, 5, 2.75], "size": [0, 4, 5], "uv": [10, 40]}
					]
				}
			]
		}
	]
}