{
	"format_version": "1.8.0",
	"animations": {
		"animation.arceus.ground_idle": {
			"loop": true,
			"animation_length": 3,
			"bones": {
				"tail": {
					"rotation": {
						"0.0": [12.5, 0, 0],
						"1.5": [7.5, 0, 0],
						"3.0": [12.5, 0, 0]
					}
				},
				"front_leg_left": {
					"rotation": [5, 0, 0]
				},
				"BottomLegFL": {
					"rotation": [5, 0, 0]
				},
				"front_leg_right": {
					"rotation": [-10, 0, 0]
				},
				"bottomLegFR": {
					"rotation": [5, 0, 0]
				},
				"back_leg_left": {
					"rotation": [10, 0, 0]
				},
				"BottomLegBL": {
					"rotation": [-7.5, 0, 0]
				},
				"back_leg_right": {
					"rotation": [7.5, 0, 0]
				},
				"BottomLegBR": {
					"rotation": [-7.5, 0, 0]
				},
				"neck": {
					"rotation": [7.5, 0, 0]
				},
				"neck_upper": {
					"rotation": {
						"0.0": [-6.67, 0, 0],
						"3.0": [-6.67, 0, 0]
					},
					"position": [0, -1, 0]
				},
				"head": {
					"rotation": {
						"0.0": [10, 0, 0],
						"1.5": [7.5, 0, 0],
						"3.0": [10, 0, 0]
					},
					"position": [0, -0.7, 0]
				},
				"head_tail": {
					"rotation": [-7.5, 0, 0]
				},
				"head_tail_2": {
					"rotation": [-10, 0, 0]
				},
				"head_tail_3": {
					"rotation": [-7.5, 0, 0]
				},
				"head_tail_4": {
					"rotation": [22.5, 0, 0]
				},
				"tail_piece_1": {
					"rotation": [-27.5, 0, 0],
					"position": [0, 0, -1.5]
				},
				"tail_piece_2": {
					"rotation": [45, 0, 0],
					"position": [0, 0, -1.5]
				},
				"tail_piece_3": {
					"rotation": [-30, 0, 0],
					"position": [0, 0, -0.5]
				},
				"arceus": {
					"position": [0, -1.1, 0]
				}
			}
		},
		"animation.arceus.ground_walk": {
			"loop": true,
			"animation_length": 2.6667,
			"bones": {
				"arceus": {
					"rotation": {
						"0.0": [0, 0, 0],
						"0.9444": [5, 0, 0],
						"2.6667": [0, 0, 0]
					}
				},
				"tail": {
					"rotation": {
						"0.0": [0, 0, 0],
						"1.0": [5, 0, 0],
						"2.0": [-5, 0, 0],
						"2.6667": [0, 0, 0]
					}
				},
				"front_leg_left": {
					"rotation": {
						"0.0": [-55, 0, 0],
						"0.4444": [-15, 0, 0],
						"0.6667": [-5, 0, 0],
						"0.8611": [7.5, 0, 0],
						"1.0833": [10, 0, 0],
						"1.3333": [5, 0, 0],
						"1.5833": [-7.5, 0, 0],
						"1.8056": [-55, 0, 0],
						"2.0": [-85, 0, 0],
						"2.2222": [-62.5, 0, 0],
						"2.4444": [-50, 0, 0],
						"2.6667": [-55, 0, 0]
					}
				},
				"BottomLegFL": {
					"rotation": {
						"0.0": [32.5, 0, 0],
						"0.2222": [-2.5, 0, 0],
						"0.4444": [5, 0, 0],
						"0.8611": [0, 0, 0],
						"1.0833": [10, 0, 0],
						"1.3333": [42.5, 0, 0],
						"1.5833": [57.5, 0, 0],
						"1.8056": [87.5, 0, 0],
						"2.0": [107.5, 0, 0],
						"2.2222": [62.5, 0, 0],
						"2.4444": [47.5, 0, 0],
						"2.6667": [32.5, 0, 0]
					},
					"position": {
						"0.0": [0, 0, 0],
						"2.0": [0, 0, 2],
						"2.2222": [0, 0, 0],
						"2.6667": [0, 0, 0]
					}
				},
				"front_leg_right": {
					"rotation": {
						"0.0": [-12.5, 0, 0],
						"0.2222": [-5, 0, 0],
						"0.4444": [7.5, 0, 0],
						"0.6667": [15, 0, 0],
						"0.8611": [-5, 0, 0],
						"1.0833": [-10, 0, 0],
						"1.3333": [-42.5, 0, 0],
						"1.5833": [-70, 0, 0],
						"1.8056": [-85, 0, 0],
						"2.0": [-80, 0, 0],
						"2.2222": [-50, 0, 0],
						"2.4444": [-17.5, 0, 0],
						"2.6667": [-12.5, 0, 0]
					}
				},
				"bottomLegFR": {
					"rotation": {
						"0.0": [7.5, 0, 0],
						"0.2222": [2.5, 0, 0],
						"0.4444": [22.5, 0, 0],
						"0.8611": [67.5, 0, 0],
						"1.0833": [85, 0, 0],
						"2.0": [40, 0, 0],
						"2.2222": [5, 0, 0],
						"2.6667": [7.5, 0, 0]
					}
				},
				"back_leg_left": {
					"rotation": {
						"0.0": [12.5, 0, 0],
						"0.2222": [32.5, 0, 0],
						"0.4444": [47.5, 0, 0],
						"0.6667": [45, 0, 0],
						"1.0833": [37.5, 0, 0],
						"1.3333": [35, 0, 0],
						"1.5833": [27.5, 0, 0],
						"1.8056": [5, 0, 0],
						"2.0": [-10, 0, 0],
						"2.2222": [0, 0, 0],
						"2.6667": [12.5, 0, 0]
					}
				},
				"BottomLegBL": {
					"rotation": {
						"0.0": [-10, 0, 0],
						"0.2222": [-20, 0, 0],
						"0.4444": [-32.5, 0, 0],
						"0.6667": [-47.5, 0, 0],
						"0.8611": [-60, 0, 0],
						"1.5833": [-47.5, 0, 0],
						"2.0": [-7.5, 0, 0],
						"2.2222": [-15, 0, 0],
						"2.4444": [0, 0, 0],
						"2.6667": [-10, 0, 0]
					}
				},
				"back_leg_right": {
					"rotation": {
						"0.0": [52.5, 0, 0],
						"0.4444": [45, 0, 0],
						"0.6667": [42.5, 0, 0],
						"1.0833": [35, 0, 0],
						"1.3333": [32.5, 0, 0],
						"1.5833": [22.5, 0, 0],
						"1.8056": [10, 0, 0],
						"2.0": [15, 0, 0],
						"2.2222": [20, 0, 0],
						"2.4444": [32.5, 0, 0],
						"2.6667": [52.5, 0, 0]
					}
				},
				"BottomLegBR": {
					"rotation": {
						"0.0": [-15, 0, 0],
						"0.2222": [-22.5, 0, 0],
						"0.4444": [-40, 0, 0],
						"0.6667": [-57.5, 0, 0],
						"0.8611": [-75, 0, 0],
						"1.5833": [-62.5, 0, 0],
						"1.8056": [-25, 0, 0],
						"2.0": [-10, 0, 0],
						"2.2222": [-5, 0, 0],
						"2.4444": [0, 0, 0],
						"2.6667": [-15, 0, 0]
					}
				},
				"neck": {
					"rotation": {
						"0.0": [2.5, 0, 0],
						"1.3333": [10, 0, 0],
						"2.6667": [3.15, 0, 0]
					}
				},
				"neck_upper": {
					"rotation": [0, 0, 0]
				},
				"head": {
					"rotation": [10, 0, 0],
					"position": [0, -0.7, 0]
				},
				"head_tail_2": {
					"rotation": {
						"0.0": [0, 0, 0],
						"0.7778": [5, 0, 0],
						"1.7778": [-12.5, 0, 0],
						"2.6667": [0, 0, 0]
					}
				},
				"head_tail_3": {
					"rotation": {
						"0.0": [0, 0, 0],
						"0.7778": [5, 0, 0],
						"1.7778": [-5, 0, 0],
						"2.6667": [0, 0, 0]
					}
				},
				"head_tail_4": {
					"rotation": {
						"0.0": [0, 0, 0],
						"0.7778": [-5, 0, 0],
						"1.7778": [-15, 0, 0],
						"2.6667": [0, 0, 0]
					},
					"position": [0, 0, -1]
				},
				"tail_piece_1": {
					"rotation": {
						"0.0": [0, 0, 0],
						"1.0": [5, 0, 0],
						"2.0": [-5, 0, 0],
						"2.6667": [0, 0, 0]
					}
				},
				"tail_piece_2": {
					"rotation": {
						"0.0": [0, 0, 0],
						"1.0": [5, 0, 0],
						"2.0": [-5, 0, 0],
						"2.6667": [0, 0, 0]
					}
				},
				"tail_piece_3": {
					"rotation": {
						"0.0": [0, 0, 0],
						"1.0": [-5, 0, 0],
						"2.0": [5, 0, 0],
						"2.6667": [0, 0, 0]
					}
				}
			}
		},
		"animation.arceus.faint": {
			"animation_length": 4.25,
			"bones": {
				"arceus": {
					"rotation": {
						"0.0": [0, 0, 0],
						"3.0": [7.5, 0, 0]
					},
					"position": {
						"0.0": [0, 0, 0],
						"3.0": [0, -2.1, 0],
						"4.25": [0, 9.9, 0]
					}
				},
				"front_leg_left": {
					"rotation": {
						"0.0": [-15, 0, 0],
						"2.75": [-44.37, 0, 0],
						"3.0": [-22.5, 0, 0],
						"4.0": [-53.5, 0, 0]
					},
					"position": [0, 0, 0]
				},
				"BottomLegFL": {
					"rotation": {
						"0.0": [15, 0, 0],
						"4.0": [60, 0, 0]
					},
					"position": [0, 0, 0]
				},
				"front_leg_right": {
					"rotation": {
						"0.0": [2.5, 0, 0],
						"3.0": [-7.5, 0, 0],
						"4.0": [-27.5, 0, 0]
					},
					"position": [0, 0, 0]
				},
				"bottomLegFR": {
					"rotation": {
						"0.0": [7.5, 0, 0],
						"3.0": [20, 0, 0],
						"4.0": [46, 0, 0]
					},
					"position": [0, 0, 0]
				},
				"torso": {
					"rotation": [0, 0, 0],
					"position": [0, 0, 0]
				},
				"tail": {
					"rotation": {
						"0.0": [0, 0, 0],
						"1.0": [15, 0, 0],
						"2.0": [62.5, 0, 0],
						"4.0": [-10, 0, 0]
					},
					"position": [0, 0, 0]
				},
				"tail_piece_1": {
					"rotation": {
						"0.0": [0, 0, 0],
						"1.0": [7.5, 0, 0],
						"4.0": [-7.5, 0, 0]
					},
					"position": [0, 0, 0]
				},
				"tail_piece_2": {
					"rotation": {
						"0.0": [0, 0, 0],
						"1.0": [7.5, 0, 0],
						"4.0": [-12.5, 0, 0]
					},
					"position": [0, 0, 0]
				},
				"tail_piece_3": {
					"rotation": {
						"0.0": [0, 0, 0],
						"1.0": [10, 0, 0],
						"4.0": [-5, 0, 0]
					},
					"position": [0, 0, 0]
				},
				"ring": {
					"rotation": [0, 0, 0],
					"position": [0, 0, 0]
				},
				"back_leg_left": {
					"rotation": {
						"0.0": [5, 0, 0],
						"3.0": [-5, 0, 0]
					},
					"position": [0, 0, 0]
				},
				"BottomLegBL": {
					"rotation": [-5, 0, 0],
					"position": [0, 0, 0]
				},
				"back_leg_right": {
					"rotation": [5, 0, 0],
					"position": [0, 0, 0]
				},
				"BottomLegBR": {
					"rotation": [-5, 0, 0],
					"position": [0, 0, 0]
				},
				"neck": {
					"rotation": [0, 0, 0],
					"position": [0, 0, 0]
				},
				"neck_upper": {
					"rotation": {
						"0.0": [0, 0, 0],
						"4.0": [20, 0, 0]
					},
					"position": [0, 0, 0]
				},
				"head": {
					"rotation": {
						"0.0": [0, 0, 0],
						"1.0": [-47.5, 0, 0],
						"2.0": [-67.5, 0, 0],
						"4.0": [30, 0, 0]
					},
					"position": {
						"0.0": [0, 0, 0],
						"4.0": [0, -2.1, 0.6]
					}
				},
				"head_tail": {
					"rotation": {
						"0.0": [0, 0, 0],
						"1.0": [15, 0, 0]
					},
					"position": {
						"0.0": [0, 0, 0],
						"1.0": [0, 0, -1.1]
					}
				},
				"head_tail_2": {
					"rotation": {
						"0.0": [0, 0, 0],
						"1.0": [12.5, 0, 0]
					},
					"position": {
						"0.0": [0, 0, 0],
						"1.0": [0, 0, -0.8]
					}
				},
				"head_tail_3": {
					"rotation": {
						"0.0": [0, 0, 0],
						"1.0": [10, 0, 0]
					},
					"position": {
						"0.0": [0, 0, 0],
						"1.0": [0, 0, -0.5]
					}
				},
				"head_tail_4": {
					"rotation": {
						"0.0": [0, 0, 0],
						"1.0": [10, 0, 0]
					},
					"position": [0, 0, 0]
				}
			}
		}
	}
}