{
  "structures":[
    {
      "structure": "mvs:well/well",
      "weight": 1
    },
    {
      "structure": "mvs:well/small_copper_well",
      "weight": 1
    },
    {
      "structure": "mvs:well/small_well",
      "weight": 1
    },
    {
      "structure": "mvs:well/wells/acacia_well",
      "weight": 1
    },
    {
      "structure": "mvs:well/wells/birch_well",
      "weight": 1
    },
    {
      "structure": "mvs:well/wells/dark_oak_well",
      "weight": 1
    },
    {
      "structure": "mvs:well/wells/desert_well",
      "weight": 1
    },
    {
      "structure": "mvs:well/wells/jungle_well",
      "weight": 1
    },
    {
      "structure": "mvs:well/wells/oak_well",
      "weight": 1
    },
    {
      "structure": "mvs:well/wells/rocky_well",
      "weight": 1
    },
    {
      "structure": "mvs:well/wells/snowy_well",
      "weight": 1
    },
    {
      "structure": "mvs:well/wells/spruce_well",
      "weight": 1
    }
  ],
  "placement": {

    "type": "mvs:advanced_random_spread",

    "salt": 336692254,

    "spacing": 40,

    "separation": 0
  }
}