{
	"format_version": "1.12.0",
	"minecraft:geometry": [
		{
			"description": {
				"identifier": "geometry.lurantis",
				"texture_width": 64,
				"texture_height": 64,
				"visible_bounds_width": 5,
				"visible_bounds_height": 3.5,
				"visible_bounds_offset": [0, 1.25, 0]
			},
			"bones": [
				{
					"name": "lurantis",
					"pivot": [0, 0, 0]
				},
				{
					"name": "body",
					"parent": "lurantis",
					"pivot": [0, 17.3, -1.5]
				},
				{
					"name": "neck",
					"parent": "body",
					"pivot": [0, 18.8, -0.25],
					"cubes": [
						{"origin": [-0.5, 18.3, -0.75], "size": [1, 4, 1], "uv": [12, 48]}
					]
				},
				{
					"name": "head",
					"parent": "neck",
					"pivot": [0, 21.8, -0.25],
					"cubes": [
						{"origin": [-3, 20.3, -3.75], "size": [6, 5, 6], "uv": [0, 0]},
						{"origin": [-0.5, 24.55, -4], "size": [1, 1, 2], "uv": [45, 18]}
					]
				},
				{
					"name": "mouth",
					"parent": "head",
					"pivot": [0, 21.55, -2.5],
					"cubes": [
						{"origin": [-1, 21.3, -2.75], "size": [2, 1, 1], "inflate": 0.01, "uv": [12, 56]}
					]
				},
				{
					"name": "eye_left",
					"parent": "head",
					"pivot": [2.25, 22.3, -3],
					"cubes": [
						{"origin": [1.25, 21.3, -4], "size": [2, 2, 2], "inflate": -2, "uv": [44, 37]}
					]
				},
				{
					"name": "pupil_left",
					"parent": "eye_left",
					"pivot": [2.25, 22.3, -3.325],
					"cubes": [
						{"origin": [1.75, 21.3, -3.825], "size": [1, 2, 1], "uv": [48, 41]}
					]
				},
				{
					"name": "eye_shine_left",
					"parent": "eye_left",
					"pivot": [1.85, 22.7, -3.9],
					"cubes": [
						{"origin": [1.35, 22.2, -3.9], "size": [1, 1, 0], "inflate": 0.001, "uv": [21, 4]}
					]
				},
				{
					"name": "eye_right",
					"parent": "head",
					"pivot": [-2.25, 22.3, -3],
					"cubes": [
						{"origin": [-3.25, 21.3, -4], "size": [2, 2, 2], "inflate": -2, "uv": [8, 44]}
					]
				},
				{
					"name": "pupil_right",
					"parent": "eye_right",
					"pivot": [-2.25, 22.3, -3.325],
					"cubes": [
						{"origin": [-2.75, 21.3, -3.825], "size": [1, 2, 1], "uv": [34, 48]}
					]
				},
				{
					"name": "eye_shine_right",
					"parent": "eye_right",
					"pivot": [-1.85, 22.7, -3.9],
					"cubes": [
						{"origin": [-2.35, 22.2, -3.9], "size": [1, 1, 0], "inflate": 0.001, "uv": [18, 19]}
					]
				},
				{
					"name": "antenna_left",
					"parent": "head",
					"pivot": [1.5, 25.3, -2.75],
					"cubes": [
						{"origin": [1, 25.3, -2.75], "size": [1, 1, 0], "uv": [6, 21]}
					]
				},
				{
					"name": "antenna_left2",
					"parent": "antenna_left",
					"pivot": [1.5, 26.3, -2.75],
					"cubes": [
						{"origin": [0.5, 26.3, -2.75], "size": [2, 3, 0], "uv": [16, 50]}
					]
				},
				{
					"name": "antenna_left3",
					"parent": "antenna_left2",
					"pivot": [1.5, 29.3, -2.75],
					"cubes": [
						{"origin": [1, 29.3, -2.75], "size": [1, 1, 0], "uv": [21, 13]}
					]
				},
				{
					"name": "antenna_right",
					"parent": "head",
					"pivot": [-1.5, 25.3, -2.75],
					"cubes": [
						{"origin": [-2, 25.3, -2.75], "size": [1, 1, 0], "uv": [18, 17]}
					]
				},
				{
					"name": "antenna_right2",
					"parent": "antenna_right",
					"pivot": [-1.5, 26.3, -2.75],
					"cubes": [
						{"origin": [-2.5, 26.3, -2.75], "size": [2, 3, 0], "uv": [19, 34]}
					]
				},
				{
					"name": "antenna_right3",
					"parent": "antenna_right2",
					"pivot": [-1.5, 29.3, -2.75],
					"cubes": [
						{"origin": [-2, 29.3, -2.75], "size": [1, 1, 0], "uv": [0, 13]}
					]
				},
				{
					"name": "ear_left",
					"parent": "head",
					"pivot": [1.51935, 25.32342, -0.75],
					"cubes": [
						{"origin": [0.5, 25.05, -0.75], "size": [2, 3, 0], "uv": [50, 14]},
						{"origin": [2.5, 26.05, -0.75], "size": [1, 3, 0], "pivot": [3, 28.55, -0.75], "rotation": [0, 0, 25], "uv": [0, 3]}
					]
				},
				{
					"name": "ear_left2",
					"parent": "ear_left",
					"pivot": [1.5, 28.05, -0.75],
					"cubes": [
						{"origin": [0.5, 28.05, -0.75], "size": [2, 3, 0], "uv": [49, 31]}
					]
				},
				{
					"name": "ear_left3",
					"parent": "ear_left2",
					"pivot": [1.5, 31.05, -0.75],
					"cubes": [
						{"origin": [1, 31.05, -0.75], "size": [1, 1, 0], "uv": [6, 20]}
					]
				},
				{
					"name": "ear_right",
					"parent": "head",
					"pivot": [-1.51935, 25.32342, -0.75],
					"cubes": [
						{"origin": [-2.5, 25.05, -0.75], "size": [2, 3, 0], "uv": [30, 48]},
						{"origin": [-3.5, 26.05, -0.75], "size": [1, 3, 0], "pivot": [-3, 28.55, -0.75], "rotation": [0, 0, -25], "uv": [0, 0]}
					]
				},
				{
					"name": "ear_right2",
					"parent": "ear_right",
					"pivot": [-1.5, 28.05, -0.75],
					"cubes": [
						{"origin": [-2.5, 28.05, -0.75], "size": [2, 3, 0], "uv": [48, 11]}
					]
				},
				{
					"name": "ear_right3",
					"parent": "ear_right2",
					"pivot": [-1.5, 31.05, -0.75],
					"cubes": [
						{"origin": [-2, 31.05, -0.75], "size": [1, 1, 0], "uv": [18, 18]}
					]
				},
				{
					"name": "ear_left_bot",
					"parent": "head",
					"pivot": [3, 22.8, -1.25],
					"cubes": [
						{"origin": [3, 20.3, -1.25], "size": [4, 4, 0], "uv": [16, 46]}
					]
				},
				{
					"name": "ear_left_bot2",
					"parent": "ear_left_bot",
					"pivot": [7, 22.8, -1.25],
					"cubes": [
						{"origin": [7, 20.3, -1.25], "size": [5, 4, 0], "uv": [38, 42]}
					]
				},
				{
					"name": "ear_right_bot",
					"parent": "head",
					"pivot": [-3, 22.8, -1.25],
					"cubes": [
						{"origin": [-7, 20.3, -1.25], "size": [4, 4, 0], "uv": [0, 44]}
					]
				},
				{
					"name": "ear_right_bot2",
					"parent": "ear_right_bot",
					"pivot": [-7, 22.8, -1.25],
					"cubes": [
						{"origin": [-12, 20.3, -1.25], "size": [5, 4, 0], "uv": [20, 42]}
					]
				},
				{
					"name": "torso",
					"parent": "body",
					"pivot": [0, 19.3, -0.5],
					"cubes": [
						{"origin": [-1.5, 14.3, -1.5], "size": [3, 5, 2], "uv": [34, 35]}
					]
				},
				{
					"name": "arm_left",
					"parent": "torso",
					"pivot": [1.5, 18.55, -0.5],
					"rotation": [0, 90, 0],
					"cubes": [
						{"origin": [1.5, 18.05, -1], "size": [5, 1, 1], "inflate": 0.01, "uv": [42, 35]}
					]
				},
				{
					"name": "arm_left2",
					"parent": "arm_left",
					"pivot": [6, 18.55, -0.5],
					"cubes": [
						{"origin": [6, 18.05, -1], "size": [6, 1, 1], "uv": [36, 33]}
					]
				},
				{
					"name": "arm_left3",
					"parent": "arm_left2",
					"pivot": [12, 18.05, -0.5],
					"cubes": [
						{"origin": [11, 14.05, -2], "size": [3, 5, 3], "uv": [24, 2]}
					]
				},
				{
					"name": "arm_left4",
					"parent": "arm_left3",
					"pivot": [13.3, 14.2, -0.5],
					"cubes": [
						{"origin": [10.8, 9.05, -2], "size": [3, 5, 3], "inflate": 0.2, "uv": [0, 23]}
					]
				},
				{
					"name": "arm_left5",
					"parent": "arm_left4",
					"pivot": [13.5, 8.9, -0.5],
					"cubes": [
						{"origin": [12, 5.05, -1.5], "size": [2, 4, 2], "uv": [30, 42]}
					]
				},
				{
					"name": "claw_left",
					"parent": "arm_left5",
					"pivot": [13.4, 5.05, -0.5],
					"cubes": [
						{"origin": [12.9, 4.05, -1], "size": [1, 1, 1], "uv": [32, 0]},
						{"origin": [13.9, 3.05, -0.5], "size": [0, 1, 1], "pivot": [13.9, 3.55, -0.5], "rotation": [0, -90, 0], "uv": [0, 11]}
					]
				},
				{
					"name": "arm_right",
					"parent": "torso",
					"pivot": [-1.5, 18.55, -0.5],
					"rotation": [0, -90, 0],
					"cubes": [
						{"origin": [-6.5, 18.05, -1], "size": [5, 1, 1], "inflate": 0.01, "uv": [40, 21]}
					]
				},
				{
					"name": "arm_right2",
					"parent": "arm_right",
					"pivot": [-6, 18.55, -0.5],
					"cubes": [
						{"origin": [-12, 18.05, -1], "size": [6, 1, 1], "uv": [36, 5]}
					]
				},
				{
					"name": "arm_right3",
					"parent": "arm_right2",
					"pivot": [-12, 18.05, -0.5],
					"cubes": [
						{"origin": [-14, 14.05, -2], "size": [3, 5, 3], "uv": [21, 22]}
					]
				},
				{
					"name": "arm_right4",
					"parent": "arm_right3",
					"pivot": [-13.3, 14.2, -0.5],
					"cubes": [
						{"origin": [-13.8, 9.05, -2], "size": [3, 5, 3], "inflate": 0.2, "uv": [21, 14]}
					]
				},
				{
					"name": "arm_right5",
					"parent": "arm_right4",
					"pivot": [-13.5, 8.9, -0.5],
					"cubes": [
						{"origin": [-14, 5.05, -1.5], "size": [2, 4, 2], "uv": [42, 12]}
					]
				},
				{
					"name": "claw_right",
					"parent": "arm_right5",
					"pivot": [-13.4, 5.05, -0.5],
					"cubes": [
						{"origin": [-13.9, 4.05, -1], "size": [1, 1, 1], "uv": [18, 4]},
						{"origin": [-13.9, 3.05, -0.5], "size": [0, 1, 1], "pivot": [-13.9, 3.55, -0.5], "rotation": [0, 90, 0], "uv": [0, 10]}
					]
				},
				{
					"name": "wing_left_top",
					"parent": "torso",
					"pivot": [0.25, 17.8, 0.5],
					"rotation": [-27.5, 0, 57.5],
					"cubes": [
						{"origin": [-1.25, 17.8, 0.5], "size": [3, 3, 0], "uv": [6, 49]}
					]
				},
				{
					"name": "wing_left_top2",
					"parent": "wing_left_top",
					"pivot": [0.25, 20.8, 0.5],
					"cubes": [
						{"origin": [-2.25, 20.8, 0.5], "size": [5, 6, 0], "uv": [0, 52]}
					]
				},
				{
					"name": "wing_left_top3",
					"parent": "wing_left_top2",
					"pivot": [0.25, 26.8, 0.5],
					"cubes": [
						{"origin": [-1.25, 26.8, 0.5], "size": [3, 3, 0], "uv": [45, 2]}
					]
				},
				{
					"name": "wing_right_top",
					"parent": "torso",
					"pivot": [-0.25, 17.8, 0.5],
					"rotation": [-27.5, 0, -57.5],
					"cubes": [
						{"origin": [-1.75, 17.8, 0.5], "size": [3, 3, 0], "uv": [24, 47]}
					]
				},
				{
					"name": "wing_right_top2",
					"parent": "wing_right_top",
					"pivot": [-0.25, 20.8, 0.5],
					"cubes": [
						{"origin": [-2.75, 20.8, 0.5], "size": [5, 6, 0], "uv": [21, 52]}
					]
				},
				{
					"name": "wing_right_top3",
					"parent": "wing_right_top2",
					"pivot": [-0.25, 26.8, 0.5],
					"cubes": [
						{"origin": [-1.75, 26.8, 0.5], "size": [3, 3, 0], "uv": [0, 20]}
					]
				},
				{
					"name": "wing_left_bottom",
					"parent": "torso",
					"pivot": [0.25, 17.3, 0.5],
					"rotation": [27.5, 0, -57.5],
					"cubes": [
						{"origin": [-1.25, 13.3, 0.5], "size": [3, 4, 0], "uv": [0, 48]}
					]
				},
				{
					"name": "wing_left_bottom2",
					"parent": "wing_left_bottom",
					"pivot": [0.25, 13.3, 0.5],
					"cubes": [
						{"origin": [-2.25, 5.3, 0.5], "size": [5, 8, 0], "uv": [33, 25]}
					]
				},
				{
					"name": "wing_left_bottom3",
					"parent": "wing_left_bottom2",
					"pivot": [0.25, 5.3, 0.5],
					"cubes": [
						{"origin": [-1.25, 1.3, 0.5], "size": [3, 4, 0], "uv": [47, 7]}
					]
				},
				{
					"name": "wing_right_bottom",
					"parent": "torso",
					"pivot": [-0.25, 17.3, 0.5],
					"rotation": [27.5, 0, 57.5],
					"cubes": [
						{"origin": [-1.75, 13.3, 0.5], "size": [3, 4, 0], "uv": [44, 46]}
					]
				},
				{
					"name": "wing_right_bottom2",
					"parent": "wing_right_bottom",
					"pivot": [-0.25, 13.3, 0.5],
					"cubes": [
						{"origin": [-2.75, 5.3, 0.5], "size": [5, 8, 0], "uv": [0, 31]}
					]
				},
				{
					"name": "wing_right_bottom3",
					"parent": "wing_right_bottom2",
					"pivot": [-0.25, 5.3, 0.5],
					"cubes": [
						{"origin": [-1.75, 1.3, 0.5], "size": [3, 4, 0], "uv": [38, 46]}
					]
				},
				{
					"name": "abdomen",
					"parent": "torso",
					"pivot": [0, 14.4, -0.5],
					"cubes": [
						{"origin": [-1.5, 11.3, -1.25], "size": [3, 3, 2], "inflate": -0.1, "pivot": [0, 12.8, -0.5], "rotation": [27.5, 0, 0], "uv": [10, 39]}
					]
				},
				{
					"name": "skirt_right",
					"parent": "abdomen",
					"pivot": [0.5, 14.4, 0],
					"cubes": [
						{"origin": [-3.5, 14.4, -1.53431], "size": [4, 0, 2], "uv": [40, 0]}
					]
				},
				{
					"name": "skirt_right_frill",
					"parent": "skirt_right",
					"pivot": [-1.5, 14.4, 0.46569],
					"rotation": [-65, 0, 0],
					"cubes": [
						{"origin": [-3.5, 14.4, 0.46569], "size": [4, 0, 2], "uv": [38, 23]}
					]
				},
				{
					"name": "skirt_right_frill2",
					"parent": "skirt_right",
					"pivot": [-1.5, 14.4, -1.53431],
					"rotation": [65, 0, 0],
					"cubes": [
						{"origin": [-3.5, 14.4, -3.53431], "size": [4, 0, 2], "uv": [16, 2]}
					]
				},
				{
					"name": "skirt_right2",
					"parent": "skirt_right",
					"pivot": [-3.5, 14.4, 0],
					"rotation": [0, 0, -52.5],
					"cubes": [
						{"origin": [-10.5, 14.4, -1.53431], "size": [7, 0, 2], "uv": [16, 0]}
					]
				},
				{
					"name": "skirt_right_frill3",
					"parent": "skirt_right2",
					"pivot": [-5.5, 14.4, 0.46569],
					"rotation": [-65, 0, 0],
					"cubes": [
						{"origin": [-9.5, 14.4, 0.46569], "size": [6, 0, 3], "uv": [27, 13]}
					]
				},
				{
					"name": "skirt_right_frill4",
					"parent": "skirt_right2",
					"pivot": [-5.5, 14.4, -1.53431],
					"rotation": [75, 0, 0],
					"cubes": [
						{"origin": [-9.5, 14.4, -4.53431], "size": [6, 0, 3], "uv": [6, 11]}
					]
				},
				{
					"name": "skirt_left",
					"parent": "abdomen",
					"pivot": [-0.5, 14.4, 0],
					"cubes": [
						{"origin": [-0.5, 14.4, -1.53431], "size": [4, 0, 2], "uv": [41, 25]}
					]
				},
				{
					"name": "skirt_left_frill",
					"parent": "skirt_left",
					"pivot": [1.5, 14.4, 0.46569],
					"rotation": [-65, 0, 0],
					"cubes": [
						{"origin": [-0.5, 14.4, 0.46569], "size": [4, 0, 2], "uv": [41, 27]}
					]
				},
				{
					"name": "skirt_left_frill2",
					"parent": "skirt_left",
					"pivot": [1.5, 14.4, -1.53431],
					"rotation": [65, 0, 0],
					"cubes": [
						{"origin": [-0.5, 14.4, -3.53431], "size": [4, 0, 2], "uv": [41, 29]}
					]
				},
				{
					"name": "skirt_left2",
					"parent": "skirt_left",
					"pivot": [3.5, 14.4, 0],
					"rotation": [0, 0, 52.5],
					"cubes": [
						{"origin": [3.5, 14.4, -1.53431], "size": [7, 0, 2], "uv": [19, 11]}
					]
				},
				{
					"name": "skirt_left_frill3",
					"parent": "skirt_left2",
					"pivot": [5.5, 14.4, 0.46569],
					"rotation": [-65, 0, 0],
					"cubes": [
						{"origin": [3.5, 14.4, 0.46569], "size": [6, 0, 3], "uv": [49, 25]}
					]
				},
				{
					"name": "skirt_left_frill4",
					"parent": "skirt_left2",
					"pivot": [5.5, 14.4, -1.53431],
					"rotation": [75, 0, 0],
					"cubes": [
						{"origin": [3.5, 14.4, -4.53431], "size": [6, 0, 3], "uv": [9, 14]}
					]
				},
				{
					"name": "leg_left",
					"parent": "abdomen",
					"pivot": [0.4, 12.8, 0],
					"cubes": [
						{"origin": [0.25, 11.8, -2.1], "size": [3, 2, 3], "inflate": -0.25, "pivot": [1.75, 12.8, -0.5], "rotation": [2.5, 0, 0], "uv": [33, 0]}
					]
				},
				{
					"name": "leg_left2",
					"parent": "leg_left",
					"pivot": [1.75, 12.15, -0.5],
					"cubes": [
						{"origin": [0.25, 6.3, -2], "size": [3, 6, 3], "inflate": -0.15, "pivot": [1.75, 9.3, -0.5], "rotation": [2.5, 0, 0], "uv": [0, 11]}
					]
				},
				{
					"name": "leg_left3",
					"parent": "leg_left2",
					"pivot": [1.75, 6.8, -0.5],
					"cubes": [
						{"origin": [0.25, 2.75, -2], "size": [3, 4, 3], "uv": [24, 30]}
					]
				},
				{
					"name": "foot_left",
					"parent": "leg_left3",
					"pivot": [1.75, 3.02, -1],
					"cubes": [
						{"origin": [0.25, 0.85, -2.25], "size": [3, 2, 3], "inflate": 0.25, "pivot": [1.75, 1.85, -0.75], "rotation": [-12.5, 0, 0], "uv": [10, 34]}
					]
				},
				{
					"name": "foot_left2",
					"parent": "foot_left",
					"pivot": [1.75, 0.89, -1.65],
					"cubes": [
						{"origin": [1.25, -0.01, -3.1], "size": [1, 1, 2], "uv": [6, 61]},
						{"origin": [1.75, -0.01, -4.1], "size": [0, 1, 1], "uv": [6, 61], "mirror": true}
					]
				},
				{
					"name": "leg_right",
					"parent": "abdomen",
					"pivot": [-0.4, 12.8, 0],
					"cubes": [
						{"origin": [-3.25, 11.8, -2.1], "size": [3, 2, 3], "inflate": -0.25, "pivot": [-1.75, 12.8, -0.5], "rotation": [2.5, 0, 0], "uv": [35, 7], "mirror": true}
					]
				},
				{
					"name": "leg_right2",
					"parent": "leg_right",
					"pivot": [-1.75, 12.15, -0.5],
					"cubes": [
						{"origin": [-3.25, 6.3, -2], "size": [3, 6, 3], "inflate": -0.15, "pivot": [-1.75, 9.3, -0.5], "rotation": [2.5, 0, 0], "uv": [9, 17], "mirror": true}
					]
				},
				{
					"name": "leg_right3",
					"parent": "leg_right2",
					"pivot": [-1.75, 6.8, -0.5],
					"cubes": [
						{"origin": [-3.25, 2.75, -2], "size": [3, 4, 3], "uv": [24, 30], "mirror": true}
					]
				},
				{
					"name": "foot_right",
					"parent": "leg_right3",
					"pivot": [-1.75, 3.02, -1],
					"cubes": [
						{"origin": [-3.25, 0.85, -2.25], "size": [3, 2, 3], "inflate": 0.25, "pivot": [-1.75, 1.85, -0.75], "rotation": [-12.5, 0, 0], "uv": [10, 34], "mirror": true}
					]
				},
				{
					"name": "foot_right2",
					"parent": "foot_right",
					"pivot": [-1.75, 0.89, -1.65],
					"cubes": [
						{"origin": [-2.25, -0.01, -3.1], "size": [1, 1, 2], "uv": [6, 61], "mirror": true},
						{"origin": [-1.75, -0.01, -4.1], "size": [0, 1, 1], "uv": [4, 61]}
					]
				}
			]
		}
	]
}