{
	"format_version": "1.12.0",
	"minecraft:geometry": [
		{
			"description": {
				"identifier": "geometry.fomantis",
				"texture_width": 64,
				"texture_height": 64,
				"visible_bounds_width": 3,
				"visible_bounds_height": 2.5,
				"visible_bounds_offset": [0, 0.75, 0]
			},
			"bones": [
				{
					"name": "fomantis",
					"pivot": [0, 0, 0.5]
				},
				{
					"name": "body",
					"parent": "fomantis",
					"pivot": [0, 0, 0.5],
					"cubes": [
						{"origin": [-2.5, 1, -1.5], "size": [5, 6, 3], "uv": [0, 22]},
						{"origin": [-0.5, 1.35, 0.5], "size": [1, 1, 1], "inflate": 0.2, "pivot": [-0.5, 2.35, 1], "rotation": [45, 0, 0], "uv": [24, 14]}
					]
				},
				{
					"name": "head",
					"parent": "body",
					"pivot": [0, 9, 0.5],
					"cubes": [
						{"origin": [-3.5, 7, -3], "size": [7, 5, 6], "uv": [0, 0]}
					]
				},
				{
					"name": "eyelid_left",
					"parent": "head",
					"pivot": [2.15, 9.25, -2.25],
					"cubes": [
						{"origin": [1.15, 8.75, -2.75], "size": [2, 1, 0], "inflate": 0.05, "uv": [13, 4]}
					]
				},
				{
					"name": "eyelid_right",
					"parent": "head",
					"pivot": [-2.15, 9.25, -2.25],
					"cubes": [
						{"origin": [-3.15, 8.75, -2.75], "size": [2, 1, 0], "inflate": 0.05, "uv": [13, 1], "mirror": true}
					]
				},
				{
					"name": "eye_left",
					"parent": "head",
					"pivot": [2.25, 8.75, -3.25],
					"cubes": [
						{"origin": [1.11671, 7.7621, -3.025], "size": [2, 2, 0], "uv": [26, 24]}
					]
				},
				{
					"name": "eye_left_shine",
					"parent": "eye_left",
					"pivot": [2.61588, 9.24915, -2.531],
					"cubes": [
						{"origin": [2.11588, 8.74915, -3.02601], "size": [1, 1, 0], "uv": [17, 25]}
					]
				},
				{
					"name": "eye_left_iris",
					"parent": "eye_left",
					"pivot": [2.07635, 8.73481, -3],
					"cubes": [
						{"origin": [1.61588, 7.72415, -3.226], "size": [1, 2, 1], "inflate": -0.2, "uv": [13, 22]}
					]
				},
				{
					"name": "eye_right",
					"parent": "head",
					"pivot": [-2.25, 8.75, -3.25],
					"cubes": [
						{"origin": [-3.11671, 7.7621, -3.025], "size": [2, 2, 0], "uv": [16, 26], "mirror": true}
					]
				},
				{
					"name": "eye_right_shine",
					"parent": "eye_right",
					"pivot": [-1.61588, 9.24915, -2.631],
					"cubes": [
						{"origin": [-2.11588, 8.74915, -3.026], "size": [1, 1, 0], "uv": [27, 6], "mirror": true}
					]
				},
				{
					"name": "eye_right_iris",
					"parent": "eye_right",
					"pivot": [-2.07635, 8.73481, -3],
					"cubes": [
						{"origin": [-2.61588, 7.72415, -3.226], "size": [1, 2, 1], "inflate": -0.2, "uv": [20, 0], "mirror": true}
					]
				},
				{
					"name": "headleaf_mid",
					"parent": "head",
					"pivot": [0, 11.75, -2.5],
					"rotation": [-7.5, 0, 0],
					"cubes": [
						{"origin": [-1.5, 10, -3.75], "size": [3, 3, 4], "uv": [22, 7]},
						{"origin": [-0.5, 9, -3.75], "size": [1, 1, 1], "uv": [26, 26]}
					]
				},
				{
					"name": "headleaf_left",
					"parent": "head",
					"pivot": [1, 11.5, -1.75],
					"rotation": [0, 12.5, -15],
					"cubes": [
						{"origin": [0.5, 10.5, -3.25], "size": [4, 2, 3], "uv": [23, 31]}
					]
				},
				{
					"name": "headleaf_right",
					"parent": "head",
					"pivot": [-1, 11.5, -1.75],
					"rotation": [0, -12.5, 15],
					"cubes": [
						{"origin": [-4.5, 10.5, -3.25], "size": [4, 2, 3], "uv": [27, 26]}
					]
				},
				{
					"name": "bulb",
					"parent": "head",
					"pivot": [0, 11.75, 1.5],
					"rotation": [-20, 0, 0],
					"cubes": [
						{"origin": [-3, 13.06908, -2.27606], "size": [6, 5, 6], "pivot": [0, 15.31908, 0.47394], "rotation": [-5, 0, 0], "uv": [0, 11]},
						{"origin": [-3, 11.31908, -2.52606], "size": [6, 2, 5], "inflate": 0.009, "uv": [1, 47]},
						{"origin": [-3, 11.09408, 2.47394], "size": [6, 2, 1], "inflate": 0.009, "uv": [0, 56]}
					]
				},
				{
					"name": "bulbleaf_front",
					"parent": "bulb",
					"pivot": [0, 12.33319, -2.71226],
					"rotation": [20, 0, 0],
					"cubes": [
						{"origin": [-2, 10.09923, -4.35505], "size": [4, 4, 2], "pivot": [0, 13.09923, -3.35505], "rotation": [40, 0, 0], "uv": [40, 22]}
					]
				},
				{
					"name": "bulbleaf_back",
					"parent": "bulb",
					"pivot": [0, 13.08319, 4.00216],
					"cubes": [
						{"origin": [-2, 10.84923, 4.79495], "size": [4, 4, 2], "pivot": [0, 13.84923, 4.64495], "rotation": [-55, 0, 0], "uv": [35, 34]}
					]
				},
				{
					"name": "bulbleaf_front2",
					"parent": "bulb",
					"pivot": [2.83144, 13.08319, -1.15888],
					"rotation": [0, -57.5, 0],
					"cubes": [
						{"origin": [1.08144, 10.84923, -3.80167], "size": [4, 4, 2], "pivot": [2.83144, 13.84923, -1.80167], "rotation": [55.00103, -0.28679, -0.40958], "uv": [8, 40]}
					]
				},
				{
					"name": "bulbleaf_front3",
					"parent": "bulb",
					"pivot": [-2.83144, 13.08319, -1.15888],
					"rotation": [0, 57.5, 0],
					"cubes": [
						{"origin": [-5.08144, 10.84923, -3.80167], "size": [4, 4, 2], "pivot": [-2.83144, 13.84923, -1.80167], "rotation": [55.0041, 0.57356, 0.81918], "uv": [22, 36], "mirror": true}
					]
				},
				{
					"name": "bulbleaf_back2",
					"parent": "bulb",
					"pivot": [2.83144, 13.08319, 2.44878],
					"rotation": [0, 57.5, 0],
					"cubes": [
						{"origin": [1.33144, 10.84923, 3.34157], "size": [3, 4, 2], "pivot": [2.83144, 13.84923, 3.09157], "rotation": [-55, 0, 0], "uv": [0, 36]}
					]
				},
				{
					"name": "bulbleaf_back3",
					"parent": "bulb",
					"pivot": [-2.83144, 13.08319, 2.44878],
					"rotation": [0, -57.5, 0],
					"cubes": [
						{"origin": [-4.33144, 10.84923, 3.34157], "size": [3, 4, 2], "pivot": [-2.83144, 13.84923, 3.09157], "rotation": [-55, 0, 0], "uv": [12, 34]}
					]
				},
				{
					"name": "arm_left",
					"parent": "body",
					"pivot": [2.5, 6, -1.5],
					"rotation": [0, 0, 0],
					"cubes": [
						{"origin": [1.5, 6, -3], "size": [4, 0, 3], "uv": [33, 17]}
					]
				},
				{
					"name": "arm_left2",
					"parent": "arm_left",
					"pivot": [5.5, 6, -1.5],
					"cubes": [
						{"origin": [5.5, 6, -3], "size": [4, 0, 3], "uv": [44, 1]}
					]
				},
				{
					"name": "arm_right",
					"parent": "body",
					"pivot": [-2.5, 6, -1.5],
					"rotation": [0, 0, 0],
					"cubes": [
						{"origin": [-5.5, 6, -3], "size": [4, 0, 3], "uv": [33, 11]}
					]
				},
				{
					"name": "arm_right2",
					"parent": "arm_right",
					"pivot": [-5.5, 6, -1.5],
					"cubes": [
						{"origin": [-9.5, 6, -3], "size": [4, 0, 3], "uv": [44, 5]}
					]
				},
				{
					"name": "wing_left",
					"parent": "body",
					"pivot": [0.75, 6.5, 1.5],
					"rotation": [0, 0, -25],
					"cubes": [
						{"origin": [-0.78158, 0.72988, 1.5], "size": [3, 6, 0], "uv": [0, 11]},
						{"origin": [0.21842, -0.27012, 1.5], "size": [1, 1, 0], "uv": [18, 12]}
					]
				},
				{
					"name": "wing_right",
					"parent": "body",
					"pivot": [-0.75, 6.5, 1.5],
					"rotation": [0, 0, 25],
					"cubes": [
						{"origin": [-2.21842, 0.72988, 1.5], "size": [3, 6, 0], "uv": [0, 0]},
						{"origin": [-1.21842, -0.27012, 1.5], "size": [1, 1, 0], "uv": [18, 11]}
					]
				},
				{
					"name": "neckleaves",
					"parent": "body",
					"pivot": [0, 9, 0.5]
				},
				{
					"name": "neck_front_right",
					"parent": "neckleaves",
					"pivot": [-2, 7, 0],
					"rotation": [0, 45, 0],
					"cubes": [
						{"origin": [-3, 6, -3], "size": [3, 1, 4], "uv": [0, 31]}
					]
				},
				{
					"name": "neck_front_left",
					"parent": "neckleaves",
					"pivot": [2, 7, 0],
					"rotation": [0, -45, 0],
					"cubes": [
						{"origin": [0, 6, -3], "size": [3, 1, 4], "uv": [16, 24]}
					]
				},
				{
					"name": "neck_back_right",
					"parent": "neckleaves",
					"pivot": [-2, 7, 0],
					"rotation": [0, -45, 0],
					"cubes": [
						{"origin": [-3, 6, -1], "size": [3, 1, 4], "uv": [32, 6]}
					]
				},
				{
					"name": "neck_back_left",
					"parent": "neckleaves",
					"pivot": [2, 7, 0],
					"rotation": [0, 45, 0],
					"cubes": [
						{"origin": [0, 6, -1], "size": [3, 1, 4], "uv": [20, 0]}
					]
				},
				{
					"name": "neck_front_mid",
					"parent": "neckleaves",
					"pivot": [0, 7, -1],
					"cubes": [
						{"origin": [-1.5, 6, -4], "size": [3, 1, 4], "uv": [12, 29]}
					]
				},
				{
					"name": "neck_back_mid",
					"parent": "neckleaves",
					"pivot": [0, 7, 1],
					"cubes": [
						{"origin": [-1.5, 6, 0], "size": [3, 1, 4], "uv": [30, 1]}
					]
				},
				{
					"name": "foot_right",
					"parent": "body",
					"pivot": [-1.95, 1.5, 0],
					"cubes": [
						{"origin": [-2.45, 0, -1], "size": [1, 2, 2], "uv": [40, 0]}
					]
				},
				{
					"name": "foot_left",
					"parent": "body",
					"pivot": [1.9, 1.5, 0],
					"cubes": [
						{"origin": [1.4, 0, -1], "size": [1, 2, 2], "uv": [18, 12]}
					]
				}
			]
		}
	]
}