{
	"format_version": "1.8.0",
	"animations": {
		"animation.reshiram.ground_idle": {
			"loop": true,
			"animation_length": 2.8571,
			"bones": {
				"wing_l2": {
					"rotation": {
						"0.0": [0, 0, 0],
						"1.4286": [0, 0, 2.5],
						"2.8571": [0, 0, 0]
					}
				},
				"wing_r2": {
					"rotation": {
						"0.0": [0, 0, 0],
						"1.4286": [0, 0, -2.5],
						"2.8571": [0, 0, 0]
					}
				},
				"body2": {
					"rotation": {
						"0.0": [0, 0, 0],
						"1.4286": [2.5, 0, 0],
						"2.8571": [0, 0, 0]
					}
				},
				"tail": {
					"rotation": [7.5, 0, 0]
				},
				"tail1": {
					"rotation": {
						"0.0": [-5, 0, 0],
						"1.4286": [5, 0, 0],
						"2.8571": [-5, 0, 0]
					}
				},
				"tail2": {
					"rotation": {
						"0.0": [-7.5, 0, 0],
						"1.4286": [5, 0, 0],
						"2.8571": [-7.5, 0, 0]
					}
				},
				"tail3": {
					"rotation": {
						"0.0": [5, 0, 0],
						"1.4286": [-5, 0, 0],
						"2.8571": [5, 0, 0]
					}
				},
				"tail4": {
					"rotation": {
						"0.0": [5, 0, 0],
						"1.4286": [-5, 0, 0],
						"2.8571": [5, 0, 0]
					}
				},
				"tail5": {
					"rotation": {
						"0.0": [5, 0, 0],
						"1.4286": [-5, 0, 0],
						"2.8571": [5, 0, 0]
					}
				},
				"tail6": {
					"rotation": {
						"0.0": [-5, 0, 0],
						"1.4286": [5, 0, 0],
						"2.8571": [-5, 0, 0]
					}
				},
				"head": {
					"rotation": [10, 0, 0]
				},
				"bone7": {
					"rotation": {
						"0.0": [-2.5, 0, 0],
						"1.4286": [-15, 0, 0],
						"2.8571": [-2.5, 0, 0]
					}
				},
				"bone8": {
					"rotation": {
						"0.0": [-7.5, 0, 0],
						"1.4286": [7.5, 0, 0],
						"2.8571": [-7.5, 0, 0]
					}
				},
				"bone9": {
					"rotation": {
						"0.0": [-7.5, 0, 0],
						"1.4286": [7.5, 0, 0],
						"2.8571": [-7.5, 0, 0]
					}
				},
				"bone10": {
					"rotation": {
						"0.0": [10, 0, 0],
						"1.4286": [-5, 0, 0],
						"2.8571": [10, 0, 0]
					}
				},
				"bone11": {
					"rotation": {
						"0.0": [10, 0, 0],
						"1.4286": [-5, 0, 0],
						"2.8571": [10, 0, 0]
					}
				},
				"bone18": {
					"rotation": {
						"0.0": [-5, 0, 0],
						"1.4286": [5, 0, 0],
						"2.8571": [-5, 0, 0]
					}
				},
				"bone19": {
					"rotation": {
						"0.0": [-7.5, 0, 0],
						"1.4286": [5, 0, 0],
						"2.8571": [-7.5, 0, 0]
					}
				},
				"bone22": {
					"rotation": {
						"0.0": [-5, 0, 0],
						"1.4286": [-15, 0, 0],
						"2.8571": [-5, 0, 0]
					}
				},
				"bone23": {
					"rotation": {
						"0.0": [-5, 0, 0],
						"1.4286": [7.5, 0, 0],
						"2.8571": [-5, 0, 0]
					}
				},
				"bone24": {
					"rotation": {
						"0.0": [-7.5, 0, 0],
						"1.4286": [7.5, 0, 0],
						"2.8571": [-7.5, 0, 0]
					}
				},
				"bone25": {
					"rotation": {
						"0.0": [10, 0, 0],
						"1.4286": [-5, 0, 0],
						"2.8571": [10, 0, 0]
					}
				},
				"bone26": {
					"rotation": {
						"0.0": [7.5, 0, 0],
						"1.4286": [-5, 0, 0],
						"2.8571": [7.5, 0, 0]
					}
				},
				"bone27": {
					"rotation": {
						"0.0": [-2.5, 0, 0],
						"1.4286": [5, 0, 0],
						"2.8571": [-2.5, 0, 0]
					}
				},
				"bone28": {
					"rotation": {
						"0.0": [-7.5, 0, 0],
						"1.4286": [5, 0, 0],
						"2.8571": [-7.5, 0, 0]
					}
				}
			}
		},
		"animation.reshiram.faint": {
			"loop": true,
			"animation_length": 2.8571,
			"bones": {
				"wing_l2": {
					"rotation": {
						"0.0": [0, 0, 0],
						"1.4286": [0, 0, 2.5],
						"2.8571": [0, 0, 0]
					}
				},
				"wing_r2": {
					"rotation": {
						"0.0": [0, 0, 0],
						"1.4286": [0, 0, -2.5],
						"2.8571": [0, 0, 0]
					}
				},
				"body2": {
					"rotation": {
						"0.0": [0, 0, 0],
						"1.4286": [2.5, 0, 0],
						"2.8571": [0, 0, 0]
					}
				},
				"tail": {
					"rotation": [7.5, 0, 0]
				},
				"tail1": {
					"rotation": {
						"0.0": [-5, 0, 0],
						"1.4286": [5, 0, 0],
						"2.8571": [-5, 0, 0]
					}
				},
				"tail2": {
					"rotation": {
						"0.0": [-7.5, 0, 0],
						"1.4286": [5, 0, 0],
						"2.8571": [-7.5, 0, 0]
					}
				},
				"tail3": {
					"rotation": {
						"0.0": [5, 0, 0],
						"1.4286": [-5, 0, 0],
						"2.8571": [5, 0, 0]
					}
				},
				"tail4": {
					"rotation": {
						"0.0": [5, 0, 0],
						"1.4286": [-5, 0, 0],
						"2.8571": [5, 0, 0]
					}
				},
				"tail5": {
					"rotation": {
						"0.0": [5, 0, 0],
						"1.4286": [-5, 0, 0],
						"2.8571": [5, 0, 0]
					}
				},
				"tail6": {
					"rotation": {
						"0.0": [-5, 0, 0],
						"1.4286": [5, 0, 0],
						"2.8571": [-5, 0, 0]
					}
				},
				"head": {
					"rotation": [10, 0, 0]
				},
				"bone7": {
					"rotation": {
						"0.0": [-2.5, 0, 0],
						"1.4286": [-15, 0, 0],
						"2.8571": [-2.5, 0, 0]
					}
				},
				"bone8": {
					"rotation": {
						"0.0": [-7.5, 0, 0],
						"1.4286": [7.5, 0, 0],
						"2.8571": [-7.5, 0, 0]
					}
				},
				"bone9": {
					"rotation": {
						"0.0": [-7.5, 0, 0],
						"1.4286": [7.5, 0, 0],
						"2.8571": [-7.5, 0, 0]
					}
				},
				"bone10": {
					"rotation": {
						"0.0": [10, 0, 0],
						"1.4286": [-5, 0, 0],
						"2.8571": [10, 0, 0]
					}
				},
				"bone11": {
					"rotation": {
						"0.0": [10, 0, 0],
						"1.4286": [-5, 0, 0],
						"2.8571": [10, 0, 0]
					}
				},
				"bone18": {
					"rotation": {
						"0.0": [-5, 0, 0],
						"1.4286": [5, 0, 0],
						"2.8571": [-5, 0, 0]
					}
				},
				"bone19": {
					"rotation": {
						"0.0": [-7.5, 0, 0],
						"1.4286": [5, 0, 0],
						"2.8571": [-7.5, 0, 0]
					}
				},
				"bone22": {
					"rotation": {
						"0.0": [-5, 0, 0],
						"1.4286": [-15, 0, 0],
						"2.8571": [-5, 0, 0]
					}
				},
				"bone23": {
					"rotation": {
						"0.0": [-5, 0, 0],
						"1.4286": [7.5, 0, 0],
						"2.8571": [-5, 0, 0]
					}
				},
				"bone24": {
					"rotation": {
						"0.0": [-7.5, 0, 0],
						"1.4286": [7.5, 0, 0],
						"2.8571": [-7.5, 0, 0]
					}
				},
				"bone25": {
					"rotation": {
						"0.0": [10, 0, 0],
						"1.4286": [-5, 0, 0],
						"2.8571": [10, 0, 0]
					}
				},
				"bone26": {
					"rotation": {
						"0.0": [7.5, 0, 0],
						"1.4286": [-5, 0, 0],
						"2.8571": [7.5, 0, 0]
					}
				},
				"bone27": {
					"rotation": {
						"0.0": [-2.5, 0, 0],
						"1.4286": [5, 0, 0],
						"2.8571": [-2.5, 0, 0]
					}
				},
				"bone28": {
					"rotation": {
						"0.0": [-7.5, 0, 0],
						"1.4286": [5, 0, 0],
						"2.8571": [-7.5, 0, 0]
					}
				}
			}
		},
		"animation.reshiram.ground_walk": {
			"loop": true,
			"animation_length": 2.8571,
			"bones": {
				"wing_l2": {
					"rotation": {
						"0.0": [0, 0, 0],
						"1.4286": [0, 0, 2.5],
						"2.8571": [0, 0, 0]
					}
				},
				"wing_r2": {
					"rotation": {
						"0.0": [0, 0, 0],
						"1.4286": [0, 0, -2.5],
						"2.8571": [0, 0, 0]
					}
				},
				"body2": {
					"rotation": [12.5, 0, 0]
				},
				"tail": {
					"rotation": [7.5, 0, 0]
				},
				"tail1": {
					"rotation": {
						"0.0": [-5, 0, 0],
						"1.4286": [5, 0, 0],
						"2.8571": [-5, 0, 0]
					}
				},
				"tail2": {
					"rotation": {
						"0.0": [-7.5, 0, 0],
						"1.4286": [5, 0, 0],
						"2.8571": [-7.5, 0, 0]
					}
				},
				"tail3": {
					"rotation": {
						"0.0": [5, 0, 0],
						"1.4286": [-5, 0, 0],
						"2.8571": [5, 0, 0]
					}
				},
				"tail4": {
					"rotation": {
						"0.0": [5, 0, 0],
						"1.4286": [-5, 0, 0],
						"2.8571": [5, 0, 0]
					}
				},
				"tail5": {
					"rotation": {
						"0.0": [5, 0, 0],
						"1.4286": [-5, 0, 0],
						"2.8571": [5, 0, 0]
					}
				},
				"tail6": {
					"rotation": {
						"0.0": [-5, 0, 0],
						"1.4286": [5, 0, 0],
						"2.8571": [-5, 0, 0]
					}
				},
				"head": {
					"rotation": [-7.5, 0, 0]
				},
				"bone7": {
					"rotation": {
						"0.0": [-2.5, 0, 0],
						"1.4286": [-15, 0, 0],
						"2.8571": [-2.5, 0, 0]
					}
				},
				"bone8": {
					"rotation": {
						"0.0": [-7.5, 0, 0],
						"1.4286": [7.5, 0, 0],
						"2.8571": [-7.5, 0, 0]
					}
				},
				"bone9": {
					"rotation": {
						"0.0": [-7.5, 0, 0],
						"1.4286": [7.5, 0, 0],
						"2.8571": [-7.5, 0, 0]
					}
				},
				"bone10": {
					"rotation": {
						"0.0": [10, 0, 0],
						"1.4286": [-5, 0, 0],
						"2.8571": [10, 0, 0]
					}
				},
				"bone11": {
					"rotation": {
						"0.0": [10, 0, 0],
						"1.4286": [-5, 0, 0],
						"2.8571": [10, 0, 0]
					}
				},
				"bone18": {
					"rotation": {
						"0.0": [-5, 0, 0],
						"1.4286": [5, 0, 0],
						"2.8571": [-5, 0, 0]
					}
				},
				"bone19": {
					"rotation": {
						"0.0": [-7.5, 0, 0],
						"1.4286": [5, 0, 0],
						"2.8571": [-7.5, 0, 0]
					}
				},
				"bone22": {
					"rotation": {
						"0.0": [-5, 0, 0],
						"1.4286": [-15, 0, 0],
						"2.8571": [-5, 0, 0]
					}
				},
				"bone23": {
					"rotation": {
						"0.0": [-5, 0, 0],
						"1.4286": [7.5, 0, 0],
						"2.8571": [-5, 0, 0]
					}
				},
				"bone24": {
					"rotation": {
						"0.0": [-7.5, 0, 0],
						"1.4286": [7.5, 0, 0],
						"2.8571": [-7.5, 0, 0]
					}
				},
				"bone25": {
					"rotation": {
						"0.0": [10, 0, 0],
						"1.4286": [-5, 0, 0],
						"2.8571": [10, 0, 0]
					}
				},
				"bone26": {
					"rotation": {
						"0.0": [7.5, 0, 0],
						"1.4286": [-5, 0, 0],
						"2.8571": [7.5, 0, 0]
					}
				},
				"bone27": {
					"rotation": {
						"0.0": [-2.5, 0, 0],
						"1.4286": [5, 0, 0],
						"2.8571": [-2.5, 0, 0]
					}
				},
				"bone28": {
					"rotation": {
						"0.0": [-7.5, 0, 0],
						"1.4286": [5, 0, 0],
						"2.8571": [-7.5, 0, 0]
					}
				},
				"wing_left": {
					"rotation": [-15, 0, 0]
				},
				"wing_right": {
					"rotation": [-15, 0, 0]
				},
				"leg_left": {
					"rotation": [25, 0, 0]
				},
				"l_foot": {
					"rotation": [35, 0, 0]
				},
				"bone2": {
					"rotation": [32.5, 0, 0]
				},
				"r_leg": {
					"rotation": [25, 0, 0]
				},
				"r_foot": {
					"rotation": [32.5, 0, 0]
				},
				"bone": {
					"rotation": [35, 0, 0]
				},
				"reshiram": {
					"position": [0, 19, 0]
				}
			}
		}
	}
}