{
	"format_version": "1.12.0",
	"minecraft:geometry": [
		{
			"description": {
				"identifier": "geometry.nymble",
				"texture_width": 32,
				"texture_height": 32,
				"visible_bounds_width": 3,
				"visible_bounds_height": 2.5,
				"visible_bounds_offset": [0, 0.75, 0]
			},
			"bones": [
				{
					"name": "nymble",
					"pivot": [0, 0, 0]
				},
				{
					"name": "body",
					"parent": "nymble",
					"pivot": [0, 6, 0]
				},
				{
					"name": "torso",
					"parent": "body",
					"pivot": [0, 5, 2],
					"cubes": [
						{"origin": [-1.5, 4.5, -1], "size": [3, 3, 5], "uv": [0, 0]}
					]
				},
				{
					"name": "x",
					"parent": "torso",
					"pivot": [0, 4.49, 0.5],
					"rotation": [0, -45, 0],
					"cubes": [
						{"origin": [-1, 4.49, 0], "size": [2, 0, 1], "pivot": [0, 4.49, 0.5], "rotation": [0, -90, 0], "uv": [0, 0]},
						{"origin": [-1, 4.48, 0], "size": [2, 0, 1], "uv": [0, 1]}
					]
				},
				{
					"name": "leg_left",
					"parent": "torso",
					"pivot": [-1.5, 5, 0],
					"cubes": [
						{"origin": [-3.5, 4.5, 0], "size": [2, 1, 0], "uv": [12, 15]}
					]
				},
				{
					"name": "leg_left2",
					"parent": "leg_left",
					"pivot": [-3.5, 5, 0],
					"cubes": [
						{"origin": [-5.5, 4.5, 0], "size": [2, 1, 0], "uv": [5, 15]}
					]
				},
				{
					"name": "feet_left",
					"parent": "leg_left2",
					"pivot": [-6.5, 5, 0],
					"cubes": [
						{"origin": [-5.5, 4.5, -1], "size": [0, 1, 1], "uv": [0, 14]}
					]
				},
				{
					"name": "leg_right",
					"parent": "torso",
					"pivot": [1.5, 5, 0],
					"cubes": [
						{"origin": [1.5, 4.5, 0], "size": [2, 1, 0], "uv": [12, 16]}
					]
				},
				{
					"name": "leg_right2",
					"parent": "leg_right",
					"pivot": [3.5, 5, 0],
					"cubes": [
						{"origin": [3.5, 4.5, 0], "size": [2, 1, 0], "uv": [5, 16]}
					]
				},
				{
					"name": "feet_right",
					"parent": "leg_right2",
					"pivot": [6.5, 5, 0],
					"cubes": [
						{"origin": [5.5, 4.5, -1], "size": [0, 1, 1], "uv": [0, 15]}
					]
				},
				{
					"name": "upperleg_left",
					"parent": "torso",
					"pivot": [1.706, 7.5, 2],
					"rotation": [-30, 0, 0],
					"cubes": [
						{"origin": [1, 8.4, -1], "size": [1, 1, 4], "inflate": -0.1, "uv": [11, 0]},
						{"origin": [1, 6.5, 0], "size": [1, 2, 3], "uv": [0, 14]},
						{"origin": [1, 6.5, -2], "size": [1, 3, 2], "uv": [14, 15]},
						{"origin": [2.02, 7.5, -1.5], "size": [0, 1, 1], "uv": [9, 9]},
						{"origin": [2.01, 7, -2], "size": [0, 2, 2], "uv": [9, 6]}
					]
				},
				{
					"name": "upperleg_right",
					"parent": "torso",
					"pivot": [-1.706, 7.5, 2],
					"rotation": [-30, 0, 0],
					"cubes": [
						{"origin": [-2, 8.4, -1], "size": [1, 1, 4], "inflate": -0.1, "uv": [8, 10]},
						{"origin": [-2, 6.5, 0], "size": [1, 2, 3], "uv": [13, 5]},
						{"origin": [-2, 6.5, -2], "size": [1, 3, 2], "uv": [8, 15]},
						{"origin": [-2.02, 7.5, -1.5], "size": [0, 1, 1], "uv": [0, 9]},
						{"origin": [-2.01, 7, -2], "size": [0, 2, 2], "uv": [0, 0]}
					]
				},
				{
					"name": "head",
					"parent": "torso",
					"pivot": [0, 7.5, -1],
					"cubes": [
						{"origin": [-1, 6, -4.7], "size": [2, 2, 1], "uv": [14, 10]},
						{"origin": [-1.5, 5.5, -4], "size": [3, 3, 3], "inflate": 0.1, "uv": [0, 8]},
						{"origin": [-0.5, 8, -3], "size": [0, 1, 1], "uv": [13, 0]},
						{"origin": [0.5, 8, -3], "size": [0, 1, 1], "uv": [0, 13]}
					]
				},
				{
					"name": "eye_left",
					"parent": "head",
					"pivot": [2, 1, -2],
					"cubes": [
						{"origin": [1.62, 6, -2.5], "size": [0, 2, 1], "uv": [11, 0]},
						{"origin": [1.61, 6.5, -2], "size": [0, 2, 1], "pivot": [1.51, 7.5, -2], "rotation": [-90, 0, 0], "uv": [0, 7]},
						{"origin": [1.63, 6.5, -2.5], "size": [0, 1, 1], "pivot": [1.63, 7, -2], "rotation": [45, 0, 0], "uv": [19, 1]}
					]
				},
				{
					"name": "eye_right",
					"parent": "head",
					"pivot": [-2, 1, -2],
					"cubes": [
						{"origin": [-1.62, 6, -2.5], "size": [0, 2, 1], "uv": [11, 0], "mirror": true},
						{"origin": [-1.61, 6.5, -2], "size": [0, 2, 1], "pivot": [-1.51, 7.5, -2], "rotation": [-90, 0, 0], "uv": [0, 7], "mirror": true},
						{"origin": [-1.63, 6.5, -2.5], "size": [0, 1, 1], "pivot": [-1.63, 7, -2], "rotation": [45, 0, 0], "uv": [19, 1], "mirror": true}
					]
				},
				{
					"name": "leg_right3",
					"parent": "body",
					"pivot": [1.5, 5, 2],
					"cubes": [
						{"origin": [1.5, 4.5, 2], "size": [2, 1, 0], "uv": [11, 0]}
					]
				},
				{
					"name": "leg_right4",
					"parent": "leg_right3",
					"pivot": [3.5, 5, 2],
					"cubes": [
						{"origin": [3.5, 4.5, 2], "size": [2, 1, 0], "uv": [0, 4]}
					]
				},
				{
					"name": "feet_right2",
					"parent": "leg_right4",
					"pivot": [6.5, 5, 2],
					"cubes": [
						{"origin": [5.5, 4.5, 1], "size": [0, 1, 1], "uv": [13, 1]}
					]
				},
				{
					"name": "leg_left3",
					"parent": "body",
					"pivot": [-1.5, 5, 2],
					"cubes": [
						{"origin": [-3.5, 4.5, 2], "size": [2, 1, 0], "uv": [14, 13]}
					]
				},
				{
					"name": "leg_left4",
					"parent": "leg_left3",
					"pivot": [-3.5, 5, 2],
					"cubes": [
						{"origin": [-5.5, 4.5, 2], "size": [2, 1, 0], "uv": [11, 3]}
					]
				},
				{
					"name": "feet_left2",
					"parent": "leg_left4",
					"pivot": [-6.5, 5, 2],
					"cubes": [
						{"origin": [-5.5, 4.5, 1], "size": [0, 1, 1], "uv": [5, 13]}
					]
				}
			]
		}
	]
}