{
	"format_version": "1.8.0",
	"animations": {
		"animation.hooh.ground_idle": {
			"loop": true,
			"animation_length": 1.5,
			"bones": {
				"l_leg": {
					"rotation": [65, 0, 0]
				},
				"left_wing": {
					"rotation": [7.5, 10, 85],
					"position": [2, 0, 0]
				},
				"l_wing1": {
					"rotation": [0, -77.5, 0]
				},
				"l_wing2": {
					"rotation": [0, -30, 0]
				},
				"l_wing3": {
					"rotation": [0, -37.5, 0]
				},
				"body": {
					"rotation": [-45, 0, 0],
					"position": [0, 11, 0]
				},
				"neck": {
					"rotation": {
						"0.0": [-22.5, 0, 0],
						"0.75": [-20, 0, 0],
						"1.5": [-22.5, 0, 0]
					},
					"position": {
						"0.0": [0, 0, 2],
						"1.5": [0, 0, 2]
					}
				},
				"neck2": {
					"rotation": [17.5, 0, 0],
					"position": [0, 0, 1]
				},
				"neck3": {
					"rotation": [20, 0, 0],
					"position": [0, 0, 1]
				},
				"head": {
					"rotation": [47.5, 0, 0],
					"position": [0, 3, 0]
				},
				"right_wing": {
					"rotation": [7.5, -10, -85],
					"position": [-2, 0, 0]
				},
				"r_wing1": {
					"rotation": [0, 77.5, 0]
				},
				"r_wing2": {
					"rotation": [0, 30, 0]
				},
				"r_leg": {
					"rotation": [65, 0, 0]
				},
				"ho_oh": {
					"position": [0, -4, 0]
				},
				"lower_l_leg": {
					"rotation": {
						"0.0": [-20, 0, 0],
						"1.5": [-20, 0, 0]
					}
				},
				"lower_r_leg": {
					"rotation": [-20, 0, 0]
				},
				"tail": {
					"rotation": [12.5, 0, 0],
					"position": [0, 1, -2]
				},
				"r_wing3": {
					"rotation": [0, 37.5, 0]
				}
			}
		},
		"animation.hooh.faint": {
			"loop": true,
			"animation_length": 1.5,
			"bones": {
				"l_leg": {
					"rotation": [65, 0, 0]
				},
				"left_wing": {
					"rotation": [7.5, 10, 85],
					"position": [2, 0, 0]
				},
				"l_wing1": {
					"rotation": [0, -77.5, 0]
				},
				"l_wing2": {
					"rotation": [0, -30, 0]
				},
				"l_wing3": {
					"rotation": [0, -37.5, 0]
				},
				"body": {
					"rotation": [-45, 0, 0],
					"position": [0, 11, 0]
				},
				"neck": {
					"rotation": {
						"0.0": [-22.5, 0, 0],
						"0.75": [-20, 0, 0],
						"1.5": [-22.5, 0, 0]
					},
					"position": {
						"0.0": [0, 0, 2],
						"1.5": [0, 0, 2]
					}
				},
				"neck2": {
					"rotation": [17.5, 0, 0],
					"position": [0, 0, 1]
				},
				"neck3": {
					"rotation": [20, 0, 0],
					"position": [0, 0, 1]
				},
				"head": {
					"rotation": [47.5, 0, 0],
					"position": [0, 3, 0]
				},
				"right_wing": {
					"rotation": [7.5, -10, -85],
					"position": [-2, 0, 0]
				},
				"r_wing1": {
					"rotation": [0, 77.5, 0]
				},
				"r_wing2": {
					"rotation": [0, 30, 0]
				},
				"r_leg": {
					"rotation": [65, 0, 0]
				},
				"ho_oh": {
					"position": [0, -4, 0]
				},
				"lower_l_leg": {
					"rotation": {
						"0.0": [-20, 0, 0],
						"1.5": [-20, 0, 0]
					}
				},
				"lower_r_leg": {
					"rotation": [-20, 0, 0]
				},
				"tail": {
					"rotation": [12.5, 0, 0],
					"position": [0, 1, -2]
				},
				"r_wing3": {
					"rotation": [0, 37.5, 0]
				}
			}
		},
		"animation.hooh.ground_walk": {
			"loop": true,
			"animation_length": 1.5,
			"bones": {
				"l_leg": {
					"rotation": {
						"0.0": [107.5, 0, 0],
						"0.25": [117.5, 0, 0],
						"0.75": [15, 0, 0],
						"1.0": [-5, 0, 0],
						"1.25": [80, 0, 0],
						"1.5": [107.5, 0, 0]
					}
				},
				"left_wing": {
					"rotation": [7.5, 10, 85],
					"position": [2, 0, 0]
				},
				"l_wing1": {
					"rotation": [0, -77.5, 0]
				},
				"l_wing2": {
					"rotation": [0, -30, 0]
				},
				"l_wing3": {
					"rotation": [0, -37.5, 0]
				},
				"body": {
					"rotation": {
						"0.0": [-45, 0, 0],
						"1.5": [-45, 0, 0]
					},
					"position": {
						"0.0": [0, 11, 0],
						"0.75": [0, 9, 0],
						"1.5": [0, 11, 0]
					}
				},
				"neck": {
					"rotation": {
						"0.0": [-22.57734, 4.61854, -1.91757],
						"0.75": [-22.57734, -4.61854, 1.91757],
						"1.5": [-22.57734, 4.61854, -1.91757]
					},
					"position": [0, 0, 2]
				},
				"neck2": {
					"rotation": [17.5, 0, 0],
					"position": [0, 0, 1]
				},
				"neck3": {
					"rotation": [20, 0, 0],
					"position": [0, 0, 1]
				},
				"head": {
					"rotation": [47.5, 0, 0],
					"position": [0, 3, 0]
				},
				"right_wing": {
					"rotation": [7.5, -10, -85],
					"position": [-2, 0, 0]
				},
				"r_wing1": {
					"rotation": [0, 77.5, 0]
				},
				"r_wing2": {
					"rotation": [0, 30, 0]
				},
				"r_leg": {
					"rotation": {
						"0.0": [15, 0, 0],
						"0.25": [-5, 0, 0],
						"0.5": [80, 0, 0],
						"0.75": [107.5, 0, 0],
						"1.0": [117.5, 0, 0],
						"1.5": [15, 0, 0]
					}
				},
				"ho_oh": {
					"position": [0, -4, 0]
				},
				"lower_l_leg": {
					"rotation": {
						"0.0": [15, 0, 0],
						"0.25": [-27.5, 0, 0],
						"0.75": [-20, 0, 0],
						"1.25": [-30, 0, 0],
						"1.5": [15, 0, 0]
					}
				},
				"lower_r_leg": {
					"rotation": {
						"0.0": [-20, 0, 0],
						"0.5": [-30, 0, 0],
						"0.75": [15, 0, 0],
						"1.0": [-27.5, 0, 0],
						"1.5": [-20, 0, 0]
					}
				},
				"tail": {
					"rotation": [12.5, 0, 0],
					"position": [0, 1, -2]
				},
				"r_wing3": {
					"rotation": [0, 37.5, 0]
				},
				"l_foot": {
					"rotation": {
						"0.0": [-7.5, 0, 0],
						"0.75": [37.5, 0, 0],
						"1.25": [2.5, 0, 0],
						"1.5": [-7.5, 0, 0]
					}
				},
				"l_fronttoe_1": {
					"rotation": {
						"0.0": [-22.5, 0, 0],
						"0.75": [0, 0, 0],
						"1.25": [-7.5, 0, 0],
						"1.5": [-22.5, 0, 0]
					}
				},
				"l_fronttoe_2": {
					"rotation": {
						"0.0": [-22.5, 0, 0],
						"0.75": [0, 0, 0],
						"1.25": [-7.5, 0, 0],
						"1.5": [-22.5, 0, 0]
					}
				},
				"l_fronttoe_3": {
					"rotation": {
						"0.0": [-22.5, 0, 0],
						"0.75": [0, 0, 0],
						"1.25": [-7.5, 0, 0],
						"1.5": [-22.5, 0, 0]
					}
				},
				"r_foot": {
					"rotation": {
						"0.0": [37.5, 0, 0],
						"0.5": [2.5, 0, 0],
						"0.75": [-7.5, 0, 0],
						"1.5": [37.5, 0, 0]
					}
				},
				"r_fronttoe_1": {
					"rotation": {
						"0.0": [0, 0, 0],
						"0.5": [-7.5, 0, 0],
						"0.75": [-22.5, 0, 0],
						"1.5": [0, 0, 0]
					}
				},
				"r_fronttoe_2": {
					"rotation": {
						"0.0": [0, 0, 0],
						"0.5": [-7.5, 0, 0],
						"0.75": [-22.5, 0, 0],
						"1.5": [0, 0, 0]
					}
				},
				"r_fronttoe_3": {
					"rotation": {
						"0.0": [0, 0, 0],
						"0.5": [-7.5, 0, 0],
						"0.75": [-22.5, 0, 0],
						"1.5": [0, 0, 0]
					}
				}
			}
		},
		"animation.hooh.air_idle": {
			"loop": true,
			"animation_length": 3,
			"bones": {
				"l_leg": {
					"rotation": {
						"0.0": [60, 0, 0],
						"1.5": [57.5, 0, 0],
						"3.0": [60, 0, 0]
					}
				},
				"l_foot": {
					"rotation": [40, 0, 0]
				},
				"l_backtoe": {
					"rotation": [-80, 0, 0]
				},
				"l_fronttoe1": {
					"rotation": [70, 0, 0]
				},
				"l_fronttoe2": {
					"rotation": [70, 0, 0]
				},
				"l_fronttoe3": {
					"rotation": [70, 0, 0]
				},
				"left_wing": {
					"rotation": {
						"0.0": [0, 0, -47.5],
						"0.5": [0, 0, -27.5],
						"1.0": [0, 0, 5],
						"1.5": [0, 0, 20],
						"2.0": [0, 0, 5],
						"2.5": [0, 0, -27.5],
						"3.0": [0, 0, -47.5]
					}
				},
				"l_wing1": {
					"rotation": {
						"0.0": [0, 0, -22.5],
						"0.5": [0, 0, -2.5],
						"1.0": [0, 0, 20],
						"2.0": [0, 0, 20],
						"2.5": [0, 0, -2.5],
						"3.0": [0, 0, -22.5]
					}
				},
				"l_wing2": {
					"rotation": {
						"0.0": [0, 0, -5],
						"0.5": [0, 0, -2.5],
						"1.0": [0, 0, 12.5],
						"2.0": [0, 0, 12.5],
						"2.5": [0, 0, -2.5],
						"3.0": [0, 0, -5]
					}
				},
				"l_wing3": {
					"rotation": {
						"0.0": [0, 0, 20],
						"0.5": [0, 0, -7.5],
						"1.0": [0, 0, 22.5],
						"1.5": [0, 0, 35],
						"2.0": [0, 0, 22.5],
						"2.5": [0, 0, -7.5],
						"3.0": [0, 0, 20]
					}
				},
				"neck": {
					"rotation": {
						"0.0": [0, 0, 0],
						"1.5": [2.5, 0, 0],
						"3.0": [0, 0, 0]
					}
				},
				"neck2": {
					"rotation": {
						"0.0": [0, 0, 0],
						"1.5": [2.5, 0, 0],
						"3.0": [0, 0, 0]
					}
				},
				"head": {
					"rotation": {
						"0.0": [0, 0, 0],
						"1.5": [2.5, 0, 0],
						"3.0": [0, 0, 0]
					}
				},
				"right_wing": {
					"rotation": {
						"0.0": [0, 0, 47.5],
						"0.5": [0, 0, 27.5],
						"1.0": [0, 0, -5],
						"1.5": [0, 0, -20],
						"2.0": [0, 0, -5],
						"2.5": [0, 0, 27.5],
						"3.0": [0, 0, 47.5]
					}
				},
				"r_wing1": {
					"rotation": {
						"0.0": [0, 0, 22.5],
						"0.5": [0, 0, 2.5],
						"1.0": [0, 0, -20],
						"2.0": [0, 0, -20],
						"2.5": [0, 0, 2.5],
						"3.0": [0, 0, 22.5]
					}
				},
				"r_wing2": {
					"rotation": {
						"0.0": [0, 0, 5],
						"1.0": [0, 0, -12.5],
						"3.0": [0, 0, 5]
					}
				},
				"r_leg": {
					"rotation": {
						"0.0": [60, 0, 0],
						"1.5": [57.5, 0, 0],
						"3.0": [60, 0, 0]
					}
				},
				"r_foot": {
					"rotation": [40, 0, 0]
				},
				"r_backtoe": {
					"rotation": [-80, 0, 0]
				},
				"r_fronttoe1": {
					"rotation": [70, 0, 0]
				},
				"r_fronttoe_1": {
					"rotation": [0, 0, 0]
				},
				"r_fronttoe2": {
					"rotation": [70, 0, 0]
				},
				"r_fronttoe3": {
					"rotation": [70, 0, 0]
				},
				"r_wing3": {
					"rotation": {
						"0.0": [0, 0, -20],
						"0.5": [0, 0, 7.5],
						"1.0": [0, 0, -22.5],
						"1.5": [0, 0, -35],
						"2.5": [0, 0, 7.5],
						"3.0": [0, 0, -20]
					}
				}
			}
		},
		"animation.hooh.air_fly": {
			"loop": true,
			"animation_length": 3,
			"bones": {
				"l_leg": {
					"rotation": [42.5, 0, 0]
				},
				"l_foot": {
					"rotation": [40, 0, 0]
				},
				"l_backtoe": {
					"rotation": [-80, 0, 0]
				},
				"l_fronttoe1": {
					"rotation": [70, 0, 0]
				},
				"l_fronttoe2": {
					"rotation": [70, 0, 0]
				},
				"l_fronttoe3": {
					"rotation": [70, 0, 0]
				},
				"left_wing": {
					"rotation": {
						"0.0": [0, 0, -47.5],
						"0.5": [0, 0, -27.5],
						"1.0": [0, 0, 5],
						"1.5": [0, 0, 20],
						"2.0": [0, 0, 5],
						"2.5": [0, 0, -27.5],
						"3.0": [0, 0, -47.5]
					}
				},
				"l_wing1": {
					"rotation": {
						"0.0": [0, 0, -22.5],
						"0.5": [0, 0, -2.5],
						"1.0": [0, 0, 20],
						"2.0": [0, 0, 20],
						"2.5": [0, 0, -2.5],
						"3.0": [0, 0, -22.5]
					}
				},
				"l_wing2": {
					"rotation": {
						"0.0": [0, 0, -5],
						"0.5": [0, 0, -2.5],
						"1.0": [0, 0, 12.5],
						"2.0": [0, 0, 12.5],
						"2.5": [0, 0, -2.5],
						"3.0": [0, 0, -5]
					}
				},
				"l_wing3": {
					"rotation": {
						"0.0": [0, 0, 20],
						"0.5": [0, 0, -7.5],
						"1.0": [0, 0, 22.5],
						"1.5": [0, 0, 35],
						"2.0": [0, 0, 22.5],
						"2.5": [0, 0, -7.5],
						"3.0": [0, 0, 20]
					}
				},
				"neck": {
					"rotation": [0, 0, 0]
				},
				"neck2": {
					"rotation": [17.5, 0, 0]
				},
				"head": {
					"rotation": [25, 0, 0]
				},
				"right_wing": {
					"rotation": {
						"0.0": [0, 0, 47.5],
						"0.5": [0, 0, 27.5],
						"1.0": [0, 0, -5],
						"1.5": [0, 0, -20],
						"2.0": [0, 0, -5],
						"2.5": [0, 0, 27.5],
						"3.0": [0, 0, 47.5]
					}
				},
				"r_wing1": {
					"rotation": {
						"0.0": [0, 0, 22.5],
						"0.5": [0, 0, 2.5],
						"1.0": [0, 0, -20],
						"2.0": [0, 0, -20],
						"2.5": [0, 0, 2.5],
						"3.0": [0, 0, 22.5]
					}
				},
				"r_wing2": {
					"rotation": {
						"0.0": [0, 0, 5],
						"1.0": [0, 0, -12.5],
						"3.0": [0, 0, 5]
					}
				},
				"r_leg": {
					"rotation": [42.5, 0, 0]
				},
				"r_foot": {
					"rotation": [40, 0, 0]
				},
				"r_backtoe": {
					"rotation": [-80, 0, 0]
				},
				"r_fronttoe1": {
					"rotation": [70, 0, 0]
				},
				"r_fronttoe_1": {
					"rotation": [0, 0, 0]
				},
				"r_fronttoe2": {
					"rotation": [70, 0, 0]
				},
				"r_fronttoe3": {
					"rotation": [70, 0, 0]
				},
				"r_wing3": {
					"rotation": {
						"0.0": [0, 0, -20],
						"0.5": [0, 0, 7.5],
						"1.0": [0, 0, -22.5],
						"1.5": [0, 0, -35],
						"2.5": [0, 0, 7.5],
						"3.0": [0, 0, -20]
					}
				},
				"body": {
					"rotation": [-40, 0, 0],
					"position": {
						"0.0": [0, 0, 0],
						"1.5": [0, 5, 0],
						"3.0": [0, 0, 0]
					}
				},
				"neck3": {
					"rotation": [15, 0, 0]
				}
			}
		}
	}
}