{
	"format_version": "1.8.0",
	"animations": {
		"ground_walk": {
			"loop": true,
			"animation_length": 4,
			"bones": {
				"tail_seg5": {
					"rotation": [-35, 0, 0]
				},
				"tail_seg6": {
					"rotation": [-25, 0, 0]
				},
				"hair10": {
					"rotation": ["5+math.sin((q.anim_time*90*2)+90)*5", 0, 0]
				},
				"hair7": {
					"rotation": ["-15 + math.sin((q.anim_time*90*2)+0)*5", 0, 0]
				},
				"hair8": {
					"rotation": ["math.sin((q.anim_time*90*2)+320)*3", 0, 0]
				},
				"hair9": {
					"rotation": ["-20+math.sin((q.anim_time*90*2)+275)*5", 0, 0]
				},
				"hair11": {
					"rotation": ["math.sin((q.anim_time*90*2)+230)*5", 0, 0]
				},
				"body": {
					"rotation": {
						"0.0": [0, 2.5, 0],
						"0.5": [0, -2.5, 0],
						"1.0": [0, 2.5, 0],
						"1.5": [0, -2.5, 0],
						"2.0": [0, 2.5, 0],
						"2.5": [0, -2.5, 0],
						"3.0": [0, 2.5, 0],
						"3.5": [0, -2.5, 0],
						"4.0": [0, 2.5, 0]
					},
					"position": {
						"0.0": [0, -1, 0],
						"0.25": [0, -1.25, 0],
						"0.5": [0, -1, 0],
						"0.75": [0, -1.25, 0],
						"1.0": [0, -1, 0],
						"1.25": [0, -1.25, 0],
						"1.5": [0, -1, 0],
						"1.75": [0, -1.25, 0],
						"2.0": [0, -1, 0],
						"2.25": [0, -1.25, 0],
						"2.5": [0, -1, 0],
						"2.75": [0, -1.25, 0],
						"3.0": [0, -1, 0],
						"3.25": [0, -1.25, 0],
						"3.5": [0, -1, 0],
						"3.75": [0, -1.25, 0],
						"4.0": [0, -1, 0]
					}
				},
				"neck": {
					"rotation": [30, 0, 0]
				},
				"head": {
					"rotation": [-30, 0, 0]
				},
				"hair": {
					"rotation": ["math.sin((q.anim_time*90*2)+180)*1", 0, 0]
				},
				"hair2": {
					"rotation": ["math.sin((q.anim_time*90*2)+180)*1", 0, 0]
				},
				"hair3": {
					"rotation": ["-5 + math.sin((q.anim_time*90*2)+180)*1", 0, 0]
				},
				"hair6": {
					"rotation": ["math.sin((q.anim_time*90*2)+45)*5", 0, 0]
				},
				"hair4": {
					"rotation": ["10 + math.sin((q.anim_time*90*2)+180)*5", 0, 0]
				},
				"hair5": {
					"rotation": ["5 +math.sin((q.anim_time*90*2)+135)*5", 0, 0]
				},
				"shoulder_l": {
					"rotation": {
						"0.0": [10, 0, 0],
						"0.25": [-25, 0, 0],
						"0.5": [10, 0, 0],
						"0.8333": [30, 0, 0],
						"1.0": [10, 0, 0],
						"1.25": [-25, 0, 0],
						"1.5": [10, 0, 0],
						"1.8333": [30, 0, 0],
						"2.0": [10, 0, 0],
						"2.25": [-25, 0, 0],
						"2.5": [10, 0, 0],
						"2.8333": [30, 0, 0],
						"3.0": [10, 0, 0],
						"3.25": [-25, 0, 0],
						"3.5": [10, 0, 0],
						"3.8333": [30, 0, 0],
						"4.0": [10, 0, 0]
					}
				},
				"forearm_l": {
					"rotation": {
						"0.0": [-65, 0, 0],
						"0.25": [0, 0, 0],
						"1.0": [-65, 0, 0],
						"1.25": [0, 0, 0],
						"2.0": [-65, 0, 0],
						"2.25": [0, 0, 0],
						"3.0": [-65, 0, 0],
						"3.25": [0, 0, 0],
						"4.0": [-65, 0, 0]
					}
				},
				"paw_fl": {
					"rotation": {
						"0.0": [0, 0, 0],
						"0.25": [25, 0, 0],
						"0.5": [0, 0, 0],
						"1.0": [0, 0, 0],
						"1.25": [25, 0, 0],
						"1.5": [0, 0, 0],
						"2.0": [0, 0, 0],
						"2.25": [25, 0, 0],
						"2.5": [0, 0, 0],
						"3.0": [0, 0, 0],
						"3.25": [25, 0, 0],
						"3.5": [0, 0, 0],
						"4.0": [0, 0, 0]
					}
				},
				"shoulder_r": {
					"rotation": {
						"0.0": [10, 0, 0],
						"0.25": [30, 0, 0],
						"0.5": [10, 0, 0],
						"0.75": [-25, 0, 0],
						"1.0": [10, 0, 0],
						"1.25": [30, 0, 0],
						"1.5": [10, 0, 0],
						"1.75": [-25, 0, 0],
						"2.0": [10, 0, 0],
						"2.25": [30, 0, 0],
						"2.5": [10, 0, 0],
						"2.75": [-25, 0, 0],
						"3.0": [10, 0, 0],
						"3.25": [30, 0, 0],
						"3.5": [10, 0, 0],
						"3.75": [-25, 0, 0],
						"4.0": [10, 0, 0]
					}
				},
				"forearm_r": {
					"rotation": {
						"0.0": [-30, 0, 0],
						"0.25": [-20, 0, 0],
						"0.5": [-65, 0, 0],
						"0.75": [0, 0, 0],
						"1.0": [-30, 0, 0],
						"1.25": [-20, 0, 0],
						"1.5": [-65, 0, 0],
						"1.75": [0, 0, 0],
						"2.0": [-30, 0, 0],
						"2.25": [-20, 0, 0],
						"2.5": [-65, 0, 0],
						"2.75": [0, 0, 0],
						"3.0": [-30, 0, 0],
						"3.25": [-20, 0, 0],
						"3.5": [-65, 0, 0],
						"3.75": [0, 0, 0],
						"4.0": [-30, 0, 0]
					}
				},
				"paw_fr": {
					"rotation": {
						"0.0": [0, 0, 0],
						"0.5": [0, 0, 0],
						"0.75": [25, 0, 0],
						"1.0": [0, 0, 0],
						"1.5": [0, 0, 0],
						"1.75": [25, 0, 0],
						"2.0": [0, 0, 0],
						"2.5": [0, 0, 0],
						"2.75": [25, 0, 0],
						"3.0": [0, 0, 0],
						"3.5": [0, 0, 0],
						"3.75": [25, 0, 0],
						"4.0": [0, 0, 0]
					}
				},
				"thigh_r": {
					"rotation": {
						"0.0": [30, 0, 0],
						"0.25": [10, 0, 0],
						"0.5": [-45, 0, 0],
						"0.75": [10, 0, 0],
						"1.0": [30, 0, 0],
						"1.25": [10, 0, 0],
						"1.5": [-45, 0, 0],
						"1.75": [10, 0, 0],
						"2.0": [30, 0, 0],
						"2.25": [10, 0, 0],
						"2.5": [-45, 0, 0],
						"2.75": [10, 0, 0],
						"3.0": [30, 0, 0],
						"3.25": [10, 0, 0],
						"3.5": [-45, 0, 0],
						"3.75": [10, 0, 0],
						"4.0": [30, 0, 0]
					}
				},
				"knee_r": {
					"rotation": {
						"0.0": [-15, 0, 0],
						"0.25": [5, 0, 0],
						"0.5": [20, 0, 0],
						"0.75": [5, 0, 0],
						"1.0": [-15, 0, 0],
						"1.25": [5, 0, 0],
						"1.5": [20, 0, 0],
						"1.75": [5, 0, 0],
						"2.0": [-15, 0, 0],
						"2.25": [5, 0, 0],
						"2.5": [20, 0, 0],
						"2.75": [5, 0, 0],
						"3.0": [-15, 0, 0],
						"3.25": [5, 0, 0],
						"3.5": [20, 0, 0],
						"3.75": [5, 0, 0],
						"4.0": [-15, 0, 0]
					}
				},
				"calf_r": {
					"rotation": {
						"0.0": [25, 0, 0],
						"0.25": [-25, 0, 0],
						"0.5": [-5, 0, 0],
						"0.75": [-10, 0, 0],
						"1.0": [25, 0, 0],
						"1.25": [-25, 0, 0],
						"1.5": [-5, 0, 0],
						"1.75": [-10, 0, 0],
						"2.0": [25, 0, 0],
						"2.25": [-25, 0, 0],
						"2.5": [-5, 0, 0],
						"2.75": [-10, 0, 0],
						"3.0": [25, 0, 0],
						"3.25": [-25, 0, 0],
						"3.5": [-5, 0, 0],
						"3.75": [-10, 0, 0],
						"4.0": [25, 0, 0]
					}
				},
				"thigh_l": {
					"rotation": {
						"0.0": [-45, 0, 0],
						"0.25": [10, 0, 0],
						"0.5": [30, 0, 0],
						"0.75": [10, 0, 0],
						"1.0": [-45, 0, 0],
						"1.25": [10, 0, 0],
						"1.5": [30, 0, 0],
						"1.75": [10, 0, 0],
						"2.0": [-45, 0, 0],
						"2.25": [10, 0, 0],
						"2.5": [30, 0, 0],
						"2.75": [10, 0, 0],
						"3.0": [-45, 0, 0],
						"3.25": [10, 0, 0],
						"3.5": [30, 0, 0],
						"3.75": [10, 0, 0],
						"4.0": [-45, 0, 0]
					}
				},
				"knee_l": {
					"rotation": {
						"0.0": [20, 0, 0],
						"0.25": [5, 0, 0],
						"0.5": [-15, 0, 0],
						"0.75": [5, 0, 0],
						"1.0": [20, 0, 0],
						"1.25": [5, 0, 0],
						"1.5": [-15, 0, 0],
						"1.75": [5, 0, 0],
						"2.0": [20, 0, 0],
						"2.25": [5, 0, 0],
						"2.5": [-15, 0, 0],
						"2.75": [5, 0, 0],
						"3.0": [20, 0, 0],
						"3.25": [5, 0, 0],
						"3.5": [-15, 0, 0],
						"3.75": [5, 0, 0],
						"4.0": [20, 0, 0]
					}
				},
				"calf_l": {
					"rotation": {
						"0.0": [-5, 0, 0],
						"0.25": [-10, 0, 0],
						"0.5": [25, 0, 0],
						"0.75": [-25, 0, 0],
						"1.0": [-5, 0, 0],
						"1.25": [-10, 0, 0],
						"1.5": [25, 0, 0],
						"1.75": [-25, 0, 0],
						"2.0": [-5, 0, 0],
						"2.25": [-10, 0, 0],
						"2.5": [25, 0, 0],
						"2.75": [-25, 0, 0],
						"3.0": [-5, 0, 0],
						"3.25": [-10, 0, 0],
						"3.5": [25, 0, 0],
						"3.75": [-25, 0, 0],
						"4.0": [-5, 0, 0]
					}
				},
				"tail": {
					"rotation": [-20, "math.sin((q.anim_time*90*4)+180)*10", 0]
				},
				"tail_seg2": {
					"rotation": [35, 0, 0]
				},
				"tail_seg3": {
					"rotation": [35, "math.sin((q.anim_time*90*4)+180)*10", 0]
				},
				"tail_seg4": {
					"rotation": [-25, 0, 0]
				},
				"tail_seg_end": {
					"rotation": [-20, "math.sin((q.anim_time*90*4)+180)*5", 0]
				}
			}
		},
		"blink": {
			"animation_length": 0.1667,
			"bones": {
				"eye_r": {
					"position": {
						"0.0": [0, 0, 0.1],
						"0.125": [0, 0, 0.1],
						"0.1667": [0, 0, 0]
					}
				},
				"eye_r_closed": {
					"position": {
						"0.0": [-0.12, 0, 0],
						"0.125": [-0.12, 0, 0],
						"0.1667": [0, 0, 0]
					}
				},
				"eye_l": {
					"position": {
						"0.0": [0, 0, 0.1],
						"0.125": [0, 0, 0.1],
						"0.1667": [0, 0, 0]
					}
				},
				"eye_l_closed": {
					"position": {
						"0.0": [0.12, 0, 0],
						"0.125": [0.12, 0, 0],
						"0.1667": [0, 0, 0]
					}
				}
			}
		},
		"cry": {
			"animation_length": 3,
			"bones": {
				"mouth": {
					"position": {
						"0.1667": [0, 0, 0],
						"0.2083": {
							"pre": [0, 0, 0],
							"post": [0, -0.1, -0.1]
						},
						"0.75": {
							"pre": [0, -0.1, -0.1],
							"post": [0, -0.1, -0.1]
						},
						"0.7917": {
							"pre": [0, -0.1, -0.1],
							"post": [0, 0, 0]
						}
					}
				},
				"torso": {
					"rotation": {
						"0.0": [0, 0, 0],
						"0.1667": {
							"pre": [5, 0, 0],
							"post": [5, 0, 0],
							"lerp_mode": "catmullrom"
						},
						"0.875": {
							"post": [-2.5, 0, 0],
							"lerp_mode": "catmullrom"
						},
						"1.7083": {
							"post": [3, 0, 0],
							"lerp_mode": "catmullrom"
						},
						"2.4583": [0, 0, 0]
					}
				},
				"head": {
					"rotation": {
						"0.0": {
							"post": [0, 0, 0],
							"lerp_mode": "catmullrom"
						},
						"0.1667": {
							"post": [10.44, 0, 0],
							"lerp_mode": "catmullrom"
						},
						"0.2917": {
							"post": [-7.5, 0, 0],
							"lerp_mode": "catmullrom"
						},
						"0.5417": {
							"post": [-10.83, 0, 0],
							"lerp_mode": "catmullrom"
						},
						"0.7083": {
							"post": [-2.9, 0, 0],
							"lerp_mode": "catmullrom"
						},
						"0.9167": {
							"post": [-8.71, 0, 0],
							"lerp_mode": "catmullrom"
						},
						"1.375": {
							"post": [5, 0, 0],
							"lerp_mode": "catmullrom"
						},
						"2.25": {
							"post": [0, 0, 0],
							"lerp_mode": "catmullrom"
						},
						"2.7083": {
							"post": [0, 0, 0],
							"lerp_mode": "catmullrom"
						}
					}
				}
			},
			"sound_effects": {
				"0.2083": {
					"effect": "pokemon.squirtle.cry"
				}
			}
		},
		"animation.pyroar_m.ground_idle": {
			"loop": true,
			"animation_length": 4,
			"bones": {
				"tail_seg5": {
					"rotation": ["-35 + math.sin((q.anim_time*90)+180)*5", 0, 0]
				},
				"tail_seg6": {
					"rotation": ["-30 + math.sin((q.anim_time*90)+180)*5", 0, 0]
				},
				"body": {
					"rotation": ["math.sin((q.anim_time*90)+90)/3", 0, 0]
				},
				"neck": {
					"rotation": ["math.sin((q.anim_time*90)+90)*2", 0, 0]
				},
				"head": {
					"rotation": ["-math.sin((q.anim_time*90)+90)*1", 0, 0]
				},
				"tail": {
					"rotation": [20, "math.sin((q.anim_time*90)+180)*5", "math.sin((q.anim_time*90)+180)*5"]
				},
				"tail_seg2": {
					"rotation": [35, 0, 0]
				},
				"tail_seg3": {
					"rotation": [45, 0, 0]
				},
				"tail_seg4": {
					"rotation": ["-40 + math.sin((q.anim_time*90)+180)*5", 0, 0]
				},
				"tail_seg_end": {
					"rotation": ["-25 + math.sin((q.anim_time*90)+180)*5", 0, 0]
				}
			}
		},
		"animation.pyroar_m.battle_idle": {
			"loop": true,
			"animation_length": 4,
			"bones": {
				"tail_seg5": {
					"rotation": ["-35 + math.sin((q.anim_time*90)+180)*5", 0, 0]
				},
				"tail_seg6": {
					"rotation": ["-30 + math.sin((q.anim_time*90)+180)*5", 0, 0]
				},
				"hair10": {
					"rotation": ["5+math.sin((q.anim_time*90*2)+90)*5", 0, 0]
				},
				"hair7": {
					"rotation": ["-15 + math.sin((q.anim_time*90*2)+0)*5", 0, 0]
				},
				"hair8": {
					"rotation": ["math.sin((q.anim_time*90*2)+320)*3", 0, 0]
				},
				"hair9": {
					"rotation": ["-20+math.sin((q.anim_time*90*2)+275)*5", 0, 0]
				},
				"hair11": {
					"rotation": ["math.sin((q.anim_time*90*2)+230)*5", 0, 0]
				},
				"body": {
					"rotation": ["math.sin((q.anim_time*90)+90)/3", 0, 0],
					"position": [0, -1, 0]
				},
				"neck": {
					"rotation": ["27.5+math.sin((q.anim_time*90)+90)*2", 0, 0]
				},
				"head": {
					"rotation": ["-22.5-math.sin((q.anim_time*90)+90)*1", 0, 0]
				},
				"shoulder_l": {
					"rotation": [10, 0, -5]
				},
				"forearm_l": {
					"rotation": [-10, 0, 0]
				},
				"shoulder_r": {
					"rotation": [10, 0, 5]
				},
				"forearm_r": {
					"rotation": [-10, 0, 0]
				},
				"thigh_r": {
					"rotation": [-5, 0, 5]
				},
				"knee_r": {
					"rotation": [10, 0, 0]
				},
				"calf_r": {
					"rotation": [-5, 0, 0]
				},
				"thigh_l": {
					"rotation": [-5, 0, -5]
				},
				"knee_l": {
					"rotation": [10, 0, 0]
				},
				"calf_l": {
					"rotation": [-5, 0, 0]
				},
				"tail": {
					"rotation": {
						"0.0": [-60, "math.sin((q.anim_time*90)+180)*5", "math.sin((q.anim_time*90)+180)*5"],
						"1.9167": [-60, "math.sin((q.anim_time*90)+180)*5", "math.sin((q.anim_time*90)+180)*5"]
					}
				},
				"tail_seg2": {
					"rotation": [35, 0, 0]
				},
				"tail_seg3": {
					"rotation": [35, 0, 0]
				},
				"tail_seg4": {
					"rotation": ["-30 + math.sin((q.anim_time*90)+180)*5", 0, 0]
				},
				"tail_seg_end": {
					"rotation": ["-25 + math.sin((q.anim_time*90)+180)*5", 0, 0]
				}
			}
		},
		"animation.pyroar_m.ground_walk": {
			"loop": true,
			"animation_length": 4,
			"bones": {
				"tail_seg5": {
					"rotation": [-35, 0, 0]
				},
				"tail_seg6": {
					"rotation": [-25, 0, 0]
				},
				"hair10": {
					"rotation": ["5+math.sin((q.anim_time*90*2)+90)*5", 0, 0]
				},
				"hair7": {
					"rotation": ["-15 + math.sin((q.anim_time*90*2)+0)*5", 0, 0]
				},
				"hair8": {
					"rotation": ["math.sin((q.anim_time*90*2)+320)*3", 0, 0]
				},
				"hair9": {
					"rotation": ["-20+math.sin((q.anim_time*90*2)+275)*5", 0, 0]
				},
				"hair11": {
					"rotation": ["math.sin((q.anim_time*90*2)+230)*5", 0, 0]
				},
				"body": {
					"rotation": {
						"0.0": [0, 2.5, 0],
						"0.5": [0, -2.5, 0],
						"1.0": [0, 2.5, 0],
						"1.5": [0, -2.5, 0],
						"2.0": [0, 2.5, 0],
						"2.5": [0, -2.5, 0],
						"3.0": [0, 2.5, 0],
						"3.5": [0, -2.5, 0],
						"4.0": [0, 2.5, 0]
					},
					"position": {
						"0.0": [0, -1, 0],
						"0.25": [0, -1.25, 0],
						"0.5": [0, -1, 0],
						"0.75": [0, -1.25, 0],
						"1.0": [0, -1, 0],
						"1.25": [0, -1.25, 0],
						"1.5": [0, -1, 0],
						"1.75": [0, -1.25, 0],
						"2.0": [0, -1, 0],
						"2.25": [0, -1.25, 0],
						"2.5": [0, -1, 0],
						"2.75": [0, -1.25, 0],
						"3.0": [0, -1, 0],
						"3.25": [0, -1.25, 0],
						"3.5": [0, -1, 0],
						"3.75": [0, -1.25, 0],
						"4.0": [0, -1, 0]
					}
				},
				"neck": {
					"rotation": [30, 0, 0]
				},
				"head": {
					"rotation": [-30, 0, 0]
				},
				"shoulder_l": {
					"rotation": {
						"0.0": [10, 0, 0],
						"0.25": [-25, 0, 0],
						"0.5": [10, 0, 0],
						"0.8333": [30, 0, 0],
						"1.0": [10, 0, 0],
						"1.25": [-25, 0, 0],
						"1.5": [10, 0, 0],
						"1.8333": [30, 0, 0],
						"2.0": [10, 0, 0],
						"2.25": [-25, 0, 0],
						"2.5": [10, 0, 0],
						"2.8333": [30, 0, 0],
						"3.0": [10, 0, 0],
						"3.25": [-25, 0, 0],
						"3.5": [10, 0, 0],
						"3.8333": [30, 0, 0],
						"4.0": [10, 0, 0]
					}
				},
				"forearm_l": {
					"rotation": {
						"0.0": [-65, 0, 0],
						"0.25": [0, 0, 0],
						"1.0": [-65, 0, 0],
						"1.25": [0, 0, 0],
						"2.0": [-65, 0, 0],
						"2.25": [0, 0, 0],
						"3.0": [-65, 0, 0],
						"3.25": [0, 0, 0],
						"4.0": [-65, 0, 0]
					}
				},
				"paw_fl": {
					"rotation": {
						"0.0": [0, 0, 0],
						"0.25": [25, 0, 0],
						"0.5": [0, 0, 0],
						"1.0": [0, 0, 0],
						"1.25": [25, 0, 0],
						"1.5": [0, 0, 0],
						"2.0": [0, 0, 0],
						"2.25": [25, 0, 0],
						"2.5": [0, 0, 0],
						"3.0": [0, 0, 0],
						"3.25": [25, 0, 0],
						"3.5": [0, 0, 0],
						"4.0": [0, 0, 0]
					}
				},
				"shoulder_r": {
					"rotation": {
						"0.0": [10, 0, 0],
						"0.25": [30, 0, 0],
						"0.5": [10, 0, 0],
						"0.75": [-25, 0, 0],
						"1.0": [10, 0, 0],
						"1.25": [30, 0, 0],
						"1.5": [10, 0, 0],
						"1.75": [-25, 0, 0],
						"2.0": [10, 0, 0],
						"2.25": [30, 0, 0],
						"2.5": [10, 0, 0],
						"2.75": [-25, 0, 0],
						"3.0": [10, 0, 0],
						"3.25": [30, 0, 0],
						"3.5": [10, 0, 0],
						"3.75": [-25, 0, 0],
						"4.0": [10, 0, 0]
					}
				},
				"forearm_r": {
					"rotation": {
						"0.0": [-30, 0, 0],
						"0.25": [-20, 0, 0],
						"0.5": [-65, 0, 0],
						"0.75": [0, 0, 0],
						"1.0": [-30, 0, 0],
						"1.25": [-20, 0, 0],
						"1.5": [-65, 0, 0],
						"1.75": [0, 0, 0],
						"2.0": [-30, 0, 0],
						"2.25": [-20, 0, 0],
						"2.5": [-65, 0, 0],
						"2.75": [0, 0, 0],
						"3.0": [-30, 0, 0],
						"3.25": [-20, 0, 0],
						"3.5": [-65, 0, 0],
						"3.75": [0, 0, 0],
						"4.0": [-30, 0, 0]
					}
				},
				"paw_fr": {
					"rotation": {
						"0.0": [0, 0, 0],
						"0.5": [0, 0, 0],
						"0.75": [25, 0, 0],
						"1.0": [0, 0, 0],
						"1.5": [0, 0, 0],
						"1.75": [25, 0, 0],
						"2.0": [0, 0, 0],
						"2.5": [0, 0, 0],
						"2.75": [25, 0, 0],
						"3.0": [0, 0, 0],
						"3.5": [0, 0, 0],
						"3.75": [25, 0, 0],
						"4.0": [0, 0, 0]
					}
				},
				"thigh_r": {
					"rotation": {
						"0.0": [30, 0, 0],
						"0.25": [10, 0, 0],
						"0.5": [-45, 0, 0],
						"0.75": [10, 0, 0],
						"1.0": [30, 0, 0],
						"1.25": [10, 0, 0],
						"1.5": [-45, 0, 0],
						"1.75": [10, 0, 0],
						"2.0": [30, 0, 0],
						"2.25": [10, 0, 0],
						"2.5": [-45, 0, 0],
						"2.75": [10, 0, 0],
						"3.0": [30, 0, 0],
						"3.25": [10, 0, 0],
						"3.5": [-45, 0, 0],
						"3.75": [10, 0, 0],
						"4.0": [30, 0, 0]
					}
				},
				"knee_r": {
					"rotation": {
						"0.0": [-15, 0, 0],
						"0.25": [5, 0, 0],
						"0.5": [20, 0, 0],
						"0.75": [5, 0, 0],
						"1.0": [-15, 0, 0],
						"1.25": [5, 0, 0],
						"1.5": [20, 0, 0],
						"1.75": [5, 0, 0],
						"2.0": [-15, 0, 0],
						"2.25": [5, 0, 0],
						"2.5": [20, 0, 0],
						"2.75": [5, 0, 0],
						"3.0": [-15, 0, 0],
						"3.25": [5, 0, 0],
						"3.5": [20, 0, 0],
						"3.75": [5, 0, 0],
						"4.0": [-15, 0, 0]
					}
				},
				"calf_r": {
					"rotation": {
						"0.0": [25, 0, 0],
						"0.25": [-25, 0, 0],
						"0.5": [-5, 0, 0],
						"0.75": [-10, 0, 0],
						"1.0": [25, 0, 0],
						"1.25": [-25, 0, 0],
						"1.5": [-5, 0, 0],
						"1.75": [-10, 0, 0],
						"2.0": [25, 0, 0],
						"2.25": [-25, 0, 0],
						"2.5": [-5, 0, 0],
						"2.75": [-10, 0, 0],
						"3.0": [25, 0, 0],
						"3.25": [-25, 0, 0],
						"3.5": [-5, 0, 0],
						"3.75": [-10, 0, 0],
						"4.0": [25, 0, 0]
					}
				},
				"thigh_l": {
					"rotation": {
						"0.0": [-45, 0, 0],
						"0.25": [10, 0, 0],
						"0.5": [30, 0, 0],
						"0.75": [10, 0, 0],
						"1.0": [-45, 0, 0],
						"1.25": [10, 0, 0],
						"1.5": [30, 0, 0],
						"1.75": [10, 0, 0],
						"2.0": [-45, 0, 0],
						"2.25": [10, 0, 0],
						"2.5": [30, 0, 0],
						"2.75": [10, 0, 0],
						"3.0": [-45, 0, 0],
						"3.25": [10, 0, 0],
						"3.5": [30, 0, 0],
						"3.75": [10, 0, 0],
						"4.0": [-45, 0, 0]
					}
				},
				"knee_l": {
					"rotation": {
						"0.0": [20, 0, 0],
						"0.25": [5, 0, 0],
						"0.5": [-15, 0, 0],
						"0.75": [5, 0, 0],
						"1.0": [20, 0, 0],
						"1.25": [5, 0, 0],
						"1.5": [-15, 0, 0],
						"1.75": [5, 0, 0],
						"2.0": [20, 0, 0],
						"2.25": [5, 0, 0],
						"2.5": [-15, 0, 0],
						"2.75": [5, 0, 0],
						"3.0": [20, 0, 0],
						"3.25": [5, 0, 0],
						"3.5": [-15, 0, 0],
						"3.75": [5, 0, 0],
						"4.0": [20, 0, 0]
					}
				},
				"calf_l": {
					"rotation": {
						"0.0": [-5, 0, 0],
						"0.25": [-10, 0, 0],
						"0.5": [25, 0, 0],
						"0.75": [-25, 0, 0],
						"1.0": [-5, 0, 0],
						"1.25": [-10, 0, 0],
						"1.5": [25, 0, 0],
						"1.75": [-25, 0, 0],
						"2.0": [-5, 0, 0],
						"2.25": [-10, 0, 0],
						"2.5": [25, 0, 0],
						"2.75": [-25, 0, 0],
						"3.0": [-5, 0, 0],
						"3.25": [-10, 0, 0],
						"3.5": [25, 0, 0],
						"3.75": [-25, 0, 0],
						"4.0": [-5, 0, 0]
					}
				},
				"tail": {
					"rotation": [-20, "math.sin((q.anim_time*90*4)+180)*10", 0]
				},
				"tail_seg2": {
					"rotation": [35, 0, 0]
				},
				"tail_seg3": {
					"rotation": [35, "math.sin((q.anim_time*90*4)+180)*10", 0]
				},
				"tail_seg4": {
					"rotation": [-25, 0, 0]
				},
				"tail_seg_end": {
					"rotation": [-20, "math.sin((q.anim_time*90*4)+180)*5", 0]
				}
			}
		},
		"animation.pyroar_m.faint": {
			"loop": true,
			"animation_length": 3.5,
			"bones": {
				"tail_seg5": {
					"rotation": [0, 0, 10]
				},
				"tail_seg6": {
					"rotation": [-10, 0, 10]
				},
				"hair7": {
					"rotation": {
						"0.5": [0, 0, 0],
						"1.5": [-25, 0, 0]
					}
				},
				"hair9": {
					"rotation": {
						"0.5": [0, 0, 0],
						"1.5": [-15, 0, 0]
					}
				},
				"body": {
					"rotation": {
						"0.5": [0, 0, 0],
						"1.5": [5, 0, 0]
					},
					"position": {
						"0.5": [0, 0, 0],
						"1.5": [0, -11, 0]
					}
				},
				"neck": {
					"rotation": {
						"0.5": [0, 0, 0],
						"1.5": [70, 0, 0]
					},
					"position": {
						"0.5": [0, 0, 0],
						"1.5": [0, -2, 2]
					}
				},
				"head": {
					"rotation": {
						"0.5": [0, 0, 0],
						"1.5": [-37.5, 0, 0]
					}
				},
				"eye_r": {
					"position": {
						"0.0": [0, 0, 0],
						"0.3333": [0, 0, 0],
						"0.375": [0, 0, 0.5]
					}
				},
				"eye_r_closed": {
					"position": {
						"0.0": [0, 0, 0],
						"0.3333": [0, 0, 0],
						"0.375": [-0.52, 0, 0]
					}
				},
				"eye_l": {
					"position": {
						"0.0": [0, 0, 0],
						"0.3333": [0, 0, 0],
						"0.375": [0, 0, 0.5]
					}
				},
				"eye_l_closed": {
					"position": {
						"0.0": [0, 0, 0],
						"0.3333": [0, 0, 0],
						"0.375": [0.52, 0, 0]
					}
				},
				"hair": {
					"rotation": {
						"0.5": [0, 0, 0],
						"1.5": [-15, 0, 0]
					}
				},
				"shoulder_l": {
					"rotation": {
						"0.5": [0, 0, 0],
						"1.5": [-75, -5, 0]
					}
				},
				"forearm_l": {
					"rotation": {
						"0.5": [0, 0, 0],
						"1.5": [-5, 0, 0]
					}
				},
				"paw_fl": {
					"rotation": {
						"0.5": [0, 0, 0],
						"1.5": [0, 0, 0]
					}
				},
				"shoulder_r": {
					"rotation": {
						"0.5": [0, 0, 0],
						"1.5": [-75, 5, 0]
					}
				},
				"forearm_r": {
					"rotation": {
						"0.5": [0, 0, 0],
						"1.5": [-5, 0, 0]
					}
				},
				"paw_fr": {
					"rotation": {
						"0.5": [0, 0, 0],
						"1.5": [0, 0, 0]
					}
				},
				"thigh_r": {
					"rotation": {
						"0.5": [0, 0, 0],
						"1.5": [80, 0, 0]
					}
				},
				"knee_r": {
					"rotation": [0, 0, 0]
				},
				"calf_r": {
					"rotation": [0, 0, 0]
				},
				"thigh_l": {
					"rotation": {
						"0.5": [0, 0, 0],
						"1.5": [80, 0, 0]
					}
				},
				"knee_l": {
					"rotation": [0, 0, 0]
				},
				"calf_l": {
					"rotation": [0, 0, 0]
				},
				"tail": {
					"rotation": [-25, 0, 0]
				},
				"tail_seg2": {
					"rotation": [7.5, 0, 0]
				},
				"tail_seg3": {
					"rotation": [7.5, 0, 0]
				},
				"tail_seg4": {
					"rotation": [17.5, 0, 0]
				}
			}
		},
		"animation.pyroar_m.sleep": {
			"loop": true,
			"bones": {
				"tail_seg5": {
					"rotation": [0, 0, 10]
				},
				"tail_seg6": {
					"rotation": [-10, 0, 10]
				},
				"body": {
					"rotation": [0, 0, 90],
					"position": [-13, 6, 0]
				},
				"neck": {
					"rotation": [80, 10, 0],
					"position": [0, -2, 2]
				},
				"head": {
					"rotation": [-52.5, 15, -15]
				},
				"eye_r": {
					"position": [0, 0, 0.5]
				},
				"eye_r_closed": {
					"position": [-0.52, 0, 0]
				},
				"eye_l": {
					"position": [0, 0, 0.5]
				},
				"eye_l_closed": {
					"position": [0.52, 0, 0]
				},
				"shoulder_l": {
					"rotation": [15, 0, 0]
				},
				"forearm_l": {
					"rotation": [-5, 0, 0]
				},
				"paw_fl": {
					"rotation": [10, 0, 0]
				},
				"shoulder_r": {
					"rotation": [35, 0, -27.5]
				},
				"forearm_r": {
					"rotation": [-5, 0, 0]
				},
				"paw_fr": {
					"rotation": [17.5, 0, 0]
				},
				"thigh_r": {
					"rotation": [15, 0, -32.5]
				},
				"knee_r": {
					"rotation": [0, 0, 0]
				},
				"calf_r": {
					"rotation": [0, 0, 0]
				},
				"paw_br": {
					"rotation": [20, 0, 0]
				},
				"thigh_l": {
					"rotation": [57.5, 0, 0]
				},
				"knee_l": {
					"rotation": [0, 0, 0]
				},
				"calf_l": {
					"rotation": [0, 0, 0]
				},
				"paw_bl": {
					"rotation": [27.5, 0, 0]
				},
				"tail": {
					"rotation": [-25, 10, 0]
				},
				"tail_seg2": {
					"rotation": [10, 15, 0]
				},
				"tail_seg3": {
					"rotation": [0, 5, 0]
				},
				"tail_seg4": {
					"rotation": [20, -30, 0]
				},
				"tail_seg_end": {
					"rotation": [10, 0, 0]
				}
			}
		},
		"animation.pyroar_m.blink": {
			"animation_length": 0.1667,
			"bones": {
				"eye_r": {
					"position": {
						"0.0": [0, 0, 0.1],
						"0.125": [0, 0, 0.1],
						"0.1667": [0, 0, 0]
					}
				},
				"eye_r_closed": {
					"position": {
						"0.0": [-0.12, 0, 0],
						"0.125": [-0.12, 0, 0],
						"0.1667": [0, 0, 0]
					}
				},
				"eye_l": {
					"position": {
						"0.0": [0, 0, 0.1],
						"0.125": [0, 0, 0.1],
						"0.1667": [0, 0, 0]
					}
				},
				"eye_l_closed": {
					"position": {
						"0.0": [0.12, 0, 0],
						"0.125": [0.12, 0, 0],
						"0.1667": [0, 0, 0]
					}
				}
			}
		},
		"animation.pyroar_m.cry": {
			"animation_length": 3,
			"bones": {
				"mouth": {
					"position": {
						"0.1667": [0, 0, 0],
						"0.2083": {
							"pre": [0, 0, 0],
							"post": [0, -0.1, -0.1]
						},
						"0.75": {
							"pre": [0, -0.1, -0.1],
							"post": [0, -0.1, -0.1]
						},
						"0.7917": {
							"pre": [0, -0.1, -0.1],
							"post": [0, 0, 0]
						}
					}
				},
				"torso": {
					"rotation": {
						"0.0": [0, 0, 0],
						"0.1667": {
							"pre": [5, 0, 0],
							"post": [5, 0, 0],
							"lerp_mode": "catmullrom"
						},
						"0.875": {
							"post": [-2.5, 0, 0],
							"lerp_mode": "catmullrom"
						},
						"1.7083": {
							"post": [3, 0, 0],
							"lerp_mode": "catmullrom"
						},
						"2.4583": [0, 0, 0]
					}
				},
				"head": {
					"rotation": {
						"0.0": {
							"post": [0, 0, 0],
							"lerp_mode": "catmullrom"
						},
						"0.1667": {
							"post": [10.44, 0, 0],
							"lerp_mode": "catmullrom"
						},
						"0.2917": {
							"post": [-7.5, 0, 0],
							"lerp_mode": "catmullrom"
						},
						"0.5417": {
							"post": [-10.83, 0, 0],
							"lerp_mode": "catmullrom"
						},
						"0.7083": {
							"post": [-2.9, 0, 0],
							"lerp_mode": "catmullrom"
						},
						"0.9167": {
							"post": [-8.71, 0, 0],
							"lerp_mode": "catmullrom"
						},
						"1.375": {
							"post": [5, 0, 0],
							"lerp_mode": "catmullrom"
						},
						"2.25": {
							"post": [0, 0, 0],
							"lerp_mode": "catmullrom"
						},
						"2.7083": {
							"post": [0, 0, 0],
							"lerp_mode": "catmullrom"
						}
					}
				}
			},
			"sound_effects": {
				"0.2083": {
					"effect": "pokemon.squirtle.cry"
				}
			}
		},
		"animation.pyroar_m.recoil": {
			"animation_length": 1.5,
			"bones": {
				"body": {
					"rotation": {
						"0.0": [0, 0, 0],
						"0.125": {
							"pre": [-8, 1, 0],
							"post": [-8, 1, 0],
							"lerp_mode": "catmullrom"
						},
						"0.8333": {
							"post": [1, 0, 0],
							"lerp_mode": "catmullrom"
						},
						"1.5": [0, 0, 0]
					}
				},
				"neck": {
					"rotation": {
						"0.0": [0, 0, 0],
						"0.0417": {
							"pre": [10, 0, 0],
							"post": [10, 0, 0],
							"lerp_mode": "catmullrom"
						},
						"0.4583": {
							"post": [-2.9, 1.5, 0],
							"lerp_mode": "catmullrom"
						},
						"1.1667": {
							"post": [-0.3, 0, 0],
							"lerp_mode": "catmullrom"
						},
						"1.5": [0, 0, 0]
					}
				},
				"head": {
					"rotation": {
						"0.0": [0, 0, 0],
						"0.0417": {
							"pre": [7.5, 0, 0],
							"post": [7.5, 0, 0],
							"lerp_mode": "catmullrom"
						},
						"0.4583": {
							"post": [-2.9, 1.5, 0],
							"lerp_mode": "catmullrom"
						},
						"1.1667": {
							"post": [-0.3, 0, 0],
							"lerp_mode": "catmullrom"
						},
						"1.5": [0, 0, 0]
					}
				},
				"eye_r": {
					"position": {
						"0.0": [0, 0, 0.25],
						"0.25": {
							"pre": [0, 0, 0.25],
							"post": [0, 0, 0.25]
						},
						"0.2917": {
							"pre": [0, 0, 0.25],
							"post": [0, 0, 0]
						}
					}
				},
				"eye_r_closed": {
					"position": {
						"0.0": [-0.27, 0, 0],
						"0.25": {
							"pre": [-0.27, 0, 0],
							"post": [-0.27, 0, 0]
						},
						"0.2917": {
							"pre": [-0.27, 0, 0],
							"post": [0, 0, 0]
						}
					}
				},
				"eye_l": {
					"position": {
						"0.0": [0, 0, 0.25],
						"0.25": {
							"pre": [0, 0, 0.25],
							"post": [0, 0, 0.25]
						},
						"0.2917": {
							"pre": [0, 0, 0.25],
							"post": [0, 0, 0]
						}
					}
				},
				"eye_l_closed": {
					"position": {
						"0.0": [0.27, 0, 0],
						"0.25": {
							"pre": [0.27, 0, 0],
							"post": [0.27, 0, 0]
						},
						"0.2917": {
							"pre": [0.27, 0, 0],
							"post": [0, 0, 0]
						}
					}
				},
				"shoulder_l": {
					"rotation": {
						"0.0": [0, 0, 0],
						"0.125": {
							"pre": [-3, -2.5, 0],
							"post": [-3, -2.5, 0],
							"lerp_mode": "catmullrom"
						},
						"0.8333": {
							"post": [0, 0, 0],
							"lerp_mode": "catmullrom"
						},
						"1.5": [0, 0, 0]
					}
				},
				"forearm_l": {
					"rotation": {
						"0.0": [0, 0, 0],
						"0.125": {
							"pre": [-8, 0, 0],
							"post": [-8, 0, 0],
							"lerp_mode": "catmullrom"
						},
						"0.8333": {
							"post": [0, 0, 0],
							"lerp_mode": "catmullrom"
						},
						"1.5": [0, 0, 0]
					}
				},
				"paw_fl": {
					"rotation": {
						"0.0": [0, 0, 0],
						"0.125": {
							"pre": [12, 0, 0],
							"post": [12, 0, 0],
							"lerp_mode": "catmullrom"
						},
						"0.8333": {
							"post": [0, 0, 0],
							"lerp_mode": "catmullrom"
						},
						"1.5": [0, 0, 0]
					}
				},
				"shoulder_r": {
					"rotation": {
						"0.0": [0, 0, 0],
						"0.125": {
							"pre": [-3, 2.5, 0],
							"post": [-3, 2.5, 0],
							"lerp_mode": "catmullrom"
						},
						"0.8333": {
							"post": [0, 0, 0],
							"lerp_mode": "catmullrom"
						},
						"1.5": [0, 0, 0]
					}
				},
				"forearm_r": {
					"rotation": {
						"0.0": [0, 0, 0],
						"0.125": {
							"pre": [-8, 0, 0],
							"post": [-8, 0, 0],
							"lerp_mode": "catmullrom"
						},
						"0.8333": {
							"post": [0, 0, 0],
							"lerp_mode": "catmullrom"
						},
						"1.5": [0, 0, 0]
					}
				},
				"paw_fr": {
					"rotation": {
						"0.0": [0, 0, 0],
						"0.125": {
							"pre": [12, 0, 0],
							"post": [12, 0, 0],
							"lerp_mode": "catmullrom"
						},
						"0.8333": {
							"post": [0, 0, 0],
							"lerp_mode": "catmullrom"
						},
						"1.5": [0, 0, 0]
					}
				},
				"thigh_r": {
					"rotation": {
						"0.0": [0, 0, 0],
						"0.125": {
							"pre": [-8, 0, 0],
							"post": [-8, 0, 0],
							"lerp_mode": "catmullrom"
						},
						"0.8333": {
							"post": [0, 0, 0],
							"lerp_mode": "catmullrom"
						},
						"1.5": [0, 0, 0]
					}
				},
				"knee_r": {
					"rotation": {
						"0.0": [0, 0, 0],
						"0.125": {
							"pre": [15.5, 0, 0],
							"post": [15.5, 0, 0],
							"lerp_mode": "catmullrom"
						},
						"0.8333": {
							"post": [-1.5, 0, 0],
							"lerp_mode": "catmullrom"
						},
						"1.5": [0, 0, 0]
					}
				},
				"calf_r": {
					"rotation": {
						"0.0": [0, 0, 0],
						"0.125": {
							"pre": [-8, 0, 0],
							"post": [-8, 0, 0],
							"lerp_mode": "catmullrom"
						},
						"0.8333": {
							"post": [3.5, 0, 0],
							"lerp_mode": "catmullrom"
						},
						"1.5": [0, 0, 0]
					}
				},
				"paw_br": {
					"rotation": {
						"0.0": [0, 0, 0],
						"0.125": {
							"pre": [8, 0, 0],
							"post": [8, 0, 0],
							"lerp_mode": "catmullrom"
						},
						"0.8333": {
							"post": [-4, 0, 0],
							"lerp_mode": "catmullrom"
						},
						"1.5": [0, 0, 0]
					}
				},
				"thigh_l": {
					"rotation": {
						"0.0": [0, 0, 0],
						"0.125": {
							"pre": [-8, 0, 0],
							"post": [-8, 0, 0],
							"lerp_mode": "catmullrom"
						},
						"0.8333": {
							"post": [0, 0, 0],
							"lerp_mode": "catmullrom"
						},
						"1.5": [0, 0, 0]
					}
				},
				"knee_l": {
					"rotation": {
						"0.0": [0, 0, 0],
						"0.125": {
							"pre": [15.5, 0, 0],
							"post": [15.5, 0, 0],
							"lerp_mode": "catmullrom"
						},
						"0.8333": {
							"post": [-1.5, 0, 0],
							"lerp_mode": "catmullrom"
						},
						"1.5": [0, 0, 0]
					}
				},
				"calf_l": {
					"rotation": {
						"0.0": [0, 0, 0],
						"0.125": {
							"pre": [-8, 0, 0],
							"post": [-8, 0, 0],
							"lerp_mode": "catmullrom"
						},
						"0.8333": {
							"post": [3.5, 0, 0],
							"lerp_mode": "catmullrom"
						},
						"1.5": [0, 0, 0]
					}
				},
				"paw_bl": {
					"rotation": {
						"0.0": [0, 0, 0],
						"0.125": {
							"pre": [8, 0, 0],
							"post": [8, 0, 0],
							"lerp_mode": "catmullrom"
						},
						"0.8333": {
							"post": [-4, 0, 0],
							"lerp_mode": "catmullrom"
						},
						"1.5": [0, 0, 0]
					}
				}
			}
		},
		"animation.pyroar_m.physical": {
			"animation_length": 1,
			"bones": {
				"hair10": {
					"rotation": {
						"0.0": [0, 0, 0],
						"0.25": [0, 0, 0],
						"0.2917": [5, 0, 0],
						"0.3333": [15, 0, 0],
						"0.375": [20, 0, 0],
						"0.4167": [22.5, 0, 0],
						"0.4583": [17.5, 0, 0],
						"0.5": [12.5, 0, 0],
						"0.5417": [7.5, 0, 0]
					}
				},
				"hair7": {
					"rotation": {
						"0.0": [0, 0, 0],
						"0.25": [-7.5, 0, 0],
						"0.4583": [-17.5, 0, 0],
						"0.5417": [-17.5, 0, 0]
					}
				},
				"hair8": {
					"rotation": {
						"0.0": [0, 0, 0],
						"0.25": [2.5, 0, 0],
						"0.2917": [-5, 0, 0],
						"0.3333": [-15, 0, 0]
					}
				},
				"hair9": {
					"rotation": {
						"0.0": [0, 0, 0],
						"0.25": [-10, 0, 0],
						"0.4583": [-17.5, 0, 0]
					}
				},
				"hair11": {
					"rotation": {
						"0.0": [0, 0, 0],
						"0.25": [-10, 0, 0]
					}
				},
				"body": {
					"rotation": {
						"0.0": [0, 0, 0],
						"0.25": [12.5, 0, 0],
						"0.2917": [-10, 0, 0],
						"0.375": [-5, 0, 0],
						"0.4583": [7.5, 0, 0],
						"0.5417": [27.5, 0, 0],
						"0.5833": [12.5, 0, 0],
						"0.6667": [12.5, 0, 0]
					},
					"position": {
						"0.0": [0, 0, 0],
						"0.25": [0, -4, 6],
						"0.2917": [0, -1, 0],
						"0.375": [0, 1, -10],
						"0.4583": [0, 2, -19],
						"0.5417": [0, 0, -25],
						"0.5833": [0, -3, -31],
						"0.6667": [0, -3, -42]
					}
				},
				"neck": {
					"rotation": {
						"0.0": [0, 0, 0],
						"0.25": [20, 0, 0],
						"0.2917": [65, 0, 0],
						"0.5": [50, 0, 0],
						"0.5417": [60, 0, 0],
						"0.5833": [60, 0, 0],
						"0.625": [60, 0, 0],
						"0.6667": [75, -10, -5],
						"0.7083": [45, -10, -20]
					},
					"position": {
						"0.0": [0, 0, 0],
						"0.25": [0, 0, 0],
						"0.2917": [0, -1, 0]
					}
				},
				"head": {
					"rotation": {
						"0.0": [0, 0, 0],
						"0.25": [-22.5, 0, 0],
						"0.2917": [-57.5, 0, 0],
						"0.5": [-72.5, 0, 0],
						"0.5417": [-87.5, 0, 0],
						"0.5833": [-80, 0, 0],
						"0.625": [-80, 0, 0],
						"0.6667": [-70, 0, 0],
						"0.7083": [-80, 0, 0]
					}
				},
				"hair2": {
					"rotation": {
						"0.0": [0, 0, 0],
						"0.25": [5, 0, 0],
						"0.2917": [-2.5, 0, 0],
						"0.3333": [-2.5, 0, 0],
						"0.6667": [-2.5, 0, 0],
						"0.7083": [2.5, 0, 0]
					}
				},
				"shoulder_l": {
					"rotation": {
						"0.0": [0, 0, 0],
						"0.25": [37.5, 0, 0],
						"0.2917": [20, 0, 0],
						"0.375": [-15, -7.5, 0],
						"0.5": [-10, -7.5, 0],
						"0.5417": [12.5, -3.75, 0],
						"0.5833": [27.5, 0, 0],
						"0.625": [32.5, 0, 0]
					},
					"position": {
						"0.0": [0, 0, 0],
						"0.25": [0, 1, 0]
					}
				},
				"forearm_l": {
					"rotation": {
						"0.0": [0, 0, 0],
						"0.25": [-55, 0, 0],
						"0.2917": [-10, 0, 0],
						"0.375": [-60, 0, 0],
						"0.5": [-60, 0, 0],
						"0.5417": [-62.5, 0, 0],
						"0.5833": [-55, 0, 0],
						"0.6667": [0, 0, 0]
					}
				},
				"paw_fl": {
					"rotation": {
						"0.0": [0, 0, 0],
						"0.25": [2.5, 0, 0],
						"0.2917": [10, 0, 0],
						"0.375": [17.5, 0, 0],
						"0.5": [17.5, 0, 0],
						"0.5833": [27.5, 0, 0],
						"0.625": [25, 0, 0]
					}
				},
				"shoulder_r": {
					"rotation": {
						"0.0": [0, 0, 0],
						"0.25": [37.5, 0, 0],
						"0.2917": [20, 0, 0],
						"0.375": [-10, 7.5, 0],
						"0.5": [-10, 7.5, 0],
						"0.5417": [12.5, 3.75, 0],
						"0.5833": [27.5, 0, 0],
						"0.625": [32.5, 0, 0]
					},
					"position": {
						"0.0": [0, 0, 0],
						"0.25": [0, 1, 0]
					}
				},
				"forearm_r": {
					"rotation": {
						"0.0": [0, 0, 0],
						"0.25": [-55, 0, 0],
						"0.2917": [-10, 0, 0],
						"0.375": [-60, 0, 0],
						"0.5": [-60, 0, 0],
						"0.5417": [-62.5, 0, 0],
						"0.5833": [-55, 0, 0],
						"0.6667": [0, 0, 0]
					}
				},
				"paw_fr": {
					"rotation": {
						"0.0": [0, 0, 0],
						"0.25": [2.5, 0, 0],
						"0.2917": [10, 0, 0],
						"0.375": [17.5, 0, 0],
						"0.5": [17.5, 0, 0],
						"0.5833": [27.5, 0, 0],
						"0.625": [25, 0, 0]
					}
				},
				"thigh_r": {
					"rotation": {
						"0.0": [0, 0, 0],
						"0.25": [-20, 0, 0],
						"0.2917": [0, 0, 0],
						"0.375": [32.5, 0, 0],
						"0.4583": [32.5, 0, 0],
						"0.5417": [-20, 10, 0],
						"0.5833": [-40, 10, 0],
						"0.6667": [15, 10, 0]
					}
				},
				"knee_r": {
					"rotation": {
						"0.0": [0, 0, 0],
						"0.25": [25, 0, 0],
						"0.2917": [20, 0, 0],
						"0.375": [5, 0, 0],
						"0.4583": [5, 0, 0],
						"0.5417": [27.5, 0, 0],
						"0.5833": [15, 0, 0]
					}
				},
				"calf_r": {
					"rotation": {
						"0.0": [0, 0, 0],
						"0.25": [-40, 0, 0],
						"0.2917": [-32.5, 0, 0],
						"0.375": [0, 0, 0],
						"0.4583": [0, 0, 0],
						"0.5417": [-55, 0, 0],
						"0.5833": [-20, 0, 0],
						"0.625": [-25, 0, 0],
						"0.6667": [-20, 0, 0]
					}
				},
				"paw_br": {
					"rotation": {
						"0.0": [0, 0, 0],
						"0.25": [22.5, 0, 0],
						"0.2917": [22.5, 0, 0],
						"0.375": [42.5, 0, 0],
						"0.4583": [42.5, 0, 0],
						"0.5417": [25, 0, 0],
						"0.5833": [37.5, 0, 0],
						"0.625": [7.5, 0, 0]
					}
				},
				"thigh_l": {
					"rotation": {
						"0.0": [0, 0, 0],
						"0.25": [-20, 0, 0],
						"0.2917": [0, 0, 0],
						"0.375": [32.5, 0, 0],
						"0.4583": [32.5, 0, 0],
						"0.5417": [-20, -10, 0],
						"0.5833": [-40, -10, 0],
						"0.6667": [15, -10, 0]
					}
				},
				"knee_l": {
					"rotation": {
						"0.0": [0, 0, 0],
						"0.25": [25, 0, 0],
						"0.2917": [20, 0, 0],
						"0.375": [5, 0, 0],
						"0.4583": [5, 0, 0],
						"0.5417": [27.5, 0, 0],
						"0.5833": [15, 0, 0]
					}
				},
				"calf_l": {
					"rotation": {
						"0.0": [0, 0, 0],
						"0.25": [-40, 0, 0],
						"0.2917": [-32.5, 0, 0],
						"0.375": [0, 0, 0],
						"0.4583": [0, 0, 0],
						"0.5417": [-55, 0, 0],
						"0.5833": [-20, 0, 0],
						"0.625": [-25, 0, 0],
						"0.6667": [-20, 0, 0]
					}
				},
				"paw_bl": {
					"rotation": {
						"0.0": [0, 0, 0],
						"0.25": [22.5, 0, 0],
						"0.2917": [22.5, 0, 0],
						"0.375": [42.5, 0, 0],
						"0.4583": [42.5, 0, 0],
						"0.5417": [25, 0, 0],
						"0.5833": [37.5, 0, 0],
						"0.625": [7.5, 0, 0]
					}
				},
				"tail": {
					"rotation": {
						"0.0": [-10, 0, 0],
						"0.25": [12.5, 0, 0],
						"0.5833": [57.5, 0, 0],
						"0.625": [80, 0, 0],
						"0.6667": [100, 0, 0],
						"0.75": [57.5, 0, 0]
					}
				},
				"tail_seg2": {
					"rotation": {
						"0.0": [10, 0, 0],
						"0.25": [30, 0, 0],
						"0.5833": [43.33, 0, 0],
						"0.625": [50, 0, 0],
						"0.6667": [50, 0, 0],
						"0.75": [43.33, 0, 0]
					}
				},
				"tail_seg3": {
					"rotation": {
						"0.0": [10, 0, 0],
						"0.25": [30, 0, 0],
						"0.5833": [25, 0, 0],
						"0.625": [22.5, 0, 0],
						"0.6667": [30, 0, 0],
						"0.75": [25, 0, 0]
					}
				},
				"tail_seg4": {
					"rotation": {
						"0.0": [10, 0, 0],
						"0.25": [30, 0, 0],
						"0.5833": [16.67, 0, 0],
						"0.625": [10, 0, 0],
						"0.6667": [0, 0, 0],
						"0.75": [16.67, 0, 0]
					}
				},
				"tail_seg_end": {
					"rotation": {
						"0.0": [10, 0, 0],
						"0.25": [20, 0, 0],
						"0.5833": [6.67, 0, 0],
						"0.625": [0, 0, 0],
						"0.6667": [0, 0, 0],
						"0.75": [6.67, 0, 0]
					}
				}
			}
		},
		"animation.pyroar_m.special": {
			"animation_length": 3,
			"bones": {
				"hair10": {
					"rotation": {
						"0.0": [0, 0, 0],
						"0.25": [0, 0, 0],
						"0.2917": [5, 0, 0],
						"0.3333": ["5+math.sin((q.anim_time*90*2)+90)*5", 0, 0]
					}
				},
				"hair7": {
					"rotation": {
						"0.0": [0, 0, 0],
						"0.25": [-7.5, 0, 0],
						"0.3333": ["-15 + math.sin((q.anim_time*90*8)+0)*5", 0, 0]
					}
				},
				"hair8": {
					"rotation": {
						"0.0": [0, 0, 0],
						"0.25": [2.5, 0, 0],
						"0.2917": [-5, 0, 0],
						"0.3333": ["-15 + math.sin((q.anim_time*90*8)+315)*5", 0, 0]
					}
				},
				"hair9": {
					"rotation": {
						"0.0": [0, 0, 0],
						"0.25": [-10, 0, 0],
						"0.3333": ["-20+math.sin((q.anim_time*90*8)+270)*5", 0, 0]
					}
				},
				"hair11": {
					"rotation": {
						"0.0": [0, 0, 0],
						"0.25": [-10, 0, 0],
						"0.3333": ["math.sin((q.anim_time*90*8)+225)*5", 0, 0]
					}
				},
				"body": {
					"rotation": {
						"0.0": [0, 0, 0],
						"0.25": [12.5, 0, 0],
						"0.3333": [-17.5, 0, 0]
					},
					"position": {
						"0.0": [0, 0, 0],
						"0.25": [0, -4, 6],
						"0.2917": [0, -3, -0.5],
						"0.3333": [0, "-2+0.1*math.sin(q.anim_time*90*45)", -7]
					}
				},
				"neck": {
					"rotation": {
						"0.0": [0, 0, 0],
						"0.25": [20, 0, 0],
						"0.3333": [65, 0, 0]
					},
					"position": {
						"0.0": [0, 0, 0],
						"0.25": [0, 0, 0],
						"0.3333": [0, -1, 0]
					}
				},
				"head": {
					"rotation": {
						"0.0": [0, 0, 0],
						"0.25": [-22.5, 0, 0],
						"0.3333": [-57.5, 0, 0]
					}
				},
				"shoulder_l": {
					"rotation": {
						"0.0": [0, 0, 0],
						"0.25": [37.5, 0, 0],
						"0.2917": [42.5, 0, 0],
						"0.3333": [32.5, 0, 0]
					},
					"position": {
						"0.0": [0, 0, 0],
						"0.25": [0, 1, 0],
						"0.3333": [0, 0, 0]
					}
				},
				"forearm_l": {
					"rotation": {
						"0.0": [0, 0, 0],
						"0.25": [-55, 0, 0],
						"0.2917": [-45, 0, 0],
						"0.3333": [0, 0, 0]
					}
				},
				"paw_fl": {
					"rotation": {
						"0.0": [0, 0, 0],
						"0.25": [2.5, 0, 0],
						"0.3333": [-7.5, 0, 0]
					}
				},
				"shoulder_r": {
					"rotation": {
						"0.0": [0, 0, 0],
						"0.25": [37.5, 0, 0],
						"0.2917": [42.5, 0, 0],
						"0.3333": [32.5, 0, 0]
					},
					"position": {
						"0.0": [0, 0, 0],
						"0.25": [0, 1, 0],
						"0.3333": [0, 0, 0]
					}
				},
				"forearm_r": {
					"rotation": {
						"0.0": [0, 0, 0],
						"0.25": [-55, 0, 0],
						"0.2917": [-45, 0, 0],
						"0.3333": [0, 0, 0]
					}
				},
				"paw_fr": {
					"rotation": {
						"0.0": [0, 0, 0],
						"0.25": [2.5, 0, 0],
						"0.3333": [-7.5, 0, 0]
					}
				},
				"thigh_r": {
					"rotation": {
						"0.0": [0, 0, 0],
						"0.25": [-20, 0, 0],
						"0.3333": [27.5, 0, 0]
					}
				},
				"knee_r": {
					"rotation": {
						"0.0": [0, 0, 0],
						"0.25": [25, 0, 0],
						"0.3333": [35, 0, 0]
					}
				},
				"calf_r": {
					"rotation": {
						"0.0": [0, 0, 0],
						"0.25": [-40, 0, 0],
						"0.3333": [-27.5, 0, 0]
					}
				},
				"paw_br": {
					"rotation": {
						"0.0": [0, 0, 0],
						"0.25": [22.5, 0, 0],
						"0.3333": [-15, 0, 0]
					}
				},
				"thigh_l": {
					"rotation": {
						"0.0": [0, 0, 0],
						"0.25": [-20, 0, 0],
						"0.3333": [27.5, 0, 0]
					}
				},
				"knee_l": {
					"rotation": {
						"0.0": [0, 0, 0],
						"0.25": [25, 0, 0],
						"0.3333": [35, 0, 0]
					}
				},
				"calf_l": {
					"rotation": {
						"0.0": [0, 0, 0],
						"0.25": [-40, 0, 0],
						"0.3333": [-27.5, 0, 0]
					}
				},
				"paw_bl": {
					"rotation": {
						"0.0": [0, 0, 0],
						"0.25": [22.5, 0, 0],
						"0.3333": [-15, 0, 0]
					}
				},
				"tail": {
					"rotation": {
						"0.0": [-50, 0, 0],
						"0.25": [-20, 0, 0],
						"0.3333": [-10, 0, 0]
					}
				},
				"tail_seg2": {
					"rotation": [12.5, 0, 0]
				},
				"tail_seg3": {
					"rotation": [10, 0, 0]
				},
				"tail_seg4": {
					"rotation": [12.5, 0, 0]
				},
				"tail_seg_end": {
					"rotation": [-17.5, 0, 0]
				},
				"tongue": {
					"rotation": {
						"0.25": [0, 0, 0],
						"0.3333": ["math.sin((q.anim_time*90*12)+180)*5", 0, 0],
						"2.75": ["math.sin((q.anim_time*90*12)+180)*5", 0, 0],
						"3.0": [0, 0, 0]
					},
					"position": {
						"0.25": [0, 0, 0],
						"0.3333": [0, 0, -4],
						"2.75": [0, 0, -4],
						"3.0": [0, 0, 0]
					}
				}
			},
			"particle_effects": {
				"0.3333": {
					"effect": "fire_beam",
					"locator": "fire"
				}
			}
		},
		"animation.pyroar_m.status": {
			"animation_length": 3,
			"bones": {
				"tail_seg5": {
					"rotation": ["-35 + math.sin((q.anim_time*90)+180)*5", 0, 0]
				},
				"tail_seg6": {
					"rotation": ["-30 + math.sin((q.anim_time*90)+180)*5", 0, 0]
				},
				"hair10": {
					"rotation": ["5+math.sin((q.anim_time*90*2)+90)*5", 0, 0]
				},
				"hair7": {
					"rotation": ["-15 + math.sin((q.anim_time*90*2)+0)*5", 0, 0]
				},
				"hair8": {
					"rotation": ["math.sin((q.anim_time*90*2)+320)*3", 0, 0]
				},
				"hair9": {
					"rotation": ["-20+math.sin((q.anim_time*90*2)+275)*5", 0, 0]
				},
				"hair11": {
					"rotation": ["math.sin((q.anim_time*90*2)+230)*5", 0, 0]
				},
				"body": {
					"rotation": {
						"0.0": ["math.sin((q.anim_time*90)+90)/3", 0, 0],
						"0.25": ["-42.5+math.sin((q.anim_time*90)+90)/3", 0, 0],
						"2.75": ["-42.5+math.sin((q.anim_time*90)+90)/3", 0, 0],
						"3.0": ["math.sin((q.anim_time*90)+90)/3", 0, 0]
					},
					"position": {
						"0.0": [0, 0, 0],
						"0.25": [0, -2, 0],
						"2.75": [0, -2, 0],
						"3.0": [0, 0, 0]
					}
				},
				"neck": {
					"rotation": {
						"0.0": ["math.sin((q.anim_time*90)+90)*2", 0, 0],
						"0.25": ["50+math.sin((q.anim_time*90)+90)*2", 0, 0],
						"0.5": ["80+math.sin((q.anim_time*90)+90)*2", 0, 0],
						"0.8333": ["80+math.sin((q.anim_time*90)+90)*2", 0, 0],
						"1.0": ["97.5+math.sin((q.anim_time*90)+90)*2", 0, 0],
						"1.2083": ["102.5+math.sin((q.anim_time*90)+90)*2", 0, 0],
						"1.4167": ["97.5+math.sin((q.anim_time*90)+90)*2", 0, 0],
						"1.6667": ["102.5+math.sin((q.anim_time*90)+90)*2", 0, 0],
						"1.9167": ["97.5+math.sin((q.anim_time*90)+90)*2", 0, 0],
						"2.125": ["102.5+math.sin((q.anim_time*90)+90)*2", 0, 0],
						"2.375": ["97.5+math.sin((q.anim_time*90)+90)*2", 0, 0],
						"2.7083": ["80+math.sin((q.anim_time*90)+90)*2", 0, 0],
						"2.75": ["80+math.sin((q.anim_time*90)+90)*2", 0, 0],
						"3.0": ["math.sin((q.anim_time*90)+90)*2", 0, 0]
					},
					"position": {
						"0.0": [0, 0, 0],
						"0.25": [0, -1, 0],
						"0.5": [0, -2, 0],
						"2.75": [0, -2, 0],
						"3.0": [0, 0, 0]
					}
				},
				"head": {
					"rotation": {
						"0.0": ["-math.sin((q.anim_time*90)+90)*1", 0, 0],
						"0.5": ["-math.sin((q.anim_time*90)+90)*1", 0, 0],
						"0.6667": ["10-math.sin((q.anim_time*90)+90)*1", 7.5, 0],
						"0.8333": ["-25-math.sin((q.anim_time*90)+90)*1", 7.5, 0],
						"1.0": ["5-math.sin((q.anim_time*90)+90)*1", 7.5, 0],
						"2.2083": ["5-math.sin((q.anim_time*90)+90)*1", 7.5, 0],
						"2.25": ["5-math.sin((q.anim_time*90)+90)*1", 0, 0],
						"2.375": ["10-math.sin((q.anim_time*90)+90)*1", 7.5, 0],
						"2.5417": ["-25-math.sin((q.anim_time*90)+90)*1", 7.5, 0],
						"2.7083": ["-math.sin((q.anim_time*90)+90)*1", 0, 0],
						"2.75": ["-math.sin((q.anim_time*90)+90)*1", 0, 0],
						"3.0": ["-math.sin((q.anim_time*90)+90)*1", 0, 0]
					}
				},
				"tongue": {
					"rotation": {
						"0.5833": [0, 0, 0],
						"0.6667": [50, 0, 0],
						"0.8333": [50, 0, 0],
						"0.9167": [0, 0, 0],
						"2.2917": {
							"pre": [0, 0, 0],
							"post": [0, 0, 0]
						},
						"2.375": [50, 0, 0],
						"2.5417": [50, 0, 0],
						"2.625": [0, 0, 0]
					},
					"position": {
						"0.5833": [0, 0, 0],
						"0.6667": [0, 0, -4],
						"0.8333": [0, 0, -4],
						"0.9167": [0, 0, 0],
						"2.2917": {
							"pre": [0, 0, 0],
							"post": [0, 0, 0]
						},
						"2.375": [0, 0, -4],
						"2.5417": [0, 0, -4],
						"2.625": [0, 0, 0]
					}
				},
				"shoulder_l": {
					"rotation": {
						"0.0": [0, 0, 0],
						"0.25": [37.5, 0, 0],
						"2.75": [37.5, 0, 0],
						"3.0": [0, 0, 0]
					},
					"position": {
						"0.0": [0, 0, 0],
						"0.25": [0, 0, -1],
						"2.75": [0, 0, -1],
						"3.0": [0, 0, 0]
					}
				},
				"forearm_l": {
					"rotation": {
						"2.75": [0, 0, 0],
						"3.0": [0, 0, 0]
					}
				},
				"paw_fl": {
					"rotation": {
						"2.75": [0, 0, 0],
						"3.0": [0, 0, 0]
					}
				},
				"shoulder_r": {
					"rotation": {
						"0.0": [0, 0, 0],
						"0.25": [37.5, 0, 0],
						"0.5": [-7.5, 0, 0],
						"0.8333": [-7.5, 0, 0],
						"1.0": [-37.5, 5, 15],
						"1.2083": [-12.5, 5, 15],
						"1.25": [-12.5, 5, 15],
						"1.4583": [-37.5, 5, 15],
						"1.7083": [-12.5, 5, 15],
						"1.75": [-12.5, 5, 15],
						"1.9583": [-37.5, 5, 15],
						"2.1667": [-12.5, 5, 15],
						"2.2083": [-12.5, 5, 15],
						"2.375": [-7.5, 0, 0],
						"2.7083": [-7.5, 0, 0],
						"2.75": [-7.5, 0, 0],
						"3.0": [0, 0, 0]
					},
					"position": {
						"0.0": [0, 0, 0],
						"0.25": [0, 0, -1],
						"2.75": [0, 0, -1],
						"3.0": [0, 0, 0]
					}
				},
				"forearm_r": {
					"rotation": {
						"0.25": [0, 0, 0],
						"0.5": [-65, -7.5, -5],
						"0.8333": [-65, -7.5, -5],
						"1.0": [-65, -7.5, -10],
						"2.75": [-65, -7.5, -10],
						"3.0": [0, 0, 0]
					}
				},
				"paw_fr": {
					"rotation": {
						"0.25": [0, 0, 0],
						"0.5": [112.5, 0, 0],
						"0.8333": [112.5, 0, 0],
						"1.0": [112.5, 15, -15],
						"2.75": [112.5, 15, -15],
						"3.0": [0, 0, 0]
					},
					"position": {
						"0.25": [0, 0, 0],
						"0.5": [0, -2, -3],
						"2.75": [0, -2, -3],
						"3.0": [0, 0, 0]
					}
				},
				"thigh_r": {
					"rotation": {
						"0.0": [0, 0, 0],
						"0.25": [-22.5, 0, 15],
						"2.75": [-22.5, 0, 15],
						"3.0": [0, 0, 0]
					},
					"position": [0, 0, 0]
				},
				"knee_r": {
					"rotation": {
						"0.0": [0, 0, 0],
						"0.25": [25, 0, 0],
						"2.75": [25, 0, 0],
						"3.0": [0, 0, 0]
					}
				},
				"calf_r": {
					"rotation": {
						"0.0": [0, 0, 0],
						"0.25": [-42.5, 0, 0],
						"2.75": [-42.5, 0, 0],
						"3.0": [0, 0, 0]
					}
				},
				"paw_br": {
					"rotation": {
						"0.0": [0, 0, 0],
						"0.25": [80, 0, 0],
						"2.75": [80, 0, 0],
						"3.0": [0, 0, 0]
					},
					"position": {
						"0.0": [0, 0, 0],
						"0.25": [0, 0, -2],
						"2.75": [0, 0, -2],
						"3.0": [0, 0, 0]
					}
				},
				"thigh_l": {
					"rotation": {
						"0.0": [0, 0, 0],
						"0.25": [-22.5, 0, -15],
						"2.75": [-22.5, 0, -15],
						"3.0": [0, 0, 0]
					},
					"position": [0, 0, 0]
				},
				"knee_l": {
					"rotation": {
						"0.0": [0, 0, 0],
						"0.25": [25, 0, 0],
						"2.75": [25, 0, 0],
						"3.0": [0, 0, 0]
					}
				},
				"calf_l": {
					"rotation": {
						"0.0": [0, 0, 0],
						"0.25": [-42.5, 0, 0],
						"2.75": [-42.5, 0, 0],
						"3.0": [0, 0, 0]
					}
				},
				"paw_bl": {
					"rotation": {
						"0.0": [0, 0, 0],
						"0.25": [80, 0, 0],
						"2.75": [80, 0, 0],
						"3.0": [0, 0, 0]
					},
					"position": {
						"0.0": [0, 0, 0],
						"0.25": [0, 0, -2],
						"2.75": [0, 0, -2],
						"3.0": [0, 0, 0]
					}
				},
				"tail": {
					"rotation": {
						"0.0": [-70, "math.sin((q.anim_time*90)+180)*5", "math.sin((q.anim_time*90)+180)*5"],
						"0.25": [15, "math.sin((q.anim_time*90)+180)*5", "math.sin((q.anim_time*90)+180)*5"],
						"2.75": [15, "math.sin((q.anim_time*90)+180)*5", "math.sin((q.anim_time*90)+180)*5"],
						"3.0": [-70, "math.sin((q.anim_time*90)+180)*5", "math.sin((q.anim_time*90)+180)*5"]
					}
				},
				"tail_seg2": {
					"rotation": [35, 0, 0]
				},
				"tail_seg3": {
					"rotation": [35, 0, 0]
				},
				"tail_seg4": {
					"rotation": ["-30 + math.sin((q.anim_time*90)+180)*5", 0, 0]
				},
				"tail_seg_end": {
					"rotation": ["-25 + math.sin((q.anim_time*90)+180)*5", 0, 0]
				}
			}
		}
	}
}