{
    "type": "loot_table",
    "pools": [
      {
        "bonus_rolls": 0.0,
        "entries": [
          {
            "type": "minecraft:item",
            "name": "pokeblocks:pokedoll_bulbasaur_posed",
            "weight": 20
          },
          {
            "type": "minecraft:item",
            "name": "pokeblocks:pokedoll_flaaffy",
            "weight": 20
          },
          {
            "type": "minecraft:item",
            "name": "pokeblocks:pokedoll_snorlax",
            "weight": 20
          },
          {
            "type": "minecraft:item",
            "name": "pokeblocks:pokedoll_sentret",
            "weight": 20
          },
          {
            "type": "minecraft:item",
            "name": "pokeblocks:pokedoll_furret",
            "weight": 20
          },
          {
            "type": "minecraft:item",
            "name": "pokeblocks:pokedoll_munchlax",
            "weight": 20
          },
          {
            "type": "minecraft:item",
            "name": "pokeblocks:pokedoll_rabsca",
            "weight": 20
          },
          {
            "type": "minecraft:item",
            "name": "pokeblocks:pokedoll_wartortle",
            "weight": 20
          },
          {
            "type": "minecraft:item",
            "name": "pokeblocks:pokedoll_quagsire",
            "weight": 20
          },
          {
            "type": "minecraft:item",
            "name": "pokeblocks:pokedoll_corvisquire",
            "weight": 20
          },
          {
            "type": "minecraft:item",
            "name": "pokeblocks:pokedoll_eevee",
            "weight": 20
          },
          {
            "type": "minecraft:item",
            "name": "pokeblocks:pokedoll_cloyster",
            "weight": 20
          },
          {
            "type": "minecraft:item",
            "name": "pokeblocks:pokedoll_wailord",
            "weight": 20
          },
          {
            "type": "minecraft:item",
            "name": "pokeblocks:pokedoll_phantump",
            "weight": 20
          },
          {
            "type": "minecraft:item",
            "name": "pokeblocks:pokedoll_calyrex",
            "weight": 6
          },
          {
            "type": "minecraft:item",
            "name": "pokeblocks:pokedoll_ampharos",
            "weight": 6
          },
          {
            "type": "minecraft:item",
            "name": "pokeblocks:applin_basket",
            "weight": 6
          },
          {
            "type": "minecraft:item",
            "name": "pokeblocks:pokedoll_sableye",
            "weight": 6
          },
          {
            "type": "minecraft:item",
            "name": "pokeblocks:pokedoll_absol",
            "weight": 6
          },
          {
            "type": "minecraft:item",
            "name": "pokeblocks:pokedoll_ivysaur",
            "weight": 6
          },
          {
            "type": "minecraft:item",
            "name": "pokeblocks:magikarp_fishbowl",
            "weight": 6
          },
          {
            "type": "minecraft:item",
            "name": "pokeblocks:pokedoll_stonjourner",
            "weight": 6
          },
          {
            "type": "minecraft:item",
            "name": "pokeblocks:pokedoll_palossand",
            "weight": 6
          },
          {
            "type": "minecraft:item",
            "name": "pokeblocks:pokedoll_tropius",
            "weight": 6
          },
          {
            "type": "minecraft:item",
            "name": "pokeblocks:pokedoll_mimikyu",
            "weight": 6
          },
          {
            "type": "minecraft:item",
            "name": "pokeblocks:pokedoll_calyrex_animated",
            "weight": 1
          },
          {
            "type": "minecraft:item",
            "name": "pokeblocks:pokedoll_washing_machine",
            "weight": 1
          },
          {
            "type": "minecraft:item",
            "name": "pokeblocks:pokedoll_venusaur",
            "weight": 1
          },
          {
            "type": "minecraft:item",
            "name": "pokeblocks:pokedoll_blastoise",
            "weight": 1
          },
          {
            "type": "minecraft:item",
            "name": "pokeblocks:pokedoll_gengar",
            "weight": 1
          },
          {
            "type": "minecraft:item",
            "name": "pokeblocks:pokedoll_corviknight",
            "weight": 1
          },
          {
            "type": "minecraft:item",
            "name": "pokeblocks:pokedoll_gholdengo",
            "weight": 1
          },
          {
            "type": "minecraft:item",
            "name": "pokeblocks:pokedoll_netherite_gholdengo",
            "weight": 1
          },
          {
            "type": "minecraft:item",
            "name": "pokeblocks:pokedoll_kyogre",
            "weight": 1
          },
          {
            "type": "minecraft:item",
            "name": "pokeblocks:pokedoll_trevenant",
            "weight": 1
          },
          {
            "type": "minecraft:item",
            "name": "pokeblocks:pokedoll_marshadow",
            "weight": 1
          },
          {
            "type": "minecraft:item",
            "name": "pokeblocks:pokedoll_marshadow_zenith",
            "weight": 1
          }
        ],
        "rolls": 1.0
      }
    ]
  }